time,deviceId,battery,connected,active,signalQuality,signalNoise,heartbeatStaleness,willFailSoon
0.10,0,98.5000,1,1,96.2840,3.7160,0.0000,0
0.10,1,98.5000,1,1,96.1790,3.8210,0.0000,0
0.10,2,98.5000,1,1,96.6223,3.3777,0.0000,0
0.10,3,98.5000,1,1,94.1664,5.8336,0.0000,0
0.10,4,98.5000,1,1,93.4690,6.5310,0.0000,1
0.10,5,98.5000,1,1,94.2859,5.7141,0.0000,1
0.10,6,98.5000,1,1,93.1687,6.8313,0.0000,0
0.10,7,98.5000,1,1,93.1684,6.8316,0.0000,0
0.10,8,98.5000,1,1,94.8164,5.1836,0.0000,0
0.10,9,98.5000,1,1,95.7849,4.2151,0.0000,0
1.10,0,97.0000,1,1,95.7949,4.2051,0.0000,0
1.10,1,97.0000,1,1,97.7355,2.2645,0.0000,0
1.10,2,97.0000,1,1,97.3427,2.6573,0.0000,0
1.10,3,97.0000,1,1,94.9323,5.0677,0.0000,0
1.10,4,97.0000,1,1,94.6084,5.3916,0.0000,1
1.10,5,97.0000,1,1,94.8449,5.1551,0.0000,1
1.10,6,97.0000,1,1,92.6418,7.3582,0.0000,0
1.10,7,97.0000,1,1,91.4938,8.5062,0.0000,0
1.10,8,97.0000,1,1,95.5438,4.4562,0.0000,0
1.10,9,97.0000,1,1,97.4422,2.5578,0.0000,0
2.10,0,95.5000,1,1,94.6710,5.3290,0.0000,0
2.10,1,95.5000,1,1,96.6721,3.3279,0.0000,0
2.10,2,95.5000,1,1,96.8200,3.1800,0.0000,0
2.10,3,95.5000,1,1,96.0483,3.9517,0.0000,1
2.10,4,95.5000,1,1,92.9617,7.0383,0.0000,1
2.10,5,95.5000,0,0,94.8449,5.1551,1.0000,0
2.10,6,95.5000,1,1,92.2420,7.7580,0.0000,0
2.10,7,95.5000,1,1,89.9905,10.0095,0.0000,0
2.10,8,95.5000,1,1,97.0471,2.9529,0.0000,0
2.10,9,95.5000,1,1,95.5432,4.4568,0.0000,0
3.10,0,94.0000,1,1,94.7299,5.2701,0.0000,0
3.10,1,94.0000,1,1,98.1749,1.8251,0.0000,0
3.10,2,94.0000,1,1,98.8000,1.2000,0.0000,0
3.10,3,94.0000,1,1,94.4855,5.5145,0.0000,1
3.10,4,94.0000,1,1,91.7895,8.2105,0.0000,1
3.10,5,95.5000,0,0,94.8449,5.1551,2.0000,0
3.10,6,94.0000,1,1,91.5931,8.4069,0.0000,0
3.10,7,94.0000,1,1,90.5245,9.4755,0.0000,0
3.10,8,94.0000,1,1,96.4144,3.5856,0.0000,0
3.10,9,94.0000,1,1,95.6440,4.3560,0.0000,0
4.10,0,92.5000,1,1,93.4178,6.5822,0.0000,0
4.10,1,92.5000,1,1,96.8703,3.1297,0.0000,0
4.10,2,92.5000,1,1,98.9701,1.0299,0.0000,0
4.10,3,92.5000,1,1,95.7662,4.2338,0.0000,1
4.10,4,92.5000,1,1,90.0142,9.9858,0.0000,1
4.10,5,95.5000,0,0,94.8449,5.1551,3.0000,0
4.10,6,92.5000,1,1,91.2268,8.7732,0.0000,0
4.10,7,92.5000,1,1,92.1798,7.8202,0.0000,0
4.10,8,92.5000,1,1,96.9420,3.0580,0.0000,0
4.10,9,92.5000,1,1,97.1041,2.8959,0.0000,0
5.10,0,91.0000,1,1,95.0506,4.9494,0.0000,0
5.10,1,91.0000,1,1,96.4516,3.5484,0.0000,0
5.10,2,91.0000,1,1,97.1091,2.8909,0.0000,0
5.10,3,91.0000,1,1,97.1453,2.8547,0.0000,1
5.10,4,91.0000,1,1,88.2274,11.7726,0.0000,1
5.10,5,95.5000,0,0,94.8449,5.1551,4.0000,0
5.10,6,91.0000,1,1,89.4273,10.5727,0.0000,0
5.10,7,91.0000,1,1,90.5675,9.4325,0.0000,0
5.10,8,91.0000,1,1,97.4211,2.5789,0.0000,0
5.10,9,91.0000,1,1,98.2947,1.7053,0.0000,0
6.10,0,89.5000,1,1,94.7279,5.2721,0.0000,0
6.10,1,89.5000,1,1,97.8093,2.1907,0.0000,0
6.10,2,89.5000,1,1,98.2131,1.7869,0.0000,0
6.10,3,89.5000,1,1,98.6965,1.3035,0.0000,1
6.10,4,89.5000,1,1,87.1667,12.8333,0.0000,1
6.10,5,95.5000,0,0,94.8449,5.1551,5.0000,0
6.10,6,89.5000,1,1,91.0277,8.9723,0.0000,0
6.10,7,89.5000,1,1,88.6395,11.3605,0.0000,0
6.10,8,89.5000,1,1,97.4248,2.5752,0.0000,0
6.10,9,89.5000,1,1,97.0069,2.9931,0.0000,0
7.10,0,88.0000,1,1,92.8238,7.1762,0.0000,0
7.10,1,88.0000,1,1,97.7682,2.2318,0.0000,0
7.10,2,88.0000,1,1,96.6247,3.3753,0.0000,0
7.10,3,88.0000,1,1,98.7570,1.2430,0.0000,1
7.10,4,88.0000,0,0,87.1667,12.8333,1.0000,0
7.10,5,95.5000,0,0,94.8449,5.1551,6.0000,0
7.10,6,88.0000,1,1,92.2531,7.7469,0.0000,0
7.10,7,88.0000,1,1,87.7006,12.2994,0.0000,0
7.10,8,88.0000,1,1,96.8735,3.1265,0.0000,0
7.10,9,88.0000,1,1,95.8409,4.1591,0.0000,0
8.10,0,86.5000,1,1,92.4270,7.5730,0.0000,0
8.10,1,86.5000,1,1,96.8832,3.1168,0.0000,0
8.10,2,86.5000,1,1,95.3936,4.6064,0.0000,0
8.10,3,86.5000,1,1,98.8912,1.1088,0.0000,1
8.10,4,88.0000,0,0,87.1667,12.8333,2.0000,0
8.10,5,95.5000,0,0,94.8449,5.1551,7.0000,0
8.10,6,86.5000,1,1,90.5004,9.4996,0.0000,0
8.10,7,86.5000,1,1,87.7682,12.2318,0.0000,0
8.10,8,86.5000,1,1,97.8002,2.1998,0.0000,0
8.10,9,86.5000,1,1,95.8480,4.1520,0.0000,0
9.10,0,85.0000,1,1,94.3357,5.6643,0.0000,0
9.10,1,85.0000,1,1,98.2786,1.7214,0.0000,0
9.10,2,85.0000,1,1,94.5756,5.4244,0.0000,0
9.10,3,85.0000,1,1,97.2821,2.7179,0.0000,1
9.10,4,88.0000,0,0,87.1667,12.8333,3.0000,0
9.10,5,95.5000,0,0,94.8449,5.1551,8.0000,0
9.10,6,85.0000,1,1,91.6811,8.3189,0.0000,0
9.10,7,85.0000,1,1,88.2044,11.7956,0.0000,0
9.10,8,85.0000,1,1,98.1567,1.8433,0.0000,0
9.10,9,85.0000,1,1,96.7794,3.2206,0.0000,0
10.10,0,83.5000,1,1,93.2297,6.7703,0.0000,0
10.10,1,83.5000,1,1,97.3377,2.6623,0.0000,0
10.10,2,83.5000,1,1,94.1437,5.8563,0.0000,0
10.10,3,83.5000,1,1,96.6389,3.3611,0.0000,1
10.10,4,88.0000,0,0,87.1667,12.8333,4.0000,0
10.10,5,95.5000,0,0,94.8449,5.1551,9.0000,0
10.10,6,83.5000,1,1,92.0230,7.9770,0.0000,0
10.10,7,83.5000,1,1,87.8404,12.1596,0.0000,0
10.10,8,83.5000,1,1,99.3016,0.6984,0.0000,0
10.10,9,83.5000,1,1,98.3570,1.6430,0.0000,0
11.10,0,82.0000,1,1,93.8262,6.1738,0.0000,0
11.10,1,82.0000,1,1,98.5539,1.4461,0.0000,0
11.10,2,82.0000,1,1,93.3000,6.7000,0.0000,0
11.10,3,82.0000,1,1,97.8350,2.1650,0.0000,1
11.10,4,88.0000,0,0,87.1667,12.8333,5.0000,0
11.10,5,95.5000,0,0,94.8449,5.1551,10.0000,0
11.10,6,82.0000,1,1,90.8962,9.1038,0.0000,0
11.10,7,82.0000,1,1,89.8067,10.1933,0.0000,0
11.10,8,82.0000,1,1,100.0000,0.0000,0.0000,0
11.10,9,82.0000,1,1,97.3140,2.6860,0.0000,0
12.10,0,80.5000,1,1,95.7925,4.2075,0.0000,0
12.10,1,80.5000,1,1,100.0000,0.0000,0.0000,0
12.10,2,80.5000,1,1,93.0559,6.9441,0.0000,0
12.10,3,80.5000,0,0,97.8350,2.1650,1.0000,0
12.10,4,88.0000,0,0,87.1667,12.8333,6.0000,0
12.10,5,95.5000,0,0,94.8449,5.1551,11.0000,0
12.10,6,80.5000,1,1,92.7927,7.2073,0.0000,0
12.10,7,80.5000,1,1,88.0234,11.9766,0.0000,0
12.10,8,80.5000,1,1,100.0000,0.0000,0.0000,0
12.10,9,80.5000,1,1,98.4010,1.5990,0.0000,0
13.10,0,79.0000,1,1,97.3333,2.6667,0.0000,0
13.10,1,79.0000,1,1,98.2922,1.7078,0.0000,0
13.10,2,79.0000,1,1,92.4372,7.5628,0.0000,0
13.10,3,80.5000,0,0,97.8350,2.1650,2.0000,0
13.10,4,88.0000,0,0,87.1667,12.8333,7.0000,0
13.10,5,95.5000,0,0,94.8449,5.1551,12.0000,0
13.10,6,79.0000,1,1,94.3832,5.6168,0.0000,0
13.10,7,79.0000,1,1,86.5040,13.4960,0.0000,0
13.10,8,79.0000,1,1,100.0000,0.0000,0.0000,0
13.10,9,79.0000,1,1,97.7549,2.2451,0.0000,0
14.10,0,77.5000,1,1,96.8143,3.1857,0.0000,0
14.10,1,77.5000,1,1,99.2865,0.7135,0.0000,0
14.10,2,77.5000,1,1,94.3742,5.6258,0.0000,0
14.10,3,80.5000,0,0,97.8350,2.1650,3.0000,0
14.10,4,88.0000,0,0,87.1667,12.8333,8.0000,0
14.10,5,95.5000,0,0,94.8449,5.1551,13.0000,0
14.10,6,77.5000,1,1,93.6017,6.3983,0.0000,0
14.10,7,77.5000,1,1,86.8665,13.1335,0.0000,0
14.10,8,77.5000,1,1,100.0000,0.0000,0.0000,0
14.10,9,77.5000,1,1,98.4022,1.5978,0.0000,0
15.10,0,76.0000,1,1,96.1470,3.8530,0.0000,0
15.10,1,76.0000,1,1,97.7016,2.2984,0.0000,0
15.10,2,76.0000,1,1,95.0180,4.9820,0.0000,0
15.10,3,80.5000,0,0,97.8350,2.1650,4.0000,0
15.10,4,88.0000,0,0,87.1667,12.8333,9.0000,0
15.10,5,95.5000,0,0,94.8449,5.1551,14.0000,0
15.10,6,76.0000,1,1,94.0343,5.9657,0.0000,0
15.10,7,76.0000,1,1,88.6207,11.3793,0.0000,0
15.10,8,76.0000,1,1,99.8412,0.1588,0.0000,0
15.10,9,76.0000,1,1,97.4493,2.5507,0.0000,0
16.10,0,74.5000,1,1,97.0998,2.9002,0.0000,0
16.10,1,74.5000,1,1,97.6986,2.3014,0.0000,0
16.10,2,74.5000,1,1,95.4386,4.5614,0.0000,0
16.10,3,80.5000,0,0,97.8350,2.1650,5.0000,0
16.10,4,88.0000,0,0,87.1667,12.8333,10.0000,0
16.10,5,95.5000,0,0,94.8449,5.1551,15.0000,0
16.10,6,74.5000,1,1,95.1348,4.8652,0.0000,0
16.10,7,74.5000,1,1,89.5983,10.4017,0.0000,0
16.10,8,74.5000,1,1,100.0000,0.0000,0.0000,0
16.10,9,74.5000,1,1,96.7247,3.2753,0.0000,0
17.10,0,73.0000,1,1,97.3651,2.6349,0.0000,0
17.10,1,73.0000,1,1,97.7149,2.2851,0.0000,0
17.10,2,73.0000,1,1,93.8862,6.1138,0.0000,0
17.10,3,80.5000,0,0,97.8350,2.1650,6.0000,0
17.10,4,88.0000,0,0,87.1667,12.8333,11.0000,0
17.10,5,95.5000,0,0,94.8449,5.1551,16.0000,0
17.10,6,73.0000,1,1,93.7108,6.2892,0.0000,0
17.10,7,73.0000,1,1,90.0622,9.9378,0.0000,0
17.10,8,73.0000,1,1,99.3879,0.6121,0.0000,0
17.10,9,73.0000,1,1,97.1804,2.8196,0.0000,0
18.10,0,71.5000,1,1,97.2886,2.7114,0.0000,0
18.10,1,71.5000,1,1,97.5639,2.4361,0.0000,0
18.10,2,71.5000,1,1,94.1201,5.8799,0.0000,0
18.10,3,80.5000,0,0,97.8350,2.1650,7.0000,0
18.10,4,88.0000,0,0,87.1667,12.8333,12.0000,0
18.10,5,95.5000,0,0,94.8449,5.1551,17.0000,0
18.10,6,71.5000,1,1,94.8368,5.1632,0.0000,0
18.10,7,71.5000,1,1,88.5832,11.4168,0.0000,0
18.10,8,71.5000,1,1,98.9111,1.0889,0.0000,0
18.10,9,71.5000,1,1,97.7247,2.2753,0.0000,0
19.10,0,70.0000,1,1,98.2563,1.7437,0.0000,0
19.10,1,70.0000,1,1,97.5657,2.4343,0.0000,0
19.10,2,70.0000,1,1,93.0063,6.9937,0.0000,0
19.10,3,80.5000,0,0,97.8350,2.1650,8.0000,0
19.10,4,88.0000,0,0,87.1667,12.8333,13.0000,0
19.10,5,95.5000,0,0,94.8449,5.1551,18.0000,0
19.10,6,70.0000,1,1,96.0403,3.9597,0.0000,0
19.10,7,70.0000,1,1,89.0105,10.9895,0.0000,0
19.10,8,70.0000,1,1,100.0000,0.0000,0.0000,0
19.10,9,70.0000,1,1,97.1083,2.8917,0.0000,0
20.10,0,68.5000,1,1,96.6428,3.3572,0.0000,0
20.10,1,68.5000,1,1,97.7042,2.2958,0.0000,0
20.10,2,68.5000,1,1,93.3506,6.6494,0.0000,0
20.10,3,80.5000,0,0,97.8350,2.1650,9.0000,0
20.10,4,88.0000,0,0,87.1667,12.8333,14.0000,0
20.10,5,95.5000,0,0,94.8449,5.1551,19.0000,0
20.10,6,68.5000,1,1,96.9464,3.0536,0.0000,0
20.10,7,68.5000,1,1,87.3312,12.6688,0.0000,0
20.10,8,68.5000,1,1,100.0000,0.0000,0.0000,0
20.10,9,68.5000,1,1,95.2187,4.7813,0.0000,0
21.10,0,67.0000,1,1,96.5764,3.4236,0.0000,0
21.10,1,67.0000,1,1,98.2025,1.7975,0.0000,0
21.10,2,67.0000,1,1,93.0428,6.9572,0.0000,0
21.10,3,80.5000,0,0,97.8350,2.1650,10.0000,0
21.10,4,88.0000,0,0,87.1667,12.8333,15.0000,0
21.10,5,95.5000,0,0,94.8449,5.1551,20.0000,0
21.10,6,67.0000,1,1,97.0195,2.9805,0.0000,0
21.10,7,67.0000,1,1,89.0719,10.9281,0.0000,0
21.10,8,67.0000,1,1,100.0000,0.0000,0.0000,0
21.10,9,67.0000,1,1,94.5738,5.4262,0.0000,0
22.10,0,65.5000,1,1,96.4873,3.5127,0.0000,0
22.10,1,65.5000,1,1,98.7835,1.2165,0.0000,0
22.10,2,65.5000,1,1,92.3742,7.6258,0.0000,0
22.10,3,80.5000,0,0,97.8350,2.1650,11.0000,0
22.10,4,88.0000,0,0,87.1667,12.8333,16.0000,0
22.10,5,95.5000,0,0,94.8449,5.1551,21.0000,0
22.10,6,65.5000,1,1,98.0457,1.9543,0.0000,0
22.10,7,65.5000,1,1,87.6480,12.3520,0.0000,0
22.10,8,65.5000,1,1,100.0000,0.0000,0.0000,0
22.10,9,65.5000,1,1,94.7005,5.2995,0.0000,0
23.10,0,64.0000,1,1,96.0965,3.9035,0.0000,0
23.10,1,64.0000,1,1,98.8757,1.1243,0.0000,0
23.10,2,64.0000,1,1,94.0489,5.9511,0.0000,0
23.10,3,80.5000,0,0,97.8350,2.1650,12.0000,0
23.10,4,88.0000,0,0,87.1667,12.8333,17.0000,0
23.10,5,95.5000,0,0,94.8449,5.1551,22.0000,0
23.10,6,64.0000,1,1,99.1626,0.8374,0.0000,0
23.10,7,64.0000,1,1,86.4188,13.5812,0.0000,0
23.10,8,64.0000,1,1,100.0000,0.0000,0.0000,0
23.10,9,64.0000,1,1,93.9489,6.0511,0.0000,0
24.10,0,62.5000,1,1,95.2049,4.7951,0.0000,0
24.10,1,62.5000,1,1,99.6522,0.3478,0.0000,0
24.10,2,62.5000,1,1,92.6498,7.3502,0.0000,0
24.10,3,80.5000,0,0,97.8350,2.1650,13.0000,0
24.10,4,88.0000,0,0,87.1667,12.8333,18.0000,0
24.10,5,95.5000,0,0,94.8449,5.1551,23.0000,0
24.10,6,62.5000,1,1,97.1990,2.8010,0.0000,0
24.10,7,62.5000,1,1,86.9251,13.0749,0.0000,0
24.10,8,62.5000,1,1,100.0000,0.0000,0.0000,0
24.10,9,62.5000,1,1,92.1213,7.8787,0.0000,0
25.10,0,61.0000,1,1,96.5144,3.4856,0.0000,1
25.10,1,61.0000,1,1,100.0000,0.0000,0.0000,0
25.10,2,61.0000,1,1,92.1896,7.8104,0.0000,0
25.10,3,80.5000,0,0,97.8350,2.1650,14.0000,0
25.10,4,88.0000,0,0,87.1667,12.8333,19.0000,0
25.10,5,95.5000,0,0,94.8449,5.1551,24.0000,0
25.10,6,61.0000,1,1,96.3560,3.6440,0.0000,0
25.10,7,61.0000,1,1,87.9503,12.0497,0.0000,0
25.10,8,61.0000,1,1,100.0000,0.0000,0.0000,0
25.10,9,61.0000,1,1,90.9192,9.0808,0.0000,0
26.10,0,59.5000,1,1,94.9140,5.0860,0.0000,1
26.10,1,59.5000,1,1,100.0000,0.0000,0.0000,0
26.10,2,59.5000,1,1,93.7379,6.2621,0.0000,0
26.10,3,80.5000,0,0,97.8350,2.1650,15.0000,0
26.10,4,88.0000,0,0,87.1667,12.8333,20.0000,0
26.10,5,95.5000,0,0,94.8449,5.1551,25.0000,0
26.10,6,59.5000,1,1,97.3722,2.6278,0.0000,0
26.10,7,59.5000,1,1,87.0307,12.9693,0.0000,0
26.10,8,59.5000,1,1,98.5536,1.4464,0.0000,0
26.10,9,59.5000,1,1,89.0914,10.9086,0.0000,0
27.10,0,58.0000,1,1,95.6756,4.3244,0.0000,1
27.10,1,58.0000,1,1,98.5220,1.4780,0.0000,0
27.10,2,58.0000,1,1,93.2344,6.7656,0.0000,0
27.10,3,80.5000,0,0,97.8350,2.1650,16.0000,0
27.10,4,88.0000,0,0,87.1667,12.8333,21.0000,0
27.10,5,95.5000,0,0,94.8449,5.1551,26.0000,0
27.10,6,58.0000,1,1,98.4595,1.5405,0.0000,0
27.10,7,58.0000,1,1,88.2736,11.7264,0.0000,0
27.10,8,58.0000,1,1,99.6894,0.3106,0.0000,0
27.10,9,58.0000,1,1,88.5713,11.4287,0.0000,0
28.10,0,56.5000,1,1,95.5150,4.4850,0.0000,1
28.10,1,56.5000,1,1,99.7841,0.2159,0.0000,0
28.10,2,56.5000,1,1,93.6723,6.3277,0.0000,0
28.10,3,80.5000,0,0,97.8350,2.1650,17.0000,0
28.10,4,88.0000,0,0,87.1667,12.8333,22.0000,0
28.10,5,95.5000,0,0,94.8449,5.1551,27.0000,0
28.10,6,56.5000,1,1,97.9021,2.0979,0.0000,0
28.10,7,56.5000,1,1,90.0382,9.9618,0.0000,0
28.10,8,56.5000,1,1,99.4498,0.5502,0.0000,0
28.10,9,56.5000,1,1,89.7635,10.2365,0.0000,0
29.10,0,55.0000,1,1,97.3126,2.6874,0.0000,1
29.10,1,55.0000,1,1,97.8403,2.1597,0.0000,0
29.10,2,55.0000,1,1,93.6576,6.3424,0.0000,0
29.10,3,80.5000,0,0,97.8350,2.1650,18.0000,0
29.10,4,88.0000,0,0,87.1667,12.8333,23.0000,0
29.10,5,95.5000,0,0,94.8449,5.1551,28.0000,0
29.10,6,55.0000,1,1,99.1473,0.8527,0.0000,0
29.10,7,55.0000,1,1,88.1013,11.8987,0.0000,0
29.10,8,55.0000,1,1,99.9676,0.0324,0.0000,0
29.10,9,55.0000,1,1,88.2287,11.7713,0.0000,0
30.10,0,53.5000,1,1,95.8059,4.1941,0.0000,1
30.10,1,53.5000,1,1,98.8839,1.1161,0.0000,0
30.10,2,53.5000,1,1,92.8053,7.1947,0.0000,0
30.10,3,80.5000,0,0,97.8350,2.1650,19.0000,0
30.10,4,88.0000,0,0,87.1667,12.8333,24.0000,0
30.10,5,95.5000,0,0,94.8449,5.1551,29.0000,0
30.10,6,53.5000,1,1,98.6628,1.3372,0.0000,0
30.10,7,53.5000,1,1,87.7801,12.2199,0.0000,0
30.10,8,53.5000,1,1,100.0000,0.0000,0.0000,0
30.10,9,53.5000,1,1,86.3718,13.6282,0.0000,0
31.10,0,52.0000,1,1,95.7110,4.2890,0.0000,1
31.10,1,52.0000,1,1,99.2215,0.7785,0.0000,0
31.10,2,52.0000,1,1,93.1531,6.8469,0.0000,0
31.10,3,80.5000,0,0,97.8350,2.1650,20.0000,0
31.10,4,88.0000,0,0,87.1667,12.8333,25.0000,0
31.10,5,95.5000,0,0,94.8449,5.1551,30.0000,0
31.10,6,52.0000,1,1,97.3913,2.6087,0.0000,0
31.10,7,52.0000,1,1,88.3837,11.6163,0.0000,0
31.10,8,52.0000,1,1,99.2307,0.7693,0.0000,0
31.10,9,52.0000,1,1,85.5282,14.4718,0.0000,0
32.10,0,50.5000,1,1,95.1167,4.8833,0.0000,1
32.10,1,50.5000,1,1,98.4081,1.5919,0.0000,0
32.10,2,50.5000,1,1,95.1153,4.8847,0.0000,0
32.10,3,80.5000,0,0,97.8350,2.1650,21.0000,0
32.10,4,88.0000,0,0,87.1667,12.8333,26.0000,0
32.10,5,95.5000,0,0,94.8449,5.1551,31.0000,0
32.10,6,50.5000,1,1,97.9351,2.0649,0.0000,0
32.10,7,50.5000,1,1,90.1697,9.8303,0.0000,0
32.10,8,50.5000,1,1,100.0000,0.0000,0.0000,0
32.10,9,50.5000,1,1,86.7774,13.2226,0.0000,0
33.10,0,49.0000,1,1,94.3065,5.6935,0.0000,1
33.10,1,49.0000,1,1,97.5176,2.4824,0.0000,0
33.10,2,49.0000,1,1,95.7845,4.2155,0.0000,0
33.10,3,80.5000,0,0,97.8350,2.1650,22.0000,0
33.10,4,88.0000,0,0,87.1667,12.8333,27.0000,0
33.10,5,95.5000,0,0,94.8449,5.1551,32.0000,0
33.10,6,49.0000,1,1,97.3657,2.6343,0.0000,0
33.10,7,49.0000,1,1,91.9364,8.0636,0.0000,0
33.10,8,49.0000,1,1,100.0000,0.0000,0.0000,0
33.10,9,49.0000,1,1,87.8612,12.1388,0.0000,0
34.10,0,47.5000,1,1,92.6188,7.3812,0.0000,1
34.10,1,47.5000,1,1,96.8346,3.1654,0.0000,0
34.10,2,47.5000,1,1,94.4567,5.5433,0.0000,0
34.10,3,80.5000,0,0,97.8350,2.1650,23.0000,0
34.10,4,88.0000,0,0,87.1667,12.8333,28.0000,0
34.10,5,95.5000,0,0,94.8449,5.1551,33.0000,0
34.10,6,47.5000,1,1,96.9820,3.0180,0.0000,0
34.10,7,47.5000,1,1,90.2543,9.7457,0.0000,0
34.10,8,47.5000,1,1,100.0000,0.0000,0.0000,0
34.10,9,47.5000,1,1,89.3121,10.6879,0.0000,0
35.10,0,46.0000,0,0,92.6188,7.3812,1.0000,0
35.10,1,46.0000,1,1,95.0789,4.9211,0.0000,0
35.10,2,46.0000,1,1,96.2015,3.7985,0.0000,0
35.10,3,80.5000,0,0,97.8350,2.1650,24.0000,0
35.10,4,88.0000,0,0,87.1667,12.8333,29.0000,0
35.10,5,95.5000,0,0,94.8449,5.1551,34.0000,0
35.10,6,46.0000,1,1,96.6128,3.3872,0.0000,0
35.10,7,46.0000,1,1,91.6643,8.3357,0.0000,0
35.10,8,46.0000,1,1,100.0000,0.0000,0.0000,0
35.10,9,46.0000,1,1,88.3282,11.6718,0.0000,0
36.10,0,46.0000,0,0,92.6188,7.3812,2.0000,0
36.10,1,44.5000,1,1,96.9994,3.0006,0.0000,0
36.10,2,44.5000,1,1,97.7623,2.2377,0.0000,0
36.10,3,80.5000,0,0,97.8350,2.1650,25.0000,0
36.10,4,88.0000,0,0,87.1667,12.8333,30.0000,0
36.10,5,95.5000,0,0,94.8449,5.1551,35.0000,0
36.10,6,44.5000,1,1,98.4736,1.5264,0.0000,0
36.10,7,44.5000,1,1,92.5709,7.4291,0.0000,0
36.10,8,44.5000,1,1,98.9469,1.0531,0.0000,0
36.10,9,44.5000,1,1,90.2270,9.7730,0.0000,0
37.10,0,46.0000,0,0,92.6188,7.3812,3.0000,0
37.10,1,43.0000,1,1,96.7122,3.2878,0.0000,0
37.10,2,43.0000,1,1,98.0387,1.9613,0.0000,0
37.10,3,80.5000,0,0,97.8350,2.1650,26.0000,0
37.10,4,88.0000,0,0,87.1667,12.8333,31.0000,0
37.10,5,95.5000,0,0,94.8449,5.1551,36.0000,0
37.10,6,43.0000,1,1,96.5842,3.4158,0.0000,0
37.10,7,43.0000,1,1,92.6183,7.3817,0.0000,0
37.10,8,43.0000,1,1,100.0000,0.0000,0.0000,0
37.10,9,43.0000,1,1,90.1290,9.8710,0.0000,0
38.10,0,46.0000,0,0,92.6188,7.3812,4.0000,0
38.10,1,41.5000,1,1,98.2052,1.7948,0.0000,0
38.10,2,41.5000,1,1,96.9803,3.0197,0.0000,0
38.10,3,80.5000,0,0,97.8350,2.1650,27.0000,0
38.10,4,88.0000,0,0,87.1667,12.8333,32.0000,0
38.10,5,95.5000,0,0,94.8449,5.1551,37.0000,0
38.10,6,41.5000,1,1,98.5067,1.4933,0.0000,0
38.10,7,41.5000,1,1,91.3065,8.6935,0.0000,0
38.10,8,41.5000,1,1,100.0000,0.0000,0.0000,0
38.10,9,41.5000,1,1,91.5236,8.4764,0.0000,0
39.10,0,46.0000,0,0,92.6188,7.3812,5.0000,0
39.10,1,40.0000,1,1,99.8843,0.1157,0.0000,0
39.10,2,40.0000,1,1,97.6431,2.3569,0.0000,0
39.10,3,80.5000,0,0,97.8350,2.1650,28.0000,0
39.10,4,88.0000,0,0,87.1667,12.8333,33.0000,0
39.10,5,95.5000,0,0,94.8449,5.1551,38.0000,0
39.10,6,40.0000,1,1,100.0000,0.0000,0.0000,0
39.10,7,40.0000,1,1,92.3562,7.6438,0.0000,0
39.10,8,40.0000,1,1,98.4422,1.5578,0.0000,0
39.10,9,40.0000,1,1,92.1659,7.8341,0.0000,0
40.10,0,46.0000,0,0,92.6188,7.3812,6.0000,0
40.10,1,38.5000,1,1,99.8877,0.1123,0.0000,0
40.10,2,38.5000,1,1,99.2833,0.7167,0.0000,0
40.10,3,80.5000,0,0,97.8350,2.1650,29.0000,0
40.10,4,88.0000,0,0,87.1667,12.8333,34.0000,0
40.10,5,95.5000,0,0,94.8449,5.1551,39.0000,0
40.10,6,38.5000,1,1,100.0000,0.0000,0.0000,0
40.10,7,38.5000,1,1,90.4712,9.5288,0.0000,0
40.10,8,38.5000,1,1,96.5956,3.4044,0.0000,0
40.10,9,38.5000,1,1,93.9884,6.0116,0.0000,0
41.10,0,46.0000,0,0,92.6188,7.3812,7.0000,0
41.10,1,37.0000,1,1,100.0000,0.0000,0.0000,0
41.10,2,37.0000,1,1,100.0000,0.0000,0.0000,0
41.10,3,80.5000,0,0,97.8350,2.1650,30.0000,0
41.10,4,88.0000,0,0,87.1667,12.8333,35.0000,0
41.10,5,95.5000,0,0,94.8449,5.1551,40.0000,0
41.10,6,37.0000,1,1,100.0000,0.0000,0.0000,0
41.10,7,37.0000,1,1,89.0419,10.9581,0.0000,0
41.10,8,37.0000,1,1,94.6817,5.3183,0.0000,0
41.10,9,37.0000,1,1,92.7119,7.2881,0.0000,0
42.10,0,46.0000,0,0,92.6188,7.3812,8.0000,0
42.10,1,35.5000,1,1,99.5754,0.4246,0.0000,0
42.10,2,35.5000,1,1,100.0000,0.0000,0.0000,0
42.10,3,80.5000,0,0,97.8350,2.1650,31.0000,0
42.10,4,88.0000,0,0,87.1667,12.8333,36.0000,0
42.10,5,95.5000,0,0,94.8449,5.1551,41.0000,0
42.10,6,35.5000,1,1,100.0000,0.0000,0.0000,0
42.10,7,35.5000,1,1,90.0862,9.9138,0.0000,0
42.10,8,35.5000,1,1,93.0546,6.9454,0.0000,0
42.10,9,35.5000,1,1,93.4525,6.5475,0.0000,0
43.10,0,46.0000,0,0,92.6188,7.3812,9.0000,0
43.10,1,34.0000,1,1,100.0000,0.0000,0.0000,0
43.10,2,34.0000,1,1,100.0000,0.0000,0.0000,0
43.10,3,80.5000,0,0,97.8350,2.1650,32.0000,0
43.10,4,88.0000,0,0,87.1667,12.8333,37.0000,0
43.10,5,95.5000,0,0,94.8449,5.1551,42.0000,0
43.10,6,34.0000,1,1,100.0000,0.0000,0.0000,0
43.10,7,34.0000,1,1,91.6611,8.3389,0.0000,0
43.10,8,34.0000,1,1,94.1981,5.8019,0.0000,0
43.10,9,34.0000,1,1,93.2965,6.7035,0.0000,0
44.10,0,46.0000,0,0,92.6188,7.3812,10.0000,0
44.10,1,32.5000,1,1,100.0000,0.0000,0.0000,0
44.10,2,32.5000,1,1,100.0000,0.0000,0.0000,0
44.10,3,80.5000,0,0,97.8350,2.1650,33.0000,0
44.10,4,88.0000,0,0,87.1667,12.8333,38.0000,0
44.10,5,95.5000,0,0,94.8449,5.1551,43.0000,0
44.10,6,32.5000,1,1,100.0000,0.0000,0.0000,0
44.10,7,32.5000,1,1,92.4470,7.5530,0.0000,0
44.10,8,32.5000,1,1,94.0483,5.9517,0.0000,0
44.10,9,32.5000,1,1,93.9870,6.0130,0.0000,0
45.10,0,46.0000,0,0,92.6188,7.3812,11.0000,0
45.10,1,31.0000,1,1,100.0000,0.0000,0.0000,0
45.10,2,31.0000,1,1,100.0000,0.0000,0.0000,0
45.10,3,80.5000,0,0,97.8350,2.1650,34.0000,0
45.10,4,88.0000,0,0,87.1667,12.8333,39.0000,0
45.10,5,95.5000,0,0,94.8449,5.1551,44.0000,0
45.10,6,31.0000,1,1,98.8484,1.1516,0.0000,0
45.10,7,31.0000,1,1,91.4768,8.5232,0.0000,0
45.10,8,31.0000,1,1,94.4868,5.5132,0.0000,0
45.10,9,31.0000,1,1,92.5545,7.4455,0.0000,0
46.10,0,46.0000,0,0,92.6188,7.3812,12.0000,0
46.10,1,29.5000,1,1,99.3919,0.6081,0.0000,0
46.10,2,29.5000,1,1,100.0000,0.0000,0.0000,0
46.10,3,80.5000,0,0,97.8350,2.1650,35.0000,0
46.10,4,88.0000,0,0,87.1667,12.8333,40.0000,0
46.10,5,95.5000,0,0,94.8449,5.1551,45.0000,0
46.10,6,29.5000,1,1,96.9145,3.0855,0.0000,0
46.10,7,29.5000,1,1,90.2877,9.7123,0.0000,0
46.10,8,29.5000,1,1,95.9190,4.0810,0.0000,0
46.10,9,29.5000,1,1,92.6287,7.3713,0.0000,0
47.10,0,46.0000,0,0,92.6188,7.3812,13.0000,0
47.10,1,28.0000,1,1,99.9775,0.0225,0.0000,0
47.10,2,28.0000,1,1,100.0000,0.0000,0.0000,0
47.10,3,80.5000,0,0,97.8350,2.1650,36.0000,0
47.10,4,88.0000,0,0,87.1667,12.8333,41.0000,0
47.10,5,95.5000,0,0,94.8449,5.1551,46.0000,0
47.10,6,28.0000,1,1,95.0080,4.9920,0.0000,0
47.10,7,28.0000,1,1,91.3983,8.6017,0.0000,0
47.10,8,28.0000,1,1,97.1434,2.8566,0.0000,0
47.10,9,28.0000,1,1,90.6851,9.3149,0.0000,0
48.10,0,46.0000,0,0,92.6188,7.3812,14.0000,0
48.10,1,26.5000,1,1,100.0000,0.0000,0.0000,0
48.10,2,26.5000,1,1,98.6784,1.3216,0.0000,0
48.10,3,80.5000,0,0,97.8350,2.1650,37.0000,0
48.10,4,88.0000,0,0,87.1667,12.8333,42.0000,0
48.10,5,95.5000,0,0,94.8449,5.1551,47.0000,0
48.10,6,26.5000,1,1,94.6458,5.3542,0.0000,0
48.10,7,26.5000,1,1,90.3133,9.6867,0.0000,0
48.10,8,26.5000,1,1,96.1291,3.8709,0.0000,0
48.10,9,26.5000,1,1,91.8203,8.1797,0.0000,0
49.10,0,46.0000,0,0,92.6188,7.3812,15.0000,0
49.10,1,25.0000,1,1,99.8548,0.1452,0.0000,0
49.10,2,25.0000,1,1,100.0000,0.0000,0.0000,0
49.10,3,80.5000,0,0,97.8350,2.1650,38.0000,0
49.10,4,88.0000,0,0,87.1667,12.8333,43.0000,0
49.10,5,95.5000,0,0,94.8449,5.1551,48.0000,0
49.10,6,25.0000,1,1,95.0109,4.9891,0.0000,0
49.10,7,25.0000,1,1,89.7810,10.2190,0.0000,0
49.10,8,25.0000,1,1,95.6291,4.3709,0.0000,0
49.10,9,25.0000,1,1,92.8414,7.1586,0.0000,0
50.10,0,46.0000,0,0,92.6188,7.3812,16.0000,0
50.10,1,23.5000,1,1,99.8911,0.1089,0.0000,0
50.10,2,23.5000,1,1,98.3705,1.6295,0.0000,0
50.10,3,80.5000,0,0,97.8350,2.1650,39.0000,0
50.10,4,88.0000,0,0,87.1667,12.8333,44.0000,0
50.10,5,95.5000,0,0,94.8449,5.1551,49.0000,0
50.10,6,23.5000,1,1,96.4854,3.5146,0.0000,0
50.10,7,23.5000,1,1,88.5166,11.4834,0.0000,0
50.10,8,23.5000,1,1,95.9884,4.0116,0.0000,0
50.10,9,23.5000,1,1,93.4631,6.5369,0.0000,0
51.10,0,46.0000,0,0,92.6188,7.3812,17.0000,0
51.10,1,22.0000,1,1,100.0000,0.0000,0.0000,0
51.10,2,22.0000,1,1,97.6627,2.3373,0.0000,0
51.10,3,80.5000,0,0,97.8350,2.1650,40.0000,0
51.10,4,88.0000,0,0,87.1667,12.8333,45.0000,0
51.10,5,95.5000,0,0,94.8449,5.1551,50.0000,0
51.10,6,22.0000,1,1,97.0846,2.9154,0.0000,0
51.10,7,22.0000,1,1,87.1011,12.8989,0.0000,0
51.10,8,22.0000,1,1,97.2822,2.7178,0.0000,1
51.10,9,22.0000,1,1,93.1493,6.8507,0.0000,0
52.10,0,46.0000,0,0,92.6188,7.3812,18.0000,0
52.10,1,20.5000,1,1,100.0000,0.0000,0.0000,0
52.10,2,20.5000,1,1,98.0502,1.9498,0.0000,0
52.10,3,80.5000,0,0,97.8350,2.1650,41.0000,0
52.10,4,88.0000,0,0,87.1667,12.8333,46.0000,0
52.10,5,95.5000,0,0,94.8449,5.1551,51.0000,0
52.10,6,20.5000,1,1,98.8711,1.1289,0.0000,0
52.10,7,20.5000,1,1,85.6600,14.3400,0.0000,0
52.10,8,20.5000,1,1,95.8338,4.1662,0.0000,1
52.10,9,20.5000,1,1,91.5813,8.4187,0.0000,0
53.10,0,46.0000,0,0,92.6188,7.3812,19.0000,0
53.10,1,19.0000,1,1,100.0000,0.0000,0.0000,0
53.10,2,19.0000,1,1,97.1716,2.8284,0.0000,0
53.10,3,80.5000,0,0,97.8350,2.1650,42.0000,0
53.10,4,88.0000,0,0,87.1667,12.8333,47.0000,0
53.10,5,95.5000,0,0,94.8449,5.1551,52.0000,0
53.10,6,19.0000,1,1,99.0935,0.9065,0.0000,0
53.10,7,19.0000,1,1,84.0111,15.9889,0.0000,0
53.10,8,19.0000,1,1,97.1308,2.8692,0.0000,1
53.10,9,19.0000,1,1,92.9343,7.0657,0.0000,0
54.10,0,46.0000,0,0,92.6188,7.3812,20.0000,0
54.10,1,17.5000,1,1,100.0000,0.0000,0.0000,0
54.10,2,17.5000,1,1,96.5597,3.4403,0.0000,0
54.10,3,80.5000,0,0,97.8350,2.1650,43.0000,0
54.10,4,88.0000,0,0,87.1667,12.8333,48.0000,0
54.10,5,95.5000,0,0,94.8449,5.1551,53.0000,0
54.10,6,17.5000,1,1,98.7099,1.2901,0.0000,0
54.10,7,17.5000,1,1,84.5203,15.4797,0.0000,0
54.10,8,17.5000,1,1,95.7996,4.2004,0.0000,1
54.10,9,17.5000,1,1,93.3234,6.6766,0.0000,0
55.10,0,46.0000,0,0,92.6188,7.3812,21.0000,0
55.10,1,16.0000,1,1,99.9653,0.0347,0.0000,0
55.10,2,16.0000,1,1,95.4435,4.5565,0.0000,0
55.10,3,80.5000,0,0,97.8350,2.1650,44.0000,0
55.10,4,88.0000,0,0,87.1667,12.8333,49.0000,0
55.10,5,95.5000,0,0,94.8449,5.1551,54.0000,0
55.10,6,16.0000,1,1,98.4909,1.5091,0.0000,0
55.10,7,16.0000,1,1,83.7186,16.2814,0.0000,0
55.10,8,16.0000,1,1,96.4671,3.5329,0.0000,1
55.10,9,16.0000,1,1,93.3778,6.6222,0.0000,0
56.10,0,46.0000,0,0,92.6188,7.3812,22.0000,0
56.10,1,14.5000,1,1,100.0000,0.0000,0.0000,1
56.10,2,14.5000,1,1,96.6648,3.3352,0.0000,1
56.10,3,80.5000,0,0,97.8350,2.1650,45.0000,0
56.10,4,88.0000,0,0,87.1667,12.8333,50.0000,0
56.10,5,95.5000,0,0,94.8449,5.1551,55.0000,0
56.10,6,14.5000,1,1,100.0000,0.0000,0.0000,1
56.10,7,14.5000,1,1,85.2216,14.7784,0.0000,1
56.10,8,14.5000,1,1,94.7313,5.2687,0.0000,1
56.10,9,14.5000,1,1,92.6427,7.3573,0.0000,1
57.10,0,46.0000,0,0,92.6188,7.3812,23.0000,0
57.10,1,13.0000,1,1,100.0000,0.0000,0.0000,1
57.10,2,13.0000,1,1,97.1992,2.8008,0.0000,1
57.10,3,80.5000,0,0,97.8350,2.1650,46.0000,0
57.10,4,88.0000,0,0,87.1667,12.8333,51.0000,0
57.10,5,95.5000,0,0,94.8449,5.1551,56.0000,0
57.10,6,13.0000,1,1,100.0000,0.0000,0.0000,1
57.10,7,13.0000,1,1,84.7098,15.2902,0.0000,1
57.10,8,13.0000,1,1,94.1247,5.8753,0.0000,1
57.10,9,13.0000,1,1,92.4728,7.5272,0.0000,1
58.10,0,46.0000,0,0,92.6188,7.3812,24.0000,0
58.10,1,11.5000,1,1,100.0000,0.0000,0.0000,1
58.10,2,11.5000,1,1,96.5941,3.4059,0.0000,1
58.10,3,80.5000,0,0,97.8350,2.1650,47.0000,0
58.10,4,88.0000,0,0,87.1667,12.8333,52.0000,0
58.10,5,95.5000,0,0,94.8449,5.1551,57.0000,0
58.10,6,11.5000,1,1,99.3476,0.6524,0.0000,1
58.10,7,11.5000,1,1,83.4663,16.5337,0.0000,1
58.10,8,11.5000,1,1,94.9002,5.0998,0.0000,1
58.10,9,11.5000,1,1,93.7455,6.2545,0.0000,1
59.10,0,46.0000,0,0,92.6188,7.3812,25.0000,0
59.10,1,10.0000,1,1,100.0000,0.0000,0.0000,1
59.10,2,10.0000,1,1,97.3035,2.6965,0.0000,1
59.10,3,80.5000,0,0,97.8350,2.1650,48.0000,0
59.10,4,88.0000,0,0,87.1667,12.8333,53.0000,0
59.10,5,95.5000,0,0,94.8449,5.1551,58.0000,0
59.10,6,10.0000,1,1,99.0264,0.9736,0.0000,1
59.10,7,10.0000,1,1,83.7939,16.2061,0.0000,1
59.10,8,10.0000,1,1,95.1975,4.8025,0.0000,1
59.10,9,10.0000,1,1,93.0543,6.9457,0.0000,1
60.10,0,46.0000,0,0,92.6188,7.3812,26.0000,0
60.10,1,8.5000,1,1,99.6180,0.3820,0.0000,1
60.10,2,8.5000,1,1,98.2942,1.7058,0.0000,1
60.10,3,80.5000,0,0,97.8350,2.1650,49.0000,0
60.10,4,88.0000,0,0,87.1667,12.8333,54.0000,0
60.10,5,95.5000,0,0,94.8449,5.1551,59.0000,0
60.10,6,8.5000,1,1,99.2273,0.7727,0.0000,1
60.10,7,8.5000,1,1,82.9663,17.0337,0.0000,1
60.10,8,8.5000,1,1,93.2337,6.7663,0.0000,1
60.10,9,8.5000,1,1,92.5211,7.4789,0.0000,1
61.10,0,46.0000,0,0,92.6188,7.3812,27.0000,0
61.10,1,7.0000,1,1,100.0000,0.0000,0.0000,1
61.10,2,7.0000,1,1,98.5702,1.4298,0.0000,1
61.10,3,80.5000,0,0,97.8350,2.1650,50.0000,0
61.10,4,88.0000,0,0,87.1667,12.8333,55.0000,0
61.10,5,95.5000,0,0,94.8449,5.1551,60.0000,0
61.10,6,7.0000,1,1,98.1105,1.8895,0.0000,1
61.10,7,7.0000,1,1,84.5360,15.4640,0.0000,1
61.10,8,7.0000,0,0,93.2337,6.7663,1.0000,0
61.10,9,7.0000,1,1,93.7379,6.2621,0.0000,1
62.10,0,46.0000,0,0,92.6188,7.3812,28.0000,0
62.10,1,5.5000,1,1,98.4524,1.5476,0.0000,1
62.10,2,5.5000,1,1,100.0000,0.0000,0.0000,1
62.10,3,80.5000,0,0,97.8350,2.1650,51.0000,0
62.10,4,88.0000,0,0,87.1667,12.8333,56.0000,0
62.10,5,95.5000,0,0,94.8449,5.1551,61.0000,0
62.10,6,5.5000,1,1,98.1476,1.8524,0.0000,1
62.10,7,5.5000,1,1,84.5293,15.4707,0.0000,1
62.10,8,7.0000,0,0,93.2337,6.7663,2.0000,0
62.10,9,5.5000,1,1,93.5019,6.4981,0.0000,1
63.10,0,46.0000,0,0,92.6188,7.3812,29.0000,0
63.10,1,4.0000,1,1,98.7530,1.2470,0.0000,1
63.10,2,4.0000,1,1,100.0000,0.0000,0.0000,1
63.10,3,80.5000,0,0,97.8350,2.1650,52.0000,0
63.10,4,88.0000,0,0,87.1667,12.8333,57.0000,0
63.10,5,95.5000,0,0,94.8449,5.1551,62.0000,0
63.10,6,4.0000,1,1,97.6425,2.3575,0.0000,1
63.10,7,4.0000,1,1,84.6434,15.3566,0.0000,1
63.10,8,7.0000,0,0,93.2337,6.7663,3.0000,0
63.10,9,4.0000,1,1,93.7780,6.2220,0.0000,1
64.10,0,46.0000,0,0,92.6188,7.3812,30.0000,0
64.10,1,2.5000,1,1,99.2909,0.7091,0.0000,1
64.10,2,2.5000,1,1,100.0000,0.0000,0.0000,1
64.10,3,80.5000,0,0,97.8350,2.1650,53.0000,0
64.10,4,88.0000,0,0,87.1667,12.8333,58.0000,0
64.10,5,95.5000,0,0,94.8449,5.1551,63.0000,0
64.10,6,2.5000,1,1,97.5923,2.4077,0.0000,1
64.10,7,2.5000,1,1,86.4781,13.5219,0.0000,1
64.10,8,7.0000,0,0,93.2337,6.7663,4.0000,0
64.10,9,2.5000,1,1,95.1941,4.8059,0.0000,1
65.10,0,46.0000,0,0,92.6188,7.3812,31.0000,0
65.10,1,1.0000,1,1,100.0000,0.0000,0.0000,1
65.10,2,1.0000,1,1,98.7212,1.2788,0.0000,1
65.10,3,80.5000,0,0,97.8350,2.1650,54.0000,0
65.10,4,88.0000,0,0,87.1667,12.8333,59.0000,0
65.10,5,95.5000,0,0,94.8449,5.1551,64.0000,0
65.10,6,1.0000,1,1,97.3224,2.6776,0.0000,1
65.10,7,1.0000,1,1,86.0986,13.9014,0.0000,1
65.10,8,7.0000,0,0,93.2337,6.7663,5.0000,0
65.10,9,1.0000,1,1,93.8227,6.1773,0.0000,1
66.10,0,46.0000,0,0,92.6188,7.3812,32.0000,0
66.10,1,0.0000,0,0,100.0000,0.0000,1.0000,0
66.10,2,0.0000,0,0,98.7212,1.2788,1.0000,0
66.10,3,80.5000,0,0,97.8350,2.1650,55.0000,0
66.10,4,88.0000,0,0,87.1667,12.8333,60.0000,0
66.10,5,95.5000,0,0,94.8449,5.1551,65.0000,0
66.10,6,0.0000,0,0,97.3224,2.6776,1.0000,0
66.10,7,0.0000,0,0,86.0986,13.9014,1.0000,0
66.10,8,7.0000,0,0,93.2337,6.7663,6.0000,0
66.10,9,0.0000,0,0,93.8227,6.1773,1.0000,0
67.10,0,46.0000,0,0,92.6188,7.3812,33.0000,0
67.10,1,0.0000,0,0,100.0000,0.0000,2.0000,0
67.10,2,0.0000,0,0,98.7212,1.2788,2.0000,0
67.10,3,80.5000,0,0,97.8350,2.1650,56.0000,0
67.10,4,88.0000,0,0,87.1667,12.8333,61.0000,0
67.10,5,95.5000,0,0,94.8449,5.1551,66.0000,0
67.10,6,0.0000,0,0,97.3224,2.6776,2.0000,0
67.10,7,0.0000,0,0,86.0986,13.9014,2.0000,0
67.10,8,7.0000,0,0,93.2337,6.7663,7.0000,0
67.10,9,0.0000,0,0,93.8227,6.1773,2.0000,0
68.10,0,46.0000,0,0,92.6188,7.3812,34.0000,0
68.10,1,0.0000,0,0,100.0000,0.0000,3.0000,0
68.10,2,0.0000,0,0,98.7212,1.2788,3.0000,0
68.10,3,80.5000,0,0,97.8350,2.1650,57.0000,0
68.10,4,88.0000,0,0,87.1667,12.8333,62.0000,0
68.10,5,95.5000,0,0,94.8449,5.1551,67.0000,0
68.10,6,0.0000,0,0,97.3224,2.6776,3.0000,0
68.10,7,0.0000,0,0,86.0986,13.9014,3.0000,0
68.10,8,7.0000,0,0,93.2337,6.7663,8.0000,0
68.10,9,0.0000,0,0,93.8227,6.1773,3.0000,0
69.10,0,46.0000,0,0,92.6188,7.3812,35.0000,0
69.10,1,0.0000,0,0,100.0000,0.0000,4.0000,0
69.10,2,0.0000,0,0,98.7212,1.2788,4.0000,0
69.10,3,80.5000,0,0,97.8350,2.1650,58.0000,0
69.10,4,88.0000,0,0,87.1667,12.8333,63.0000,0
69.10,5,95.5000,0,0,94.8449,5.1551,68.0000,0
69.10,6,0.0000,0,0,97.3224,2.6776,4.0000,0
69.10,7,0.0000,0,0,86.0986,13.9014,4.0000,0
69.10,8,7.0000,0,0,93.2337,6.7663,9.0000,0
69.10,9,0.0000,0,0,93.8227,6.1773,4.0000,0
70.10,0,46.0000,0,0,92.6188,7.3812,36.0000,0
70.10,1,0.0000,0,0,100.0000,0.0000,5.0000,0
70.10,2,0.0000,0,0,98.7212,1.2788,5.0000,0
70.10,3,80.5000,0,0,97.8350,2.1650,59.0000,0
70.10,4,88.0000,0,0,87.1667,12.8333,64.0000,0
70.10,5,95.5000,0,0,94.8449,5.1551,69.0000,0
70.10,6,0.0000,0,0,97.3224,2.6776,5.0000,0
70.10,7,0.0000,0,0,86.0986,13.9014,5.0000,0
70.10,8,7.0000,0,0,93.2337,6.7663,10.0000,0
70.10,9,0.0000,0,0,93.8227,6.1773,5.0000,0
71.10,0,46.0000,0,0,92.6188,7.3812,37.0000,0
71.10,1,0.0000,0,0,100.0000,0.0000,6.0000,0
71.10,2,0.0000,0,0,98.7212,1.2788,6.0000,0
71.10,3,80.5000,0,0,97.8350,2.1650,60.0000,0
71.10,4,88.0000,0,0,87.1667,12.8333,65.0000,0
71.10,5,95.5000,0,0,94.8449,5.1551,70.0000,0
71.10,6,0.0000,0,0,97.3224,2.6776,6.0000,0
71.10,7,0.0000,0,0,86.0986,13.9014,6.0000,0
71.10,8,7.0000,0,0,93.2337,6.7663,11.0000,0
71.10,9,0.0000,0,0,93.8227,6.1773,6.0000,0
72.10,0,46.0000,0,0,92.6188,7.3812,38.0000,0
72.10,1,0.0000,0,0,100.0000,0.0000,7.0000,0
72.10,2,0.0000,0,0,98.7212,1.2788,7.0000,0
72.10,3,80.5000,0,0,97.8350,2.1650,61.0000,0
72.10,4,88.0000,0,0,87.1667,12.8333,66.0000,0
72.10,5,95.5000,0,0,94.8449,5.1551,71.0000,0
72.10,6,0.0000,0,0,97.3224,2.6776,7.0000,0
72.10,7,0.0000,0,0,86.0986,13.9014,7.0000,0
72.10,8,7.0000,0,0,93.2337,6.7663,12.0000,0
72.10,9,0.0000,0,0,93.8227,6.1773,7.0000,0
73.10,0,46.0000,0,0,92.6188,7.3812,39.0000,0
73.10,1,0.0000,0,0,100.0000,0.0000,8.0000,0
73.10,2,0.0000,0,0,98.7212,1.2788,8.0000,0
73.10,3,80.5000,0,0,97.8350,2.1650,62.0000,0
73.10,4,88.0000,0,0,87.1667,12.8333,67.0000,0
73.10,5,95.5000,0,0,94.8449,5.1551,72.0000,0
73.10,6,0.0000,0,0,97.3224,2.6776,8.0000,0
73.10,7,0.0000,0,0,86.0986,13.9014,8.0000,0
73.10,8,7.0000,0,0,93.2337,6.7663,13.0000,0
73.10,9,0.0000,0,0,93.8227,6.1773,8.0000,0
74.10,0,46.0000,0,0,92.6188,7.3812,40.0000,0
74.10,1,0.0000,0,0,100.0000,0.0000,9.0000,0
74.10,2,0.0000,0,0,98.7212,1.2788,9.0000,0
74.10,3,80.5000,0,0,97.8350,2.1650,63.0000,0
74.10,4,88.0000,0,0,87.1667,12.8333,68.0000,0
74.10,5,95.5000,0,0,94.8449,5.1551,73.0000,0
74.10,6,0.0000,0,0,97.3224,2.6776,9.0000,0
74.10,7,0.0000,0,0,86.0986,13.9014,9.0000,0
74.10,8,7.0000,0,0,93.2337,6.7663,14.0000,0
74.10,9,0.0000,0,0,93.8227,6.1773,9.0000,0
75.10,0,46.0000,0,0,92.6188,7.3812,41.0000,0
75.10,1,0.0000,0,0,100.0000,0.0000,10.0000,0
75.10,2,0.0000,0,0,98.7212,1.2788,10.0000,0
75.10,3,80.5000,0,0,97.8350,2.1650,64.0000,0
75.10,4,88.0000,0,0,87.1667,12.8333,69.0000,0
75.10,5,95.5000,0,0,94.8449,5.1551,74.0000,0
75.10,6,0.0000,0,0,97.3224,2.6776,10.0000,0
75.10,7,0.0000,0,0,86.0986,13.9014,10.0000,0
75.10,8,7.0000,0,0,93.2337,6.7663,15.0000,0
75.10,9,0.0000,0,0,93.8227,6.1773,10.0000,0
76.10,0,46.0000,0,0,92.6188,7.3812,42.0000,0
76.10,1,0.0000,0,0,100.0000,0.0000,11.0000,0
76.10,2,0.0000,0,0,98.7212,1.2788,11.0000,0
76.10,3,80.5000,0,0,97.8350,2.1650,65.0000,0
76.10,4,88.0000,0,0,87.1667,12.8333,70.0000,0
76.10,5,95.5000,0,0,94.8449,5.1551,75.0000,0
76.10,6,0.0000,0,0,97.3224,2.6776,11.0000,0
76.10,7,0.0000,0,0,86.0986,13.9014,11.0000,0
76.10,8,7.0000,0,0,93.2337,6.7663,16.0000,0
76.10,9,0.0000,0,0,93.8227,6.1773,11.0000,0
77.10,0,46.0000,0,0,92.6188,7.3812,43.0000,0
77.10,1,0.0000,0,0,100.0000,0.0000,12.0000,0
77.10,2,0.0000,0,0,98.7212,1.2788,12.0000,0
77.10,3,80.5000,0,0,97.8350,2.1650,66.0000,0
77.10,4,88.0000,0,0,87.1667,12.8333,71.0000,0
77.10,5,95.5000,0,0,94.8449,5.1551,76.0000,0
77.10,6,0.0000,0,0,97.3224,2.6776,12.0000,0
77.10,7,0.0000,0,0,86.0986,13.9014,12.0000,0
77.10,8,7.0000,0,0,93.2337,6.7663,17.0000,0
77.10,9,0.0000,0,0,93.8227,6.1773,12.0000,0
78.10,0,46.0000,0,0,92.6188,7.3812,44.0000,0
78.10,1,0.0000,0,0,100.0000,0.0000,13.0000,0
78.10,2,0.0000,0,0,98.7212,1.2788,13.0000,0
78.10,3,80.5000,0,0,97.8350,2.1650,67.0000,0
78.10,4,88.0000,0,0,87.1667,12.8333,72.0000,0
78.10,5,95.5000,0,0,94.8449,5.1551,77.0000,0
78.10,6,0.0000,0,0,97.3224,2.6776,13.0000,0
78.10,7,0.0000,0,0,86.0986,13.9014,13.0000,0
78.10,8,7.0000,0,0,93.2337,6.7663,18.0000,0
78.10,9,0.0000,0,0,93.8227,6.1773,13.0000,0
79.10,0,46.0000,0,0,92.6188,7.3812,45.0000,0
79.10,1,0.0000,0,0,100.0000,0.0000,14.0000,0
79.10,2,0.0000,0,0,98.7212,1.2788,14.0000,0
79.10,3,80.5000,0,0,97.8350,2.1650,68.0000,0
79.10,4,88.0000,0,0,87.1667,12.8333,73.0000,0
79.10,5,95.5000,0,0,94.8449,5.1551,78.0000,0
79.10,6,0.0000,0,0,97.3224,2.6776,14.0000,0
79.10,7,0.0000,0,0,86.0986,13.9014,14.0000,0
79.10,8,7.0000,0,0,93.2337,6.7663,19.0000,0
79.10,9,0.0000,0,0,93.8227,6.1773,14.0000,0
80.10,0,46.0000,0,0,92.6188,7.3812,46.0000,0
80.10,1,0.0000,0,0,100.0000,0.0000,15.0000,0
80.10,2,0.0000,0,0,98.7212,1.2788,15.0000,0
80.10,3,80.5000,0,0,97.8350,2.1650,69.0000,0
80.10,4,88.0000,0,0,87.1667,12.8333,74.0000,0
80.10,5,95.5000,0,0,94.8449,5.1551,79.0000,0
80.10,6,0.0000,0,0,97.3224,2.6776,15.0000,0
80.10,7,0.0000,0,0,86.0986,13.9014,15.0000,0
80.10,8,7.0000,0,0,93.2337,6.7663,20.0000,0
80.10,9,0.0000,0,0,93.8227,6.1773,15.0000,0
81.10,0,46.0000,0,0,92.6188,7.3812,47.0000,0
81.10,1,0.0000,0,0,100.0000,0.0000,16.0000,0
81.10,2,0.0000,0,0,98.7212,1.2788,16.0000,0
81.10,3,80.5000,0,0,97.8350,2.1650,70.0000,0
81.10,4,88.0000,0,0,87.1667,12.8333,75.0000,0
81.10,5,95.5000,0,0,94.8449,5.1551,80.0000,0
81.10,6,0.0000,0,0,97.3224,2.6776,16.0000,0
81.10,7,0.0000,0,0,86.0986,13.9014,16.0000,0
81.10,8,7.0000,0,0,93.2337,6.7663,21.0000,0
81.10,9,0.0000,0,0,93.8227,6.1773,16.0000,0
82.10,0,46.0000,0,0,92.6188,7.3812,48.0000,0
82.10,1,0.0000,0,0,100.0000,0.0000,17.0000,0
82.10,2,0.0000,0,0,98.7212,1.2788,17.0000,0
82.10,3,80.5000,0,0,97.8350,2.1650,71.0000,0
82.10,4,88.0000,0,0,87.1667,12.8333,76.0000,0
82.10,5,95.5000,0,0,94.8449,5.1551,81.0000,0
82.10,6,0.0000,0,0,97.3224,2.6776,17.0000,0
82.10,7,0.0000,0,0,86.0986,13.9014,17.0000,0
82.10,8,7.0000,0,0,93.2337,6.7663,22.0000,0
82.10,9,0.0000,0,0,93.8227,6.1773,17.0000,0
83.10,0,46.0000,0,0,92.6188,7.3812,49.0000,0
83.10,1,0.0000,0,0,100.0000,0.0000,18.0000,0
83.10,2,0.0000,0,0,98.7212,1.2788,18.0000,0
83.10,3,80.5000,0,0,97.8350,2.1650,72.0000,0
83.10,4,88.0000,0,0,87.1667,12.8333,77.0000,0
83.10,5,95.5000,0,0,94.8449,5.1551,82.0000,0
83.10,6,0.0000,0,0,97.3224,2.6776,18.0000,0
83.10,7,0.0000,0,0,86.0986,13.9014,18.0000,0
83.10,8,7.0000,0,0,93.2337,6.7663,23.0000,0
83.10,9,0.0000,0,0,93.8227,6.1773,18.0000,0
84.10,0,46.0000,0,0,92.6188,7.3812,50.0000,0
84.10,1,0.0000,0,0,100.0000,0.0000,19.0000,0
84.10,2,0.0000,0,0,98.7212,1.2788,19.0000,0
84.10,3,80.5000,0,0,97.8350,2.1650,73.0000,0
84.10,4,88.0000,0,0,87.1667,12.8333,78.0000,0
84.10,5,95.5000,0,0,94.8449,5.1551,83.0000,0
84.10,6,0.0000,0,0,97.3224,2.6776,19.0000,0
84.10,7,0.0000,0,0,86.0986,13.9014,19.0000,0
84.10,8,7.0000,0,0,93.2337,6.7663,24.0000,0
84.10,9,0.0000,0,0,93.8227,6.1773,19.0000,0
85.10,0,46.0000,0,0,92.6188,7.3812,51.0000,0
85.10,1,0.0000,0,0,100.0000,0.0000,20.0000,0
85.10,2,0.0000,0,0,98.7212,1.2788,20.0000,0
85.10,3,80.5000,0,0,97.8350,2.1650,74.0000,0
85.10,4,88.0000,0,0,87.1667,12.8333,79.0000,0
85.10,5,95.5000,0,0,94.8449,5.1551,84.0000,0
85.10,6,0.0000,0,0,97.3224,2.6776,20.0000,0
85.10,7,0.0000,0,0,86.0986,13.9014,20.0000,0
85.10,8,7.0000,0,0,93.2337,6.7663,25.0000,0
85.10,9,0.0000,0,0,93.8227,6.1773,20.0000,0
86.10,0,46.0000,0,0,92.6188,7.3812,52.0000,0
86.10,1,0.0000,0,0,100.0000,0.0000,21.0000,0
86.10,2,0.0000,0,0,98.7212,1.2788,21.0000,0
86.10,3,80.5000,0,0,97.8350,2.1650,75.0000,0
86.10,4,88.0000,0,0,87.1667,12.8333,80.0000,0
86.10,5,95.5000,0,0,94.8449,5.1551,85.0000,0
86.10,6,0.0000,0,0,97.3224,2.6776,21.0000,0
86.10,7,0.0000,0,0,86.0986,13.9014,21.0000,0
86.10,8,7.0000,0,0,93.2337,6.7663,26.0000,0
86.10,9,0.0000,0,0,93.8227,6.1773,21.0000,0
87.10,0,46.0000,0,0,92.6188,7.3812,53.0000,0
87.10,1,0.0000,0,0,100.0000,0.0000,22.0000,0
87.10,2,0.0000,0,0,98.7212,1.2788,22.0000,0
87.10,3,80.5000,0,0,97.8350,2.1650,76.0000,0
87.10,4,88.0000,0,0,87.1667,12.8333,81.0000,0
87.10,5,95.5000,0,0,94.8449,5.1551,86.0000,0
87.10,6,0.0000,0,0,97.3224,2.6776,22.0000,0
87.10,7,0.0000,0,0,86.0986,13.9014,22.0000,0
87.10,8,7.0000,0,0,93.2337,6.7663,27.0000,0
87.10,9,0.0000,0,0,93.8227,6.1773,22.0000,0
88.10,0,46.0000,0,0,92.6188,7.3812,54.0000,0
88.10,1,0.0000,0,0,100.0000,0.0000,23.0000,0
88.10,2,0.0000,0,0,98.7212,1.2788,23.0000,0
88.10,3,80.5000,0,0,97.8350,2.1650,77.0000,0
88.10,4,88.0000,0,0,87.1667,12.8333,82.0000,0
88.10,5,95.5000,0,0,94.8449,5.1551,87.0000,0
88.10,6,0.0000,0,0,97.3224,2.6776,23.0000,0
88.10,7,0.0000,0,0,86.0986,13.9014,23.0000,0
88.10,8,7.0000,0,0,93.2337,6.7663,28.0000,0
88.10,9,0.0000,0,0,93.8227,6.1773,23.0000,0
89.10,0,46.0000,0,0,92.6188,7.3812,55.0000,0
89.10,1,0.0000,0,0,100.0000,0.0000,24.0000,0
89.10,2,0.0000,0,0,98.7212,1.2788,24.0000,0
89.10,3,80.5000,0,0,97.8350,2.1650,78.0000,0
89.10,4,88.0000,0,0,87.1667,12.8333,83.0000,0
89.10,5,95.5000,0,0,94.8449,5.1551,88.0000,0
89.10,6,0.0000,0,0,97.3224,2.6776,24.0000,0
89.10,7,0.0000,0,0,86.0986,13.9014,24.0000,0
89.10,8,7.0000,0,0,93.2337,6.7663,29.0000,0
89.10,9,0.0000,0,0,93.8227,6.1773,24.0000,0
90.10,0,46.0000,0,0,92.6188,7.3812,56.0000,0
90.10,1,0.0000,0,0,100.0000,0.0000,25.0000,0
90.10,2,0.0000,0,0,98.7212,1.2788,25.0000,0
90.10,3,80.5000,0,0,97.8350,2.1650,79.0000,0
90.10,4,88.0000,0,0,87.1667,12.8333,84.0000,0
90.10,5,95.5000,0,0,94.8449,5.1551,89.0000,0
90.10,6,0.0000,0,0,97.3224,2.6776,25.0000,0
90.10,7,0.0000,0,0,86.0986,13.9014,25.0000,0
90.10,8,7.0000,0,0,93.2337,6.7663,30.0000,0
90.10,9,0.0000,0,0,93.8227,6.1773,25.0000,0
91.10,0,46.0000,0,0,92.6188,7.3812,57.0000,0
91.10,1,0.0000,0,0,100.0000,0.0000,26.0000,0
91.10,2,0.0000,0,0,98.7212,1.2788,26.0000,0
91.10,3,80.5000,0,0,97.8350,2.1650,80.0000,0
91.10,4,88.0000,0,0,87.1667,12.8333,85.0000,0
91.10,5,95.5000,0,0,94.8449,5.1551,90.0000,0
91.10,6,0.0000,0,0,97.3224,2.6776,26.0000,0
91.10,7,0.0000,0,0,86.0986,13.9014,26.0000,0
91.10,8,7.0000,0,0,93.2337,6.7663,31.0000,0
91.10,9,0.0000,0,0,93.8227,6.1773,26.0000,0
92.10,0,46.0000,0,0,92.6188,7.3812,58.0000,0
92.10,1,0.0000,0,0,100.0000,0.0000,27.0000,0
92.10,2,0.0000,0,0,98.7212,1.2788,27.0000,0
92.10,3,80.5000,0,0,97.8350,2.1650,81.0000,0
92.10,4,88.0000,0,0,87.1667,12.8333,86.0000,0
92.10,5,95.5000,0,0,94.8449,5.1551,91.0000,0
92.10,6,0.0000,0,0,97.3224,2.6776,27.0000,0
92.10,7,0.0000,0,0,86.0986,13.9014,27.0000,0
92.10,8,7.0000,0,0,93.2337,6.7663,32.0000,0
92.10,9,0.0000,0,0,93.8227,6.1773,27.0000,0
93.10,0,46.0000,0,0,92.6188,7.3812,59.0000,0
93.10,1,0.0000,0,0,100.0000,0.0000,28.0000,0
93.10,2,0.0000,0,0,98.7212,1.2788,28.0000,0
93.10,3,80.5000,0,0,97.8350,2.1650,82.0000,0
93.10,4,88.0000,0,0,87.1667,12.8333,87.0000,0
93.10,5,95.5000,0,0,94.8449,5.1551,92.0000,0
93.10,6,0.0000,0,0,97.3224,2.6776,28.0000,0
93.10,7,0.0000,0,0,86.0986,13.9014,28.0000,0
93.10,8,7.0000,0,0,93.2337,6.7663,33.0000,0
93.10,9,0.0000,0,0,93.8227,6.1773,28.0000,0
94.10,0,46.0000,0,0,92.6188,7.3812,60.0000,0
94.10,1,0.0000,0,0,100.0000,0.0000,29.0000,0
94.10,2,0.0000,0,0,98.7212,1.2788,29.0000,0
94.10,3,80.5000,0,0,97.8350,2.1650,83.0000,0
94.10,4,88.0000,0,0,87.1667,12.8333,88.0000,0
94.10,5,95.5000,0,0,94.8449,5.1551,93.0000,0
94.10,6,0.0000,0,0,97.3224,2.6776,29.0000,0
94.10,7,0.0000,0,0,86.0986,13.9014,29.0000,0
94.10,8,7.0000,0,0,93.2337,6.7663,34.0000,0
94.10,9,0.0000,0,0,93.8227,6.1773,29.0000,0
95.10,0,46.0000,0,0,92.6188,7.3812,61.0000,0
95.10,1,0.0000,0,0,100.0000,0.0000,30.0000,0
95.10,2,0.0000,0,0,98.7212,1.2788,30.0000,0
95.10,3,80.5000,0,0,97.8350,2.1650,84.0000,0
95.10,4,88.0000,0,0,87.1667,12.8333,89.0000,0
95.10,5,95.5000,0,0,94.8449,5.1551,94.0000,0
95.10,6,0.0000,0,0,97.3224,2.6776,30.0000,0
95.10,7,0.0000,0,0,86.0986,13.9014,30.0000,0
95.10,8,7.0000,0,0,93.2337,6.7663,35.0000,0
95.10,9,0.0000,0,0,93.8227,6.1773,30.0000,0
96.10,0,46.0000,0,0,92.6188,7.3812,62.0000,0
96.10,1,0.0000,0,0,100.0000,0.0000,31.0000,0
96.10,2,0.0000,0,0,98.7212,1.2788,31.0000,0
96.10,3,80.5000,0,0,97.8350,2.1650,85.0000,0
96.10,4,88.0000,0,0,87.1667,12.8333,90.0000,0
96.10,5,95.5000,0,0,94.8449,5.1551,95.0000,0
96.10,6,0.0000,0,0,97.3224,2.6776,31.0000,0
96.10,7,0.0000,0,0,86.0986,13.9014,31.0000,0
96.10,8,7.0000,0,0,93.2337,6.7663,36.0000,0
96.10,9,0.0000,0,0,93.8227,6.1773,31.0000,0
97.10,0,46.0000,0,0,92.6188,7.3812,63.0000,0
97.10,1,0.0000,0,0,100.0000,0.0000,32.0000,0
97.10,2,0.0000,0,0,98.7212,1.2788,32.0000,0
97.10,3,80.5000,0,0,97.8350,2.1650,86.0000,0
97.10,4,88.0000,0,0,87.1667,12.8333,91.0000,0
97.10,5,95.5000,0,0,94.8449,5.1551,96.0000,0
97.10,6,0.0000,0,0,97.3224,2.6776,32.0000,0
97.10,7,0.0000,0,0,86.0986,13.9014,32.0000,0
97.10,8,7.0000,0,0,93.2337,6.7663,37.0000,0
97.10,9,0.0000,0,0,93.8227,6.1773,32.0000,0
98.10,0,46.0000,0,0,92.6188,7.3812,64.0000,0
98.10,1,0.0000,0,0,100.0000,0.0000,33.0000,0
98.10,2,0.0000,0,0,98.7212,1.2788,33.0000,0
98.10,3,80.5000,0,0,97.8350,2.1650,87.0000,0
98.10,4,88.0000,0,0,87.1667,12.8333,92.0000,0
98.10,5,95.5000,0,0,94.8449,5.1551,97.0000,0
98.10,6,0.0000,0,0,97.3224,2.6776,33.0000,0
98.10,7,0.0000,0,0,86.0986,13.9014,33.0000,0
98.10,8,7.0000,0,0,93.2337,6.7663,38.0000,0
98.10,9,0.0000,0,0,93.8227,6.1773,33.0000,0
99.10,0,46.0000,0,0,92.6188,7.3812,65.0000,0
99.10,1,0.0000,0,0,100.0000,0.0000,34.0000,0
99.10,2,0.0000,0,0,98.7212,1.2788,34.0000,0
99.10,3,80.5000,0,0,97.8350,2.1650,88.0000,0
99.10,4,88.0000,0,0,87.1667,12.8333,93.0000,0
99.10,5,95.5000,0,0,94.8449,5.1551,98.0000,0
99.10,6,0.0000,0,0,97.3224,2.6776,34.0000,0
99.10,7,0.0000,0,0,86.0986,13.9014,34.0000,0
99.10,8,7.0000,0,0,93.2337,6.7663,39.0000,0
99.10,9,0.0000,0,0,93.8227,6.1773,34.0000,0
100.10,0,46.0000,0,0,92.6188,7.3812,66.0000,0
100.10,1,0.0000,0,0,100.0000,0.0000,35.0000,0
100.10,2,0.0000,0,0,98.7212,1.2788,35.0000,0
100.10,3,80.5000,0,0,97.8350,2.1650,89.0000,0
100.10,4,88.0000,0,0,87.1667,12.8333,94.0000,0
100.10,5,95.5000,0,0,94.8449,5.1551,99.0000,0
100.10,6,0.0000,0,0,97.3224,2.6776,35.0000,0
100.10,7,0.0000,0,0,86.0986,13.9014,35.0000,0
100.10,8,7.0000,0,0,93.2337,6.7663,40.0000,0
100.10,9,0.0000,0,0,93.8227,6.1773,35.0000,0
101.10,0,46.0000,0,0,92.6188,7.3812,67.0000,0
101.10,1,0.0000,0,0,100.0000,0.0000,36.0000,0
101.10,2,0.0000,0,0,98.7212,1.2788,36.0000,0
101.10,3,80.5000,0,0,97.8350,2.1650,90.0000,0
101.10,4,88.0000,0,0,87.1667,12.8333,95.0000,0
101.10,5,95.5000,0,0,94.8449,5.1551,100.0000,0
101.10,6,0.0000,0,0,97.3224,2.6776,36.0000,0
101.10,7,0.0000,0,0,86.0986,13.9014,36.0000,0
101.10,8,7.0000,0,0,93.2337,6.7663,41.0000,0
101.10,9,0.0000,0,0,93.8227,6.1773,36.0000,0
102.10,0,46.0000,0,0,92.6188,7.3812,68.0000,0
102.10,1,0.0000,0,0,100.0000,0.0000,37.0000,0
102.10,2,0.0000,0,0,98.7212,1.2788,37.0000,0
102.10,3,80.5000,0,0,97.8350,2.1650,91.0000,0
102.10,4,88.0000,0,0,87.1667,12.8333,96.0000,0
102.10,5,95.5000,0,0,94.8449,5.1551,101.0000,0
102.10,6,0.0000,0,0,97.3224,2.6776,37.0000,0
102.10,7,0.0000,0,0,86.0986,13.9014,37.0000,0
102.10,8,7.0000,0,0,93.2337,6.7663,42.0000,0
102.10,9,0.0000,0,0,93.8227,6.1773,37.0000,0
103.10,0,46.0000,0,0,92.6188,7.3812,69.0000,0
103.10,1,0.0000,0,0,100.0000,0.0000,38.0000,0
103.10,2,0.0000,0,0,98.7212,1.2788,38.0000,0
103.10,3,80.5000,0,0,97.8350,2.1650,92.0000,0
103.10,4,88.0000,0,0,87.1667,12.8333,97.0000,0
103.10,5,95.5000,0,0,94.8449,5.1551,102.0000,0
103.10,6,0.0000,0,0,97.3224,2.6776,38.0000,0
103.10,7,0.0000,0,0,86.0986,13.9014,38.0000,0
103.10,8,7.0000,0,0,93.2337,6.7663,43.0000,0
103.10,9,0.0000,0,0,93.8227,6.1773,38.0000,0
104.10,0,46.0000,0,0,92.6188,7.3812,70.0000,0
104.10,1,0.0000,0,0,100.0000,0.0000,39.0000,0
104.10,2,0.0000,0,0,98.7212,1.2788,39.0000,0
104.10,3,80.5000,0,0,97.8350,2.1650,93.0000,0
104.10,4,88.0000,0,0,87.1667,12.8333,98.0000,0
104.10,5,95.5000,0,0,94.8449,5.1551,103.0000,0
104.10,6,0.0000,0,0,97.3224,2.6776,39.0000,0
104.10,7,0.0000,0,0,86.0986,13.9014,39.0000,0
104.10,8,7.0000,0,0,93.2337,6.7663,44.0000,0
104.10,9,0.0000,0,0,93.8227,6.1773,39.0000,0
105.10,0,46.0000,0,0,92.6188,7.3812,71.0000,0
105.10,1,0.0000,0,0,100.0000,0.0000,40.0000,0
105.10,2,0.0000,0,0,98.7212,1.2788,40.0000,0
105.10,3,80.5000,0,0,97.8350,2.1650,94.0000,0
105.10,4,88.0000,0,0,87.1667,12.8333,99.0000,0
105.10,5,95.5000,0,0,94.8449,5.1551,104.0000,0
105.10,6,0.0000,0,0,97.3224,2.6776,40.0000,0
105.10,7,0.0000,0,0,86.0986,13.9014,40.0000,0
105.10,8,7.0000,0,0,93.2337,6.7663,45.0000,0
105.10,9,0.0000,0,0,93.8227,6.1773,40.0000,0
106.10,0,46.0000,0,0,92.6188,7.3812,72.0000,0
106.10,1,0.0000,0,0,100.0000,0.0000,41.0000,0
106.10,2,0.0000,0,0,98.7212,1.2788,41.0000,0
106.10,3,80.5000,0,0,97.8350,2.1650,95.0000,0
106.10,4,88.0000,0,0,87.1667,12.8333,100.0000,0
106.10,5,95.5000,0,0,94.8449,5.1551,105.0000,0
106.10,6,0.0000,0,0,97.3224,2.6776,41.0000,0
106.10,7,0.0000,0,0,86.0986,13.9014,41.0000,0
106.10,8,7.0000,0,0,93.2337,6.7663,46.0000,0
106.10,9,0.0000,0,0,93.8227,6.1773,41.0000,0
107.10,0,46.0000,0,0,92.6188,7.3812,73.0000,0
107.10,1,0.0000,0,0,100.0000,0.0000,42.0000,0
107.10,2,0.0000,0,0,98.7212,1.2788,42.0000,0
107.10,3,80.5000,0,0,97.8350,2.1650,96.0000,0
107.10,4,88.0000,0,0,87.1667,12.8333,101.0000,0
107.10,5,95.5000,0,0,94.8449,5.1551,106.0000,0
107.10,6,0.0000,0,0,97.3224,2.6776,42.0000,0
107.10,7,0.0000,0,0,86.0986,13.9014,42.0000,0
107.10,8,7.0000,0,0,93.2337,6.7663,47.0000,0
107.10,9,0.0000,0,0,93.8227,6.1773,42.0000,0
108.10,0,46.0000,0,0,92.6188,7.3812,74.0000,0
108.10,1,0.0000,0,0,100.0000,0.0000,43.0000,0
108.10,2,0.0000,0,0,98.7212,1.2788,43.0000,0
108.10,3,80.5000,0,0,97.8350,2.1650,97.0000,0
108.10,4,88.0000,0,0,87.1667,12.8333,102.0000,0
108.10,5,95.5000,0,0,94.8449,5.1551,107.0000,0
108.10,6,0.0000,0,0,97.3224,2.6776,43.0000,0
108.10,7,0.0000,0,0,86.0986,13.9014,43.0000,0
108.10,8,7.0000,0,0,93.2337,6.7663,48.0000,0
108.10,9,0.0000,0,0,93.8227,6.1773,43.0000,0
109.10,0,46.0000,0,0,92.6188,7.3812,75.0000,0
109.10,1,0.0000,0,0,100.0000,0.0000,44.0000,0
109.10,2,0.0000,0,0,98.7212,1.2788,44.0000,0
109.10,3,80.5000,0,0,97.8350,2.1650,98.0000,0
109.10,4,88.0000,0,0,87.1667,12.8333,103.0000,0
109.10,5,95.5000,0,0,94.8449,5.1551,108.0000,0
109.10,6,0.0000,0,0,97.3224,2.6776,44.0000,0
109.10,7,0.0000,0,0,86.0986,13.9014,44.0000,0
109.10,8,7.0000,0,0,93.2337,6.7663,49.0000,0
109.10,9,0.0000,0,0,93.8227,6.1773,44.0000,0
110.10,0,46.0000,0,0,92.6188,7.3812,76.0000,0
110.10,1,0.0000,0,0,100.0000,0.0000,45.0000,0
110.10,2,0.0000,0,0,98.7212,1.2788,45.0000,0
110.10,3,80.5000,0,0,97.8350,2.1650,99.0000,0
110.10,4,88.0000,0,0,87.1667,12.8333,104.0000,0
110.10,5,95.5000,0,0,94.8449,5.1551,109.0000,0
110.10,6,0.0000,0,0,97.3224,2.6776,45.0000,0
110.10,7,0.0000,0,0,86.0986,13.9014,45.0000,0
110.10,8,7.0000,0,0,93.2337,6.7663,50.0000,0
110.10,9,0.0000,0,0,93.8227,6.1773,45.0000,0
111.10,0,46.0000,0,0,92.6188,7.3812,77.0000,0
111.10,1,0.0000,0,0,100.0000,0.0000,46.0000,0
111.10,2,0.0000,0,0,98.7212,1.2788,46.0000,0
111.10,3,80.5000,0,0,97.8350,2.1650,100.0000,0
111.10,4,88.0000,0,0,87.1667,12.8333,105.0000,0
111.10,5,95.5000,0,0,94.8449,5.1551,110.0000,0
111.10,6,0.0000,0,0,97.3224,2.6776,46.0000,0
111.10,7,0.0000,0,0,86.0986,13.9014,46.0000,0
111.10,8,7.0000,0,0,93.2337,6.7663,51.0000,0
111.10,9,0.0000,0,0,93.8227,6.1773,46.0000,0
112.10,0,46.0000,0,0,92.6188,7.3812,78.0000,0
112.10,1,0.0000,0,0,100.0000,0.0000,47.0000,0
112.10,2,0.0000,0,0,98.7212,1.2788,47.0000,0
112.10,3,80.5000,0,0,97.8350,2.1650,101.0000,0
112.10,4,88.0000,0,0,87.1667,12.8333,106.0000,0
112.10,5,95.5000,0,0,94.8449,5.1551,111.0000,0
112.10,6,0.0000,0,0,97.3224,2.6776,47.0000,0
112.10,7,0.0000,0,0,86.0986,13.9014,47.0000,0
112.10,8,7.0000,0,0,93.2337,6.7663,52.0000,0
112.10,9,0.0000,0,0,93.8227,6.1773,47.0000,0
113.10,0,46.0000,0,0,92.6188,7.3812,79.0000,0
113.10,1,0.0000,0,0,100.0000,0.0000,48.0000,0
113.10,2,0.0000,0,0,98.7212,1.2788,48.0000,0
113.10,3,80.5000,0,0,97.8350,2.1650,102.0000,0
113.10,4,88.0000,0,0,87.1667,12.8333,107.0000,0
113.10,5,95.5000,0,0,94.8449,5.1551,112.0000,0
113.10,6,0.0000,0,0,97.3224,2.6776,48.0000,0
113.10,7,0.0000,0,0,86.0986,13.9014,48.0000,0
113.10,8,7.0000,0,0,93.2337,6.7663,53.0000,0
113.10,9,0.0000,0,0,93.8227,6.1773,48.0000,0
114.10,0,46.0000,0,0,92.6188,7.3812,80.0000,0
114.10,1,0.0000,0,0,100.0000,0.0000,49.0000,0
114.10,2,0.0000,0,0,98.7212,1.2788,49.0000,0
114.10,3,80.5000,0,0,97.8350,2.1650,103.0000,0
114.10,4,88.0000,0,0,87.1667,12.8333,108.0000,0
114.10,5,95.5000,0,0,94.8449,5.1551,113.0000,0
114.10,6,0.0000,0,0,97.3224,2.6776,49.0000,0
114.10,7,0.0000,0,0,86.0986,13.9014,49.0000,0
114.10,8,7.0000,0,0,93.2337,6.7663,54.0000,0
114.10,9,0.0000,0,0,93.8227,6.1773,49.0000,0
115.10,0,46.0000,0,0,92.6188,7.3812,81.0000,0
115.10,1,0.0000,0,0,100.0000,0.0000,50.0000,0
115.10,2,0.0000,0,0,98.7212,1.2788,50.0000,0
115.10,3,80.5000,0,0,97.8350,2.1650,104.0000,0
115.10,4,88.0000,0,0,87.1667,12.8333,109.0000,0
115.10,5,95.5000,0,0,94.8449,5.1551,114.0000,0
115.10,6,0.0000,0,0,97.3224,2.6776,50.0000,0
115.10,7,0.0000,0,0,86.0986,13.9014,50.0000,0
115.10,8,7.0000,0,0,93.2337,6.7663,55.0000,0
115.10,9,0.0000,0,0,93.8227,6.1773,50.0000,0
116.10,0,46.0000,0,0,92.6188,7.3812,82.0000,0
116.10,1,0.0000,0,0,100.0000,0.0000,51.0000,0
116.10,2,0.0000,0,0,98.7212,1.2788,51.0000,0
116.10,3,80.5000,0,0,97.8350,2.1650,105.0000,0
116.10,4,88.0000,0,0,87.1667,12.8333,110.0000,0
116.10,5,95.5000,0,0,94.8449,5.1551,115.0000,0
116.10,6,0.0000,0,0,97.3224,2.6776,51.0000,0
116.10,7,0.0000,0,0,86.0986,13.9014,51.0000,0
116.10,8,7.0000,0,0,93.2337,6.7663,56.0000,0
116.10,9,0.0000,0,0,93.8227,6.1773,51.0000,0
117.10,0,46.0000,0,0,92.6188,7.3812,83.0000,0
117.10,1,0.0000,0,0,100.0000,0.0000,52.0000,0
117.10,2,0.0000,0,0,98.7212,1.2788,52.0000,0
117.10,3,80.5000,0,0,97.8350,2.1650,106.0000,0
117.10,4,88.0000,0,0,87.1667,12.8333,111.0000,0
117.10,5,95.5000,0,0,94.8449,5.1551,116.0000,0
117.10,6,0.0000,0,0,97.3224,2.6776,52.0000,0
117.10,7,0.0000,0,0,86.0986,13.9014,52.0000,0
117.10,8,7.0000,0,0,93.2337,6.7663,57.0000,0
117.10,9,0.0000,0,0,93.8227,6.1773,52.0000,0
118.10,0,46.0000,0,0,92.6188,7.3812,84.0000,0
118.10,1,0.0000,0,0,100.0000,0.0000,53.0000,0
118.10,2,0.0000,0,0,98.7212,1.2788,53.0000,0
118.10,3,80.5000,0,0,97.8350,2.1650,107.0000,0
118.10,4,88.0000,0,0,87.1667,12.8333,112.0000,0
118.10,5,95.5000,0,0,94.8449,5.1551,117.0000,0
118.10,6,0.0000,0,0,97.3224,2.6776,53.0000,0
118.10,7,0.0000,0,0,86.0986,13.9014,53.0000,0
118.10,8,7.0000,0,0,93.2337,6.7663,58.0000,0
118.10,9,0.0000,0,0,93.8227,6.1773,53.0000,0
119.10,0,46.0000,0,0,92.6188,7.3812,85.0000,0
119.10,1,0.0000,0,0,100.0000,0.0000,54.0000,0
119.10,2,0.0000,0,0,98.7212,1.2788,54.0000,0
119.10,3,80.5000,0,0,97.8350,2.1650,108.0000,0
119.10,4,88.0000,0,0,87.1667,12.8333,113.0000,0
119.10,5,95.5000,0,0,94.8449,5.1551,118.0000,0
119.10,6,0.0000,0,0,97.3224,2.6776,54.0000,0
119.10,7,0.0000,0,0,86.0986,13.9014,54.0000,0
119.10,8,7.0000,0,0,93.2337,6.7663,59.0000,0
119.10,9,0.0000,0,0,93.8227,6.1773,54.0000,0
120.10,0,46.0000,0,0,92.6188,7.3812,86.0000,0
120.10,1,0.0000,0,0,100.0000,0.0000,55.0000,0
120.10,2,0.0000,0,0,98.7212,1.2788,55.0000,0
120.10,3,80.5000,0,0,97.8350,2.1650,109.0000,0
120.10,4,88.0000,0,0,87.1667,12.8333,114.0000,0
120.10,5,95.5000,0,0,94.8449,5.1551,119.0000,0
120.10,6,0.0000,0,0,97.3224,2.6776,55.0000,0
120.10,7,0.0000,0,0,86.0986,13.9014,55.0000,0
120.10,8,7.0000,0,0,93.2337,6.7663,60.0000,0
120.10,9,0.0000,0,0,93.8227,6.1773,55.0000,0
121.10,0,46.0000,0,0,92.6188,7.3812,87.0000,0
121.10,1,0.0000,0,0,100.0000,0.0000,56.0000,0
121.10,2,0.0000,0,0,98.7212,1.2788,56.0000,0
121.10,3,80.5000,0,0,97.8350,2.1650,110.0000,0
121.10,4,88.0000,0,0,87.1667,12.8333,115.0000,0
121.10,5,95.5000,0,0,94.8449,5.1551,120.0000,0
121.10,6,0.0000,0,0,97.3224,2.6776,56.0000,0
121.10,7,0.0000,0,0,86.0986,13.9014,56.0000,0
121.10,8,7.0000,0,0,93.2337,6.7663,61.0000,0
121.10,9,0.0000,0,0,93.8227,6.1773,56.0000,0
122.10,0,46.0000,0,0,92.6188,7.3812,88.0000,0
122.10,1,0.0000,0,0,100.0000,0.0000,57.0000,0
122.10,2,0.0000,0,0,98.7212,1.2788,57.0000,0
122.10,3,80.5000,0,0,97.8350,2.1650,111.0000,0
122.10,4,88.0000,0,0,87.1667,12.8333,116.0000,0
122.10,5,95.5000,0,0,94.8449,5.1551,121.0000,0
122.10,6,0.0000,0,0,97.3224,2.6776,57.0000,0
122.10,7,0.0000,0,0,86.0986,13.9014,57.0000,0
122.10,8,7.0000,0,0,93.2337,6.7663,62.0000,0
122.10,9,0.0000,0,0,93.8227,6.1773,57.0000,0
123.10,0,46.0000,0,0,92.6188,7.3812,89.0000,0
123.10,1,0.0000,0,0,100.0000,0.0000,58.0000,0
123.10,2,0.0000,0,0,98.7212,1.2788,58.0000,0
123.10,3,80.5000,0,0,97.8350,2.1650,112.0000,0
123.10,4,88.0000,0,0,87.1667,12.8333,117.0000,0
123.10,5,95.5000,0,0,94.8449,5.1551,122.0000,0
123.10,6,0.0000,0,0,97.3224,2.6776,58.0000,0
123.10,7,0.0000,0,0,86.0986,13.9014,58.0000,0
123.10,8,7.0000,0,0,93.2337,6.7663,63.0000,0
123.10,9,0.0000,0,0,93.8227,6.1773,58.0000,0
124.10,0,46.0000,0,0,92.6188,7.3812,90.0000,0
124.10,1,0.0000,0,0,100.0000,0.0000,59.0000,0
124.10,2,0.0000,0,0,98.7212,1.2788,59.0000,0
124.10,3,80.5000,0,0,97.8350,2.1650,113.0000,0
124.10,4,88.0000,0,0,87.1667,12.8333,118.0000,0
124.10,5,95.5000,0,0,94.8449,5.1551,123.0000,0
124.10,6,0.0000,0,0,97.3224,2.6776,59.0000,0
124.10,7,0.0000,0,0,86.0986,13.9014,59.0000,0
124.10,8,7.0000,0,0,93.2337,6.7663,64.0000,0
124.10,9,0.0000,0,0,93.8227,6.1773,59.0000,0
125.10,0,46.0000,0,0,92.6188,7.3812,91.0000,0
125.10,1,0.0000,0,0,100.0000,0.0000,60.0000,0
125.10,2,0.0000,0,0,98.7212,1.2788,60.0000,0
125.10,3,80.5000,0,0,97.8350,2.1650,114.0000,0
125.10,4,88.0000,0,0,87.1667,12.8333,119.0000,0
125.10,5,95.5000,0,0,94.8449,5.1551,124.0000,0
125.10,6,0.0000,0,0,97.3224,2.6776,60.0000,0
125.10,7,0.0000,0,0,86.0986,13.9014,60.0000,0
125.10,8,7.0000,0,0,93.2337,6.7663,65.0000,0
125.10,9,0.0000,0,0,93.8227,6.1773,60.0000,0
126.10,0,46.0000,0,0,92.6188,7.3812,92.0000,0
126.10,1,0.0000,0,0,100.0000,0.0000,61.0000,0
126.10,2,0.0000,0,0,98.7212,1.2788,61.0000,0
126.10,3,80.5000,0,0,97.8350,2.1650,115.0000,0
126.10,4,88.0000,0,0,87.1667,12.8333,120.0000,0
126.10,5,95.5000,0,0,94.8449,5.1551,125.0000,0
126.10,6,0.0000,0,0,97.3224,2.6776,61.0000,0
126.10,7,0.0000,0,0,86.0986,13.9014,61.0000,0
126.10,8,7.0000,0,0,93.2337,6.7663,66.0000,0
126.10,9,0.0000,0,0,93.8227,6.1773,61.0000,0
127.10,0,46.0000,0,0,92.6188,7.3812,93.0000,0
127.10,1,0.0000,0,0,100.0000,0.0000,62.0000,0
127.10,2,0.0000,0,0,98.7212,1.2788,62.0000,0
127.10,3,80.5000,0,0,97.8350,2.1650,116.0000,0
127.10,4,88.0000,0,0,87.1667,12.8333,121.0000,0
127.10,5,95.5000,0,0,94.8449,5.1551,126.0000,0
127.10,6,0.0000,0,0,97.3224,2.6776,62.0000,0
127.10,7,0.0000,0,0,86.0986,13.9014,62.0000,0
127.10,8,7.0000,0,0,93.2337,6.7663,67.0000,0
127.10,9,0.0000,0,0,93.8227,6.1773,62.0000,0
128.10,0,46.0000,0,0,92.6188,7.3812,94.0000,0
128.10,1,0.0000,0,0,100.0000,0.0000,63.0000,0
128.10,2,0.0000,0,0,98.7212,1.2788,63.0000,0
128.10,3,80.5000,0,0,97.8350,2.1650,117.0000,0
128.10,4,88.0000,0,0,87.1667,12.8333,122.0000,0
128.10,5,95.5000,0,0,94.8449,5.1551,127.0000,0
128.10,6,0.0000,0,0,97.3224,2.6776,63.0000,0
128.10,7,0.0000,0,0,86.0986,13.9014,63.0000,0
128.10,8,7.0000,0,0,93.2337,6.7663,68.0000,0
128.10,9,0.0000,0,0,93.8227,6.1773,63.0000,0
129.10,0,46.0000,0,0,92.6188,7.3812,95.0000,0
129.10,1,0.0000,0,0,100.0000,0.0000,64.0000,0
129.10,2,0.0000,0,0,98.7212,1.2788,64.0000,0
129.10,3,80.5000,0,0,97.8350,2.1650,118.0000,0
129.10,4,88.0000,0,0,87.1667,12.8333,123.0000,0
129.10,5,95.5000,0,0,94.8449,5.1551,128.0000,0
129.10,6,0.0000,0,0,97.3224,2.6776,64.0000,0
129.10,7,0.0000,0,0,86.0986,13.9014,64.0000,0
129.10,8,7.0000,0,0,93.2337,6.7663,69.0000,0
129.10,9,0.0000,0,0,93.8227,6.1773,64.0000,0
130.10,0,46.0000,0,0,92.6188,7.3812,96.0000,0
130.10,1,0.0000,0,0,100.0000,0.0000,65.0000,0
130.10,2,0.0000,0,0,98.7212,1.2788,65.0000,0
130.10,3,80.5000,0,0,97.8350,2.1650,119.0000,0
130.10,4,88.0000,0,0,87.1667,12.8333,124.0000,0
130.10,5,95.5000,0,0,94.8449,5.1551,129.0000,0
130.10,6,0.0000,0,0,97.3224,2.6776,65.0000,0
130.10,7,0.0000,0,0,86.0986,13.9014,65.0000,0
130.10,8,7.0000,0,0,93.2337,6.7663,70.0000,0
130.10,9,0.0000,0,0,93.8227,6.1773,65.0000,0
131.10,0,46.0000,0,0,92.6188,7.3812,97.0000,0
131.10,1,0.0000,0,0,100.0000,0.0000,66.0000,0
131.10,2,0.0000,0,0,98.7212,1.2788,66.0000,0
131.10,3,80.5000,0,0,97.8350,2.1650,120.0000,0
131.10,4,88.0000,0,0,87.1667,12.8333,125.0000,0
131.10,5,95.5000,0,0,94.8449,5.1551,130.0000,0
131.10,6,0.0000,0,0,97.3224,2.6776,66.0000,0
131.10,7,0.0000,0,0,86.0986,13.9014,66.0000,0
131.10,8,7.0000,0,0,93.2337,6.7663,71.0000,0
131.10,9,0.0000,0,0,93.8227,6.1773,66.0000,0
132.10,0,46.0000,0,0,92.6188,7.3812,98.0000,0
132.10,1,0.0000,0,0,100.0000,0.0000,67.0000,0
132.10,2,0.0000,0,0,98.7212,1.2788,67.0000,0
132.10,3,80.5000,0,0,97.8350,2.1650,121.0000,0
132.10,4,88.0000,0,0,87.1667,12.8333,126.0000,0
132.10,5,95.5000,0,0,94.8449,5.1551,131.0000,0
132.10,6,0.0000,0,0,97.3224,2.6776,67.0000,0
132.10,7,0.0000,0,0,86.0986,13.9014,67.0000,0
132.10,8,7.0000,0,0,93.2337,6.7663,72.0000,0
132.10,9,0.0000,0,0,93.8227,6.1773,67.0000,0
133.10,0,46.0000,0,0,92.6188,7.3812,99.0000,0
133.10,1,0.0000,0,0,100.0000,0.0000,68.0000,0
133.10,2,0.0000,0,0,98.7212,1.2788,68.0000,0
133.10,3,80.5000,0,0,97.8350,2.1650,122.0000,0
133.10,4,88.0000,0,0,87.1667,12.8333,127.0000,0
133.10,5,95.5000,0,0,94.8449,5.1551,132.0000,0
133.10,6,0.0000,0,0,97.3224,2.6776,68.0000,0
133.10,7,0.0000,0,0,86.0986,13.9014,68.0000,0
133.10,8,7.0000,0,0,93.2337,6.7663,73.0000,0
133.10,9,0.0000,0,0,93.8227,6.1773,68.0000,0
134.10,0,46.0000,0,0,92.6188,7.3812,100.0000,0
134.10,1,0.0000,0,0,100.0000,0.0000,69.0000,0
134.10,2,0.0000,0,0,98.7212,1.2788,69.0000,0
134.10,3,80.5000,0,0,97.8350,2.1650,123.0000,0
134.10,4,88.0000,0,0,87.1667,12.8333,128.0000,0
134.10,5,95.5000,0,0,94.8449,5.1551,133.0000,0
134.10,6,0.0000,0,0,97.3224,2.6776,69.0000,0
134.10,7,0.0000,0,0,86.0986,13.9014,69.0000,0
134.10,8,7.0000,0,0,93.2337,6.7663,74.0000,0
134.10,9,0.0000,0,0,93.8227,6.1773,69.0000,0
135.10,0,46.0000,0,0,92.6188,7.3812,101.0000,0
135.10,1,0.0000,0,0,100.0000,0.0000,70.0000,0
135.10,2,0.0000,0,0,98.7212,1.2788,70.0000,0
135.10,3,80.5000,0,0,97.8350,2.1650,124.0000,0
135.10,4,88.0000,0,0,87.1667,12.8333,129.0000,0
135.10,5,95.5000,0,0,94.8449,5.1551,134.0000,0
135.10,6,0.0000,0,0,97.3224,2.6776,70.0000,0
135.10,7,0.0000,0,0,86.0986,13.9014,70.0000,0
135.10,8,7.0000,0,0,93.2337,6.7663,75.0000,0
135.10,9,0.0000,0,0,93.8227,6.1773,70.0000,0
136.10,0,46.0000,0,0,92.6188,7.3812,102.0000,0
136.10,1,0.0000,0,0,100.0000,0.0000,71.0000,0
136.10,2,0.0000,0,0,98.7212,1.2788,71.0000,0
136.10,3,80.5000,0,0,97.8350,2.1650,125.0000,0
136.10,4,88.0000,0,0,87.1667,12.8333,130.0000,0
136.10,5,95.5000,0,0,94.8449,5.1551,135.0000,0
136.10,6,0.0000,0,0,97.3224,2.6776,71.0000,0
136.10,7,0.0000,0,0,86.0986,13.9014,71.0000,0
136.10,8,7.0000,0,0,93.2337,6.7663,76.0000,0
136.10,9,0.0000,0,0,93.8227,6.1773,71.0000,0
137.10,0,46.0000,0,0,92.6188,7.3812,103.0000,0
137.10,1,0.0000,0,0,100.0000,0.0000,72.0000,0
137.10,2,0.0000,0,0,98.7212,1.2788,72.0000,0
137.10,3,80.5000,0,0,97.8350,2.1650,126.0000,0
137.10,4,88.0000,0,0,87.1667,12.8333,131.0000,0
137.10,5,95.5000,0,0,94.8449,5.1551,136.0000,0
137.10,6,0.0000,0,0,97.3224,2.6776,72.0000,0
137.10,7,0.0000,0,0,86.0986,13.9014,72.0000,0
137.10,8,7.0000,0,0,93.2337,6.7663,77.0000,0
137.10,9,0.0000,0,0,93.8227,6.1773,72.0000,0
138.10,0,46.0000,0,0,92.6188,7.3812,104.0000,0
138.10,1,0.0000,0,0,100.0000,0.0000,73.0000,0
138.10,2,0.0000,0,0,98.7212,1.2788,73.0000,0
138.10,3,80.5000,0,0,97.8350,2.1650,127.0000,0
138.10,4,88.0000,0,0,87.1667,12.8333,132.0000,0
138.10,5,95.5000,0,0,94.8449,5.1551,137.0000,0
138.10,6,0.0000,0,0,97.3224,2.6776,73.0000,0
138.10,7,0.0000,0,0,86.0986,13.9014,73.0000,0
138.10,8,7.0000,0,0,93.2337,6.7663,78.0000,0
138.10,9,0.0000,0,0,93.8227,6.1773,73.0000,0
139.10,0,46.0000,0,0,92.6188,7.3812,105.0000,0
139.10,1,0.0000,0,0,100.0000,0.0000,74.0000,0
139.10,2,0.0000,0,0,98.7212,1.2788,74.0000,0
139.10,3,80.5000,0,0,97.8350,2.1650,128.0000,0
139.10,4,88.0000,0,0,87.1667,12.8333,133.0000,0
139.10,5,95.5000,0,0,94.8449,5.1551,138.0000,0
139.10,6,0.0000,0,0,97.3224,2.6776,74.0000,0
139.10,7,0.0000,0,0,86.0986,13.9014,74.0000,0
139.10,8,7.0000,0,0,93.2337,6.7663,79.0000,0
139.10,9,0.0000,0,0,93.8227,6.1773,74.0000,0
140.10,0,46.0000,0,0,92.6188,7.3812,106.0000,0
140.10,1,0.0000,0,0,100.0000,0.0000,75.0000,0
140.10,2,0.0000,0,0,98.7212,1.2788,75.0000,0
140.10,3,80.5000,0,0,97.8350,2.1650,129.0000,0
140.10,4,88.0000,0,0,87.1667,12.8333,134.0000,0
140.10,5,95.5000,0,0,94.8449,5.1551,139.0000,0
140.10,6,0.0000,0,0,97.3224,2.6776,75.0000,0
140.10,7,0.0000,0,0,86.0986,13.9014,75.0000,0
140.10,8,7.0000,0,0,93.2337,6.7663,80.0000,0
140.10,9,0.0000,0,0,93.8227,6.1773,75.0000,0
141.10,0,46.0000,0,0,92.6188,7.3812,107.0000,0
141.10,1,0.0000,0,0,100.0000,0.0000,76.0000,0
141.10,2,0.0000,0,0,98.7212,1.2788,76.0000,0
141.10,3,80.5000,0,0,97.8350,2.1650,130.0000,0
141.10,4,88.0000,0,0,87.1667,12.8333,135.0000,0
141.10,5,95.5000,0,0,94.8449,5.1551,140.0000,0
141.10,6,0.0000,0,0,97.3224,2.6776,76.0000,0
141.10,7,0.0000,0,0,86.0986,13.9014,76.0000,0
141.10,8,7.0000,0,0,93.2337,6.7663,81.0000,0
141.10,9,0.0000,0,0,93.8227,6.1773,76.0000,0
142.10,0,46.0000,0,0,92.6188,7.3812,108.0000,0
142.10,1,0.0000,0,0,100.0000,0.0000,77.0000,0
142.10,2,0.0000,0,0,98.7212,1.2788,77.0000,0
142.10,3,80.5000,0,0,97.8350,2.1650,131.0000,0
142.10,4,88.0000,0,0,87.1667,12.8333,136.0000,0
142.10,5,95.5000,0,0,94.8449,5.1551,141.0000,0
142.10,6,0.0000,0,0,97.3224,2.6776,77.0000,0
142.10,7,0.0000,0,0,86.0986,13.9014,77.0000,0
142.10,8,7.0000,0,0,93.2337,6.7663,82.0000,0
142.10,9,0.0000,0,0,93.8227,6.1773,77.0000,0
143.10,0,46.0000,0,0,92.6188,7.3812,109.0000,0
143.10,1,0.0000,0,0,100.0000,0.0000,78.0000,0
143.10,2,0.0000,0,0,98.7212,1.2788,78.0000,0
143.10,3,80.5000,0,0,97.8350,2.1650,132.0000,0
143.10,4,88.0000,0,0,87.1667,12.8333,137.0000,0
143.10,5,95.5000,0,0,94.8449,5.1551,142.0000,0
143.10,6,0.0000,0,0,97.3224,2.6776,78.0000,0
143.10,7,0.0000,0,0,86.0986,13.9014,78.0000,0
143.10,8,7.0000,0,0,93.2337,6.7663,83.0000,0
143.10,9,0.0000,0,0,93.8227,6.1773,78.0000,0
144.10,0,46.0000,0,0,92.6188,7.3812,110.0000,0
144.10,1,0.0000,0,0,100.0000,0.0000,79.0000,0
144.10,2,0.0000,0,0,98.7212,1.2788,79.0000,0
144.10,3,80.5000,0,0,97.8350,2.1650,133.0000,0
144.10,4,88.0000,0,0,87.1667,12.8333,138.0000,0
144.10,5,95.5000,0,0,94.8449,5.1551,143.0000,0
144.10,6,0.0000,0,0,97.3224,2.6776,79.0000,0
144.10,7,0.0000,0,0,86.0986,13.9014,79.0000,0
144.10,8,7.0000,0,0,93.2337,6.7663,84.0000,0
144.10,9,0.0000,0,0,93.8227,6.1773,79.0000,0
145.10,0,46.0000,0,0,92.6188,7.3812,111.0000,0
145.10,1,0.0000,0,0,100.0000,0.0000,80.0000,0
145.10,2,0.0000,0,0,98.7212,1.2788,80.0000,0
145.10,3,80.5000,0,0,97.8350,2.1650,134.0000,0
145.10,4,88.0000,0,0,87.1667,12.8333,139.0000,0
145.10,5,95.5000,0,0,94.8449,5.1551,144.0000,0
145.10,6,0.0000,0,0,97.3224,2.6776,80.0000,0
145.10,7,0.0000,0,0,86.0986,13.9014,80.0000,0
145.10,8,7.0000,0,0,93.2337,6.7663,85.0000,0
145.10,9,0.0000,0,0,93.8227,6.1773,80.0000,0
146.10,0,46.0000,0,0,92.6188,7.3812,112.0000,0
146.10,1,0.0000,0,0,100.0000,0.0000,81.0000,0
146.10,2,0.0000,0,0,98.7212,1.2788,81.0000,0
146.10,3,80.5000,0,0,97.8350,2.1650,135.0000,0
146.10,4,88.0000,0,0,87.1667,12.8333,140.0000,0
146.10,5,95.5000,0,0,94.8449,5.1551,145.0000,0
146.10,6,0.0000,0,0,97.3224,2.6776,81.0000,0
146.10,7,0.0000,0,0,86.0986,13.9014,81.0000,0
146.10,8,7.0000,0,0,93.2337,6.7663,86.0000,0
146.10,9,0.0000,0,0,93.8227,6.1773,81.0000,0
147.10,0,46.0000,0,0,92.6188,7.3812,113.0000,0
147.10,1,0.0000,0,0,100.0000,0.0000,82.0000,0
147.10,2,0.0000,0,0,98.7212,1.2788,82.0000,0
147.10,3,80.5000,0,0,97.8350,2.1650,136.0000,0
147.10,4,88.0000,0,0,87.1667,12.8333,141.0000,0
147.10,5,95.5000,0,0,94.8449,5.1551,146.0000,0
147.10,6,0.0000,0,0,97.3224,2.6776,82.0000,0
147.10,7,0.0000,0,0,86.0986,13.9014,82.0000,0
147.10,8,7.0000,0,0,93.2337,6.7663,87.0000,0
147.10,9,0.0000,0,0,93.8227,6.1773,82.0000,0
148.10,0,46.0000,0,0,92.6188,7.3812,114.0000,0
148.10,1,0.0000,0,0,100.0000,0.0000,83.0000,0
148.10,2,0.0000,0,0,98.7212,1.2788,83.0000,0
148.10,3,80.5000,0,0,97.8350,2.1650,137.0000,0
148.10,4,88.0000,0,0,87.1667,12.8333,142.0000,0
148.10,5,95.5000,0,0,94.8449,5.1551,147.0000,0
148.10,6,0.0000,0,0,97.3224,2.6776,83.0000,0
148.10,7,0.0000,0,0,86.0986,13.9014,83.0000,0
148.10,8,7.0000,0,0,93.2337,6.7663,88.0000,0
148.10,9,0.0000,0,0,93.8227,6.1773,83.0000,0
149.10,0,46.0000,0,0,92.6188,7.3812,115.0000,0
149.10,1,0.0000,0,0,100.0000,0.0000,84.0000,0
149.10,2,0.0000,0,0,98.7212,1.2788,84.0000,0
149.10,3,80.5000,0,0,97.8350,2.1650,138.0000,0
149.10,4,88.0000,0,0,87.1667,12.8333,143.0000,0
149.10,5,95.5000,0,0,94.8449,5.1551,148.0000,0
149.10,6,0.0000,0,0,97.3224,2.6776,84.0000,0
149.10,7,0.0000,0,0,86.0986,13.9014,84.0000,0
149.10,8,7.0000,0,0,93.2337,6.7663,89.0000,0
149.10,9,0.0000,0,0,93.8227,6.1773,84.0000,0
150.10,0,46.0000,0,0,92.6188,7.3812,116.0000,0
150.10,1,0.0000,0,0,100.0000,0.0000,85.0000,0
150.10,2,0.0000,0,0,98.7212,1.2788,85.0000,0
150.10,3,80.5000,0,0,97.8350,2.1650,139.0000,0
150.10,4,88.0000,0,0,87.1667,12.8333,144.0000,0
150.10,5,95.5000,0,0,94.8449,5.1551,149.0000,0
150.10,6,0.0000,0,0,97.3224,2.6776,85.0000,0
150.10,7,0.0000,0,0,86.0986,13.9014,85.0000,0
150.10,8,7.0000,0,0,93.2337,6.7663,90.0000,0
150.10,9,0.0000,0,0,93.8227,6.1773,85.0000,0
151.10,0,46.0000,0,0,92.6188,7.3812,117.0000,0
151.10,1,0.0000,0,0,100.0000,0.0000,86.0000,0
151.10,2,0.0000,0,0,98.7212,1.2788,86.0000,0
151.10,3,80.5000,0,0,97.8350,2.1650,140.0000,0
151.10,4,88.0000,0,0,87.1667,12.8333,145.0000,0
151.10,5,95.5000,0,0,94.8449,5.1551,150.0000,0
151.10,6,0.0000,0,0,97.3224,2.6776,86.0000,0
151.10,7,0.0000,0,0,86.0986,13.9014,86.0000,0
151.10,8,7.0000,0,0,93.2337,6.7663,91.0000,0
151.10,9,0.0000,0,0,93.8227,6.1773,86.0000,0
152.10,0,46.0000,0,0,92.6188,7.3812,118.0000,0
152.10,1,0.0000,0,0,100.0000,0.0000,87.0000,0
152.10,2,0.0000,0,0,98.7212,1.2788,87.0000,0
152.10,3,80.5000,0,0,97.8350,2.1650,141.0000,0
152.10,4,88.0000,0,0,87.1667,12.8333,146.0000,0
152.10,5,95.5000,0,0,94.8449,5.1551,151.0000,0
152.10,6,0.0000,0,0,97.3224,2.6776,87.0000,0
152.10,7,0.0000,0,0,86.0986,13.9014,87.0000,0
152.10,8,7.0000,0,0,93.2337,6.7663,92.0000,0
152.10,9,0.0000,0,0,93.8227,6.1773,87.0000,0
153.10,0,46.0000,0,0,92.6188,7.3812,119.0000,0
153.10,1,0.0000,0,0,100.0000,0.0000,88.0000,0
153.10,2,0.0000,0,0,98.7212,1.2788,88.0000,0
153.10,3,80.5000,0,0,97.8350,2.1650,142.0000,0
153.10,4,88.0000,0,0,87.1667,12.8333,147.0000,0
153.10,5,95.5000,0,0,94.8449,5.1551,152.0000,0
153.10,6,0.0000,0,0,97.3224,2.6776,88.0000,0
153.10,7,0.0000,0,0,86.0986,13.9014,88.0000,0
153.10,8,7.0000,0,0,93.2337,6.7663,93.0000,0
153.10,9,0.0000,0,0,93.8227,6.1773,88.0000,0
154.10,0,46.0000,0,0,92.6188,7.3812,120.0000,0
154.10,1,0.0000,0,0,100.0000,0.0000,89.0000,0
154.10,2,0.0000,0,0,98.7212,1.2788,89.0000,0
154.10,3,80.5000,0,0,97.8350,2.1650,143.0000,0
154.10,4,88.0000,0,0,87.1667,12.8333,148.0000,0
154.10,5,95.5000,0,0,94.8449,5.1551,153.0000,0
154.10,6,0.0000,0,0,97.3224,2.6776,89.0000,0
154.10,7,0.0000,0,0,86.0986,13.9014,89.0000,0
154.10,8,7.0000,0,0,93.2337,6.7663,94.0000,0
154.10,9,0.0000,0,0,93.8227,6.1773,89.0000,0
155.10,0,46.0000,0,0,92.6188,7.3812,121.0000,0
155.10,1,0.0000,0,0,100.0000,0.0000,90.0000,0
155.10,2,0.0000,0,0,98.7212,1.2788,90.0000,0
155.10,3,80.5000,0,0,97.8350,2.1650,144.0000,0
155.10,4,88.0000,0,0,87.1667,12.8333,149.0000,0
155.10,5,95.5000,0,0,94.8449,5.1551,154.0000,0
155.10,6,0.0000,0,0,97.3224,2.6776,90.0000,0
155.10,7,0.0000,0,0,86.0986,13.9014,90.0000,0
155.10,8,7.0000,0,0,93.2337,6.7663,95.0000,0
155.10,9,0.0000,0,0,93.8227,6.1773,90.0000,0
156.10,0,46.0000,0,0,92.6188,7.3812,122.0000,0
156.10,1,0.0000,0,0,100.0000,0.0000,91.0000,0
156.10,2,0.0000,0,0,98.7212,1.2788,91.0000,0
156.10,3,80.5000,0,0,97.8350,2.1650,145.0000,0
156.10,4,88.0000,0,0,87.1667,12.8333,150.0000,0
156.10,5,95.5000,0,0,94.8449,5.1551,155.0000,0
156.10,6,0.0000,0,0,97.3224,2.6776,91.0000,0
156.10,7,0.0000,0,0,86.0986,13.9014,91.0000,0
156.10,8,7.0000,0,0,93.2337,6.7663,96.0000,0
156.10,9,0.0000,0,0,93.8227,6.1773,91.0000,0
157.10,0,46.0000,0,0,92.6188,7.3812,123.0000,0
157.10,1,0.0000,0,0,100.0000,0.0000,92.0000,0
157.10,2,0.0000,0,0,98.7212,1.2788,92.0000,0
157.10,3,80.5000,0,0,97.8350,2.1650,146.0000,0
157.10,4,88.0000,0,0,87.1667,12.8333,151.0000,0
157.10,5,95.5000,0,0,94.8449,5.1551,156.0000,0
157.10,6,0.0000,0,0,97.3224,2.6776,92.0000,0
157.10,7,0.0000,0,0,86.0986,13.9014,92.0000,0
157.10,8,7.0000,0,0,93.2337,6.7663,97.0000,0
157.10,9,0.0000,0,0,93.8227,6.1773,92.0000,0
158.10,0,46.0000,0,0,92.6188,7.3812,124.0000,0
158.10,1,0.0000,0,0,100.0000,0.0000,93.0000,0
158.10,2,0.0000,0,0,98.7212,1.2788,93.0000,0
158.10,3,80.5000,0,0,97.8350,2.1650,147.0000,0
158.10,4,88.0000,0,0,87.1667,12.8333,152.0000,0
158.10,5,95.5000,0,0,94.8449,5.1551,157.0000,0
158.10,6,0.0000,0,0,97.3224,2.6776,93.0000,0
158.10,7,0.0000,0,0,86.0986,13.9014,93.0000,0
158.10,8,7.0000,0,0,93.2337,6.7663,98.0000,0
158.10,9,0.0000,0,0,93.8227,6.1773,93.0000,0
159.10,0,46.0000,0,0,92.6188,7.3812,125.0000,0
159.10,1,0.0000,0,0,100.0000,0.0000,94.0000,0
159.10,2,0.0000,0,0,98.7212,1.2788,94.0000,0
159.10,3,80.5000,0,0,97.8350,2.1650,148.0000,0
159.10,4,88.0000,0,0,87.1667,12.8333,153.0000,0
159.10,5,95.5000,0,0,94.8449,5.1551,158.0000,0
159.10,6,0.0000,0,0,97.3224,2.6776,94.0000,0
159.10,7,0.0000,0,0,86.0986,13.9014,94.0000,0
159.10,8,7.0000,0,0,93.2337,6.7663,99.0000,0
159.10,9,0.0000,0,0,93.8227,6.1773,94.0000,0
160.10,0,46.0000,0,0,92.6188,7.3812,126.0000,0
160.10,1,0.0000,0,0,100.0000,0.0000,95.0000,0
160.10,2,0.0000,0,0,98.7212,1.2788,95.0000,0
160.10,3,80.5000,0,0,97.8350,2.1650,149.0000,0
160.10,4,88.0000,0,0,87.1667,12.8333,154.0000,0
160.10,5,95.5000,0,0,94.8449,5.1551,159.0000,0
160.10,6,0.0000,0,0,97.3224,2.6776,95.0000,0
160.10,7,0.0000,0,0,86.0986,13.9014,95.0000,0
160.10,8,7.0000,0,0,93.2337,6.7663,100.0000,0
160.10,9,0.0000,0,0,93.8227,6.1773,95.0000,0
161.10,0,46.0000,0,0,92.6188,7.3812,127.0000,0
161.10,1,0.0000,0,0,100.0000,0.0000,96.0000,0
161.10,2,0.0000,0,0,98.7212,1.2788,96.0000,0
161.10,3,80.5000,0,0,97.8350,2.1650,150.0000,0
161.10,4,88.0000,0,0,87.1667,12.8333,155.0000,0
161.10,5,95.5000,0,0,94.8449,5.1551,160.0000,0
161.10,6,0.0000,0,0,97.3224,2.6776,96.0000,0
161.10,7,0.0000,0,0,86.0986,13.9014,96.0000,0
161.10,8,7.0000,0,0,93.2337,6.7663,101.0000,0
161.10,9,0.0000,0,0,93.8227,6.1773,96.0000,0
162.10,0,46.0000,0,0,92.6188,7.3812,128.0000,0
162.10,1,0.0000,0,0,100.0000,0.0000,97.0000,0
162.10,2,0.0000,0,0,98.7212,1.2788,97.0000,0
162.10,3,80.5000,0,0,97.8350,2.1650,151.0000,0
162.10,4,88.0000,0,0,87.1667,12.8333,156.0000,0
162.10,5,95.5000,0,0,94.8449,5.1551,161.0000,0
162.10,6,0.0000,0,0,97.3224,2.6776,97.0000,0
162.10,7,0.0000,0,0,86.0986,13.9014,97.0000,0
162.10,8,7.0000,0,0,93.2337,6.7663,102.0000,0
162.10,9,0.0000,0,0,93.8227,6.1773,97.0000,0
163.10,0,46.0000,0,0,92.6188,7.3812,129.0000,0
163.10,1,0.0000,0,0,100.0000,0.0000,98.0000,0
163.10,2,0.0000,0,0,98.7212,1.2788,98.0000,0
163.10,3,80.5000,0,0,97.8350,2.1650,152.0000,0
163.10,4,88.0000,0,0,87.1667,12.8333,157.0000,0
163.10,5,95.5000,0,0,94.8449,5.1551,162.0000,0
163.10,6,0.0000,0,0,97.3224,2.6776,98.0000,0
163.10,7,0.0000,0,0,86.0986,13.9014,98.0000,0
163.10,8,7.0000,0,0,93.2337,6.7663,103.0000,0
163.10,9,0.0000,0,0,93.8227,6.1773,98.0000,0
164.10,0,46.0000,0,0,92.6188,7.3812,130.0000,0
164.10,1,0.0000,0,0,100.0000,0.0000,99.0000,0
164.10,2,0.0000,0,0,98.7212,1.2788,99.0000,0
164.10,3,80.5000,0,0,97.8350,2.1650,153.0000,0
164.10,4,88.0000,0,0,87.1667,12.8333,158.0000,0
164.10,5,95.5000,0,0,94.8449,5.1551,163.0000,0
164.10,6,0.0000,0,0,97.3224,2.6776,99.0000,0
164.10,7,0.0000,0,0,86.0986,13.9014,99.0000,0
164.10,8,7.0000,0,0,93.2337,6.7663,104.0000,0
164.10,9,0.0000,0,0,93.8227,6.1773,99.0000,0
165.10,0,46.0000,0,0,92.6188,7.3812,131.0000,0
165.10,1,0.0000,0,0,100.0000,0.0000,100.0000,0
165.10,2,0.0000,0,0,98.7212,1.2788,100.0000,0
165.10,3,80.5000,0,0,97.8350,2.1650,154.0000,0
165.10,4,88.0000,0,0,87.1667,12.8333,159.0000,0
165.10,5,95.5000,0,0,94.8449,5.1551,164.0000,0
165.10,6,0.0000,0,0,97.3224,2.6776,100.0000,0
165.10,7,0.0000,0,0,86.0986,13.9014,100.0000,0
165.10,8,7.0000,0,0,93.2337,6.7663,105.0000,0
165.10,9,0.0000,0,0,93.8227,6.1773,100.0000,0
166.10,0,46.0000,0,0,92.6188,7.3812,132.0000,0
166.10,1,0.0000,0,0,100.0000,0.0000,101.0000,0
166.10,2,0.0000,0,0,98.7212,1.2788,101.0000,0
166.10,3,80.5000,0,0,97.8350,2.1650,155.0000,0
166.10,4,88.0000,0,0,87.1667,12.8333,160.0000,0
166.10,5,95.5000,0,0,94.8449,5.1551,165.0000,0
166.10,6,0.0000,0,0,97.3224,2.6776,101.0000,0
166.10,7,0.0000,0,0,86.0986,13.9014,101.0000,0
166.10,8,7.0000,0,0,93.2337,6.7663,106.0000,0
166.10,9,0.0000,0,0,93.8227,6.1773,101.0000,0
167.10,0,46.0000,0,0,92.6188,7.3812,133.0000,0
167.10,1,0.0000,0,0,100.0000,0.0000,102.0000,0
167.10,2,0.0000,0,0,98.7212,1.2788,102.0000,0
167.10,3,80.5000,0,0,97.8350,2.1650,156.0000,0
167.10,4,88.0000,0,0,87.1667,12.8333,161.0000,0
167.10,5,95.5000,0,0,94.8449,5.1551,166.0000,0
167.10,6,0.0000,0,0,97.3224,2.6776,102.0000,0
167.10,7,0.0000,0,0,86.0986,13.9014,102.0000,0
167.10,8,7.0000,0,0,93.2337,6.7663,107.0000,0
167.10,9,0.0000,0,0,93.8227,6.1773,102.0000,0
168.10,0,46.0000,0,0,92.6188,7.3812,134.0000,0
168.10,1,0.0000,0,0,100.0000,0.0000,103.0000,0
168.10,2,0.0000,0,0,98.7212,1.2788,103.0000,0
168.10,3,80.5000,0,0,97.8350,2.1650,157.0000,0
168.10,4,88.0000,0,0,87.1667,12.8333,162.0000,0
168.10,5,95.5000,0,0,94.8449,5.1551,167.0000,0
168.10,6,0.0000,0,0,97.3224,2.6776,103.0000,0
168.10,7,0.0000,0,0,86.0986,13.9014,103.0000,0
168.10,8,7.0000,0,0,93.2337,6.7663,108.0000,0
168.10,9,0.0000,0,0,93.8227,6.1773,103.0000,0
169.10,0,46.0000,0,0,92.6188,7.3812,135.0000,0
169.10,1,0.0000,0,0,100.0000,0.0000,104.0000,0
169.10,2,0.0000,0,0,98.7212,1.2788,104.0000,0
169.10,3,80.5000,0,0,97.8350,2.1650,158.0000,0
169.10,4,88.0000,0,0,87.1667,12.8333,163.0000,0
169.10,5,95.5000,0,0,94.8449,5.1551,168.0000,0
169.10,6,0.0000,0,0,97.3224,2.6776,104.0000,0
169.10,7,0.0000,0,0,86.0986,13.9014,104.0000,0
169.10,8,7.0000,0,0,93.2337,6.7663,109.0000,0
169.10,9,0.0000,0,0,93.8227,6.1773,104.0000,0
170.10,0,46.0000,0,0,92.6188,7.3812,136.0000,0
170.10,1,0.0000,0,0,100.0000,0.0000,105.0000,0
170.10,2,0.0000,0,0,98.7212,1.2788,105.0000,0
170.10,3,80.5000,0,0,97.8350,2.1650,159.0000,0
170.10,4,88.0000,0,0,87.1667,12.8333,164.0000,0
170.10,5,95.5000,0,0,94.8449,5.1551,169.0000,0
170.10,6,0.0000,0,0,97.3224,2.6776,105.0000,0
170.10,7,0.0000,0,0,86.0986,13.9014,105.0000,0
170.10,8,7.0000,0,0,93.2337,6.7663,110.0000,0
170.10,9,0.0000,0,0,93.8227,6.1773,105.0000,0
171.10,0,46.0000,0,0,92.6188,7.3812,137.0000,0
171.10,1,0.0000,0,0,100.0000,0.0000,106.0000,0
171.10,2,0.0000,0,0,98.7212,1.2788,106.0000,0
171.10,3,80.5000,0,0,97.8350,2.1650,160.0000,0
171.10,4,88.0000,0,0,87.1667,12.8333,165.0000,0
171.10,5,95.5000,0,0,94.8449,5.1551,170.0000,0
171.10,6,0.0000,0,0,97.3224,2.6776,106.0000,0
171.10,7,0.0000,0,0,86.0986,13.9014,106.0000,0
171.10,8,7.0000,0,0,93.2337,6.7663,111.0000,0
171.10,9,0.0000,0,0,93.8227,6.1773,106.0000,0
172.10,0,46.0000,0,0,92.6188,7.3812,138.0000,0
172.10,1,0.0000,0,0,100.0000,0.0000,107.0000,0
172.10,2,0.0000,0,0,98.7212,1.2788,107.0000,0
172.10,3,80.5000,0,0,97.8350,2.1650,161.0000,0
172.10,4,88.0000,0,0,87.1667,12.8333,166.0000,0
172.10,5,95.5000,0,0,94.8449,5.1551,171.0000,0
172.10,6,0.0000,0,0,97.3224,2.6776,107.0000,0
172.10,7,0.0000,0,0,86.0986,13.9014,107.0000,0
172.10,8,7.0000,0,0,93.2337,6.7663,112.0000,0
172.10,9,0.0000,0,0,93.8227,6.1773,107.0000,0
173.10,0,46.0000,0,0,92.6188,7.3812,139.0000,0
173.10,1,0.0000,0,0,100.0000,0.0000,108.0000,0
173.10,2,0.0000,0,0,98.7212,1.2788,108.0000,0
173.10,3,80.5000,0,0,97.8350,2.1650,162.0000,0
173.10,4,88.0000,0,0,87.1667,12.8333,167.0000,0
173.10,5,95.5000,0,0,94.8449,5.1551,172.0000,0
173.10,6,0.0000,0,0,97.3224,2.6776,108.0000,0
173.10,7,0.0000,0,0,86.0986,13.9014,108.0000,0
173.10,8,7.0000,0,0,93.2337,6.7663,113.0000,0
173.10,9,0.0000,0,0,93.8227,6.1773,108.0000,0
174.10,0,46.0000,0,0,92.6188,7.3812,140.0000,0
174.10,1,0.0000,0,0,100.0000,0.0000,109.0000,0
174.10,2,0.0000,0,0,98.7212,1.2788,109.0000,0
174.10,3,80.5000,0,0,97.8350,2.1650,163.0000,0
174.10,4,88.0000,0,0,87.1667,12.8333,168.0000,0
174.10,5,95.5000,0,0,94.8449,5.1551,173.0000,0
174.10,6,0.0000,0,0,97.3224,2.6776,109.0000,0
174.10,7,0.0000,0,0,86.0986,13.9014,109.0000,0
174.10,8,7.0000,0,0,93.2337,6.7663,114.0000,0
174.10,9,0.0000,0,0,93.8227,6.1773,109.0000,0
175.10,0,46.0000,0,0,92.6188,7.3812,141.0000,0
175.10,1,0.0000,0,0,100.0000,0.0000,110.0000,0
175.10,2,0.0000,0,0,98.7212,1.2788,110.0000,0
175.10,3,80.5000,0,0,97.8350,2.1650,164.0000,0
175.10,4,88.0000,0,0,87.1667,12.8333,169.0000,0
175.10,5,95.5000,0,0,94.8449,5.1551,174.0000,0
175.10,6,0.0000,0,0,97.3224,2.6776,110.0000,0
175.10,7,0.0000,0,0,86.0986,13.9014,110.0000,0
175.10,8,7.0000,0,0,93.2337,6.7663,115.0000,0
175.10,9,0.0000,0,0,93.8227,6.1773,110.0000,0
176.10,0,46.0000,0,0,92.6188,7.3812,142.0000,0
176.10,1,0.0000,0,0,100.0000,0.0000,111.0000,0
176.10,2,0.0000,0,0,98.7212,1.2788,111.0000,0
176.10,3,80.5000,0,0,97.8350,2.1650,165.0000,0
176.10,4,88.0000,0,0,87.1667,12.8333,170.0000,0
176.10,5,95.5000,0,0,94.8449,5.1551,175.0000,0
176.10,6,0.0000,0,0,97.3224,2.6776,111.0000,0
176.10,7,0.0000,0,0,86.0986,13.9014,111.0000,0
176.10,8,7.0000,0,0,93.2337,6.7663,116.0000,0
176.10,9,0.0000,0,0,93.8227,6.1773,111.0000,0
177.10,0,46.0000,0,0,92.6188,7.3812,143.0000,0
177.10,1,0.0000,0,0,100.0000,0.0000,112.0000,0
177.10,2,0.0000,0,0,98.7212,1.2788,112.0000,0
177.10,3,80.5000,0,0,97.8350,2.1650,166.0000,0
177.10,4,88.0000,0,0,87.1667,12.8333,171.0000,0
177.10,5,95.5000,0,0,94.8449,5.1551,176.0000,0
177.10,6,0.0000,0,0,97.3224,2.6776,112.0000,0
177.10,7,0.0000,0,0,86.0986,13.9014,112.0000,0
177.10,8,7.0000,0,0,93.2337,6.7663,117.0000,0
177.10,9,0.0000,0,0,93.8227,6.1773,112.0000,0
178.10,0,46.0000,0,0,92.6188,7.3812,144.0000,0
178.10,1,0.0000,0,0,100.0000,0.0000,113.0000,0
178.10,2,0.0000,0,0,98.7212,1.2788,113.0000,0
178.10,3,80.5000,0,0,97.8350,2.1650,167.0000,0
178.10,4,88.0000,0,0,87.1667,12.8333,172.0000,0
178.10,5,95.5000,0,0,94.8449,5.1551,177.0000,0
178.10,6,0.0000,0,0,97.3224,2.6776,113.0000,0
178.10,7,0.0000,0,0,86.0986,13.9014,113.0000,0
178.10,8,7.0000,0,0,93.2337,6.7663,118.0000,0
178.10,9,0.0000,0,0,93.8227,6.1773,113.0000,0
179.10,0,46.0000,0,0,92.6188,7.3812,145.0000,0
179.10,1,0.0000,0,0,100.0000,0.0000,114.0000,0
179.10,2,0.0000,0,0,98.7212,1.2788,114.0000,0
179.10,3,80.5000,0,0,97.8350,2.1650,168.0000,0
179.10,4,88.0000,0,0,87.1667,12.8333,173.0000,0
179.10,5,95.5000,0,0,94.8449,5.1551,178.0000,0
179.10,6,0.0000,0,0,97.3224,2.6776,114.0000,0
179.10,7,0.0000,0,0,86.0986,13.9014,114.0000,0
179.10,8,7.0000,0,0,93.2337,6.7663,119.0000,0
179.10,9,0.0000,0,0,93.8227,6.1773,114.0000,0
180.10,0,46.0000,0,0,92.6188,7.3812,146.0000,0
180.10,1,0.0000,0,0,100.0000,0.0000,115.0000,0
180.10,2,0.0000,0,0,98.7212,1.2788,115.0000,0
180.10,3,80.5000,0,0,97.8350,2.1650,169.0000,0
180.10,4,88.0000,0,0,87.1667,12.8333,174.0000,0
180.10,5,95.5000,0,0,94.8449,5.1551,179.0000,0
180.10,6,0.0000,0,0,97.3224,2.6776,115.0000,0
180.10,7,0.0000,0,0,86.0986,13.9014,115.0000,0
180.10,8,7.0000,0,0,93.2337,6.7663,120.0000,0
180.10,9,0.0000,0,0,93.8227,6.1773,115.0000,0
181.10,0,46.0000,0,0,92.6188,7.3812,147.0000,0
181.10,1,0.0000,0,0,100.0000,0.0000,116.0000,0
181.10,2,0.0000,0,0,98.7212,1.2788,116.0000,0
181.10,3,80.5000,0,0,97.8350,2.1650,170.0000,0
181.10,4,88.0000,0,0,87.1667,12.8333,175.0000,0
181.10,5,95.5000,0,0,94.8449,5.1551,180.0000,0
181.10,6,0.0000,0,0,97.3224,2.6776,116.0000,0
181.10,7,0.0000,0,0,86.0986,13.9014,116.0000,0
181.10,8,7.0000,0,0,93.2337,6.7663,121.0000,0
181.10,9,0.0000,0,0,93.8227,6.1773,116.0000,0
182.10,0,46.0000,0,0,92.6188,7.3812,148.0000,0
182.10,1,0.0000,0,0,100.0000,0.0000,117.0000,0
182.10,2,0.0000,0,0,98.7212,1.2788,117.0000,0
182.10,3,80.5000,0,0,97.8350,2.1650,171.0000,0
182.10,4,88.0000,0,0,87.1667,12.8333,176.0000,0
182.10,5,95.5000,0,0,94.8449,5.1551,181.0000,0
182.10,6,0.0000,0,0,97.3224,2.6776,117.0000,0
182.10,7,0.0000,0,0,86.0986,13.9014,117.0000,0
182.10,8,7.0000,0,0,93.2337,6.7663,122.0000,0
182.10,9,0.0000,0,0,93.8227,6.1773,117.0000,0
183.10,0,46.0000,0,0,92.6188,7.3812,149.0000,0
183.10,1,0.0000,0,0,100.0000,0.0000,118.0000,0
183.10,2,0.0000,0,0,98.7212,1.2788,118.0000,0
183.10,3,80.5000,0,0,97.8350,2.1650,172.0000,0
183.10,4,88.0000,0,0,87.1667,12.8333,177.0000,0
183.10,5,95.5000,0,0,94.8449,5.1551,182.0000,0
183.10,6,0.0000,0,0,97.3224,2.6776,118.0000,0
183.10,7,0.0000,0,0,86.0986,13.9014,118.0000,0
183.10,8,7.0000,0,0,93.2337,6.7663,123.0000,0
183.10,9,0.0000,0,0,93.8227,6.1773,118.0000,0
184.10,0,46.0000,0,0,92.6188,7.3812,150.0000,0
184.10,1,0.0000,0,0,100.0000,0.0000,119.0000,0
184.10,2,0.0000,0,0,98.7212,1.2788,119.0000,0
184.10,3,80.5000,0,0,97.8350,2.1650,173.0000,0
184.10,4,88.0000,0,0,87.1667,12.8333,178.0000,0
184.10,5,95.5000,0,0,94.8449,5.1551,183.0000,0
184.10,6,0.0000,0,0,97.3224,2.6776,119.0000,0
184.10,7,0.0000,0,0,86.0986,13.9014,119.0000,0
184.10,8,7.0000,0,0,93.2337,6.7663,124.0000,0
184.10,9,0.0000,0,0,93.8227,6.1773,119.0000,0
185.10,0,46.0000,0,0,92.6188,7.3812,151.0000,0
185.10,1,0.0000,0,0,100.0000,0.0000,120.0000,0
185.10,2,0.0000,0,0,98.7212,1.2788,120.0000,0
185.10,3,80.5000,0,0,97.8350,2.1650,174.0000,0
185.10,4,88.0000,0,0,87.1667,12.8333,179.0000,0
185.10,5,95.5000,0,0,94.8449,5.1551,184.0000,0
185.10,6,0.0000,0,0,97.3224,2.6776,120.0000,0
185.10,7,0.0000,0,0,86.0986,13.9014,120.0000,0
185.10,8,7.0000,0,0,93.2337,6.7663,125.0000,0
185.10,9,0.0000,0,0,93.8227,6.1773,120.0000,0
186.10,0,46.0000,0,0,92.6188,7.3812,152.0000,0
186.10,1,0.0000,0,0,100.0000,0.0000,121.0000,0
186.10,2,0.0000,0,0,98.7212,1.2788,121.0000,0
186.10,3,80.5000,0,0,97.8350,2.1650,175.0000,0
186.10,4,88.0000,0,0,87.1667,12.8333,180.0000,0
186.10,5,95.5000,0,0,94.8449,5.1551,185.0000,0
186.10,6,0.0000,0,0,97.3224,2.6776,121.0000,0
186.10,7,0.0000,0,0,86.0986,13.9014,121.0000,0
186.10,8,7.0000,0,0,93.2337,6.7663,126.0000,0
186.10,9,0.0000,0,0,93.8227,6.1773,121.0000,0
187.10,0,46.0000,0,0,92.6188,7.3812,153.0000,0
187.10,1,0.0000,0,0,100.0000,0.0000,122.0000,0
187.10,2,0.0000,0,0,98.7212,1.2788,122.0000,0
187.10,3,80.5000,0,0,97.8350,2.1650,176.0000,0
187.10,4,88.0000,0,0,87.1667,12.8333,181.0000,0
187.10,5,95.5000,0,0,94.8449,5.1551,186.0000,0
187.10,6,0.0000,0,0,97.3224,2.6776,122.0000,0
187.10,7,0.0000,0,0,86.0986,13.9014,122.0000,0
187.10,8,7.0000,0,0,93.2337,6.7663,127.0000,0
187.10,9,0.0000,0,0,93.8227,6.1773,122.0000,0
188.10,0,46.0000,0,0,92.6188,7.3812,154.0000,0
188.10,1,0.0000,0,0,100.0000,0.0000,123.0000,0
188.10,2,0.0000,0,0,98.7212,1.2788,123.0000,0
188.10,3,80.5000,0,0,97.8350,2.1650,177.0000,0
188.10,4,88.0000,0,0,87.1667,12.8333,182.0000,0
188.10,5,95.5000,0,0,94.8449,5.1551,187.0000,0
188.10,6,0.0000,0,0,97.3224,2.6776,123.0000,0
188.10,7,0.0000,0,0,86.0986,13.9014,123.0000,0
188.10,8,7.0000,0,0,93.2337,6.7663,128.0000,0
188.10,9,0.0000,0,0,93.8227,6.1773,123.0000,0
189.10,0,46.0000,0,0,92.6188,7.3812,155.0000,0
189.10,1,0.0000,0,0,100.0000,0.0000,124.0000,0
189.10,2,0.0000,0,0,98.7212,1.2788,124.0000,0
189.10,3,80.5000,0,0,97.8350,2.1650,178.0000,0
189.10,4,88.0000,0,0,87.1667,12.8333,183.0000,0
189.10,5,95.5000,0,0,94.8449,5.1551,188.0000,0
189.10,6,0.0000,0,0,97.3224,2.6776,124.0000,0
189.10,7,0.0000,0,0,86.0986,13.9014,124.0000,0
189.10,8,7.0000,0,0,93.2337,6.7663,129.0000,0
189.10,9,0.0000,0,0,93.8227,6.1773,124.0000,0
190.10,0,46.0000,0,0,92.6188,7.3812,156.0000,0
190.10,1,0.0000,0,0,100.0000,0.0000,125.0000,0
190.10,2,0.0000,0,0,98.7212,1.2788,125.0000,0
190.10,3,80.5000,0,0,97.8350,2.1650,179.0000,0
190.10,4,88.0000,0,0,87.1667,12.8333,184.0000,0
190.10,5,95.5000,0,0,94.8449,5.1551,189.0000,0
190.10,6,0.0000,0,0,97.3224,2.6776,125.0000,0
190.10,7,0.0000,0,0,86.0986,13.9014,125.0000,0
190.10,8,7.0000,0,0,93.2337,6.7663,130.0000,0
190.10,9,0.0000,0,0,93.8227,6.1773,125.0000,0
191.10,0,46.0000,0,0,92.6188,7.3812,157.0000,0
191.10,1,0.0000,0,0,100.0000,0.0000,126.0000,0
191.10,2,0.0000,0,0,98.7212,1.2788,126.0000,0
191.10,3,80.5000,0,0,97.8350,2.1650,180.0000,0
191.10,4,88.0000,0,0,87.1667,12.8333,185.0000,0
191.10,5,95.5000,0,0,94.8449,5.1551,190.0000,0
191.10,6,0.0000,0,0,97.3224,2.6776,126.0000,0
191.10,7,0.0000,0,0,86.0986,13.9014,126.0000,0
191.10,8,7.0000,0,0,93.2337,6.7663,131.0000,0
191.10,9,0.0000,0,0,93.8227,6.1773,126.0000,0
192.10,0,46.0000,0,0,92.6188,7.3812,158.0000,0
192.10,1,0.0000,0,0,100.0000,0.0000,127.0000,0
192.10,2,0.0000,0,0,98.7212,1.2788,127.0000,0
192.10,3,80.5000,0,0,97.8350,2.1650,181.0000,0
192.10,4,88.0000,0,0,87.1667,12.8333,186.0000,0
192.10,5,95.5000,0,0,94.8449,5.1551,191.0000,0
192.10,6,0.0000,0,0,97.3224,2.6776,127.0000,0
192.10,7,0.0000,0,0,86.0986,13.9014,127.0000,0
192.10,8,7.0000,0,0,93.2337,6.7663,132.0000,0
192.10,9,0.0000,0,0,93.8227,6.1773,127.0000,0
193.10,0,46.0000,0,0,92.6188,7.3812,159.0000,0
193.10,1,0.0000,0,0,100.0000,0.0000,128.0000,0
193.10,2,0.0000,0,0,98.7212,1.2788,128.0000,0
193.10,3,80.5000,0,0,97.8350,2.1650,182.0000,0
193.10,4,88.0000,0,0,87.1667,12.8333,187.0000,0
193.10,5,95.5000,0,0,94.8449,5.1551,192.0000,0
193.10,6,0.0000,0,0,97.3224,2.6776,128.0000,0
193.10,7,0.0000,0,0,86.0986,13.9014,128.0000,0
193.10,8,7.0000,0,0,93.2337,6.7663,133.0000,0
193.10,9,0.0000,0,0,93.8227,6.1773,128.0000,0
194.10,0,46.0000,0,0,92.6188,7.3812,160.0000,0
194.10,1,0.0000,0,0,100.0000,0.0000,129.0000,0
194.10,2,0.0000,0,0,98.7212,1.2788,129.0000,0
194.10,3,80.5000,0,0,97.8350,2.1650,183.0000,0
194.10,4,88.0000,0,0,87.1667,12.8333,188.0000,0
194.10,5,95.5000,0,0,94.8449,5.1551,193.0000,0
194.10,6,0.0000,0,0,97.3224,2.6776,129.0000,0
194.10,7,0.0000,0,0,86.0986,13.9014,129.0000,0
194.10,8,7.0000,0,0,93.2337,6.7663,134.0000,0
194.10,9,0.0000,0,0,93.8227,6.1773,129.0000,0
195.10,0,46.0000,0,0,92.6188,7.3812,161.0000,0
195.10,1,0.0000,0,0,100.0000,0.0000,130.0000,0
195.10,2,0.0000,0,0,98.7212,1.2788,130.0000,0
195.10,3,80.5000,0,0,97.8350,2.1650,184.0000,0
195.10,4,88.0000,0,0,87.1667,12.8333,189.0000,0
195.10,5,95.5000,0,0,94.8449,5.1551,194.0000,0
195.10,6,0.0000,0,0,97.3224,2.6776,130.0000,0
195.10,7,0.0000,0,0,86.0986,13.9014,130.0000,0
195.10,8,7.0000,0,0,93.2337,6.7663,135.0000,0
195.10,9,0.0000,0,0,93.8227,6.1773,130.0000,0
196.10,0,46.0000,0,0,92.6188,7.3812,162.0000,0
196.10,1,0.0000,0,0,100.0000,0.0000,131.0000,0
196.10,2,0.0000,0,0,98.7212,1.2788,131.0000,0
196.10,3,80.5000,0,0,97.8350,2.1650,185.0000,0
196.10,4,88.0000,0,0,87.1667,12.8333,190.0000,0
196.10,5,95.5000,0,0,94.8449,5.1551,195.0000,0
196.10,6,0.0000,0,0,97.3224,2.6776,131.0000,0
196.10,7,0.0000,0,0,86.0986,13.9014,131.0000,0
196.10,8,7.0000,0,0,93.2337,6.7663,136.0000,0
196.10,9,0.0000,0,0,93.8227,6.1773,131.0000,0
197.10,0,46.0000,0,0,92.6188,7.3812,163.0000,0
197.10,1,0.0000,0,0,100.0000,0.0000,132.0000,0
197.10,2,0.0000,0,0,98.7212,1.2788,132.0000,0
197.10,3,80.5000,0,0,97.8350,2.1650,186.0000,0
197.10,4,88.0000,0,0,87.1667,12.8333,191.0000,0
197.10,5,95.5000,0,0,94.8449,5.1551,196.0000,0
197.10,6,0.0000,0,0,97.3224,2.6776,132.0000,0
197.10,7,0.0000,0,0,86.0986,13.9014,132.0000,0
197.10,8,7.0000,0,0,93.2337,6.7663,137.0000,0
197.10,9,0.0000,0,0,93.8227,6.1773,132.0000,0
198.10,0,46.0000,0,0,92.6188,7.3812,164.0000,0
198.10,1,0.0000,0,0,100.0000,0.0000,133.0000,0
198.10,2,0.0000,0,0,98.7212,1.2788,133.0000,0
198.10,3,80.5000,0,0,97.8350,2.1650,187.0000,0
198.10,4,88.0000,0,0,87.1667,12.8333,192.0000,0
198.10,5,95.5000,0,0,94.8449,5.1551,197.0000,0
198.10,6,0.0000,0,0,97.3224,2.6776,133.0000,0
198.10,7,0.0000,0,0,86.0986,13.9014,133.0000,0
198.10,8,7.0000,0,0,93.2337,6.7663,138.0000,0
198.10,9,0.0000,0,0,93.8227,6.1773,133.0000,0
199.10,0,46.0000,0,0,92.6188,7.3812,165.0000,0
199.10,1,0.0000,0,0,100.0000,0.0000,134.0000,0
199.10,2,0.0000,0,0,98.7212,1.2788,134.0000,0
199.10,3,80.5000,0,0,97.8350,2.1650,188.0000,0
199.10,4,88.0000,0,0,87.1667,12.8333,193.0000,0
199.10,5,95.5000,0,0,94.8449,5.1551,198.0000,0
199.10,6,0.0000,0,0,97.3224,2.6776,134.0000,0
199.10,7,0.0000,0,0,86.0986,13.9014,134.0000,0
199.10,8,7.0000,0,0,93.2337,6.7663,139.0000,0
199.10,9,0.0000,0,0,93.8227,6.1773,134.0000,0
200.10,0,46.0000,0,0,92.6188,7.3812,166.0000,0
200.10,1,0.0000,0,0,100.0000,0.0000,135.0000,0
200.10,2,0.0000,0,0,98.7212,1.2788,135.0000,0
200.10,3,80.5000,0,0,97.8350,2.1650,189.0000,0
200.10,4,88.0000,0,0,87.1667,12.8333,194.0000,0
200.10,5,95.5000,0,0,94.8449,5.1551,199.0000,0
200.10,6,0.0000,0,0,97.3224,2.6776,135.0000,0
200.10,7,0.0000,0,0,86.0986,13.9014,135.0000,0
200.10,8,7.0000,0,0,93.2337,6.7663,140.0000,0
200.10,9,0.0000,0,0,93.8227,6.1773,135.0000,0
201.10,0,46.0000,0,0,92.6188,7.3812,167.0000,0
201.10,1,0.0000,0,0,100.0000,0.0000,136.0000,0
201.10,2,0.0000,0,0,98.7212,1.2788,136.0000,0
201.10,3,80.5000,0,0,97.8350,2.1650,190.0000,0
201.10,4,88.0000,0,0,87.1667,12.8333,195.0000,0
201.10,5,95.5000,0,0,94.8449,5.1551,200.0000,0
201.10,6,0.0000,0,0,97.3224,2.6776,136.0000,0
201.10,7,0.0000,0,0,86.0986,13.9014,136.0000,0
201.10,8,7.0000,0,0,93.2337,6.7663,141.0000,0
201.10,9,0.0000,0,0,93.8227,6.1773,136.0000,0
202.10,0,46.0000,0,0,92.6188,7.3812,168.0000,0
202.10,1,0.0000,0,0,100.0000,0.0000,137.0000,0
202.10,2,0.0000,0,0,98.7212,1.2788,137.0000,0
202.10,3,80.5000,0,0,97.8350,2.1650,191.0000,0
202.10,4,88.0000,0,0,87.1667,12.8333,196.0000,0
202.10,5,95.5000,0,0,94.8449,5.1551,201.0000,0
202.10,6,0.0000,0,0,97.3224,2.6776,137.0000,0
202.10,7,0.0000,0,0,86.0986,13.9014,137.0000,0
202.10,8,7.0000,0,0,93.2337,6.7663,142.0000,0
202.10,9,0.0000,0,0,93.8227,6.1773,137.0000,0
203.10,0,46.0000,0,0,92.6188,7.3812,169.0000,0
203.10,1,0.0000,0,0,100.0000,0.0000,138.0000,0
203.10,2,0.0000,0,0,98.7212,1.2788,138.0000,0
203.10,3,80.5000,0,0,97.8350,2.1650,192.0000,0
203.10,4,88.0000,0,0,87.1667,12.8333,197.0000,0
203.10,5,95.5000,0,0,94.8449,5.1551,202.0000,0
203.10,6,0.0000,0,0,97.3224,2.6776,138.0000,0
203.10,7,0.0000,0,0,86.0986,13.9014,138.0000,0
203.10,8,7.0000,0,0,93.2337,6.7663,143.0000,0
203.10,9,0.0000,0,0,93.8227,6.1773,138.0000,0
204.10,0,46.0000,0,0,92.6188,7.3812,170.0000,0
204.10,1,0.0000,0,0,100.0000,0.0000,139.0000,0
204.10,2,0.0000,0,0,98.7212,1.2788,139.0000,0
204.10,3,80.5000,0,0,97.8350,2.1650,193.0000,0
204.10,4,88.0000,0,0,87.1667,12.8333,198.0000,0
204.10,5,95.5000,0,0,94.8449,5.1551,203.0000,0
204.10,6,0.0000,0,0,97.3224,2.6776,139.0000,0
204.10,7,0.0000,0,0,86.0986,13.9014,139.0000,0
204.10,8,7.0000,0,0,93.2337,6.7663,144.0000,0
204.10,9,0.0000,0,0,93.8227,6.1773,139.0000,0
205.10,0,46.0000,0,0,92.6188,7.3812,171.0000,0
205.10,1,0.0000,0,0,100.0000,0.0000,140.0000,0
205.10,2,0.0000,0,0,98.7212,1.2788,140.0000,0
205.10,3,80.5000,0,0,97.8350,2.1650,194.0000,0
205.10,4,88.0000,0,0,87.1667,12.8333,199.0000,0
205.10,5,95.5000,0,0,94.8449,5.1551,204.0000,0
205.10,6,0.0000,0,0,97.3224,2.6776,140.0000,0
205.10,7,0.0000,0,0,86.0986,13.9014,140.0000,0
205.10,8,7.0000,0,0,93.2337,6.7663,145.0000,0
205.10,9,0.0000,0,0,93.8227,6.1773,140.0000,0
206.10,0,46.0000,0,0,92.6188,7.3812,172.0000,0
206.10,1,0.0000,0,0,100.0000,0.0000,141.0000,0
206.10,2,0.0000,0,0,98.7212,1.2788,141.0000,0
206.10,3,80.5000,0,0,97.8350,2.1650,195.0000,0
206.10,4,88.0000,0,0,87.1667,12.8333,200.0000,0
206.10,5,95.5000,0,0,94.8449,5.1551,205.0000,0
206.10,6,0.0000,0,0,97.3224,2.6776,141.0000,0
206.10,7,0.0000,0,0,86.0986,13.9014,141.0000,0
206.10,8,7.0000,0,0,93.2337,6.7663,146.0000,0
206.10,9,0.0000,0,0,93.8227,6.1773,141.0000,0
207.10,0,46.0000,0,0,92.6188,7.3812,173.0000,0
207.10,1,0.0000,0,0,100.0000,0.0000,142.0000,0
207.10,2,0.0000,0,0,98.7212,1.2788,142.0000,0
207.10,3,80.5000,0,0,97.8350,2.1650,196.0000,0
207.10,4,88.0000,0,0,87.1667,12.8333,201.0000,0
207.10,5,95.5000,0,0,94.8449,5.1551,206.0000,0
207.10,6,0.0000,0,0,97.3224,2.6776,142.0000,0
207.10,7,0.0000,0,0,86.0986,13.9014,142.0000,0
207.10,8,7.0000,0,0,93.2337,6.7663,147.0000,0
207.10,9,0.0000,0,0,93.8227,6.1773,142.0000,0
208.10,0,46.0000,0,0,92.6188,7.3812,174.0000,0
208.10,1,0.0000,0,0,100.0000,0.0000,143.0000,0
208.10,2,0.0000,0,0,98.7212,1.2788,143.0000,0
208.10,3,80.5000,0,0,97.8350,2.1650,197.0000,0
208.10,4,88.0000,0,0,87.1667,12.8333,202.0000,0
208.10,5,95.5000,0,0,94.8449,5.1551,207.0000,0
208.10,6,0.0000,0,0,97.3224,2.6776,143.0000,0
208.10,7,0.0000,0,0,86.0986,13.9014,143.0000,0
208.10,8,7.0000,0,0,93.2337,6.7663,148.0000,0
208.10,9,0.0000,0,0,93.8227,6.1773,143.0000,0
209.10,0,46.0000,0,0,92.6188,7.3812,175.0000,0
209.10,1,0.0000,0,0,100.0000,0.0000,144.0000,0
209.10,2,0.0000,0,0,98.7212,1.2788,144.0000,0
209.10,3,80.5000,0,0,97.8350,2.1650,198.0000,0
209.10,4,88.0000,0,0,87.1667,12.8333,203.0000,0
209.10,5,95.5000,0,0,94.8449,5.1551,208.0000,0
209.10,6,0.0000,0,0,97.3224,2.6776,144.0000,0
209.10,7,0.0000,0,0,86.0986,13.9014,144.0000,0
209.10,8,7.0000,0,0,93.2337,6.7663,149.0000,0
209.10,9,0.0000,0,0,93.8227,6.1773,144.0000,0
210.10,0,46.0000,0,0,92.6188,7.3812,176.0000,0
210.10,1,0.0000,0,0,100.0000,0.0000,145.0000,0
210.10,2,0.0000,0,0,98.7212,1.2788,145.0000,0
210.10,3,80.5000,0,0,97.8350,2.1650,199.0000,0
210.10,4,88.0000,0,0,87.1667,12.8333,204.0000,0
210.10,5,95.5000,0,0,94.8449,5.1551,209.0000,0
210.10,6,0.0000,0,0,97.3224,2.6776,145.0000,0
210.10,7,0.0000,0,0,86.0986,13.9014,145.0000,0
210.10,8,7.0000,0,0,93.2337,6.7663,150.0000,0
210.10,9,0.0000,0,0,93.8227,6.1773,145.0000,0
211.10,0,46.0000,0,0,92.6188,7.3812,177.0000,0
211.10,1,0.0000,0,0,100.0000,0.0000,146.0000,0
211.10,2,0.0000,0,0,98.7212,1.2788,146.0000,0
211.10,3,80.5000,0,0,97.8350,2.1650,200.0000,0
211.10,4,88.0000,0,0,87.1667,12.8333,205.0000,0
211.10,5,95.5000,0,0,94.8449,5.1551,210.0000,0
211.10,6,0.0000,0,0,97.3224,2.6776,146.0000,0
211.10,7,0.0000,0,0,86.0986,13.9014,146.0000,0
211.10,8,7.0000,0,0,93.2337,6.7663,151.0000,0
211.10,9,0.0000,0,0,93.8227,6.1773,146.0000,0
212.10,0,46.0000,0,0,92.6188,7.3812,178.0000,0
212.10,1,0.0000,0,0,100.0000,0.0000,147.0000,0
212.10,2,0.0000,0,0,98.7212,1.2788,147.0000,0
212.10,3,80.5000,0,0,97.8350,2.1650,201.0000,0
212.10,4,88.0000,0,0,87.1667,12.8333,206.0000,0
212.10,5,95.5000,0,0,94.8449,5.1551,211.0000,0
212.10,6,0.0000,0,0,97.3224,2.6776,147.0000,0
212.10,7,0.0000,0,0,86.0986,13.9014,147.0000,0
212.10,8,7.0000,0,0,93.2337,6.7663,152.0000,0
212.10,9,0.0000,0,0,93.8227,6.1773,147.0000,0
213.10,0,46.0000,0,0,92.6188,7.3812,179.0000,0
213.10,1,0.0000,0,0,100.0000,0.0000,148.0000,0
213.10,2,0.0000,0,0,98.7212,1.2788,148.0000,0
213.10,3,80.5000,0,0,97.8350,2.1650,202.0000,0
213.10,4,88.0000,0,0,87.1667,12.8333,207.0000,0
213.10,5,95.5000,0,0,94.8449,5.1551,212.0000,0
213.10,6,0.0000,0,0,97.3224,2.6776,148.0000,0
213.10,7,0.0000,0,0,86.0986,13.9014,148.0000,0
213.10,8,7.0000,0,0,93.2337,6.7663,153.0000,0
213.10,9,0.0000,0,0,93.8227,6.1773,148.0000,0
214.10,0,46.0000,0,0,92.6188,7.3812,180.0000,0
214.10,1,0.0000,0,0,100.0000,0.0000,149.0000,0
214.10,2,0.0000,0,0,98.7212,1.2788,149.0000,0
214.10,3,80.5000,0,0,97.8350,2.1650,203.0000,0
214.10,4,88.0000,0,0,87.1667,12.8333,208.0000,0
214.10,5,95.5000,0,0,94.8449,5.1551,213.0000,0
214.10,6,0.0000,0,0,97.3224,2.6776,149.0000,0
214.10,7,0.0000,0,0,86.0986,13.9014,149.0000,0
214.10,8,7.0000,0,0,93.2337,6.7663,154.0000,0
214.10,9,0.0000,0,0,93.8227,6.1773,149.0000,0
215.10,0,46.0000,0,0,92.6188,7.3812,181.0000,0
215.10,1,0.0000,0,0,100.0000,0.0000,150.0000,0
215.10,2,0.0000,0,0,98.7212,1.2788,150.0000,0
215.10,3,80.5000,0,0,97.8350,2.1650,204.0000,0
215.10,4,88.0000,0,0,87.1667,12.8333,209.0000,0
215.10,5,95.5000,0,0,94.8449,5.1551,214.0000,0
215.10,6,0.0000,0,0,97.3224,2.6776,150.0000,0
215.10,7,0.0000,0,0,86.0986,13.9014,150.0000,0
215.10,8,7.0000,0,0,93.2337,6.7663,155.0000,0
215.10,9,0.0000,0,0,93.8227,6.1773,150.0000,0
216.10,0,46.0000,0,0,92.6188,7.3812,182.0000,0
216.10,1,0.0000,0,0,100.0000,0.0000,151.0000,0
216.10,2,0.0000,0,0,98.7212,1.2788,151.0000,0
216.10,3,80.5000,0,0,97.8350,2.1650,205.0000,0
216.10,4,88.0000,0,0,87.1667,12.8333,210.0000,0
216.10,5,95.5000,0,0,94.8449,5.1551,215.0000,0
216.10,6,0.0000,0,0,97.3224,2.6776,151.0000,0
216.10,7,0.0000,0,0,86.0986,13.9014,151.0000,0
216.10,8,7.0000,0,0,93.2337,6.7663,156.0000,0
216.10,9,0.0000,0,0,93.8227,6.1773,151.0000,0
217.10,0,46.0000,0,0,92.6188,7.3812,183.0000,0
217.10,1,0.0000,0,0,100.0000,0.0000,152.0000,0
217.10,2,0.0000,0,0,98.7212,1.2788,152.0000,0
217.10,3,80.5000,0,0,97.8350,2.1650,206.0000,0
217.10,4,88.0000,0,0,87.1667,12.8333,211.0000,0
217.10,5,95.5000,0,0,94.8449,5.1551,216.0000,0
217.10,6,0.0000,0,0,97.3224,2.6776,152.0000,0
217.10,7,0.0000,0,0,86.0986,13.9014,152.0000,0
217.10,8,7.0000,0,0,93.2337,6.7663,157.0000,0
217.10,9,0.0000,0,0,93.8227,6.1773,152.0000,0
218.10,0,46.0000,0,0,92.6188,7.3812,184.0000,0
218.10,1,0.0000,0,0,100.0000,0.0000,153.0000,0
218.10,2,0.0000,0,0,98.7212,1.2788,153.0000,0
218.10,3,80.5000,0,0,97.8350,2.1650,207.0000,0
218.10,4,88.0000,0,0,87.1667,12.8333,212.0000,0
218.10,5,95.5000,0,0,94.8449,5.1551,217.0000,0
218.10,6,0.0000,0,0,97.3224,2.6776,153.0000,0
218.10,7,0.0000,0,0,86.0986,13.9014,153.0000,0
218.10,8,7.0000,0,0,93.2337,6.7663,158.0000,0
218.10,9,0.0000,0,0,93.8227,6.1773,153.0000,0
219.10,0,46.0000,0,0,92.6188,7.3812,185.0000,0
219.10,1,0.0000,0,0,100.0000,0.0000,154.0000,0
219.10,2,0.0000,0,0,98.7212,1.2788,154.0000,0
219.10,3,80.5000,0,0,97.8350,2.1650,208.0000,0
219.10,4,88.0000,0,0,87.1667,12.8333,213.0000,0
219.10,5,95.5000,0,0,94.8449,5.1551,218.0000,0
219.10,6,0.0000,0,0,97.3224,2.6776,154.0000,0
219.10,7,0.0000,0,0,86.0986,13.9014,154.0000,0
219.10,8,7.0000,0,0,93.2337,6.7663,159.0000,0
219.10,9,0.0000,0,0,93.8227,6.1773,154.0000,0
220.10,0,46.0000,0,0,92.6188,7.3812,186.0000,0
220.10,1,0.0000,0,0,100.0000,0.0000,155.0000,0
220.10,2,0.0000,0,0,98.7212,1.2788,155.0000,0
220.10,3,80.5000,0,0,97.8350,2.1650,209.0000,0
220.10,4,88.0000,0,0,87.1667,12.8333,214.0000,0
220.10,5,95.5000,0,0,94.8449,5.1551,219.0000,0
220.10,6,0.0000,0,0,97.3224,2.6776,155.0000,0
220.10,7,0.0000,0,0,86.0986,13.9014,155.0000,0
220.10,8,7.0000,0,0,93.2337,6.7663,160.0000,0
220.10,9,0.0000,0,0,93.8227,6.1773,155.0000,0
221.10,0,46.0000,0,0,92.6188,7.3812,187.0000,0
221.10,1,0.0000,0,0,100.0000,0.0000,156.0000,0
221.10,2,0.0000,0,0,98.7212,1.2788,156.0000,0
221.10,3,80.5000,0,0,97.8350,2.1650,210.0000,0
221.10,4,88.0000,0,0,87.1667,12.8333,215.0000,0
221.10,5,95.5000,0,0,94.8449,5.1551,220.0000,0
221.10,6,0.0000,0,0,97.3224,2.6776,156.0000,0
221.10,7,0.0000,0,0,86.0986,13.9014,156.0000,0
221.10,8,7.0000,0,0,93.2337,6.7663,161.0000,0
221.10,9,0.0000,0,0,93.8227,6.1773,156.0000,0
222.10,0,46.0000,0,0,92.6188,7.3812,188.0000,0
222.10,1,0.0000,0,0,100.0000,0.0000,157.0000,0
222.10,2,0.0000,0,0,98.7212,1.2788,157.0000,0
222.10,3,80.5000,0,0,97.8350,2.1650,211.0000,0
222.10,4,88.0000,0,0,87.1667,12.8333,216.0000,0
222.10,5,95.5000,0,0,94.8449,5.1551,221.0000,0
222.10,6,0.0000,0,0,97.3224,2.6776,157.0000,0
222.10,7,0.0000,0,0,86.0986,13.9014,157.0000,0
222.10,8,7.0000,0,0,93.2337,6.7663,162.0000,0
222.10,9,0.0000,0,0,93.8227,6.1773,157.0000,0
223.10,0,46.0000,0,0,92.6188,7.3812,189.0000,0
223.10,1,0.0000,0,0,100.0000,0.0000,158.0000,0
223.10,2,0.0000,0,0,98.7212,1.2788,158.0000,0
223.10,3,80.5000,0,0,97.8350,2.1650,212.0000,0
223.10,4,88.0000,0,0,87.1667,12.8333,217.0000,0
223.10,5,95.5000,0,0,94.8449,5.1551,222.0000,0
223.10,6,0.0000,0,0,97.3224,2.6776,158.0000,0
223.10,7,0.0000,0,0,86.0986,13.9014,158.0000,0
223.10,8,7.0000,0,0,93.2337,6.7663,163.0000,0
223.10,9,0.0000,0,0,93.8227,6.1773,158.0000,0
224.10,0,46.0000,0,0,92.6188,7.3812,190.0000,0
224.10,1,0.0000,0,0,100.0000,0.0000,159.0000,0
224.10,2,0.0000,0,0,98.7212,1.2788,159.0000,0
224.10,3,80.5000,0,0,97.8350,2.1650,213.0000,0
224.10,4,88.0000,0,0,87.1667,12.8333,218.0000,0
224.10,5,95.5000,0,0,94.8449,5.1551,223.0000,0
224.10,6,0.0000,0,0,97.3224,2.6776,159.0000,0
224.10,7,0.0000,0,0,86.0986,13.9014,159.0000,0
224.10,8,7.0000,0,0,93.2337,6.7663,164.0000,0
224.10,9,0.0000,0,0,93.8227,6.1773,159.0000,0
225.10,0,46.0000,0,0,92.6188,7.3812,191.0000,0
225.10,1,0.0000,0,0,100.0000,0.0000,160.0000,0
225.10,2,0.0000,0,0,98.7212,1.2788,160.0000,0
225.10,3,80.5000,0,0,97.8350,2.1650,214.0000,0
225.10,4,88.0000,0,0,87.1667,12.8333,219.0000,0
225.10,5,95.5000,0,0,94.8449,5.1551,224.0000,0
225.10,6,0.0000,0,0,97.3224,2.6776,160.0000,0
225.10,7,0.0000,0,0,86.0986,13.9014,160.0000,0
225.10,8,7.0000,0,0,93.2337,6.7663,165.0000,0
225.10,9,0.0000,0,0,93.8227,6.1773,160.0000,0
226.10,0,46.0000,0,0,92.6188,7.3812,192.0000,0
226.10,1,0.0000,0,0,100.0000,0.0000,161.0000,0
226.10,2,0.0000,0,0,98.7212,1.2788,161.0000,0
226.10,3,80.5000,0,0,97.8350,2.1650,215.0000,0
226.10,4,88.0000,0,0,87.1667,12.8333,220.0000,0
226.10,5,95.5000,0,0,94.8449,5.1551,225.0000,0
226.10,6,0.0000,0,0,97.3224,2.6776,161.0000,0
226.10,7,0.0000,0,0,86.0986,13.9014,161.0000,0
226.10,8,7.0000,0,0,93.2337,6.7663,166.0000,0
226.10,9,0.0000,0,0,93.8227,6.1773,161.0000,0
227.10,0,46.0000,0,0,92.6188,7.3812,193.0000,0
227.10,1,0.0000,0,0,100.0000,0.0000,162.0000,0
227.10,2,0.0000,0,0,98.7212,1.2788,162.0000,0
227.10,3,80.5000,0,0,97.8350,2.1650,216.0000,0
227.10,4,88.0000,0,0,87.1667,12.8333,221.0000,0
227.10,5,95.5000,0,0,94.8449,5.1551,226.0000,0
227.10,6,0.0000,0,0,97.3224,2.6776,162.0000,0
227.10,7,0.0000,0,0,86.0986,13.9014,162.0000,0
227.10,8,7.0000,0,0,93.2337,6.7663,167.0000,0
227.10,9,0.0000,0,0,93.8227,6.1773,162.0000,0
228.10,0,46.0000,0,0,92.6188,7.3812,194.0000,0
228.10,1,0.0000,0,0,100.0000,0.0000,163.0000,0
228.10,2,0.0000,0,0,98.7212,1.2788,163.0000,0
228.10,3,80.5000,0,0,97.8350,2.1650,217.0000,0
228.10,4,88.0000,0,0,87.1667,12.8333,222.0000,0
228.10,5,95.5000,0,0,94.8449,5.1551,227.0000,0
228.10,6,0.0000,0,0,97.3224,2.6776,163.0000,0
228.10,7,0.0000,0,0,86.0986,13.9014,163.0000,0
228.10,8,7.0000,0,0,93.2337,6.7663,168.0000,0
228.10,9,0.0000,0,0,93.8227,6.1773,163.0000,0
229.10,0,46.0000,0,0,92.6188,7.3812,195.0000,0
229.10,1,0.0000,0,0,100.0000,0.0000,164.0000,0
229.10,2,0.0000,0,0,98.7212,1.2788,164.0000,0
229.10,3,80.5000,0,0,97.8350,2.1650,218.0000,0
229.10,4,88.0000,0,0,87.1667,12.8333,223.0000,0
229.10,5,95.5000,0,0,94.8449,5.1551,228.0000,0
229.10,6,0.0000,0,0,97.3224,2.6776,164.0000,0
229.10,7,0.0000,0,0,86.0986,13.9014,164.0000,0
229.10,8,7.0000,0,0,93.2337,6.7663,169.0000,0
229.10,9,0.0000,0,0,93.8227,6.1773,164.0000,0
230.10,0,46.0000,0,0,92.6188,7.3812,196.0000,0
230.10,1,0.0000,0,0,100.0000,0.0000,165.0000,0
230.10,2,0.0000,0,0,98.7212,1.2788,165.0000,0
230.10,3,80.5000,0,0,97.8350,2.1650,219.0000,0
230.10,4,88.0000,0,0,87.1667,12.8333,224.0000,0
230.10,5,95.5000,0,0,94.8449,5.1551,229.0000,0
230.10,6,0.0000,0,0,97.3224,2.6776,165.0000,0
230.10,7,0.0000,0,0,86.0986,13.9014,165.0000,0
230.10,8,7.0000,0,0,93.2337,6.7663,170.0000,0
230.10,9,0.0000,0,0,93.8227,6.1773,165.0000,0
231.10,0,46.0000,0,0,92.6188,7.3812,197.0000,0
231.10,1,0.0000,0,0,100.0000,0.0000,166.0000,0
231.10,2,0.0000,0,0,98.7212,1.2788,166.0000,0
231.10,3,80.5000,0,0,97.8350,2.1650,220.0000,0
231.10,4,88.0000,0,0,87.1667,12.8333,225.0000,0
231.10,5,95.5000,0,0,94.8449,5.1551,230.0000,0
231.10,6,0.0000,0,0,97.3224,2.6776,166.0000,0
231.10,7,0.0000,0,0,86.0986,13.9014,166.0000,0
231.10,8,7.0000,0,0,93.2337,6.7663,171.0000,0
231.10,9,0.0000,0,0,93.8227,6.1773,166.0000,0
232.10,0,46.0000,0,0,92.6188,7.3812,198.0000,0
232.10,1,0.0000,0,0,100.0000,0.0000,167.0000,0
232.10,2,0.0000,0,0,98.7212,1.2788,167.0000,0
232.10,3,80.5000,0,0,97.8350,2.1650,221.0000,0
232.10,4,88.0000,0,0,87.1667,12.8333,226.0000,0
232.10,5,95.5000,0,0,94.8449,5.1551,231.0000,0
232.10,6,0.0000,0,0,97.3224,2.6776,167.0000,0
232.10,7,0.0000,0,0,86.0986,13.9014,167.0000,0
232.10,8,7.0000,0,0,93.2337,6.7663,172.0000,0
232.10,9,0.0000,0,0,93.8227,6.1773,167.0000,0
233.10,0,46.0000,0,0,92.6188,7.3812,199.0000,0
233.10,1,0.0000,0,0,100.0000,0.0000,168.0000,0
233.10,2,0.0000,0,0,98.7212,1.2788,168.0000,0
233.10,3,80.5000,0,0,97.8350,2.1650,222.0000,0
233.10,4,88.0000,0,0,87.1667,12.8333,227.0000,0
233.10,5,95.5000,0,0,94.8449,5.1551,232.0000,0
233.10,6,0.0000,0,0,97.3224,2.6776,168.0000,0
233.10,7,0.0000,0,0,86.0986,13.9014,168.0000,0
233.10,8,7.0000,0,0,93.2337,6.7663,173.0000,0
233.10,9,0.0000,0,0,93.8227,6.1773,168.0000,0
234.10,0,46.0000,0,0,92.6188,7.3812,200.0000,0
234.10,1,0.0000,0,0,100.0000,0.0000,169.0000,0
234.10,2,0.0000,0,0,98.7212,1.2788,169.0000,0
234.10,3,80.5000,0,0,97.8350,2.1650,223.0000,0
234.10,4,88.0000,0,0,87.1667,12.8333,228.0000,0
234.10,5,95.5000,0,0,94.8449,5.1551,233.0000,0
234.10,6,0.0000,0,0,97.3224,2.6776,169.0000,0
234.10,7,0.0000,0,0,86.0986,13.9014,169.0000,0
234.10,8,7.0000,0,0,93.2337,6.7663,174.0000,0
234.10,9,0.0000,0,0,93.8227,6.1773,169.0000,0
235.10,0,46.0000,0,0,92.6188,7.3812,201.0000,0
235.10,1,0.0000,0,0,100.0000,0.0000,170.0000,0
235.10,2,0.0000,0,0,98.7212,1.2788,170.0000,0
235.10,3,80.5000,0,0,97.8350,2.1650,224.0000,0
235.10,4,88.0000,0,0,87.1667,12.8333,229.0000,0
235.10,5,95.5000,0,0,94.8449,5.1551,234.0000,0
235.10,6,0.0000,0,0,97.3224,2.6776,170.0000,0
235.10,7,0.0000,0,0,86.0986,13.9014,170.0000,0
235.10,8,7.0000,0,0,93.2337,6.7663,175.0000,0
235.10,9,0.0000,0,0,93.8227,6.1773,170.0000,0
236.10,0,46.0000,0,0,92.6188,7.3812,202.0000,0
236.10,1,0.0000,0,0,100.0000,0.0000,171.0000,0
236.10,2,0.0000,0,0,98.7212,1.2788,171.0000,0
236.10,3,80.5000,0,0,97.8350,2.1650,225.0000,0
236.10,4,88.0000,0,0,87.1667,12.8333,230.0000,0
236.10,5,95.5000,0,0,94.8449,5.1551,235.0000,0
236.10,6,0.0000,0,0,97.3224,2.6776,171.0000,0
236.10,7,0.0000,0,0,86.0986,13.9014,171.0000,0
236.10,8,7.0000,0,0,93.2337,6.7663,176.0000,0
236.10,9,0.0000,0,0,93.8227,6.1773,171.0000,0
237.10,0,46.0000,0,0,92.6188,7.3812,203.0000,0
237.10,1,0.0000,0,0,100.0000,0.0000,172.0000,0
237.10,2,0.0000,0,0,98.7212,1.2788,172.0000,0
237.10,3,80.5000,0,0,97.8350,2.1650,226.0000,0
237.10,4,88.0000,0,0,87.1667,12.8333,231.0000,0
237.10,5,95.5000,0,0,94.8449,5.1551,236.0000,0
237.10,6,0.0000,0,0,97.3224,2.6776,172.0000,0
237.10,7,0.0000,0,0,86.0986,13.9014,172.0000,0
237.10,8,7.0000,0,0,93.2337,6.7663,177.0000,0
237.10,9,0.0000,0,0,93.8227,6.1773,172.0000,0
238.10,0,46.0000,0,0,92.6188,7.3812,204.0000,0
238.10,1,0.0000,0,0,100.0000,0.0000,173.0000,0
238.10,2,0.0000,0,0,98.7212,1.2788,173.0000,0
238.10,3,80.5000,0,0,97.8350,2.1650,227.0000,0
238.10,4,88.0000,0,0,87.1667,12.8333,232.0000,0
238.10,5,95.5000,0,0,94.8449,5.1551,237.0000,0
238.10,6,0.0000,0,0,97.3224,2.6776,173.0000,0
238.10,7,0.0000,0,0,86.0986,13.9014,173.0000,0
238.10,8,7.0000,0,0,93.2337,6.7663,178.0000,0
238.10,9,0.0000,0,0,93.8227,6.1773,173.0000,0
239.10,0,46.0000,0,0,92.6188,7.3812,205.0000,0
239.10,1,0.0000,0,0,100.0000,0.0000,174.0000,0
239.10,2,0.0000,0,0,98.7212,1.2788,174.0000,0
239.10,3,80.5000,0,0,97.8350,2.1650,228.0000,0
239.10,4,88.0000,0,0,87.1667,12.8333,233.0000,0
239.10,5,95.5000,0,0,94.8449,5.1551,238.0000,0
239.10,6,0.0000,0,0,97.3224,2.6776,174.0000,0
239.10,7,0.0000,0,0,86.0986,13.9014,174.0000,0
239.10,8,7.0000,0,0,93.2337,6.7663,179.0000,0
239.10,9,0.0000,0,0,93.8227,6.1773,174.0000,0
240.10,0,46.0000,0,0,92.6188,7.3812,206.0000,0
240.10,1,0.0000,0,0,100.0000,0.0000,175.0000,0
240.10,2,0.0000,0,0,98.7212,1.2788,175.0000,0
240.10,3,80.5000,0,0,97.8350,2.1650,229.0000,0
240.10,4,88.0000,0,0,87.1667,12.8333,234.0000,0
240.10,5,95.5000,0,0,94.8449,5.1551,239.0000,0
240.10,6,0.0000,0,0,97.3224,2.6776,175.0000,0
240.10,7,0.0000,0,0,86.0986,13.9014,175.0000,0
240.10,8,7.0000,0,0,93.2337,6.7663,180.0000,0
240.10,9,0.0000,0,0,93.8227,6.1773,175.0000,0
241.10,0,46.0000,0,0,92.6188,7.3812,207.0000,0
241.10,1,0.0000,0,0,100.0000,0.0000,176.0000,0
241.10,2,0.0000,0,0,98.7212,1.2788,176.0000,0
241.10,3,80.5000,0,0,97.8350,2.1650,230.0000,0
241.10,4,88.0000,0,0,87.1667,12.8333,235.0000,0
241.10,5,95.5000,0,0,94.8449,5.1551,240.0000,0
241.10,6,0.0000,0,0,97.3224,2.6776,176.0000,0
241.10,7,0.0000,0,0,86.0986,13.9014,176.0000,0
241.10,8,7.0000,0,0,93.2337,6.7663,181.0000,0
241.10,9,0.0000,0,0,93.8227,6.1773,176.0000,0
242.10,0,46.0000,0,0,92.6188,7.3812,208.0000,0
242.10,1,0.0000,0,0,100.0000,0.0000,177.0000,0
242.10,2,0.0000,0,0,98.7212,1.2788,177.0000,0
242.10,3,80.5000,0,0,97.8350,2.1650,231.0000,0
242.10,4,88.0000,0,0,87.1667,12.8333,236.0000,0
242.10,5,95.5000,0,0,94.8449,5.1551,241.0000,0
242.10,6,0.0000,0,0,97.3224,2.6776,177.0000,0
242.10,7,0.0000,0,0,86.0986,13.9014,177.0000,0
242.10,8,7.0000,0,0,93.2337,6.7663,182.0000,0
242.10,9,0.0000,0,0,93.8227,6.1773,177.0000,0
243.10,0,46.0000,0,0,92.6188,7.3812,209.0000,0
243.10,1,0.0000,0,0,100.0000,0.0000,178.0000,0
243.10,2,0.0000,0,0,98.7212,1.2788,178.0000,0
243.10,3,80.5000,0,0,97.8350,2.1650,232.0000,0
243.10,4,88.0000,0,0,87.1667,12.8333,237.0000,0
243.10,5,95.5000,0,0,94.8449,5.1551,242.0000,0
243.10,6,0.0000,0,0,97.3224,2.6776,178.0000,0
243.10,7,0.0000,0,0,86.0986,13.9014,178.0000,0
243.10,8,7.0000,0,0,93.2337,6.7663,183.0000,0
243.10,9,0.0000,0,0,93.8227,6.1773,178.0000,0
244.10,0,46.0000,0,0,92.6188,7.3812,210.0000,0
244.10,1,0.0000,0,0,100.0000,0.0000,179.0000,0
244.10,2,0.0000,0,0,98.7212,1.2788,179.0000,0
244.10,3,80.5000,0,0,97.8350,2.1650,233.0000,0
244.10,4,88.0000,0,0,87.1667,12.8333,238.0000,0
244.10,5,95.5000,0,0,94.8449,5.1551,243.0000,0
244.10,6,0.0000,0,0,97.3224,2.6776,179.0000,0
244.10,7,0.0000,0,0,86.0986,13.9014,179.0000,0
244.10,8,7.0000,0,0,93.2337,6.7663,184.0000,0
244.10,9,0.0000,0,0,93.8227,6.1773,179.0000,0
245.10,0,46.0000,0,0,92.6188,7.3812,211.0000,0
245.10,1,0.0000,0,0,100.0000,0.0000,180.0000,0
245.10,2,0.0000,0,0,98.7212,1.2788,180.0000,0
245.10,3,80.5000,0,0,97.8350,2.1650,234.0000,0
245.10,4,88.0000,0,0,87.1667,12.8333,239.0000,0
245.10,5,95.5000,0,0,94.8449,5.1551,244.0000,0
245.10,6,0.0000,0,0,97.3224,2.6776,180.0000,0
245.10,7,0.0000,0,0,86.0986,13.9014,180.0000,0
245.10,8,7.0000,0,0,93.2337,6.7663,185.0000,0
245.10,9,0.0000,0,0,93.8227,6.1773,180.0000,0
246.10,0,46.0000,0,0,92.6188,7.3812,212.0000,0
246.10,1,0.0000,0,0,100.0000,0.0000,181.0000,0
246.10,2,0.0000,0,0,98.7212,1.2788,181.0000,0
246.10,3,80.5000,0,0,97.8350,2.1650,235.0000,0
246.10,4,88.0000,0,0,87.1667,12.8333,240.0000,0
246.10,5,95.5000,0,0,94.8449,5.1551,245.0000,0
246.10,6,0.0000,0,0,97.3224,2.6776,181.0000,0
246.10,7,0.0000,0,0,86.0986,13.9014,181.0000,0
246.10,8,7.0000,0,0,93.2337,6.7663,186.0000,0
246.10,9,0.0000,0,0,93.8227,6.1773,181.0000,0
247.10,0,46.0000,0,0,92.6188,7.3812,213.0000,0
247.10,1,0.0000,0,0,100.0000,0.0000,182.0000,0
247.10,2,0.0000,0,0,98.7212,1.2788,182.0000,0
247.10,3,80.5000,0,0,97.8350,2.1650,236.0000,0
247.10,4,88.0000,0,0,87.1667,12.8333,241.0000,0
247.10,5,95.5000,0,0,94.8449,5.1551,246.0000,0
247.10,6,0.0000,0,0,97.3224,2.6776,182.0000,0
247.10,7,0.0000,0,0,86.0986,13.9014,182.0000,0
247.10,8,7.0000,0,0,93.2337,6.7663,187.0000,0
247.10,9,0.0000,0,0,93.8227,6.1773,182.0000,0
248.10,0,46.0000,0,0,92.6188,7.3812,214.0000,0
248.10,1,0.0000,0,0,100.0000,0.0000,183.0000,0
248.10,2,0.0000,0,0,98.7212,1.2788,183.0000,0
248.10,3,80.5000,0,0,97.8350,2.1650,237.0000,0
248.10,4,88.0000,0,0,87.1667,12.8333,242.0000,0
248.10,5,95.5000,0,0,94.8449,5.1551,247.0000,0
248.10,6,0.0000,0,0,97.3224,2.6776,183.0000,0
248.10,7,0.0000,0,0,86.0986,13.9014,183.0000,0
248.10,8,7.0000,0,0,93.2337,6.7663,188.0000,0
248.10,9,0.0000,0,0,93.8227,6.1773,183.0000,0
249.10,0,46.0000,0,0,92.6188,7.3812,215.0000,0
249.10,1,0.0000,0,0,100.0000,0.0000,184.0000,0
249.10,2,0.0000,0,0,98.7212,1.2788,184.0000,0
249.10,3,80.5000,0,0,97.8350,2.1650,238.0000,0
249.10,4,88.0000,0,0,87.1667,12.8333,243.0000,0
249.10,5,95.5000,0,0,94.8449,5.1551,248.0000,0
249.10,6,0.0000,0,0,97.3224,2.6776,184.0000,0
249.10,7,0.0000,0,0,86.0986,13.9014,184.0000,0
249.10,8,7.0000,0,0,93.2337,6.7663,189.0000,0
249.10,9,0.0000,0,0,93.8227,6.1773,184.0000,0
250.10,0,46.0000,0,0,92.6188,7.3812,216.0000,0
250.10,1,0.0000,0,0,100.0000,0.0000,185.0000,0
250.10,2,0.0000,0,0,98.7212,1.2788,185.0000,0
250.10,3,80.5000,0,0,97.8350,2.1650,239.0000,0
250.10,4,88.0000,0,0,87.1667,12.8333,244.0000,0
250.10,5,95.5000,0,0,94.8449,5.1551,249.0000,0
250.10,6,0.0000,0,0,97.3224,2.6776,185.0000,0
250.10,7,0.0000,0,0,86.0986,13.9014,185.0000,0
250.10,8,7.0000,0,0,93.2337,6.7663,190.0000,0
250.10,9,0.0000,0,0,93.8227,6.1773,185.0000,0
251.10,0,46.0000,0,0,92.6188,7.3812,217.0000,0
251.10,1,0.0000,0,0,100.0000,0.0000,186.0000,0
251.10,2,0.0000,0,0,98.7212,1.2788,186.0000,0
251.10,3,80.5000,0,0,97.8350,2.1650,240.0000,0
251.10,4,88.0000,0,0,87.1667,12.8333,245.0000,0
251.10,5,95.5000,0,0,94.8449,5.1551,250.0000,0
251.10,6,0.0000,0,0,97.3224,2.6776,186.0000,0
251.10,7,0.0000,0,0,86.0986,13.9014,186.0000,0
251.10,8,7.0000,0,0,93.2337,6.7663,191.0000,0
251.10,9,0.0000,0,0,93.8227,6.1773,186.0000,0
252.10,0,46.0000,0,0,92.6188,7.3812,218.0000,0
252.10,1,0.0000,0,0,100.0000,0.0000,187.0000,0
252.10,2,0.0000,0,0,98.7212,1.2788,187.0000,0
252.10,3,80.5000,0,0,97.8350,2.1650,241.0000,0
252.10,4,88.0000,0,0,87.1667,12.8333,246.0000,0
252.10,5,95.5000,0,0,94.8449,5.1551,251.0000,0
252.10,6,0.0000,0,0,97.3224,2.6776,187.0000,0
252.10,7,0.0000,0,0,86.0986,13.9014,187.0000,0
252.10,8,7.0000,0,0,93.2337,6.7663,192.0000,0
252.10,9,0.0000,0,0,93.8227,6.1773,187.0000,0
253.10,0,46.0000,0,0,92.6188,7.3812,219.0000,0
253.10,1,0.0000,0,0,100.0000,0.0000,188.0000,0
253.10,2,0.0000,0,0,98.7212,1.2788,188.0000,0
253.10,3,80.5000,0,0,97.8350,2.1650,242.0000,0
253.10,4,88.0000,0,0,87.1667,12.8333,247.0000,0
253.10,5,95.5000,0,0,94.8449,5.1551,252.0000,0
253.10,6,0.0000,0,0,97.3224,2.6776,188.0000,0
253.10,7,0.0000,0,0,86.0986,13.9014,188.0000,0
253.10,8,7.0000,0,0,93.2337,6.7663,193.0000,0
253.10,9,0.0000,0,0,93.8227,6.1773,188.0000,0
254.10,0,46.0000,0,0,92.6188,7.3812,220.0000,0
254.10,1,0.0000,0,0,100.0000,0.0000,189.0000,0
254.10,2,0.0000,0,0,98.7212,1.2788,189.0000,0
254.10,3,80.5000,0,0,97.8350,2.1650,243.0000,0
254.10,4,88.0000,0,0,87.1667,12.8333,248.0000,0
254.10,5,95.5000,0,0,94.8449,5.1551,253.0000,0
254.10,6,0.0000,0,0,97.3224,2.6776,189.0000,0
254.10,7,0.0000,0,0,86.0986,13.9014,189.0000,0
254.10,8,7.0000,0,0,93.2337,6.7663,194.0000,0
254.10,9,0.0000,0,0,93.8227,6.1773,189.0000,0
255.10,0,46.0000,0,0,92.6188,7.3812,221.0000,0
255.10,1,0.0000,0,0,100.0000,0.0000,190.0000,0
255.10,2,0.0000,0,0,98.7212,1.2788,190.0000,0
255.10,3,80.5000,0,0,97.8350,2.1650,244.0000,0
255.10,4,88.0000,0,0,87.1667,12.8333,249.0000,0
255.10,5,95.5000,0,0,94.8449,5.1551,254.0000,0
255.10,6,0.0000,0,0,97.3224,2.6776,190.0000,0
255.10,7,0.0000,0,0,86.0986,13.9014,190.0000,0
255.10,8,7.0000,0,0,93.2337,6.7663,195.0000,0
255.10,9,0.0000,0,0,93.8227,6.1773,190.0000,0
256.10,0,46.0000,0,0,92.6188,7.3812,222.0000,0
256.10,1,0.0000,0,0,100.0000,0.0000,191.0000,0
256.10,2,0.0000,0,0,98.7212,1.2788,191.0000,0
256.10,3,80.5000,0,0,97.8350,2.1650,245.0000,0
256.10,4,88.0000,0,0,87.1667,12.8333,250.0000,0
256.10,5,95.5000,0,0,94.8449,5.1551,255.0000,0
256.10,6,0.0000,0,0,97.3224,2.6776,191.0000,0
256.10,7,0.0000,0,0,86.0986,13.9014,191.0000,0
256.10,8,7.0000,0,0,93.2337,6.7663,196.0000,0
256.10,9,0.0000,0,0,93.8227,6.1773,191.0000,0
257.10,0,46.0000,0,0,92.6188,7.3812,223.0000,0
257.10,1,0.0000,0,0,100.0000,0.0000,192.0000,0
257.10,2,0.0000,0,0,98.7212,1.2788,192.0000,0
257.10,3,80.5000,0,0,97.8350,2.1650,246.0000,0
257.10,4,88.0000,0,0,87.1667,12.8333,251.0000,0
257.10,5,95.5000,0,0,94.8449,5.1551,256.0000,0
257.10,6,0.0000,0,0,97.3224,2.6776,192.0000,0
257.10,7,0.0000,0,0,86.0986,13.9014,192.0000,0
257.10,8,7.0000,0,0,93.2337,6.7663,197.0000,0
257.10,9,0.0000,0,0,93.8227,6.1773,192.0000,0
258.10,0,46.0000,0,0,92.6188,7.3812,224.0000,0
258.10,1,0.0000,0,0,100.0000,0.0000,193.0000,0
258.10,2,0.0000,0,0,98.7212,1.2788,193.0000,0
258.10,3,80.5000,0,0,97.8350,2.1650,247.0000,0
258.10,4,88.0000,0,0,87.1667,12.8333,252.0000,0
258.10,5,95.5000,0,0,94.8449,5.1551,257.0000,0
258.10,6,0.0000,0,0,97.3224,2.6776,193.0000,0
258.10,7,0.0000,0,0,86.0986,13.9014,193.0000,0
258.10,8,7.0000,0,0,93.2337,6.7663,198.0000,0
258.10,9,0.0000,0,0,93.8227,6.1773,193.0000,0
259.10,0,46.0000,0,0,92.6188,7.3812,225.0000,0
259.10,1,0.0000,0,0,100.0000,0.0000,194.0000,0
259.10,2,0.0000,0,0,98.7212,1.2788,194.0000,0
259.10,3,80.5000,0,0,97.8350,2.1650,248.0000,0
259.10,4,88.0000,0,0,87.1667,12.8333,253.0000,0
259.10,5,95.5000,0,0,94.8449,5.1551,258.0000,0
259.10,6,0.0000,0,0,97.3224,2.6776,194.0000,0
259.10,7,0.0000,0,0,86.0986,13.9014,194.0000,0
259.10,8,7.0000,0,0,93.2337,6.7663,199.0000,0
259.10,9,0.0000,0,0,93.8227,6.1773,194.0000,0
260.10,0,46.0000,0,0,92.6188,7.3812,226.0000,0
260.10,1,0.0000,0,0,100.0000,0.0000,195.0000,0
260.10,2,0.0000,0,0,98.7212,1.2788,195.0000,0
260.10,3,80.5000,0,0,97.8350,2.1650,249.0000,0
260.10,4,88.0000,0,0,87.1667,12.8333,254.0000,0
260.10,5,95.5000,0,0,94.8449,5.1551,259.0000,0
260.10,6,0.0000,0,0,97.3224,2.6776,195.0000,0
260.10,7,0.0000,0,0,86.0986,13.9014,195.0000,0
260.10,8,7.0000,0,0,93.2337,6.7663,200.0000,0
260.10,9,0.0000,0,0,93.8227,6.1773,195.0000,0
261.10,0,46.0000,0,0,92.6188,7.3812,227.0000,0
261.10,1,0.0000,0,0,100.0000,0.0000,196.0000,0
261.10,2,0.0000,0,0,98.7212,1.2788,196.0000,0
261.10,3,80.5000,0,0,97.8350,2.1650,250.0000,0
261.10,4,88.0000,0,0,87.1667,12.8333,255.0000,0
261.10,5,95.5000,0,0,94.8449,5.1551,260.0000,0
261.10,6,0.0000,0,0,97.3224,2.6776,196.0000,0
261.10,7,0.0000,0,0,86.0986,13.9014,196.0000,0
261.10,8,7.0000,0,0,93.2337,6.7663,201.0000,0
261.10,9,0.0000,0,0,93.8227,6.1773,196.0000,0
262.10,0,46.0000,0,0,92.6188,7.3812,228.0000,0
262.10,1,0.0000,0,0,100.0000,0.0000,197.0000,0
262.10,2,0.0000,0,0,98.7212,1.2788,197.0000,0
262.10,3,80.5000,0,0,97.8350,2.1650,251.0000,0
262.10,4,88.0000,0,0,87.1667,12.8333,256.0000,0
262.10,5,95.5000,0,0,94.8449,5.1551,261.0000,0
262.10,6,0.0000,0,0,97.3224,2.6776,197.0000,0
262.10,7,0.0000,0,0,86.0986,13.9014,197.0000,0
262.10,8,7.0000,0,0,93.2337,6.7663,202.0000,0
262.10,9,0.0000,0,0,93.8227,6.1773,197.0000,0
263.10,0,46.0000,0,0,92.6188,7.3812,229.0000,0
263.10,1,0.0000,0,0,100.0000,0.0000,198.0000,0
263.10,2,0.0000,0,0,98.7212,1.2788,198.0000,0
263.10,3,80.5000,0,0,97.8350,2.1650,252.0000,0
263.10,4,88.0000,0,0,87.1667,12.8333,257.0000,0
263.10,5,95.5000,0,0,94.8449,5.1551,262.0000,0
263.10,6,0.0000,0,0,97.3224,2.6776,198.0000,0
263.10,7,0.0000,0,0,86.0986,13.9014,198.0000,0
263.10,8,7.0000,0,0,93.2337,6.7663,203.0000,0
263.10,9,0.0000,0,0,93.8227,6.1773,198.0000,0
264.10,0,46.0000,0,0,92.6188,7.3812,230.0000,0
264.10,1,0.0000,0,0,100.0000,0.0000,199.0000,0
264.10,2,0.0000,0,0,98.7212,1.2788,199.0000,0
264.10,3,80.5000,0,0,97.8350,2.1650,253.0000,0
264.10,4,88.0000,0,0,87.1667,12.8333,258.0000,0
264.10,5,95.5000,0,0,94.8449,5.1551,263.0000,0
264.10,6,0.0000,0,0,97.3224,2.6776,199.0000,0
264.10,7,0.0000,0,0,86.0986,13.9014,199.0000,0
264.10,8,7.0000,0,0,93.2337,6.7663,204.0000,0
264.10,9,0.0000,0,0,93.8227,6.1773,199.0000,0
265.10,0,46.0000,0,0,92.6188,7.3812,231.0000,0
265.10,1,0.0000,0,0,100.0000,0.0000,200.0000,0
265.10,2,0.0000,0,0,98.7212,1.2788,200.0000,0
265.10,3,80.5000,0,0,97.8350,2.1650,254.0000,0
265.10,4,88.0000,0,0,87.1667,12.8333,259.0000,0
265.10,5,95.5000,0,0,94.8449,5.1551,264.0000,0
265.10,6,0.0000,0,0,97.3224,2.6776,200.0000,0
265.10,7,0.0000,0,0,86.0986,13.9014,200.0000,0
265.10,8,7.0000,0,0,93.2337,6.7663,205.0000,0
265.10,9,0.0000,0,0,93.8227,6.1773,200.0000,0
266.10,0,46.0000,0,0,92.6188,7.3812,232.0000,0
266.10,1,0.0000,0,0,100.0000,0.0000,201.0000,0
266.10,2,0.0000,0,0,98.7212,1.2788,201.0000,0
266.10,3,80.5000,0,0,97.8350,2.1650,255.0000,0
266.10,4,88.0000,0,0,87.1667,12.8333,260.0000,0
266.10,5,95.5000,0,0,94.8449,5.1551,265.0000,0
266.10,6,0.0000,0,0,97.3224,2.6776,201.0000,0
266.10,7,0.0000,0,0,86.0986,13.9014,201.0000,0
266.10,8,7.0000,0,0,93.2337,6.7663,206.0000,0
266.10,9,0.0000,0,0,93.8227,6.1773,201.0000,0
267.10,0,46.0000,0,0,92.6188,7.3812,233.0000,0
267.10,1,0.0000,0,0,100.0000,0.0000,202.0000,0
267.10,2,0.0000,0,0,98.7212,1.2788,202.0000,0
267.10,3,80.5000,0,0,97.8350,2.1650,256.0000,0
267.10,4,88.0000,0,0,87.1667,12.8333,261.0000,0
267.10,5,95.5000,0,0,94.8449,5.1551,266.0000,0
267.10,6,0.0000,0,0,97.3224,2.6776,202.0000,0
267.10,7,0.0000,0,0,86.0986,13.9014,202.0000,0
267.10,8,7.0000,0,0,93.2337,6.7663,207.0000,0
267.10,9,0.0000,0,0,93.8227,6.1773,202.0000,0
268.10,0,46.0000,0,0,92.6188,7.3812,234.0000,0
268.10,1,0.0000,0,0,100.0000,0.0000,203.0000,0
268.10,2,0.0000,0,0,98.7212,1.2788,203.0000,0
268.10,3,80.5000,0,0,97.8350,2.1650,257.0000,0
268.10,4,88.0000,0,0,87.1667,12.8333,262.0000,0
268.10,5,95.5000,0,0,94.8449,5.1551,267.0000,0
268.10,6,0.0000,0,0,97.3224,2.6776,203.0000,0
268.10,7,0.0000,0,0,86.0986,13.9014,203.0000,0
268.10,8,7.0000,0,0,93.2337,6.7663,208.0000,0
268.10,9,0.0000,0,0,93.8227,6.1773,203.0000,0
269.10,0,46.0000,0,0,92.6188,7.3812,235.0000,0
269.10,1,0.0000,0,0,100.0000,0.0000,204.0000,0
269.10,2,0.0000,0,0,98.7212,1.2788,204.0000,0
269.10,3,80.5000,0,0,97.8350,2.1650,258.0000,0
269.10,4,88.0000,0,0,87.1667,12.8333,263.0000,0
269.10,5,95.5000,0,0,94.8449,5.1551,268.0000,0
269.10,6,0.0000,0,0,97.3224,2.6776,204.0000,0
269.10,7,0.0000,0,0,86.0986,13.9014,204.0000,0
269.10,8,7.0000,0,0,93.2337,6.7663,209.0000,0
269.10,9,0.0000,0,0,93.8227,6.1773,204.0000,0
270.10,0,46.0000,0,0,92.6188,7.3812,236.0000,0
270.10,1,0.0000,0,0,100.0000,0.0000,205.0000,0
270.10,2,0.0000,0,0,98.7212,1.2788,205.0000,0
270.10,3,80.5000,0,0,97.8350,2.1650,259.0000,0
270.10,4,88.0000,0,0,87.1667,12.8333,264.0000,0
270.10,5,95.5000,0,0,94.8449,5.1551,269.0000,0
270.10,6,0.0000,0,0,97.3224,2.6776,205.0000,0
270.10,7,0.0000,0,0,86.0986,13.9014,205.0000,0
270.10,8,7.0000,0,0,93.2337,6.7663,210.0000,0
270.10,9,0.0000,0,0,93.8227,6.1773,205.0000,0
271.10,0,46.0000,0,0,92.6188,7.3812,237.0000,0
271.10,1,0.0000,0,0,100.0000,0.0000,206.0000,0
271.10,2,0.0000,0,0,98.7212,1.2788,206.0000,0
271.10,3,80.5000,0,0,97.8350,2.1650,260.0000,0
271.10,4,88.0000,0,0,87.1667,12.8333,265.0000,0
271.10,5,95.5000,0,0,94.8449,5.1551,270.0000,0
271.10,6,0.0000,0,0,97.3224,2.6776,206.0000,0
271.10,7,0.0000,0,0,86.0986,13.9014,206.0000,0
271.10,8,7.0000,0,0,93.2337,6.7663,211.0000,0
271.10,9,0.0000,0,0,93.8227,6.1773,206.0000,0
272.10,0,46.0000,0,0,92.6188,7.3812,238.0000,0
272.10,1,0.0000,0,0,100.0000,0.0000,207.0000,0
272.10,2,0.0000,0,0,98.7212,1.2788,207.0000,0
272.10,3,80.5000,0,0,97.8350,2.1650,261.0000,0
272.10,4,88.0000,0,0,87.1667,12.8333,266.0000,0
272.10,5,95.5000,0,0,94.8449,5.1551,271.0000,0
272.10,6,0.0000,0,0,97.3224,2.6776,207.0000,0
272.10,7,0.0000,0,0,86.0986,13.9014,207.0000,0
272.10,8,7.0000,0,0,93.2337,6.7663,212.0000,0
272.10,9,0.0000,0,0,93.8227,6.1773,207.0000,0
273.10,0,46.0000,0,0,92.6188,7.3812,239.0000,0
273.10,1,0.0000,0,0,100.0000,0.0000,208.0000,0
273.10,2,0.0000,0,0,98.7212,1.2788,208.0000,0
273.10,3,80.5000,0,0,97.8350,2.1650,262.0000,0
273.10,4,88.0000,0,0,87.1667,12.8333,267.0000,0
273.10,5,95.5000,0,0,94.8449,5.1551,272.0000,0
273.10,6,0.0000,0,0,97.3224,2.6776,208.0000,0
273.10,7,0.0000,0,0,86.0986,13.9014,208.0000,0
273.10,8,7.0000,0,0,93.2337,6.7663,213.0000,0
273.10,9,0.0000,0,0,93.8227,6.1773,208.0000,0
274.10,0,46.0000,0,0,92.6188,7.3812,240.0000,0
274.10,1,0.0000,0,0,100.0000,0.0000,209.0000,0
274.10,2,0.0000,0,0,98.7212,1.2788,209.0000,0
274.10,3,80.5000,0,0,97.8350,2.1650,263.0000,0
274.10,4,88.0000,0,0,87.1667,12.8333,268.0000,0
274.10,5,95.5000,0,0,94.8449,5.1551,273.0000,0
274.10,6,0.0000,0,0,97.3224,2.6776,209.0000,0
274.10,7,0.0000,0,0,86.0986,13.9014,209.0000,0
274.10,8,7.0000,0,0,93.2337,6.7663,214.0000,0
274.10,9,0.0000,0,0,93.8227,6.1773,209.0000,0
275.10,0,46.0000,0,0,92.6188,7.3812,241.0000,0
275.10,1,0.0000,0,0,100.0000,0.0000,210.0000,0
275.10,2,0.0000,0,0,98.7212,1.2788,210.0000,0
275.10,3,80.5000,0,0,97.8350,2.1650,264.0000,0
275.10,4,88.0000,0,0,87.1667,12.8333,269.0000,0
275.10,5,95.5000,0,0,94.8449,5.1551,274.0000,0
275.10,6,0.0000,0,0,97.3224,2.6776,210.0000,0
275.10,7,0.0000,0,0,86.0986,13.9014,210.0000,0
275.10,8,7.0000,0,0,93.2337,6.7663,215.0000,0
275.10,9,0.0000,0,0,93.8227,6.1773,210.0000,0
276.10,0,46.0000,0,0,92.6188,7.3812,242.0000,0
276.10,1,0.0000,0,0,100.0000,0.0000,211.0000,0
276.10,2,0.0000,0,0,98.7212,1.2788,211.0000,0
276.10,3,80.5000,0,0,97.8350,2.1650,265.0000,0
276.10,4,88.0000,0,0,87.1667,12.8333,270.0000,0
276.10,5,95.5000,0,0,94.8449,5.1551,275.0000,0
276.10,6,0.0000,0,0,97.3224,2.6776,211.0000,0
276.10,7,0.0000,0,0,86.0986,13.9014,211.0000,0
276.10,8,7.0000,0,0,93.2337,6.7663,216.0000,0
276.10,9,0.0000,0,0,93.8227,6.1773,211.0000,0
277.10,0,46.0000,0,0,92.6188,7.3812,243.0000,0
277.10,1,0.0000,0,0,100.0000,0.0000,212.0000,0
277.10,2,0.0000,0,0,98.7212,1.2788,212.0000,0
277.10,3,80.5000,0,0,97.8350,2.1650,266.0000,0
277.10,4,88.0000,0,0,87.1667,12.8333,271.0000,0
277.10,5,95.5000,0,0,94.8449,5.1551,276.0000,0
277.10,6,0.0000,0,0,97.3224,2.6776,212.0000,0
277.10,7,0.0000,0,0,86.0986,13.9014,212.0000,0
277.10,8,7.0000,0,0,93.2337,6.7663,217.0000,0
277.10,9,0.0000,0,0,93.8227,6.1773,212.0000,0
278.10,0,46.0000,0,0,92.6188,7.3812,244.0000,0
278.10,1,0.0000,0,0,100.0000,0.0000,213.0000,0
278.10,2,0.0000,0,0,98.7212,1.2788,213.0000,0
278.10,3,80.5000,0,0,97.8350,2.1650,267.0000,0
278.10,4,88.0000,0,0,87.1667,12.8333,272.0000,0
278.10,5,95.5000,0,0,94.8449,5.1551,277.0000,0
278.10,6,0.0000,0,0,97.3224,2.6776,213.0000,0
278.10,7,0.0000,0,0,86.0986,13.9014,213.0000,0
278.10,8,7.0000,0,0,93.2337,6.7663,218.0000,0
278.10,9,0.0000,0,0,93.8227,6.1773,213.0000,0
279.10,0,46.0000,0,0,92.6188,7.3812,245.0000,0
279.10,1,0.0000,0,0,100.0000,0.0000,214.0000,0
279.10,2,0.0000,0,0,98.7212,1.2788,214.0000,0
279.10,3,80.5000,0,0,97.8350,2.1650,268.0000,0
279.10,4,88.0000,0,0,87.1667,12.8333,273.0000,0
279.10,5,95.5000,0,0,94.8449,5.1551,278.0000,0
279.10,6,0.0000,0,0,97.3224,2.6776,214.0000,0
279.10,7,0.0000,0,0,86.0986,13.9014,214.0000,0
279.10,8,7.0000,0,0,93.2337,6.7663,219.0000,0
279.10,9,0.0000,0,0,93.8227,6.1773,214.0000,0
280.10,0,46.0000,0,0,92.6188,7.3812,246.0000,0
280.10,1,0.0000,0,0,100.0000,0.0000,215.0000,0
280.10,2,0.0000,0,0,98.7212,1.2788,215.0000,0
280.10,3,80.5000,0,0,97.8350,2.1650,269.0000,0
280.10,4,88.0000,0,0,87.1667,12.8333,274.0000,0
280.10,5,95.5000,0,0,94.8449,5.1551,279.0000,0
280.10,6,0.0000,0,0,97.3224,2.6776,215.0000,0
280.10,7,0.0000,0,0,86.0986,13.9014,215.0000,0
280.10,8,7.0000,0,0,93.2337,6.7663,220.0000,0
280.10,9,0.0000,0,0,93.8227,6.1773,215.0000,0
281.10,0,46.0000,0,0,92.6188,7.3812,247.0000,0
281.10,1,0.0000,0,0,100.0000,0.0000,216.0000,0
281.10,2,0.0000,0,0,98.7212,1.2788,216.0000,0
281.10,3,80.5000,0,0,97.8350,2.1650,270.0000,0
281.10,4,88.0000,0,0,87.1667,12.8333,275.0000,0
281.10,5,95.5000,0,0,94.8449,5.1551,280.0000,0
281.10,6,0.0000,0,0,97.3224,2.6776,216.0000,0
281.10,7,0.0000,0,0,86.0986,13.9014,216.0000,0
281.10,8,7.0000,0,0,93.2337,6.7663,221.0000,0
281.10,9,0.0000,0,0,93.8227,6.1773,216.0000,0
282.10,0,46.0000,0,0,92.6188,7.3812,248.0000,0
282.10,1,0.0000,0,0,100.0000,0.0000,217.0000,0
282.10,2,0.0000,0,0,98.7212,1.2788,217.0000,0
282.10,3,80.5000,0,0,97.8350,2.1650,271.0000,0
282.10,4,88.0000,0,0,87.1667,12.8333,276.0000,0
282.10,5,95.5000,0,0,94.8449,5.1551,281.0000,0
282.10,6,0.0000,0,0,97.3224,2.6776,217.0000,0
282.10,7,0.0000,0,0,86.0986,13.9014,217.0000,0
282.10,8,7.0000,0,0,93.2337,6.7663,222.0000,0
282.10,9,0.0000,0,0,93.8227,6.1773,217.0000,0
283.10,0,46.0000,0,0,92.6188,7.3812,249.0000,0
283.10,1,0.0000,0,0,100.0000,0.0000,218.0000,0
283.10,2,0.0000,0,0,98.7212,1.2788,218.0000,0
283.10,3,80.5000,0,0,97.8350,2.1650,272.0000,0
283.10,4,88.0000,0,0,87.1667,12.8333,277.0000,0
283.10,5,95.5000,0,0,94.8449,5.1551,282.0000,0
283.10,6,0.0000,0,0,97.3224,2.6776,218.0000,0
283.10,7,0.0000,0,0,86.0986,13.9014,218.0000,0
283.10,8,7.0000,0,0,93.2337,6.7663,223.0000,0
283.10,9,0.0000,0,0,93.8227,6.1773,218.0000,0
284.10,0,46.0000,0,0,92.6188,7.3812,250.0000,0
284.10,1,0.0000,0,0,100.0000,0.0000,219.0000,0
284.10,2,0.0000,0,0,98.7212,1.2788,219.0000,0
284.10,3,80.5000,0,0,97.8350,2.1650,273.0000,0
284.10,4,88.0000,0,0,87.1667,12.8333,278.0000,0
284.10,5,95.5000,0,0,94.8449,5.1551,283.0000,0
284.10,6,0.0000,0,0,97.3224,2.6776,219.0000,0
284.10,7,0.0000,0,0,86.0986,13.9014,219.0000,0
284.10,8,7.0000,0,0,93.2337,6.7663,224.0000,0
284.10,9,0.0000,0,0,93.8227,6.1773,219.0000,0
285.10,0,46.0000,0,0,92.6188,7.3812,251.0000,0
285.10,1,0.0000,0,0,100.0000,0.0000,220.0000,0
285.10,2,0.0000,0,0,98.7212,1.2788,220.0000,0
285.10,3,80.5000,0,0,97.8350,2.1650,274.0000,0
285.10,4,88.0000,0,0,87.1667,12.8333,279.0000,0
285.10,5,95.5000,0,0,94.8449,5.1551,284.0000,0
285.10,6,0.0000,0,0,97.3224,2.6776,220.0000,0
285.10,7,0.0000,0,0,86.0986,13.9014,220.0000,0
285.10,8,7.0000,0,0,93.2337,6.7663,225.0000,0
285.10,9,0.0000,0,0,93.8227,6.1773,220.0000,0
286.10,0,46.0000,0,0,92.6188,7.3812,252.0000,0
286.10,1,0.0000,0,0,100.0000,0.0000,221.0000,0
286.10,2,0.0000,0,0,98.7212,1.2788,221.0000,0
286.10,3,80.5000,0,0,97.8350,2.1650,275.0000,0
286.10,4,88.0000,0,0,87.1667,12.8333,280.0000,0
286.10,5,95.5000,0,0,94.8449,5.1551,285.0000,0
286.10,6,0.0000,0,0,97.3224,2.6776,221.0000,0
286.10,7,0.0000,0,0,86.0986,13.9014,221.0000,0
286.10,8,7.0000,0,0,93.2337,6.7663,226.0000,0
286.10,9,0.0000,0,0,93.8227,6.1773,221.0000,0
287.10,0,46.0000,0,0,92.6188,7.3812,253.0000,0
287.10,1,0.0000,0,0,100.0000,0.0000,222.0000,0
287.10,2,0.0000,0,0,98.7212,1.2788,222.0000,0
287.10,3,80.5000,0,0,97.8350,2.1650,276.0000,0
287.10,4,88.0000,0,0,87.1667,12.8333,281.0000,0
287.10,5,95.5000,0,0,94.8449,5.1551,286.0000,0
287.10,6,0.0000,0,0,97.3224,2.6776,222.0000,0
287.10,7,0.0000,0,0,86.0986,13.9014,222.0000,0
287.10,8,7.0000,0,0,93.2337,6.7663,227.0000,0
287.10,9,0.0000,0,0,93.8227,6.1773,222.0000,0
288.10,0,46.0000,0,0,92.6188,7.3812,254.0000,0
288.10,1,0.0000,0,0,100.0000,0.0000,223.0000,0
288.10,2,0.0000,0,0,98.7212,1.2788,223.0000,0
288.10,3,80.5000,0,0,97.8350,2.1650,277.0000,0
288.10,4,88.0000,0,0,87.1667,12.8333,282.0000,0
288.10,5,95.5000,0,0,94.8449,5.1551,287.0000,0
288.10,6,0.0000,0,0,97.3224,2.6776,223.0000,0
288.10,7,0.0000,0,0,86.0986,13.9014,223.0000,0
288.10,8,7.0000,0,0,93.2337,6.7663,228.0000,0
288.10,9,0.0000,0,0,93.8227,6.1773,223.0000,0
289.10,0,46.0000,0,0,92.6188,7.3812,255.0000,0
289.10,1,0.0000,0,0,100.0000,0.0000,224.0000,0
289.10,2,0.0000,0,0,98.7212,1.2788,224.0000,0
289.10,3,80.5000,0,0,97.8350,2.1650,278.0000,0
289.10,4,88.0000,0,0,87.1667,12.8333,283.0000,0
289.10,5,95.5000,0,0,94.8449,5.1551,288.0000,0
289.10,6,0.0000,0,0,97.3224,2.6776,224.0000,0
289.10,7,0.0000,0,0,86.0986,13.9014,224.0000,0
289.10,8,7.0000,0,0,93.2337,6.7663,229.0000,0
289.10,9,0.0000,0,0,93.8227,6.1773,224.0000,0
290.10,0,46.0000,0,0,92.6188,7.3812,256.0000,0
290.10,1,0.0000,0,0,100.0000,0.0000,225.0000,0
290.10,2,0.0000,0,0,98.7212,1.2788,225.0000,0
290.10,3,80.5000,0,0,97.8350,2.1650,279.0000,0
290.10,4,88.0000,0,0,87.1667,12.8333,284.0000,0
290.10,5,95.5000,0,0,94.8449,5.1551,289.0000,0
290.10,6,0.0000,0,0,97.3224,2.6776,225.0000,0
290.10,7,0.0000,0,0,86.0986,13.9014,225.0000,0
290.10,8,7.0000,0,0,93.2337,6.7663,230.0000,0
290.10,9,0.0000,0,0,93.8227,6.1773,225.0000,0
291.10,0,46.0000,0,0,92.6188,7.3812,257.0000,0
291.10,1,0.0000,0,0,100.0000,0.0000,226.0000,0
291.10,2,0.0000,0,0,98.7212,1.2788,226.0000,0
291.10,3,80.5000,0,0,97.8350,2.1650,280.0000,0
291.10,4,88.0000,0,0,87.1667,12.8333,285.0000,0
291.10,5,95.5000,0,0,94.8449,5.1551,290.0000,0
291.10,6,0.0000,0,0,97.3224,2.6776,226.0000,0
291.10,7,0.0000,0,0,86.0986,13.9014,226.0000,0
291.10,8,7.0000,0,0,93.2337,6.7663,231.0000,0
291.10,9,0.0000,0,0,93.8227,6.1773,226.0000,0
292.10,0,46.0000,0,0,92.6188,7.3812,258.0000,0
292.10,1,0.0000,0,0,100.0000,0.0000,227.0000,0
292.10,2,0.0000,0,0,98.7212,1.2788,227.0000,0
292.10,3,80.5000,0,0,97.8350,2.1650,281.0000,0
292.10,4,88.0000,0,0,87.1667,12.8333,286.0000,0
292.10,5,95.5000,0,0,94.8449,5.1551,291.0000,0
292.10,6,0.0000,0,0,97.3224,2.6776,227.0000,0
292.10,7,0.0000,0,0,86.0986,13.9014,227.0000,0
292.10,8,7.0000,0,0,93.2337,6.7663,232.0000,0
292.10,9,0.0000,0,0,93.8227,6.1773,227.0000,0
293.10,0,46.0000,0,0,92.6188,7.3812,259.0000,0
293.10,1,0.0000,0,0,100.0000,0.0000,228.0000,0
293.10,2,0.0000,0,0,98.7212,1.2788,228.0000,0
293.10,3,80.5000,0,0,97.8350,2.1650,282.0000,0
293.10,4,88.0000,0,0,87.1667,12.8333,287.0000,0
293.10,5,95.5000,0,0,94.8449,5.1551,292.0000,0
293.10,6,0.0000,0,0,97.3224,2.6776,228.0000,0
293.10,7,0.0000,0,0,86.0986,13.9014,228.0000,0
293.10,8,7.0000,0,0,93.2337,6.7663,233.0000,0
293.10,9,0.0000,0,0,93.8227,6.1773,228.0000,0
294.10,0,46.0000,0,0,92.6188,7.3812,260.0000,0
294.10,1,0.0000,0,0,100.0000,0.0000,229.0000,0
294.10,2,0.0000,0,0,98.7212,1.2788,229.0000,0
294.10,3,80.5000,0,0,97.8350,2.1650,283.0000,0
294.10,4,88.0000,0,0,87.1667,12.8333,288.0000,0
294.10,5,95.5000,0,0,94.8449,5.1551,293.0000,0
294.10,6,0.0000,0,0,97.3224,2.6776,229.0000,0
294.10,7,0.0000,0,0,86.0986,13.9014,229.0000,0
294.10,8,7.0000,0,0,93.2337,6.7663,234.0000,0
294.10,9,0.0000,0,0,93.8227,6.1773,229.0000,0
295.10,0,46.0000,0,0,92.6188,7.3812,261.0000,0
295.10,1,0.0000,0,0,100.0000,0.0000,230.0000,0
295.10,2,0.0000,0,0,98.7212,1.2788,230.0000,0
295.10,3,80.5000,0,0,97.8350,2.1650,284.0000,0
295.10,4,88.0000,0,0,87.1667,12.8333,289.0000,0
295.10,5,95.5000,0,0,94.8449,5.1551,294.0000,0
295.10,6,0.0000,0,0,97.3224,2.6776,230.0000,0
295.10,7,0.0000,0,0,86.0986,13.9014,230.0000,0
295.10,8,7.0000,0,0,93.2337,6.7663,235.0000,0
295.10,9,0.0000,0,0,93.8227,6.1773,230.0000,0
296.10,0,46.0000,0,0,92.6188,7.3812,262.0000,0
296.10,1,0.0000,0,0,100.0000,0.0000,231.0000,0
296.10,2,0.0000,0,0,98.7212,1.2788,231.0000,0
296.10,3,80.5000,0,0,97.8350,2.1650,285.0000,0
296.10,4,88.0000,0,0,87.1667,12.8333,290.0000,0
296.10,5,95.5000,0,0,94.8449,5.1551,295.0000,0
296.10,6,0.0000,0,0,97.3224,2.6776,231.0000,0
296.10,7,0.0000,0,0,86.0986,13.9014,231.0000,0
296.10,8,7.0000,0,0,93.2337,6.7663,236.0000,0
296.10,9,0.0000,0,0,93.8227,6.1773,231.0000,0
297.10,0,46.0000,0,0,92.6188,7.3812,263.0000,0
297.10,1,0.0000,0,0,100.0000,0.0000,232.0000,0
297.10,2,0.0000,0,0,98.7212,1.2788,232.0000,0
297.10,3,80.5000,0,0,97.8350,2.1650,286.0000,0
297.10,4,88.0000,0,0,87.1667,12.8333,291.0000,0
297.10,5,95.5000,0,0,94.8449,5.1551,296.0000,0
297.10,6,0.0000,0,0,97.3224,2.6776,232.0000,0
297.10,7,0.0000,0,0,86.0986,13.9014,232.0000,0
297.10,8,7.0000,0,0,93.2337,6.7663,237.0000,0
297.10,9,0.0000,0,0,93.8227,6.1773,232.0000,0
298.10,0,46.0000,0,0,92.6188,7.3812,264.0000,0
298.10,1,0.0000,0,0,100.0000,0.0000,233.0000,0
298.10,2,0.0000,0,0,98.7212,1.2788,233.0000,0
298.10,3,80.5000,0,0,97.8350,2.1650,287.0000,0
298.10,4,88.0000,0,0,87.1667,12.8333,292.0000,0
298.10,5,95.5000,0,0,94.8449,5.1551,297.0000,0
298.10,6,0.0000,0,0,97.3224,2.6776,233.0000,0
298.10,7,0.0000,0,0,86.0986,13.9014,233.0000,0
298.10,8,7.0000,0,0,93.2337,6.7663,238.0000,0
298.10,9,0.0000,0,0,93.8227,6.1773,233.0000,0
299.10,0,46.0000,0,0,92.6188,7.3812,265.0000,0
299.10,1,0.0000,0,0,100.0000,0.0000,234.0000,0
299.10,2,0.0000,0,0,98.7212,1.2788,234.0000,0
299.10,3,80.5000,0,0,97.8350,2.1650,288.0000,0
299.10,4,88.0000,0,0,87.1667,12.8333,293.0000,0
299.10,5,95.5000,0,0,94.8449,5.1551,298.0000,0
299.10,6,0.0000,0,0,97.3224,2.6776,234.0000,0
299.10,7,0.0000,0,0,86.0986,13.9014,234.0000,0
299.10,8,7.0000,0,0,93.2337,6.7663,239.0000,0
299.10,9,0.0000,0,0,93.8227,6.1773,234.0000,0
300.10,0,46.0000,0,0,92.6188,7.3812,266.0000,0
300.10,1,0.0000,0,0,100.0000,0.0000,235.0000,0
300.10,2,0.0000,0,0,98.7212,1.2788,235.0000,0
300.10,3,80.5000,0,0,97.8350,2.1650,289.0000,0
300.10,4,88.0000,0,0,87.1667,12.8333,294.0000,0
300.10,5,95.5000,0,0,94.8449,5.1551,299.0000,0
300.10,6,0.0000,0,0,97.3224,2.6776,235.0000,0
300.10,7,0.0000,0,0,86.0986,13.9014,235.0000,0
300.10,8,7.0000,0,0,93.2337,6.7663,240.0000,0
300.10,9,0.0000,0,0,93.8227,6.1773,235.0000,0
301.10,0,46.0000,0,0,92.6188,7.3812,267.0000,0
301.10,1,0.0000,0,0,100.0000,0.0000,236.0000,0
301.10,2,0.0000,0,0,98.7212,1.2788,236.0000,0
301.10,3,80.5000,0,0,97.8350,2.1650,290.0000,0
301.10,4,88.0000,0,0,87.1667,12.8333,295.0000,0
301.10,5,95.5000,0,0,94.8449,5.1551,300.0000,0
301.10,6,0.0000,0,0,97.3224,2.6776,236.0000,0
301.10,7,0.0000,0,0,86.0986,13.9014,236.0000,0
301.10,8,7.0000,0,0,93.2337,6.7663,241.0000,0
301.10,9,0.0000,0,0,93.8227,6.1773,236.0000,0
302.10,0,46.0000,0,0,92.6188,7.3812,268.0000,0
302.10,1,0.0000,0,0,100.0000,0.0000,237.0000,0
302.10,2,0.0000,0,0,98.7212,1.2788,237.0000,0
302.10,3,80.5000,0,0,97.8350,2.1650,291.0000,0
302.10,4,88.0000,0,0,87.1667,12.8333,296.0000,0
302.10,5,95.5000,0,0,94.8449,5.1551,301.0000,0
302.10,6,0.0000,0,0,97.3224,2.6776,237.0000,0
302.10,7,0.0000,0,0,86.0986,13.9014,237.0000,0
302.10,8,7.0000,0,0,93.2337,6.7663,242.0000,0
302.10,9,0.0000,0,0,93.8227,6.1773,237.0000,0
303.10,0,46.0000,0,0,92.6188,7.3812,269.0000,0
303.10,1,0.0000,0,0,100.0000,0.0000,238.0000,0
303.10,2,0.0000,0,0,98.7212,1.2788,238.0000,0
303.10,3,80.5000,0,0,97.8350,2.1650,292.0000,0
303.10,4,88.0000,0,0,87.1667,12.8333,297.0000,0
303.10,5,95.5000,0,0,94.8449,5.1551,302.0000,0
303.10,6,0.0000,0,0,97.3224,2.6776,238.0000,0
303.10,7,0.0000,0,0,86.0986,13.9014,238.0000,0
303.10,8,7.0000,0,0,93.2337,6.7663,243.0000,0
303.10,9,0.0000,0,0,93.8227,6.1773,238.0000,0
304.10,0,46.0000,0,0,92.6188,7.3812,270.0000,0
304.10,1,0.0000,0,0,100.0000,0.0000,239.0000,0
304.10,2,0.0000,0,0,98.7212,1.2788,239.0000,0
304.10,3,80.5000,0,0,97.8350,2.1650,293.0000,0
304.10,4,88.0000,0,0,87.1667,12.8333,298.0000,0
304.10,5,95.5000,0,0,94.8449,5.1551,303.0000,0
304.10,6,0.0000,0,0,97.3224,2.6776,239.0000,0
304.10,7,0.0000,0,0,86.0986,13.9014,239.0000,0
304.10,8,7.0000,0,0,93.2337,6.7663,244.0000,0
304.10,9,0.0000,0,0,93.8227,6.1773,239.0000,0
305.10,0,46.0000,0,0,92.6188,7.3812,271.0000,0
305.10,1,0.0000,0,0,100.0000,0.0000,240.0000,0
305.10,2,0.0000,0,0,98.7212,1.2788,240.0000,0
305.10,3,80.5000,0,0,97.8350,2.1650,294.0000,0
305.10,4,88.0000,0,0,87.1667,12.8333,299.0000,0
305.10,5,95.5000,0,0,94.8449,5.1551,304.0000,0
305.10,6,0.0000,0,0,97.3224,2.6776,240.0000,0
305.10,7,0.0000,0,0,86.0986,13.9014,240.0000,0
305.10,8,7.0000,0,0,93.2337,6.7663,245.0000,0
305.10,9,0.0000,0,0,93.8227,6.1773,240.0000,0
306.10,0,46.0000,0,0,92.6188,7.3812,272.0000,0
306.10,1,0.0000,0,0,100.0000,0.0000,241.0000,0
306.10,2,0.0000,0,0,98.7212,1.2788,241.0000,0
306.10,3,80.5000,0,0,97.8350,2.1650,295.0000,0
306.10,4,88.0000,0,0,87.1667,12.8333,300.0000,0
306.10,5,95.5000,0,0,94.8449,5.1551,305.0000,0
306.10,6,0.0000,0,0,97.3224,2.6776,241.0000,0
306.10,7,0.0000,0,0,86.0986,13.9014,241.0000,0
306.10,8,7.0000,0,0,93.2337,6.7663,246.0000,0
306.10,9,0.0000,0,0,93.8227,6.1773,241.0000,0
307.10,0,46.0000,0,0,92.6188,7.3812,273.0000,0
307.10,1,0.0000,0,0,100.0000,0.0000,242.0000,0
307.10,2,0.0000,0,0,98.7212,1.2788,242.0000,0
307.10,3,80.5000,0,0,97.8350,2.1650,296.0000,0
307.10,4,88.0000,0,0,87.1667,12.8333,301.0000,0
307.10,5,95.5000,0,0,94.8449,5.1551,306.0000,0
307.10,6,0.0000,0,0,97.3224,2.6776,242.0000,0
307.10,7,0.0000,0,0,86.0986,13.9014,242.0000,0
307.10,8,7.0000,0,0,93.2337,6.7663,247.0000,0
307.10,9,0.0000,0,0,93.8227,6.1773,242.0000,0
308.10,0,46.0000,0,0,92.6188,7.3812,274.0000,0
308.10,1,0.0000,0,0,100.0000,0.0000,243.0000,0
308.10,2,0.0000,0,0,98.7212,1.2788,243.0000,0
308.10,3,80.5000,0,0,97.8350,2.1650,297.0000,0
308.10,4,88.0000,0,0,87.1667,12.8333,302.0000,0
308.10,5,95.5000,0,0,94.8449,5.1551,307.0000,0
308.10,6,0.0000,0,0,97.3224,2.6776,243.0000,0
308.10,7,0.0000,0,0,86.0986,13.9014,243.0000,0
308.10,8,7.0000,0,0,93.2337,6.7663,248.0000,0
308.10,9,0.0000,0,0,93.8227,6.1773,243.0000,0
309.10,0,46.0000,0,0,92.6188,7.3812,275.0000,0
309.10,1,0.0000,0,0,100.0000,0.0000,244.0000,0
309.10,2,0.0000,0,0,98.7212,1.2788,244.0000,0
309.10,3,80.5000,0,0,97.8350,2.1650,298.0000,0
309.10,4,88.0000,0,0,87.1667,12.8333,303.0000,0
309.10,5,95.5000,0,0,94.8449,5.1551,308.0000,0
309.10,6,0.0000,0,0,97.3224,2.6776,244.0000,0
309.10,7,0.0000,0,0,86.0986,13.9014,244.0000,0
309.10,8,7.0000,0,0,93.2337,6.7663,249.0000,0
309.10,9,0.0000,0,0,93.8227,6.1773,244.0000,0
310.10,0,46.0000,0,0,92.6188,7.3812,276.0000,0
310.10,1,0.0000,0,0,100.0000,0.0000,245.0000,0
310.10,2,0.0000,0,0,98.7212,1.2788,245.0000,0
310.10,3,80.5000,0,0,97.8350,2.1650,299.0000,0
310.10,4,88.0000,0,0,87.1667,12.8333,304.0000,0
310.10,5,95.5000,0,0,94.8449,5.1551,309.0000,0
310.10,6,0.0000,0,0,97.3224,2.6776,245.0000,0
310.10,7,0.0000,0,0,86.0986,13.9014,245.0000,0
310.10,8,7.0000,0,0,93.2337,6.7663,250.0000,0
310.10,9,0.0000,0,0,93.8227,6.1773,245.0000,0
311.10,0,46.0000,0,0,92.6188,7.3812,277.0000,0
311.10,1,0.0000,0,0,100.0000,0.0000,246.0000,0
311.10,2,0.0000,0,0,98.7212,1.2788,246.0000,0
311.10,3,80.5000,0,0,97.8350,2.1650,300.0000,0
311.10,4,88.0000,0,0,87.1667,12.8333,305.0000,0
311.10,5,95.5000,0,0,94.8449,5.1551,310.0000,0
311.10,6,0.0000,0,0,97.3224,2.6776,246.0000,0
311.10,7,0.0000,0,0,86.0986,13.9014,246.0000,0
311.10,8,7.0000,0,0,93.2337,6.7663,251.0000,0
311.10,9,0.0000,0,0,93.8227,6.1773,246.0000,0
312.10,0,46.0000,0,0,92.6188,7.3812,278.0000,0
312.10,1,0.0000,0,0,100.0000,0.0000,247.0000,0
312.10,2,0.0000,0,0,98.7212,1.2788,247.0000,0
312.10,3,80.5000,0,0,97.8350,2.1650,301.0000,0
312.10,4,88.0000,0,0,87.1667,12.8333,306.0000,0
312.10,5,95.5000,0,0,94.8449,5.1551,311.0000,0
312.10,6,0.0000,0,0,97.3224,2.6776,247.0000,0
312.10,7,0.0000,0,0,86.0986,13.9014,247.0000,0
312.10,8,7.0000,0,0,93.2337,6.7663,252.0000,0
312.10,9,0.0000,0,0,93.8227,6.1773,247.0000,0
313.10,0,46.0000,0,0,92.6188,7.3812,279.0000,0
313.10,1,0.0000,0,0,100.0000,0.0000,248.0000,0
313.10,2,0.0000,0,0,98.7212,1.2788,248.0000,0
313.10,3,80.5000,0,0,97.8350,2.1650,302.0000,0
313.10,4,88.0000,0,0,87.1667,12.8333,307.0000,0
313.10,5,95.5000,0,0,94.8449,5.1551,312.0000,0
313.10,6,0.0000,0,0,97.3224,2.6776,248.0000,0
313.10,7,0.0000,0,0,86.0986,13.9014,248.0000,0
313.10,8,7.0000,0,0,93.2337,6.7663,253.0000,0
313.10,9,0.0000,0,0,93.8227,6.1773,248.0000,0
314.10,0,46.0000,0,0,92.6188,7.3812,280.0000,0
314.10,1,0.0000,0,0,100.0000,0.0000,249.0000,0
314.10,2,0.0000,0,0,98.7212,1.2788,249.0000,0
314.10,3,80.5000,0,0,97.8350,2.1650,303.0000,0
314.10,4,88.0000,0,0,87.1667,12.8333,308.0000,0
314.10,5,95.5000,0,0,94.8449,5.1551,313.0000,0
314.10,6,0.0000,0,0,97.3224,2.6776,249.0000,0
314.10,7,0.0000,0,0,86.0986,13.9014,249.0000,0
314.10,8,7.0000,0,0,93.2337,6.7663,254.0000,0
314.10,9,0.0000,0,0,93.8227,6.1773,249.0000,0
315.10,0,46.0000,0,0,92.6188,7.3812,281.0000,0
315.10,1,0.0000,0,0,100.0000,0.0000,250.0000,0
315.10,2,0.0000,0,0,98.7212,1.2788,250.0000,0
315.10,3,80.5000,0,0,97.8350,2.1650,304.0000,0
315.10,4,88.0000,0,0,87.1667,12.8333,309.0000,0
315.10,5,95.5000,0,0,94.8449,5.1551,314.0000,0
315.10,6,0.0000,0,0,97.3224,2.6776,250.0000,0
315.10,7,0.0000,0,0,86.0986,13.9014,250.0000,0
315.10,8,7.0000,0,0,93.2337,6.7663,255.0000,0
315.10,9,0.0000,0,0,93.8227,6.1773,250.0000,0
316.10,0,46.0000,0,0,92.6188,7.3812,282.0000,0
316.10,1,0.0000,0,0,100.0000,0.0000,251.0000,0
316.10,2,0.0000,0,0,98.7212,1.2788,251.0000,0
316.10,3,80.5000,0,0,97.8350,2.1650,305.0000,0
316.10,4,88.0000,0,0,87.1667,12.8333,310.0000,0
316.10,5,95.5000,0,0,94.8449,5.1551,315.0000,0
316.10,6,0.0000,0,0,97.3224,2.6776,251.0000,0
316.10,7,0.0000,0,0,86.0986,13.9014,251.0000,0
316.10,8,7.0000,0,0,93.2337,6.7663,256.0000,0
316.10,9,0.0000,0,0,93.8227,6.1773,251.0000,0
317.10,0,46.0000,0,0,92.6188,7.3812,283.0000,0
317.10,1,0.0000,0,0,100.0000,0.0000,252.0000,0
317.10,2,0.0000,0,0,98.7212,1.2788,252.0000,0
317.10,3,80.5000,0,0,97.8350,2.1650,306.0000,0
317.10,4,88.0000,0,0,87.1667,12.8333,311.0000,0
317.10,5,95.5000,0,0,94.8449,5.1551,316.0000,0
317.10,6,0.0000,0,0,97.3224,2.6776,252.0000,0
317.10,7,0.0000,0,0,86.0986,13.9014,252.0000,0
317.10,8,7.0000,0,0,93.2337,6.7663,257.0000,0
317.10,9,0.0000,0,0,93.8227,6.1773,252.0000,0
318.10,0,46.0000,0,0,92.6188,7.3812,284.0000,0
318.10,1,0.0000,0,0,100.0000,0.0000,253.0000,0
318.10,2,0.0000,0,0,98.7212,1.2788,253.0000,0
318.10,3,80.5000,0,0,97.8350,2.1650,307.0000,0
318.10,4,88.0000,0,0,87.1667,12.8333,312.0000,0
318.10,5,95.5000,0,0,94.8449,5.1551,317.0000,0
318.10,6,0.0000,0,0,97.3224,2.6776,253.0000,0
318.10,7,0.0000,0,0,86.0986,13.9014,253.0000,0
318.10,8,7.0000,0,0,93.2337,6.7663,258.0000,0
318.10,9,0.0000,0,0,93.8227,6.1773,253.0000,0
319.10,0,46.0000,0,0,92.6188,7.3812,285.0000,0
319.10,1,0.0000,0,0,100.0000,0.0000,254.0000,0
319.10,2,0.0000,0,0,98.7212,1.2788,254.0000,0
319.10,3,80.5000,0,0,97.8350,2.1650,308.0000,0
319.10,4,88.0000,0,0,87.1667,12.8333,313.0000,0
319.10,5,95.5000,0,0,94.8449,5.1551,318.0000,0
319.10,6,0.0000,0,0,97.3224,2.6776,254.0000,0
319.10,7,0.0000,0,0,86.0986,13.9014,254.0000,0
319.10,8,7.0000,0,0,93.2337,6.7663,259.0000,0
319.10,9,0.0000,0,0,93.8227,6.1773,254.0000,0
320.10,0,46.0000,0,0,92.6188,7.3812,286.0000,0
320.10,1,0.0000,0,0,100.0000,0.0000,255.0000,0
320.10,2,0.0000,0,0,98.7212,1.2788,255.0000,0
320.10,3,80.5000,0,0,97.8350,2.1650,309.0000,0
320.10,4,88.0000,0,0,87.1667,12.8333,314.0000,0
320.10,5,95.5000,0,0,94.8449,5.1551,319.0000,0
320.10,6,0.0000,0,0,97.3224,2.6776,255.0000,0
320.10,7,0.0000,0,0,86.0986,13.9014,255.0000,0
320.10,8,7.0000,0,0,93.2337,6.7663,260.0000,0
320.10,9,0.0000,0,0,93.8227,6.1773,255.0000,0
321.10,0,46.0000,0,0,92.6188,7.3812,287.0000,0
321.10,1,0.0000,0,0,100.0000,0.0000,256.0000,0
321.10,2,0.0000,0,0,98.7212,1.2788,256.0000,0
321.10,3,80.5000,0,0,97.8350,2.1650,310.0000,0
321.10,4,88.0000,0,0,87.1667,12.8333,315.0000,0
321.10,5,95.5000,0,0,94.8449,5.1551,320.0000,0
321.10,6,0.0000,0,0,97.3224,2.6776,256.0000,0
321.10,7,0.0000,0,0,86.0986,13.9014,256.0000,0
321.10,8,7.0000,0,0,93.2337,6.7663,261.0000,0
321.10,9,0.0000,0,0,93.8227,6.1773,256.0000,0
322.10,0,46.0000,0,0,92.6188,7.3812,288.0000,0
322.10,1,0.0000,0,0,100.0000,0.0000,257.0000,0
322.10,2,0.0000,0,0,98.7212,1.2788,257.0000,0
322.10,3,80.5000,0,0,97.8350,2.1650,311.0000,0
322.10,4,88.0000,0,0,87.1667,12.8333,316.0000,0
322.10,5,95.5000,0,0,94.8449,5.1551,321.0000,0
322.10,6,0.0000,0,0,97.3224,2.6776,257.0000,0
322.10,7,0.0000,0,0,86.0986,13.9014,257.0000,0
322.10,8,7.0000,0,0,93.2337,6.7663,262.0000,0
322.10,9,0.0000,0,0,93.8227,6.1773,257.0000,0
323.10,0,46.0000,0,0,92.6188,7.3812,289.0000,0
323.10,1,0.0000,0,0,100.0000,0.0000,258.0000,0
323.10,2,0.0000,0,0,98.7212,1.2788,258.0000,0
323.10,3,80.5000,0,0,97.8350,2.1650,312.0000,0
323.10,4,88.0000,0,0,87.1667,12.8333,317.0000,0
323.10,5,95.5000,0,0,94.8449,5.1551,322.0000,0
323.10,6,0.0000,0,0,97.3224,2.6776,258.0000,0
323.10,7,0.0000,0,0,86.0986,13.9014,258.0000,0
323.10,8,7.0000,0,0,93.2337,6.7663,263.0000,0
323.10,9,0.0000,0,0,93.8227,6.1773,258.0000,0
324.10,0,46.0000,0,0,92.6188,7.3812,290.0000,0
324.10,1,0.0000,0,0,100.0000,0.0000,259.0000,0
324.10,2,0.0000,0,0,98.7212,1.2788,259.0000,0
324.10,3,80.5000,0,0,97.8350,2.1650,313.0000,0
324.10,4,88.0000,0,0,87.1667,12.8333,318.0000,0
324.10,5,95.5000,0,0,94.8449,5.1551,323.0000,0
324.10,6,0.0000,0,0,97.3224,2.6776,259.0000,0
324.10,7,0.0000,0,0,86.0986,13.9014,259.0000,0
324.10,8,7.0000,0,0,93.2337,6.7663,264.0000,0
324.10,9,0.0000,0,0,93.8227,6.1773,259.0000,0
325.10,0,46.0000,0,0,92.6188,7.3812,291.0000,0
325.10,1,0.0000,0,0,100.0000,0.0000,260.0000,0
325.10,2,0.0000,0,0,98.7212,1.2788,260.0000,0
325.10,3,80.5000,0,0,97.8350,2.1650,314.0000,0
325.10,4,88.0000,0,0,87.1667,12.8333,319.0000,0
325.10,5,95.5000,0,0,94.8449,5.1551,324.0000,0
325.10,6,0.0000,0,0,97.3224,2.6776,260.0000,0
325.10,7,0.0000,0,0,86.0986,13.9014,260.0000,0
325.10,8,7.0000,0,0,93.2337,6.7663,265.0000,0
325.10,9,0.0000,0,0,93.8227,6.1773,260.0000,0
326.10,0,46.0000,0,0,92.6188,7.3812,292.0000,0
326.10,1,0.0000,0,0,100.0000,0.0000,261.0000,0
326.10,2,0.0000,0,0,98.7212,1.2788,261.0000,0
326.10,3,80.5000,0,0,97.8350,2.1650,315.0000,0
326.10,4,88.0000,0,0,87.1667,12.8333,320.0000,0
326.10,5,95.5000,0,0,94.8449,5.1551,325.0000,0
326.10,6,0.0000,0,0,97.3224,2.6776,261.0000,0
326.10,7,0.0000,0,0,86.0986,13.9014,261.0000,0
326.10,8,7.0000,0,0,93.2337,6.7663,266.0000,0
326.10,9,0.0000,0,0,93.8227,6.1773,261.0000,0
327.10,0,46.0000,0,0,92.6188,7.3812,293.0000,0
327.10,1,0.0000,0,0,100.0000,0.0000,262.0000,0
327.10,2,0.0000,0,0,98.7212,1.2788,262.0000,0
327.10,3,80.5000,0,0,97.8350,2.1650,316.0000,0
327.10,4,88.0000,0,0,87.1667,12.8333,321.0000,0
327.10,5,95.5000,0,0,94.8449,5.1551,326.0000,0
327.10,6,0.0000,0,0,97.3224,2.6776,262.0000,0
327.10,7,0.0000,0,0,86.0986,13.9014,262.0000,0
327.10,8,7.0000,0,0,93.2337,6.7663,267.0000,0
327.10,9,0.0000,0,0,93.8227,6.1773,262.0000,0
328.10,0,46.0000,0,0,92.6188,7.3812,294.0000,0
328.10,1,0.0000,0,0,100.0000,0.0000,263.0000,0
328.10,2,0.0000,0,0,98.7212,1.2788,263.0000,0
328.10,3,80.5000,0,0,97.8350,2.1650,317.0000,0
328.10,4,88.0000,0,0,87.1667,12.8333,322.0000,0
328.10,5,95.5000,0,0,94.8449,5.1551,327.0000,0
328.10,6,0.0000,0,0,97.3224,2.6776,263.0000,0
328.10,7,0.0000,0,0,86.0986,13.9014,263.0000,0
328.10,8,7.0000,0,0,93.2337,6.7663,268.0000,0
328.10,9,0.0000,0,0,93.8227,6.1773,263.0000,0
329.10,0,46.0000,0,0,92.6188,7.3812,295.0000,0
329.10,1,0.0000,0,0,100.0000,0.0000,264.0000,0
329.10,2,0.0000,0,0,98.7212,1.2788,264.0000,0
329.10,3,80.5000,0,0,97.8350,2.1650,318.0000,0
329.10,4,88.0000,0,0,87.1667,12.8333,323.0000,0
329.10,5,95.5000,0,0,94.8449,5.1551,328.0000,0
329.10,6,0.0000,0,0,97.3224,2.6776,264.0000,0
329.10,7,0.0000,0,0,86.0986,13.9014,264.0000,0
329.10,8,7.0000,0,0,93.2337,6.7663,269.0000,0
329.10,9,0.0000,0,0,93.8227,6.1773,264.0000,0
330.10,0,46.0000,0,0,92.6188,7.3812,296.0000,0
330.10,1,0.0000,0,0,100.0000,0.0000,265.0000,0
330.10,2,0.0000,0,0,98.7212,1.2788,265.0000,0
330.10,3,80.5000,0,0,97.8350,2.1650,319.0000,0
330.10,4,88.0000,0,0,87.1667,12.8333,324.0000,0
330.10,5,95.5000,0,0,94.8449,5.1551,329.0000,0
330.10,6,0.0000,0,0,97.3224,2.6776,265.0000,0
330.10,7,0.0000,0,0,86.0986,13.9014,265.0000,0
330.10,8,7.0000,0,0,93.2337,6.7663,270.0000,0
330.10,9,0.0000,0,0,93.8227,6.1773,265.0000,0
331.10,0,46.0000,0,0,92.6188,7.3812,297.0000,0
331.10,1,0.0000,0,0,100.0000,0.0000,266.0000,0
331.10,2,0.0000,0,0,98.7212,1.2788,266.0000,0
331.10,3,80.5000,0,0,97.8350,2.1650,320.0000,0
331.10,4,88.0000,0,0,87.1667,12.8333,325.0000,0
331.10,5,95.5000,0,0,94.8449,5.1551,330.0000,0
331.10,6,0.0000,0,0,97.3224,2.6776,266.0000,0
331.10,7,0.0000,0,0,86.0986,13.9014,266.0000,0
331.10,8,7.0000,0,0,93.2337,6.7663,271.0000,0
331.10,9,0.0000,0,0,93.8227,6.1773,266.0000,0
332.10,0,46.0000,0,0,92.6188,7.3812,298.0000,0
332.10,1,0.0000,0,0,100.0000,0.0000,267.0000,0
332.10,2,0.0000,0,0,98.7212,1.2788,267.0000,0
332.10,3,80.5000,0,0,97.8350,2.1650,321.0000,0
332.10,4,88.0000,0,0,87.1667,12.8333,326.0000,0
332.10,5,95.5000,0,0,94.8449,5.1551,331.0000,0
332.10,6,0.0000,0,0,97.3224,2.6776,267.0000,0
332.10,7,0.0000,0,0,86.0986,13.9014,267.0000,0
332.10,8,7.0000,0,0,93.2337,6.7663,272.0000,0
332.10,9,0.0000,0,0,93.8227,6.1773,267.0000,0
333.10,0,46.0000,0,0,92.6188,7.3812,299.0000,0
333.10,1,0.0000,0,0,100.0000,0.0000,268.0000,0
333.10,2,0.0000,0,0,98.7212,1.2788,268.0000,0
333.10,3,80.5000,0,0,97.8350,2.1650,322.0000,0
333.10,4,88.0000,0,0,87.1667,12.8333,327.0000,0
333.10,5,95.5000,0,0,94.8449,5.1551,332.0000,0
333.10,6,0.0000,0,0,97.3224,2.6776,268.0000,0
333.10,7,0.0000,0,0,86.0986,13.9014,268.0000,0
333.10,8,7.0000,0,0,93.2337,6.7663,273.0000,0
333.10,9,0.0000,0,0,93.8227,6.1773,268.0000,0
334.10,0,46.0000,0,0,92.6188,7.3812,300.0000,0
334.10,1,0.0000,0,0,100.0000,0.0000,269.0000,0
334.10,2,0.0000,0,0,98.7212,1.2788,269.0000,0
334.10,3,80.5000,0,0,97.8350,2.1650,323.0000,0
334.10,4,88.0000,0,0,87.1667,12.8333,328.0000,0
334.10,5,95.5000,0,0,94.8449,5.1551,333.0000,0
334.10,6,0.0000,0,0,97.3224,2.6776,269.0000,0
334.10,7,0.0000,0,0,86.0986,13.9014,269.0000,0
334.10,8,7.0000,0,0,93.2337,6.7663,274.0000,0
334.10,9,0.0000,0,0,93.8227,6.1773,269.0000,0
335.10,0,46.0000,0,0,92.6188,7.3812,301.0000,0
335.10,1,0.0000,0,0,100.0000,0.0000,270.0000,0
335.10,2,0.0000,0,0,98.7212,1.2788,270.0000,0
335.10,3,80.5000,0,0,97.8350,2.1650,324.0000,0
335.10,4,88.0000,0,0,87.1667,12.8333,329.0000,0
335.10,5,95.5000,0,0,94.8449,5.1551,334.0000,0
335.10,6,0.0000,0,0,97.3224,2.6776,270.0000,0
335.10,7,0.0000,0,0,86.0986,13.9014,270.0000,0
335.10,8,7.0000,0,0,93.2337,6.7663,275.0000,0
335.10,9,0.0000,0,0,93.8227,6.1773,270.0000,0
336.10,0,46.0000,0,0,92.6188,7.3812,302.0000,0
336.10,1,0.0000,0,0,100.0000,0.0000,271.0000,0
336.10,2,0.0000,0,0,98.7212,1.2788,271.0000,0
336.10,3,80.5000,0,0,97.8350,2.1650,325.0000,0
336.10,4,88.0000,0,0,87.1667,12.8333,330.0000,0
336.10,5,95.5000,0,0,94.8449,5.1551,335.0000,0
336.10,6,0.0000,0,0,97.3224,2.6776,271.0000,0
336.10,7,0.0000,0,0,86.0986,13.9014,271.0000,0
336.10,8,7.0000,0,0,93.2337,6.7663,276.0000,0
336.10,9,0.0000,0,0,93.8227,6.1773,271.0000,0
337.10,0,46.0000,0,0,92.6188,7.3812,303.0000,0
337.10,1,0.0000,0,0,100.0000,0.0000,272.0000,0
337.10,2,0.0000,0,0,98.7212,1.2788,272.0000,0
337.10,3,80.5000,0,0,97.8350,2.1650,326.0000,0
337.10,4,88.0000,0,0,87.1667,12.8333,331.0000,0
337.10,5,95.5000,0,0,94.8449,5.1551,336.0000,0
337.10,6,0.0000,0,0,97.3224,2.6776,272.0000,0
337.10,7,0.0000,0,0,86.0986,13.9014,272.0000,0
337.10,8,7.0000,0,0,93.2337,6.7663,277.0000,0
337.10,9,0.0000,0,0,93.8227,6.1773,272.0000,0
338.10,0,46.0000,0,0,92.6188,7.3812,304.0000,0
338.10,1,0.0000,0,0,100.0000,0.0000,273.0000,0
338.10,2,0.0000,0,0,98.7212,1.2788,273.0000,0
338.10,3,80.5000,0,0,97.8350,2.1650,327.0000,0
338.10,4,88.0000,0,0,87.1667,12.8333,332.0000,0
338.10,5,95.5000,0,0,94.8449,5.1551,337.0000,0
338.10,6,0.0000,0,0,97.3224,2.6776,273.0000,0
338.10,7,0.0000,0,0,86.0986,13.9014,273.0000,0
338.10,8,7.0000,0,0,93.2337,6.7663,278.0000,0
338.10,9,0.0000,0,0,93.8227,6.1773,273.0000,0
339.10,0,46.0000,0,0,92.6188,7.3812,305.0000,0
339.10,1,0.0000,0,0,100.0000,0.0000,274.0000,0
339.10,2,0.0000,0,0,98.7212,1.2788,274.0000,0
339.10,3,80.5000,0,0,97.8350,2.1650,328.0000,0
339.10,4,88.0000,0,0,87.1667,12.8333,333.0000,0
339.10,5,95.5000,0,0,94.8449,5.1551,338.0000,0
339.10,6,0.0000,0,0,97.3224,2.6776,274.0000,0
339.10,7,0.0000,0,0,86.0986,13.9014,274.0000,0
339.10,8,7.0000,0,0,93.2337,6.7663,279.0000,0
339.10,9,0.0000,0,0,93.8227,6.1773,274.0000,0
340.10,0,46.0000,0,0,92.6188,7.3812,306.0000,0
340.10,1,0.0000,0,0,100.0000,0.0000,275.0000,0
340.10,2,0.0000,0,0,98.7212,1.2788,275.0000,0
340.10,3,80.5000,0,0,97.8350,2.1650,329.0000,0
340.10,4,88.0000,0,0,87.1667,12.8333,334.0000,0
340.10,5,95.5000,0,0,94.8449,5.1551,339.0000,0
340.10,6,0.0000,0,0,97.3224,2.6776,275.0000,0
340.10,7,0.0000,0,0,86.0986,13.9014,275.0000,0
340.10,8,7.0000,0,0,93.2337,6.7663,280.0000,0
340.10,9,0.0000,0,0,93.8227,6.1773,275.0000,0
341.10,0,46.0000,0,0,92.6188,7.3812,307.0000,0
341.10,1,0.0000,0,0,100.0000,0.0000,276.0000,0
341.10,2,0.0000,0,0,98.7212,1.2788,276.0000,0
341.10,3,80.5000,0,0,97.8350,2.1650,330.0000,0
341.10,4,88.0000,0,0,87.1667,12.8333,335.0000,0
341.10,5,95.5000,0,0,94.8449,5.1551,340.0000,0
341.10,6,0.0000,0,0,97.3224,2.6776,276.0000,0
341.10,7,0.0000,0,0,86.0986,13.9014,276.0000,0
341.10,8,7.0000,0,0,93.2337,6.7663,281.0000,0
341.10,9,0.0000,0,0,93.8227,6.1773,276.0000,0
342.10,0,46.0000,0,0,92.6188,7.3812,308.0000,0
342.10,1,0.0000,0,0,100.0000,0.0000,277.0000,0
342.10,2,0.0000,0,0,98.7212,1.2788,277.0000,0
342.10,3,80.5000,0,0,97.8350,2.1650,331.0000,0
342.10,4,88.0000,0,0,87.1667,12.8333,336.0000,0
342.10,5,95.5000,0,0,94.8449,5.1551,341.0000,0
342.10,6,0.0000,0,0,97.3224,2.6776,277.0000,0
342.10,7,0.0000,0,0,86.0986,13.9014,277.0000,0
342.10,8,7.0000,0,0,93.2337,6.7663,282.0000,0
342.10,9,0.0000,0,0,93.8227,6.1773,277.0000,0
343.10,0,46.0000,0,0,92.6188,7.3812,309.0000,0
343.10,1,0.0000,0,0,100.0000,0.0000,278.0000,0
343.10,2,0.0000,0,0,98.7212,1.2788,278.0000,0
343.10,3,80.5000,0,0,97.8350,2.1650,332.0000,0
343.10,4,88.0000,0,0,87.1667,12.8333,337.0000,0
343.10,5,95.5000,0,0,94.8449,5.1551,342.0000,0
343.10,6,0.0000,0,0,97.3224,2.6776,278.0000,0
343.10,7,0.0000,0,0,86.0986,13.9014,278.0000,0
343.10,8,7.0000,0,0,93.2337,6.7663,283.0000,0
343.10,9,0.0000,0,0,93.8227,6.1773,278.0000,0
344.10,0,46.0000,0,0,92.6188,7.3812,310.0000,0
344.10,1,0.0000,0,0,100.0000,0.0000,279.0000,0
344.10,2,0.0000,0,0,98.7212,1.2788,279.0000,0
344.10,3,80.5000,0,0,97.8350,2.1650,333.0000,0
344.10,4,88.0000,0,0,87.1667,12.8333,338.0000,0
344.10,5,95.5000,0,0,94.8449,5.1551,343.0000,0
344.10,6,0.0000,0,0,97.3224,2.6776,279.0000,0
344.10,7,0.0000,0,0,86.0986,13.9014,279.0000,0
344.10,8,7.0000,0,0,93.2337,6.7663,284.0000,0
344.10,9,0.0000,0,0,93.8227,6.1773,279.0000,0
345.10,0,46.0000,0,0,92.6188,7.3812,311.0000,0
345.10,1,0.0000,0,0,100.0000,0.0000,280.0000,0
345.10,2,0.0000,0,0,98.7212,1.2788,280.0000,0
345.10,3,80.5000,0,0,97.8350,2.1650,334.0000,0
345.10,4,88.0000,0,0,87.1667,12.8333,339.0000,0
345.10,5,95.5000,0,0,94.8449,5.1551,344.0000,0
345.10,6,0.0000,0,0,97.3224,2.6776,280.0000,0
345.10,7,0.0000,0,0,86.0986,13.9014,280.0000,0
345.10,8,7.0000,0,0,93.2337,6.7663,285.0000,0
345.10,9,0.0000,0,0,93.8227,6.1773,280.0000,0
346.10,0,46.0000,0,0,92.6188,7.3812,312.0000,0
346.10,1,0.0000,0,0,100.0000,0.0000,281.0000,0
346.10,2,0.0000,0,0,98.7212,1.2788,281.0000,0
346.10,3,80.5000,0,0,97.8350,2.1650,335.0000,0
346.10,4,88.0000,0,0,87.1667,12.8333,340.0000,0
346.10,5,95.5000,0,0,94.8449,5.1551,345.0000,0
346.10,6,0.0000,0,0,97.3224,2.6776,281.0000,0
346.10,7,0.0000,0,0,86.0986,13.9014,281.0000,0
346.10,8,7.0000,0,0,93.2337,6.7663,286.0000,0
346.10,9,0.0000,0,0,93.8227,6.1773,281.0000,0
347.10,0,46.0000,0,0,92.6188,7.3812,313.0000,0
347.10,1,0.0000,0,0,100.0000,0.0000,282.0000,0
347.10,2,0.0000,0,0,98.7212,1.2788,282.0000,0
347.10,3,80.5000,0,0,97.8350,2.1650,336.0000,0
347.10,4,88.0000,0,0,87.1667,12.8333,341.0000,0
347.10,5,95.5000,0,0,94.8449,5.1551,346.0000,0
347.10,6,0.0000,0,0,97.3224,2.6776,282.0000,0
347.10,7,0.0000,0,0,86.0986,13.9014,282.0000,0
347.10,8,7.0000,0,0,93.2337,6.7663,287.0000,0
347.10,9,0.0000,0,0,93.8227,6.1773,282.0000,0
348.10,0,46.0000,0,0,92.6188,7.3812,314.0000,0
348.10,1,0.0000,0,0,100.0000,0.0000,283.0000,0
348.10,2,0.0000,0,0,98.7212,1.2788,283.0000,0
348.10,3,80.5000,0,0,97.8350,2.1650,337.0000,0
348.10,4,88.0000,0,0,87.1667,12.8333,342.0000,0
348.10,5,95.5000,0,0,94.8449,5.1551,347.0000,0
348.10,6,0.0000,0,0,97.3224,2.6776,283.0000,0
348.10,7,0.0000,0,0,86.0986,13.9014,283.0000,0
348.10,8,7.0000,0,0,93.2337,6.7663,288.0000,0
348.10,9,0.0000,0,0,93.8227,6.1773,283.0000,0
349.10,0,46.0000,0,0,92.6188,7.3812,315.0000,0
349.10,1,0.0000,0,0,100.0000,0.0000,284.0000,0
349.10,2,0.0000,0,0,98.7212,1.2788,284.0000,0
349.10,3,80.5000,0,0,97.8350,2.1650,338.0000,0
349.10,4,88.0000,0,0,87.1667,12.8333,343.0000,0
349.10,5,95.5000,0,0,94.8449,5.1551,348.0000,0
349.10,6,0.0000,0,0,97.3224,2.6776,284.0000,0
349.10,7,0.0000,0,0,86.0986,13.9014,284.0000,0
349.10,8,7.0000,0,0,93.2337,6.7663,289.0000,0
349.10,9,0.0000,0,0,93.8227,6.1773,284.0000,0
350.10,0,46.0000,0,0,92.6188,7.3812,316.0000,0
350.10,1,0.0000,0,0,100.0000,0.0000,285.0000,0
350.10,2,0.0000,0,0,98.7212,1.2788,285.0000,0
350.10,3,80.5000,0,0,97.8350,2.1650,339.0000,0
350.10,4,88.0000,0,0,87.1667,12.8333,344.0000,0
350.10,5,95.5000,0,0,94.8449,5.1551,349.0000,0
350.10,6,0.0000,0,0,97.3224,2.6776,285.0000,0
350.10,7,0.0000,0,0,86.0986,13.9014,285.0000,0
350.10,8,7.0000,0,0,93.2337,6.7663,290.0000,0
350.10,9,0.0000,0,0,93.8227,6.1773,285.0000,0
351.10,0,46.0000,0,0,92.6188,7.3812,317.0000,0
351.10,1,0.0000,0,0,100.0000,0.0000,286.0000,0
351.10,2,0.0000,0,0,98.7212,1.2788,286.0000,0
351.10,3,80.5000,0,0,97.8350,2.1650,340.0000,0
351.10,4,88.0000,0,0,87.1667,12.8333,345.0000,0
351.10,5,95.5000,0,0,94.8449,5.1551,350.0000,0
351.10,6,0.0000,0,0,97.3224,2.6776,286.0000,0
351.10,7,0.0000,0,0,86.0986,13.9014,286.0000,0
351.10,8,7.0000,0,0,93.2337,6.7663,291.0000,0
351.10,9,0.0000,0,0,93.8227,6.1773,286.0000,0
352.10,0,46.0000,0,0,92.6188,7.3812,318.0000,0
352.10,1,0.0000,0,0,100.0000,0.0000,287.0000,0
352.10,2,0.0000,0,0,98.7212,1.2788,287.0000,0
352.10,3,80.5000,0,0,97.8350,2.1650,341.0000,0
352.10,4,88.0000,0,0,87.1667,12.8333,346.0000,0
352.10,5,95.5000,0,0,94.8449,5.1551,351.0000,0
352.10,6,0.0000,0,0,97.3224,2.6776,287.0000,0
352.10,7,0.0000,0,0,86.0986,13.9014,287.0000,0
352.10,8,7.0000,0,0,93.2337,6.7663,292.0000,0
352.10,9,0.0000,0,0,93.8227,6.1773,287.0000,0
353.10,0,46.0000,0,0,92.6188,7.3812,319.0000,0
353.10,1,0.0000,0,0,100.0000,0.0000,288.0000,0
353.10,2,0.0000,0,0,98.7212,1.2788,288.0000,0
353.10,3,80.5000,0,0,97.8350,2.1650,342.0000,0
353.10,4,88.0000,0,0,87.1667,12.8333,347.0000,0
353.10,5,95.5000,0,0,94.8449,5.1551,352.0000,0
353.10,6,0.0000,0,0,97.3224,2.6776,288.0000,0
353.10,7,0.0000,0,0,86.0986,13.9014,288.0000,0
353.10,8,7.0000,0,0,93.2337,6.7663,293.0000,0
353.10,9,0.0000,0,0,93.8227,6.1773,288.0000,0
354.10,0,46.0000,0,0,92.6188,7.3812,320.0000,0
354.10,1,0.0000,0,0,100.0000,0.0000,289.0000,0
354.10,2,0.0000,0,0,98.7212,1.2788,289.0000,0
354.10,3,80.5000,0,0,97.8350,2.1650,343.0000,0
354.10,4,88.0000,0,0,87.1667,12.8333,348.0000,0
354.10,5,95.5000,0,0,94.8449,5.1551,353.0000,0
354.10,6,0.0000,0,0,97.3224,2.6776,289.0000,0
354.10,7,0.0000,0,0,86.0986,13.9014,289.0000,0
354.10,8,7.0000,0,0,93.2337,6.7663,294.0000,0
354.10,9,0.0000,0,0,93.8227,6.1773,289.0000,0
355.10,0,46.0000,0,0,92.6188,7.3812,321.0000,0
355.10,1,0.0000,0,0,100.0000,0.0000,290.0000,0
355.10,2,0.0000,0,0,98.7212,1.2788,290.0000,0
355.10,3,80.5000,0,0,97.8350,2.1650,344.0000,0
355.10,4,88.0000,0,0,87.1667,12.8333,349.0000,0
355.10,5,95.5000,0,0,94.8449,5.1551,354.0000,0
355.10,6,0.0000,0,0,97.3224,2.6776,290.0000,0
355.10,7,0.0000,0,0,86.0986,13.9014,290.0000,0
355.10,8,7.0000,0,0,93.2337,6.7663,295.0000,0
355.10,9,0.0000,0,0,93.8227,6.1773,290.0000,0
356.10,0,46.0000,0,0,92.6188,7.3812,322.0000,0
356.10,1,0.0000,0,0,100.0000,0.0000,291.0000,0
356.10,2,0.0000,0,0,98.7212,1.2788,291.0000,0
356.10,3,80.5000,0,0,97.8350,2.1650,345.0000,0
356.10,4,88.0000,0,0,87.1667,12.8333,350.0000,0
356.10,5,95.5000,0,0,94.8449,5.1551,355.0000,0
356.10,6,0.0000,0,0,97.3224,2.6776,291.0000,0
356.10,7,0.0000,0,0,86.0986,13.9014,291.0000,0
356.10,8,7.0000,0,0,93.2337,6.7663,296.0000,0
356.10,9,0.0000,0,0,93.8227,6.1773,291.0000,0
357.10,0,46.0000,0,0,92.6188,7.3812,323.0000,0
357.10,1,0.0000,0,0,100.0000,0.0000,292.0000,0
357.10,2,0.0000,0,0,98.7212,1.2788,292.0000,0
357.10,3,80.5000,0,0,97.8350,2.1650,346.0000,0
357.10,4,88.0000,0,0,87.1667,12.8333,351.0000,0
357.10,5,95.5000,0,0,94.8449,5.1551,356.0000,0
357.10,6,0.0000,0,0,97.3224,2.6776,292.0000,0
357.10,7,0.0000,0,0,86.0986,13.9014,292.0000,0
357.10,8,7.0000,0,0,93.2337,6.7663,297.0000,0
357.10,9,0.0000,0,0,93.8227,6.1773,292.0000,0
358.10,0,46.0000,0,0,92.6188,7.3812,324.0000,0
358.10,1,0.0000,0,0,100.0000,0.0000,293.0000,0
358.10,2,0.0000,0,0,98.7212,1.2788,293.0000,0
358.10,3,80.5000,0,0,97.8350,2.1650,347.0000,0
358.10,4,88.0000,0,0,87.1667,12.8333,352.0000,0
358.10,5,95.5000,0,0,94.8449,5.1551,357.0000,0
358.10,6,0.0000,0,0,97.3224,2.6776,293.0000,0
358.10,7,0.0000,0,0,86.0986,13.9014,293.0000,0
358.10,8,7.0000,0,0,93.2337,6.7663,298.0000,0
358.10,9,0.0000,0,0,93.8227,6.1773,293.0000,0
359.10,0,46.0000,0,0,92.6188,7.3812,325.0000,0
359.10,1,0.0000,0,0,100.0000,0.0000,294.0000,0
359.10,2,0.0000,0,0,98.7212,1.2788,294.0000,0
359.10,3,80.5000,0,0,97.8350,2.1650,348.0000,0
359.10,4,88.0000,0,0,87.1667,12.8333,353.0000,0
359.10,5,95.5000,0,0,94.8449,5.1551,358.0000,0
359.10,6,0.0000,0,0,97.3224,2.6776,294.0000,0
359.10,7,0.0000,0,0,86.0986,13.9014,294.0000,0
359.10,8,7.0000,0,0,93.2337,6.7663,299.0000,0
359.10,9,0.0000,0,0,93.8227,6.1773,294.0000,0
360.10,0,46.0000,0,0,92.6188,7.3812,326.0000,0
360.10,1,0.0000,0,0,100.0000,0.0000,295.0000,0
360.10,2,0.0000,0,0,98.7212,1.2788,295.0000,0
360.10,3,80.5000,0,0,97.8350,2.1650,349.0000,0
360.10,4,88.0000,0,0,87.1667,12.8333,354.0000,0
360.10,5,95.5000,0,0,94.8449,5.1551,359.0000,0
360.10,6,0.0000,0,0,97.3224,2.6776,295.0000,0
360.10,7,0.0000,0,0,86.0986,13.9014,295.0000,0
360.10,8,7.0000,0,0,93.2337,6.7663,300.0000,0
360.10,9,0.0000,0,0,93.8227,6.1773,295.0000,0
361.10,0,46.0000,0,0,92.6188,7.3812,327.0000,0
361.10,1,0.0000,0,0,100.0000,0.0000,296.0000,0
361.10,2,0.0000,0,0,98.7212,1.2788,296.0000,0
361.10,3,80.5000,0,0,97.8350,2.1650,350.0000,0
361.10,4,88.0000,0,0,87.1667,12.8333,355.0000,0
361.10,5,95.5000,0,0,94.8449,5.1551,360.0000,0
361.10,6,0.0000,0,0,97.3224,2.6776,296.0000,0
361.10,7,0.0000,0,0,86.0986,13.9014,296.0000,0
361.10,8,7.0000,0,0,93.2337,6.7663,301.0000,0
361.10,9,0.0000,0,0,93.8227,6.1773,296.0000,0
362.10,0,46.0000,0,0,92.6188,7.3812,328.0000,0
362.10,1,0.0000,0,0,100.0000,0.0000,297.0000,0
362.10,2,0.0000,0,0,98.7212,1.2788,297.0000,0
362.10,3,80.5000,0,0,97.8350,2.1650,351.0000,0
362.10,4,88.0000,0,0,87.1667,12.8333,356.0000,0
362.10,5,95.5000,0,0,94.8449,5.1551,361.0000,0
362.10,6,0.0000,0,0,97.3224,2.6776,297.0000,0
362.10,7,0.0000,0,0,86.0986,13.9014,297.0000,0
362.10,8,7.0000,0,0,93.2337,6.7663,302.0000,0
362.10,9,0.0000,0,0,93.8227,6.1773,297.0000,0
363.10,0,46.0000,0,0,92.6188,7.3812,329.0000,0
363.10,1,0.0000,0,0,100.0000,0.0000,298.0000,0
363.10,2,0.0000,0,0,98.7212,1.2788,298.0000,0
363.10,3,80.5000,0,0,97.8350,2.1650,352.0000,0
363.10,4,88.0000,0,0,87.1667,12.8333,357.0000,0
363.10,5,95.5000,0,0,94.8449,5.1551,362.0000,0
363.10,6,0.0000,0,0,97.3224,2.6776,298.0000,0
363.10,7,0.0000,0,0,86.0986,13.9014,298.0000,0
363.10,8,7.0000,0,0,93.2337,6.7663,303.0000,0
363.10,9,0.0000,0,0,93.8227,6.1773,298.0000,0
364.10,0,46.0000,0,0,92.6188,7.3812,330.0000,0
364.10,1,0.0000,0,0,100.0000,0.0000,299.0000,0
364.10,2,0.0000,0,0,98.7212,1.2788,299.0000,0
364.10,3,80.5000,0,0,97.8350,2.1650,353.0000,0
364.10,4,88.0000,0,0,87.1667,12.8333,358.0000,0
364.10,5,95.5000,0,0,94.8449,5.1551,363.0000,0
364.10,6,0.0000,0,0,97.3224,2.6776,299.0000,0
364.10,7,0.0000,0,0,86.0986,13.9014,299.0000,0
364.10,8,7.0000,0,0,93.2337,6.7663,304.0000,0
364.10,9,0.0000,0,0,93.8227,6.1773,299.0000,0
365.10,0,46.0000,0,0,92.6188,7.3812,331.0000,0
365.10,1,0.0000,0,0,100.0000,0.0000,300.0000,0
365.10,2,0.0000,0,0,98.7212,1.2788,300.0000,0
365.10,3,80.5000,0,0,97.8350,2.1650,354.0000,0
365.10,4,88.0000,0,0,87.1667,12.8333,359.0000,0
365.10,5,95.5000,0,0,94.8449,5.1551,364.0000,0
365.10,6,0.0000,0,0,97.3224,2.6776,300.0000,0
365.10,7,0.0000,0,0,86.0986,13.9014,300.0000,0
365.10,8,7.0000,0,0,93.2337,6.7663,305.0000,0
365.10,9,0.0000,0,0,93.8227,6.1773,300.0000,0
366.10,0,46.0000,0,0,92.6188,7.3812,332.0000,0
366.10,1,0.0000,0,0,100.0000,0.0000,301.0000,0
366.10,2,0.0000,0,0,98.7212,1.2788,301.0000,0
366.10,3,80.5000,0,0,97.8350,2.1650,355.0000,0
366.10,4,88.0000,0,0,87.1667,12.8333,360.0000,0
366.10,5,95.5000,0,0,94.8449,5.1551,365.0000,0
366.10,6,0.0000,0,0,97.3224,2.6776,301.0000,0
366.10,7,0.0000,0,0,86.0986,13.9014,301.0000,0
366.10,8,7.0000,0,0,93.2337,6.7663,306.0000,0
366.10,9,0.0000,0,0,93.8227,6.1773,301.0000,0
367.10,0,46.0000,0,0,92.6188,7.3812,333.0000,0
367.10,1,0.0000,0,0,100.0000,0.0000,302.0000,0
367.10,2,0.0000,0,0,98.7212,1.2788,302.0000,0
367.10,3,80.5000,0,0,97.8350,2.1650,356.0000,0
367.10,4,88.0000,0,0,87.1667,12.8333,361.0000,0
367.10,5,95.5000,0,0,94.8449,5.1551,366.0000,0
367.10,6,0.0000,0,0,97.3224,2.6776,302.0000,0
367.10,7,0.0000,0,0,86.0986,13.9014,302.0000,0
367.10,8,7.0000,0,0,93.2337,6.7663,307.0000,0
367.10,9,0.0000,0,0,93.8227,6.1773,302.0000,0
368.10,0,46.0000,0,0,92.6188,7.3812,334.0000,0
368.10,1,0.0000,0,0,100.0000,0.0000,303.0000,0
368.10,2,0.0000,0,0,98.7212,1.2788,303.0000,0
368.10,3,80.5000,0,0,97.8350,2.1650,357.0000,0
368.10,4,88.0000,0,0,87.1667,12.8333,362.0000,0
368.10,5,95.5000,0,0,94.8449,5.1551,367.0000,0
368.10,6,0.0000,0,0,97.3224,2.6776,303.0000,0
368.10,7,0.0000,0,0,86.0986,13.9014,303.0000,0
368.10,8,7.0000,0,0,93.2337,6.7663,308.0000,0
368.10,9,0.0000,0,0,93.8227,6.1773,303.0000,0
369.10,0,46.0000,0,0,92.6188,7.3812,335.0000,0
369.10,1,0.0000,0,0,100.0000,0.0000,304.0000,0
369.10,2,0.0000,0,0,98.7212,1.2788,304.0000,0
369.10,3,80.5000,0,0,97.8350,2.1650,358.0000,0
369.10,4,88.0000,0,0,87.1667,12.8333,363.0000,0
369.10,5,95.5000,0,0,94.8449,5.1551,368.0000,0
369.10,6,0.0000,0,0,97.3224,2.6776,304.0000,0
369.10,7,0.0000,0,0,86.0986,13.9014,304.0000,0
369.10,8,7.0000,0,0,93.2337,6.7663,309.0000,0
369.10,9,0.0000,0,0,93.8227,6.1773,304.0000,0
370.10,0,46.0000,0,0,92.6188,7.3812,336.0000,0
370.10,1,0.0000,0,0,100.0000,0.0000,305.0000,0
370.10,2,0.0000,0,0,98.7212,1.2788,305.0000,0
370.10,3,80.5000,0,0,97.8350,2.1650,359.0000,0
370.10,4,88.0000,0,0,87.1667,12.8333,364.0000,0
370.10,5,95.5000,0,0,94.8449,5.1551,369.0000,0
370.10,6,0.0000,0,0,97.3224,2.6776,305.0000,0
370.10,7,0.0000,0,0,86.0986,13.9014,305.0000,0
370.10,8,7.0000,0,0,93.2337,6.7663,310.0000,0
370.10,9,0.0000,0,0,93.8227,6.1773,305.0000,0
371.10,0,46.0000,0,0,92.6188,7.3812,337.0000,0
371.10,1,0.0000,0,0,100.0000,0.0000,306.0000,0
371.10,2,0.0000,0,0,98.7212,1.2788,306.0000,0
371.10,3,80.5000,0,0,97.8350,2.1650,360.0000,0
371.10,4,88.0000,0,0,87.1667,12.8333,365.0000,0
371.10,5,95.5000,0,0,94.8449,5.1551,370.0000,0
371.10,6,0.0000,0,0,97.3224,2.6776,306.0000,0
371.10,7,0.0000,0,0,86.0986,13.9014,306.0000,0
371.10,8,7.0000,0,0,93.2337,6.7663,311.0000,0
371.10,9,0.0000,0,0,93.8227,6.1773,306.0000,0
372.10,0,46.0000,0,0,92.6188,7.3812,338.0000,0
372.10,1,0.0000,0,0,100.0000,0.0000,307.0000,0
372.10,2,0.0000,0,0,98.7212,1.2788,307.0000,0
372.10,3,80.5000,0,0,97.8350,2.1650,361.0000,0
372.10,4,88.0000,0,0,87.1667,12.8333,366.0000,0
372.10,5,95.5000,0,0,94.8449,5.1551,371.0000,0
372.10,6,0.0000,0,0,97.3224,2.6776,307.0000,0
372.10,7,0.0000,0,0,86.0986,13.9014,307.0000,0
372.10,8,7.0000,0,0,93.2337,6.7663,312.0000,0
372.10,9,0.0000,0,0,93.8227,6.1773,307.0000,0
373.10,0,46.0000,0,0,92.6188,7.3812,339.0000,0
373.10,1,0.0000,0,0,100.0000,0.0000,308.0000,0
373.10,2,0.0000,0,0,98.7212,1.2788,308.0000,0
373.10,3,80.5000,0,0,97.8350,2.1650,362.0000,0
373.10,4,88.0000,0,0,87.1667,12.8333,367.0000,0
373.10,5,95.5000,0,0,94.8449,5.1551,372.0000,0
373.10,6,0.0000,0,0,97.3224,2.6776,308.0000,0
373.10,7,0.0000,0,0,86.0986,13.9014,308.0000,0
373.10,8,7.0000,0,0,93.2337,6.7663,313.0000,0
373.10,9,0.0000,0,0,93.8227,6.1773,308.0000,0
374.10,0,46.0000,0,0,92.6188,7.3812,340.0000,0
374.10,1,0.0000,0,0,100.0000,0.0000,309.0000,0
374.10,2,0.0000,0,0,98.7212,1.2788,309.0000,0
374.10,3,80.5000,0,0,97.8350,2.1650,363.0000,0
374.10,4,88.0000,0,0,87.1667,12.8333,368.0000,0
374.10,5,95.5000,0,0,94.8449,5.1551,373.0000,0
374.10,6,0.0000,0,0,97.3224,2.6776,309.0000,0
374.10,7,0.0000,0,0,86.0986,13.9014,309.0000,0
374.10,8,7.0000,0,0,93.2337,6.7663,314.0000,0
374.10,9,0.0000,0,0,93.8227,6.1773,309.0000,0
375.10,0,46.0000,0,0,92.6188,7.3812,341.0000,0
375.10,1,0.0000,0,0,100.0000,0.0000,310.0000,0
375.10,2,0.0000,0,0,98.7212,1.2788,310.0000,0
375.10,3,80.5000,0,0,97.8350,2.1650,364.0000,0
375.10,4,88.0000,0,0,87.1667,12.8333,369.0000,0
375.10,5,95.5000,0,0,94.8449,5.1551,374.0000,0
375.10,6,0.0000,0,0,97.3224,2.6776,310.0000,0
375.10,7,0.0000,0,0,86.0986,13.9014,310.0000,0
375.10,8,7.0000,0,0,93.2337,6.7663,315.0000,0
375.10,9,0.0000,0,0,93.8227,6.1773,310.0000,0
376.10,0,46.0000,0,0,92.6188,7.3812,342.0000,0
376.10,1,0.0000,0,0,100.0000,0.0000,311.0000,0
376.10,2,0.0000,0,0,98.7212,1.2788,311.0000,0
376.10,3,80.5000,0,0,97.8350,2.1650,365.0000,0
376.10,4,88.0000,0,0,87.1667,12.8333,370.0000,0
376.10,5,95.5000,0,0,94.8449,5.1551,375.0000,0
376.10,6,0.0000,0,0,97.3224,2.6776,311.0000,0
376.10,7,0.0000,0,0,86.0986,13.9014,311.0000,0
376.10,8,7.0000,0,0,93.2337,6.7663,316.0000,0
376.10,9,0.0000,0,0,93.8227,6.1773,311.0000,0
377.10,0,46.0000,0,0,92.6188,7.3812,343.0000,0
377.10,1,0.0000,0,0,100.0000,0.0000,312.0000,0
377.10,2,0.0000,0,0,98.7212,1.2788,312.0000,0
377.10,3,80.5000,0,0,97.8350,2.1650,366.0000,0
377.10,4,88.0000,0,0,87.1667,12.8333,371.0000,0
377.10,5,95.5000,0,0,94.8449,5.1551,376.0000,0
377.10,6,0.0000,0,0,97.3224,2.6776,312.0000,0
377.10,7,0.0000,0,0,86.0986,13.9014,312.0000,0
377.10,8,7.0000,0,0,93.2337,6.7663,317.0000,0
377.10,9,0.0000,0,0,93.8227,6.1773,312.0000,0
378.10,0,46.0000,0,0,92.6188,7.3812,344.0000,0
378.10,1,0.0000,0,0,100.0000,0.0000,313.0000,0
378.10,2,0.0000,0,0,98.7212,1.2788,313.0000,0
378.10,3,80.5000,0,0,97.8350,2.1650,367.0000,0
378.10,4,88.0000,0,0,87.1667,12.8333,372.0000,0
378.10,5,95.5000,0,0,94.8449,5.1551,377.0000,0
378.10,6,0.0000,0,0,97.3224,2.6776,313.0000,0
378.10,7,0.0000,0,0,86.0986,13.9014,313.0000,0
378.10,8,7.0000,0,0,93.2337,6.7663,318.0000,0
378.10,9,0.0000,0,0,93.8227,6.1773,313.0000,0
379.10,0,46.0000,0,0,92.6188,7.3812,345.0000,0
379.10,1,0.0000,0,0,100.0000,0.0000,314.0000,0
379.10,2,0.0000,0,0,98.7212,1.2788,314.0000,0
379.10,3,80.5000,0,0,97.8350,2.1650,368.0000,0
379.10,4,88.0000,0,0,87.1667,12.8333,373.0000,0
379.10,5,95.5000,0,0,94.8449,5.1551,378.0000,0
379.10,6,0.0000,0,0,97.3224,2.6776,314.0000,0
379.10,7,0.0000,0,0,86.0986,13.9014,314.0000,0
379.10,8,7.0000,0,0,93.2337,6.7663,319.0000,0
379.10,9,0.0000,0,0,93.8227,6.1773,314.0000,0
380.10,0,46.0000,0,0,92.6188,7.3812,346.0000,0
380.10,1,0.0000,0,0,100.0000,0.0000,315.0000,0
380.10,2,0.0000,0,0,98.7212,1.2788,315.0000,0
380.10,3,80.5000,0,0,97.8350,2.1650,369.0000,0
380.10,4,88.0000,0,0,87.1667,12.8333,374.0000,0
380.10,5,95.5000,0,0,94.8449,5.1551,379.0000,0
380.10,6,0.0000,0,0,97.3224,2.6776,315.0000,0
380.10,7,0.0000,0,0,86.0986,13.9014,315.0000,0
380.10,8,7.0000,0,0,93.2337,6.7663,320.0000,0
380.10,9,0.0000,0,0,93.8227,6.1773,315.0000,0
381.10,0,46.0000,0,0,92.6188,7.3812,347.0000,0
381.10,1,0.0000,0,0,100.0000,0.0000,316.0000,0
381.10,2,0.0000,0,0,98.7212,1.2788,316.0000,0
381.10,3,80.5000,0,0,97.8350,2.1650,370.0000,0
381.10,4,88.0000,0,0,87.1667,12.8333,375.0000,0
381.10,5,95.5000,0,0,94.8449,5.1551,380.0000,0
381.10,6,0.0000,0,0,97.3224,2.6776,316.0000,0
381.10,7,0.0000,0,0,86.0986,13.9014,316.0000,0
381.10,8,7.0000,0,0,93.2337,6.7663,321.0000,0
381.10,9,0.0000,0,0,93.8227,6.1773,316.0000,0
382.10,0,46.0000,0,0,92.6188,7.3812,348.0000,0
382.10,1,0.0000,0,0,100.0000,0.0000,317.0000,0
382.10,2,0.0000,0,0,98.7212,1.2788,317.0000,0
382.10,3,80.5000,0,0,97.8350,2.1650,371.0000,0
382.10,4,88.0000,0,0,87.1667,12.8333,376.0000,0
382.10,5,95.5000,0,0,94.8449,5.1551,381.0000,0
382.10,6,0.0000,0,0,97.3224,2.6776,317.0000,0
382.10,7,0.0000,0,0,86.0986,13.9014,317.0000,0
382.10,8,7.0000,0,0,93.2337,6.7663,322.0000,0
382.10,9,0.0000,0,0,93.8227,6.1773,317.0000,0
383.10,0,46.0000,0,0,92.6188,7.3812,349.0000,0
383.10,1,0.0000,0,0,100.0000,0.0000,318.0000,0
383.10,2,0.0000,0,0,98.7212,1.2788,318.0000,0
383.10,3,80.5000,0,0,97.8350,2.1650,372.0000,0
383.10,4,88.0000,0,0,87.1667,12.8333,377.0000,0
383.10,5,95.5000,0,0,94.8449,5.1551,382.0000,0
383.10,6,0.0000,0,0,97.3224,2.6776,318.0000,0
383.10,7,0.0000,0,0,86.0986,13.9014,318.0000,0
383.10,8,7.0000,0,0,93.2337,6.7663,323.0000,0
383.10,9,0.0000,0,0,93.8227,6.1773,318.0000,0
384.10,0,46.0000,0,0,92.6188,7.3812,350.0000,0
384.10,1,0.0000,0,0,100.0000,0.0000,319.0000,0
384.10,2,0.0000,0,0,98.7212,1.2788,319.0000,0
384.10,3,80.5000,0,0,97.8350,2.1650,373.0000,0
384.10,4,88.0000,0,0,87.1667,12.8333,378.0000,0
384.10,5,95.5000,0,0,94.8449,5.1551,383.0000,0
384.10,6,0.0000,0,0,97.3224,2.6776,319.0000,0
384.10,7,0.0000,0,0,86.0986,13.9014,319.0000,0
384.10,8,7.0000,0,0,93.2337,6.7663,324.0000,0
384.10,9,0.0000,0,0,93.8227,6.1773,319.0000,0
385.10,0,46.0000,0,0,92.6188,7.3812,351.0000,0
385.10,1,0.0000,0,0,100.0000,0.0000,320.0000,0
385.10,2,0.0000,0,0,98.7212,1.2788,320.0000,0
385.10,3,80.5000,0,0,97.8350,2.1650,374.0000,0
385.10,4,88.0000,0,0,87.1667,12.8333,379.0000,0
385.10,5,95.5000,0,0,94.8449,5.1551,384.0000,0
385.10,6,0.0000,0,0,97.3224,2.6776,320.0000,0
385.10,7,0.0000,0,0,86.0986,13.9014,320.0000,0
385.10,8,7.0000,0,0,93.2337,6.7663,325.0000,0
385.10,9,0.0000,0,0,93.8227,6.1773,320.0000,0
386.10,0,46.0000,0,0,92.6188,7.3812,352.0000,0
386.10,1,0.0000,0,0,100.0000,0.0000,321.0000,0
386.10,2,0.0000,0,0,98.7212,1.2788,321.0000,0
386.10,3,80.5000,0,0,97.8350,2.1650,375.0000,0
386.10,4,88.0000,0,0,87.1667,12.8333,380.0000,0
386.10,5,95.5000,0,0,94.8449,5.1551,385.0000,0
386.10,6,0.0000,0,0,97.3224,2.6776,321.0000,0
386.10,7,0.0000,0,0,86.0986,13.9014,321.0000,0
386.10,8,7.0000,0,0,93.2337,6.7663,326.0000,0
386.10,9,0.0000,0,0,93.8227,6.1773,321.0000,0
387.10,0,46.0000,0,0,92.6188,7.3812,353.0000,0
387.10,1,0.0000,0,0,100.0000,0.0000,322.0000,0
387.10,2,0.0000,0,0,98.7212,1.2788,322.0000,0
387.10,3,80.5000,0,0,97.8350,2.1650,376.0000,0
387.10,4,88.0000,0,0,87.1667,12.8333,381.0000,0
387.10,5,95.5000,0,0,94.8449,5.1551,386.0000,0
387.10,6,0.0000,0,0,97.3224,2.6776,322.0000,0
387.10,7,0.0000,0,0,86.0986,13.9014,322.0000,0
387.10,8,7.0000,0,0,93.2337,6.7663,327.0000,0
387.10,9,0.0000,0,0,93.8227,6.1773,322.0000,0
388.10,0,46.0000,0,0,92.6188,7.3812,354.0000,0
388.10,1,0.0000,0,0,100.0000,0.0000,323.0000,0
388.10,2,0.0000,0,0,98.7212,1.2788,323.0000,0
388.10,3,80.5000,0,0,97.8350,2.1650,377.0000,0
388.10,4,88.0000,0,0,87.1667,12.8333,382.0000,0
388.10,5,95.5000,0,0,94.8449,5.1551,387.0000,0
388.10,6,0.0000,0,0,97.3224,2.6776,323.0000,0
388.10,7,0.0000,0,0,86.0986,13.9014,323.0000,0
388.10,8,7.0000,0,0,93.2337,6.7663,328.0000,0
388.10,9,0.0000,0,0,93.8227,6.1773,323.0000,0
389.10,0,46.0000,0,0,92.6188,7.3812,355.0000,0
389.10,1,0.0000,0,0,100.0000,0.0000,324.0000,0
389.10,2,0.0000,0,0,98.7212,1.2788,324.0000,0
389.10,3,80.5000,0,0,97.8350,2.1650,378.0000,0
389.10,4,88.0000,0,0,87.1667,12.8333,383.0000,0
389.10,5,95.5000,0,0,94.8449,5.1551,388.0000,0
389.10,6,0.0000,0,0,97.3224,2.6776,324.0000,0
389.10,7,0.0000,0,0,86.0986,13.9014,324.0000,0
389.10,8,7.0000,0,0,93.2337,6.7663,329.0000,0
389.10,9,0.0000,0,0,93.8227,6.1773,324.0000,0
390.10,0,46.0000,0,0,92.6188,7.3812,356.0000,0
390.10,1,0.0000,0,0,100.0000,0.0000,325.0000,0
390.10,2,0.0000,0,0,98.7212,1.2788,325.0000,0
390.10,3,80.5000,0,0,97.8350,2.1650,379.0000,0
390.10,4,88.0000,0,0,87.1667,12.8333,384.0000,0
390.10,5,95.5000,0,0,94.8449,5.1551,389.0000,0
390.10,6,0.0000,0,0,97.3224,2.6776,325.0000,0
390.10,7,0.0000,0,0,86.0986,13.9014,325.0000,0
390.10,8,7.0000,0,0,93.2337,6.7663,330.0000,0
390.10,9,0.0000,0,0,93.8227,6.1773,325.0000,0
391.10,0,46.0000,0,0,92.6188,7.3812,357.0000,0
391.10,1,0.0000,0,0,100.0000,0.0000,326.0000,0
391.10,2,0.0000,0,0,98.7212,1.2788,326.0000,0
391.10,3,80.5000,0,0,97.8350,2.1650,380.0000,0
391.10,4,88.0000,0,0,87.1667,12.8333,385.0000,0
391.10,5,95.5000,0,0,94.8449,5.1551,390.0000,0
391.10,6,0.0000,0,0,97.3224,2.6776,326.0000,0
391.10,7,0.0000,0,0,86.0986,13.9014,326.0000,0
391.10,8,7.0000,0,0,93.2337,6.7663,331.0000,0
391.10,9,0.0000,0,0,93.8227,6.1773,326.0000,0
392.10,0,46.0000,0,0,92.6188,7.3812,358.0000,0
392.10,1,0.0000,0,0,100.0000,0.0000,327.0000,0
392.10,2,0.0000,0,0,98.7212,1.2788,327.0000,0
392.10,3,80.5000,0,0,97.8350,2.1650,381.0000,0
392.10,4,88.0000,0,0,87.1667,12.8333,386.0000,0
392.10,5,95.5000,0,0,94.8449,5.1551,391.0000,0
392.10,6,0.0000,0,0,97.3224,2.6776,327.0000,0
392.10,7,0.0000,0,0,86.0986,13.9014,327.0000,0
392.10,8,7.0000,0,0,93.2337,6.7663,332.0000,0
392.10,9,0.0000,0,0,93.8227,6.1773,327.0000,0
393.10,0,46.0000,0,0,92.6188,7.3812,359.0000,0
393.10,1,0.0000,0,0,100.0000,0.0000,328.0000,0
393.10,2,0.0000,0,0,98.7212,1.2788,328.0000,0
393.10,3,80.5000,0,0,97.8350,2.1650,382.0000,0
393.10,4,88.0000,0,0,87.1667,12.8333,387.0000,0
393.10,5,95.5000,0,0,94.8449,5.1551,392.0000,0
393.10,6,0.0000,0,0,97.3224,2.6776,328.0000,0
393.10,7,0.0000,0,0,86.0986,13.9014,328.0000,0
393.10,8,7.0000,0,0,93.2337,6.7663,333.0000,0
393.10,9,0.0000,0,0,93.8227,6.1773,328.0000,0
394.10,0,46.0000,0,0,92.6188,7.3812,360.0000,0
394.10,1,0.0000,0,0,100.0000,0.0000,329.0000,0
394.10,2,0.0000,0,0,98.7212,1.2788,329.0000,0
394.10,3,80.5000,0,0,97.8350,2.1650,383.0000,0
394.10,4,88.0000,0,0,87.1667,12.8333,388.0000,0
394.10,5,95.5000,0,0,94.8449,5.1551,393.0000,0
394.10,6,0.0000,0,0,97.3224,2.6776,329.0000,0
394.10,7,0.0000,0,0,86.0986,13.9014,329.0000,0
394.10,8,7.0000,0,0,93.2337,6.7663,334.0000,0
394.10,9,0.0000,0,0,93.8227,6.1773,329.0000,0
395.10,0,46.0000,0,0,92.6188,7.3812,361.0000,0
395.10,1,0.0000,0,0,100.0000,0.0000,330.0000,0
395.10,2,0.0000,0,0,98.7212,1.2788,330.0000,0
395.10,3,80.5000,0,0,97.8350,2.1650,384.0000,0
395.10,4,88.0000,0,0,87.1667,12.8333,389.0000,0
395.10,5,95.5000,0,0,94.8449,5.1551,394.0000,0
395.10,6,0.0000,0,0,97.3224,2.6776,330.0000,0
395.10,7,0.0000,0,0,86.0986,13.9014,330.0000,0
395.10,8,7.0000,0,0,93.2337,6.7663,335.0000,0
395.10,9,0.0000,0,0,93.8227,6.1773,330.0000,0
396.10,0,46.0000,0,0,92.6188,7.3812,362.0000,0
396.10,1,0.0000,0,0,100.0000,0.0000,331.0000,0
396.10,2,0.0000,0,0,98.7212,1.2788,331.0000,0
396.10,3,80.5000,0,0,97.8350,2.1650,385.0000,0
396.10,4,88.0000,0,0,87.1667,12.8333,390.0000,0
396.10,5,95.5000,0,0,94.8449,5.1551,395.0000,0
396.10,6,0.0000,0,0,97.3224,2.6776,331.0000,0
396.10,7,0.0000,0,0,86.0986,13.9014,331.0000,0
396.10,8,7.0000,0,0,93.2337,6.7663,336.0000,0
396.10,9,0.0000,0,0,93.8227,6.1773,331.0000,0
397.10,0,46.0000,0,0,92.6188,7.3812,363.0000,0
397.10,1,0.0000,0,0,100.0000,0.0000,332.0000,0
397.10,2,0.0000,0,0,98.7212,1.2788,332.0000,0
397.10,3,80.5000,0,0,97.8350,2.1650,386.0000,0
397.10,4,88.0000,0,0,87.1667,12.8333,391.0000,0
397.10,5,95.5000,0,0,94.8449,5.1551,396.0000,0
397.10,6,0.0000,0,0,97.3224,2.6776,332.0000,0
397.10,7,0.0000,0,0,86.0986,13.9014,332.0000,0
397.10,8,7.0000,0,0,93.2337,6.7663,337.0000,0
397.10,9,0.0000,0,0,93.8227,6.1773,332.0000,0
398.10,0,46.0000,0,0,92.6188,7.3812,364.0000,0
398.10,1,0.0000,0,0,100.0000,0.0000,333.0000,0
398.10,2,0.0000,0,0,98.7212,1.2788,333.0000,0
398.10,3,80.5000,0,0,97.8350,2.1650,387.0000,0
398.10,4,88.0000,0,0,87.1667,12.8333,392.0000,0
398.10,5,95.5000,0,0,94.8449,5.1551,397.0000,0
398.10,6,0.0000,0,0,97.3224,2.6776,333.0000,0
398.10,7,0.0000,0,0,86.0986,13.9014,333.0000,0
398.10,8,7.0000,0,0,93.2337,6.7663,338.0000,0
398.10,9,0.0000,0,0,93.8227,6.1773,333.0000,0
399.10,0,46.0000,0,0,92.6188,7.3812,365.0000,0
399.10,1,0.0000,0,0,100.0000,0.0000,334.0000,0
399.10,2,0.0000,0,0,98.7212,1.2788,334.0000,0
399.10,3,80.5000,0,0,97.8350,2.1650,388.0000,0
399.10,4,88.0000,0,0,87.1667,12.8333,393.0000,0
399.10,5,95.5000,0,0,94.8449,5.1551,398.0000,0
399.10,6,0.0000,0,0,97.3224,2.6776,334.0000,0
399.10,7,0.0000,0,0,86.0986,13.9014,334.0000,0
399.10,8,7.0000,0,0,93.2337,6.7663,339.0000,0
399.10,9,0.0000,0,0,93.8227,6.1773,334.0000,0
400.10,0,46.0000,0,0,92.6188,7.3812,366.0000,0
400.10,1,0.0000,0,0,100.0000,0.0000,335.0000,0
400.10,2,0.0000,0,0,98.7212,1.2788,335.0000,0
400.10,3,80.5000,0,0,97.8350,2.1650,389.0000,0
400.10,4,88.0000,0,0,87.1667,12.8333,394.0000,0
400.10,5,95.5000,0,0,94.8449,5.1551,399.0000,0
400.10,6,0.0000,0,0,97.3224,2.6776,335.0000,0
400.10,7,0.0000,0,0,86.0986,13.9014,335.0000,0
400.10,8,7.0000,0,0,93.2337,6.7663,340.0000,0
400.10,9,0.0000,0,0,93.8227,6.1773,335.0000,0
401.10,0,46.0000,0,0,92.6188,7.3812,367.0000,0
401.10,1,0.0000,0,0,100.0000,0.0000,336.0000,0
401.10,2,0.0000,0,0,98.7212,1.2788,336.0000,0
401.10,3,80.5000,0,0,97.8350,2.1650,390.0000,0
401.10,4,88.0000,0,0,87.1667,12.8333,395.0000,0
401.10,5,95.5000,0,0,94.8449,5.1551,400.0000,0
401.10,6,0.0000,0,0,97.3224,2.6776,336.0000,0
401.10,7,0.0000,0,0,86.0986,13.9014,336.0000,0
401.10,8,7.0000,0,0,93.2337,6.7663,341.0000,0
401.10,9,0.0000,0,0,93.8227,6.1773,336.0000,0
402.10,0,46.0000,0,0,92.6188,7.3812,368.0000,0
402.10,1,0.0000,0,0,100.0000,0.0000,337.0000,0
402.10,2,0.0000,0,0,98.7212,1.2788,337.0000,0
402.10,3,80.5000,0,0,97.8350,2.1650,391.0000,0
402.10,4,88.0000,0,0,87.1667,12.8333,396.0000,0
402.10,5,95.5000,0,0,94.8449,5.1551,401.0000,0
402.10,6,0.0000,0,0,97.3224,2.6776,337.0000,0
402.10,7,0.0000,0,0,86.0986,13.9014,337.0000,0
402.10,8,7.0000,0,0,93.2337,6.7663,342.0000,0
402.10,9,0.0000,0,0,93.8227,6.1773,337.0000,0
403.10,0,46.0000,0,0,92.6188,7.3812,369.0000,0
403.10,1,0.0000,0,0,100.0000,0.0000,338.0000,0
403.10,2,0.0000,0,0,98.7212,1.2788,338.0000,0
403.10,3,80.5000,0,0,97.8350,2.1650,392.0000,0
403.10,4,88.0000,0,0,87.1667,12.8333,397.0000,0
403.10,5,95.5000,0,0,94.8449,5.1551,402.0000,0
403.10,6,0.0000,0,0,97.3224,2.6776,338.0000,0
403.10,7,0.0000,0,0,86.0986,13.9014,338.0000,0
403.10,8,7.0000,0,0,93.2337,6.7663,343.0000,0
403.10,9,0.0000,0,0,93.8227,6.1773,338.0000,0
404.10,0,46.0000,0,0,92.6188,7.3812,370.0000,0
404.10,1,0.0000,0,0,100.0000,0.0000,339.0000,0
404.10,2,0.0000,0,0,98.7212,1.2788,339.0000,0
404.10,3,80.5000,0,0,97.8350,2.1650,393.0000,0
404.10,4,88.0000,0,0,87.1667,12.8333,398.0000,0
404.10,5,95.5000,0,0,94.8449,5.1551,403.0000,0
404.10,6,0.0000,0,0,97.3224,2.6776,339.0000,0
404.10,7,0.0000,0,0,86.0986,13.9014,339.0000,0
404.10,8,7.0000,0,0,93.2337,6.7663,344.0000,0
404.10,9,0.0000,0,0,93.8227,6.1773,339.0000,0
405.10,0,46.0000,0,0,92.6188,7.3812,371.0000,0
405.10,1,0.0000,0,0,100.0000,0.0000,340.0000,0
405.10,2,0.0000,0,0,98.7212,1.2788,340.0000,0
405.10,3,80.5000,0,0,97.8350,2.1650,394.0000,0
405.10,4,88.0000,0,0,87.1667,12.8333,399.0000,0
405.10,5,95.5000,0,0,94.8449,5.1551,404.0000,0
405.10,6,0.0000,0,0,97.3224,2.6776,340.0000,0
405.10,7,0.0000,0,0,86.0986,13.9014,340.0000,0
405.10,8,7.0000,0,0,93.2337,6.7663,345.0000,0
405.10,9,0.0000,0,0,93.8227,6.1773,340.0000,0
406.10,0,46.0000,0,0,92.6188,7.3812,372.0000,0
406.10,1,0.0000,0,0,100.0000,0.0000,341.0000,0
406.10,2,0.0000,0,0,98.7212,1.2788,341.0000,0
406.10,3,80.5000,0,0,97.8350,2.1650,395.0000,0
406.10,4,88.0000,0,0,87.1667,12.8333,400.0000,0
406.10,5,95.5000,0,0,94.8449,5.1551,405.0000,0
406.10,6,0.0000,0,0,97.3224,2.6776,341.0000,0
406.10,7,0.0000,0,0,86.0986,13.9014,341.0000,0
406.10,8,7.0000,0,0,93.2337,6.7663,346.0000,0
406.10,9,0.0000,0,0,93.8227,6.1773,341.0000,0
407.10,0,46.0000,0,0,92.6188,7.3812,373.0000,0
407.10,1,0.0000,0,0,100.0000,0.0000,342.0000,0
407.10,2,0.0000,0,0,98.7212,1.2788,342.0000,0
407.10,3,80.5000,0,0,97.8350,2.1650,396.0000,0
407.10,4,88.0000,0,0,87.1667,12.8333,401.0000,0
407.10,5,95.5000,0,0,94.8449,5.1551,406.0000,0
407.10,6,0.0000,0,0,97.3224,2.6776,342.0000,0
407.10,7,0.0000,0,0,86.0986,13.9014,342.0000,0
407.10,8,7.0000,0,0,93.2337,6.7663,347.0000,0
407.10,9,0.0000,0,0,93.8227,6.1773,342.0000,0
408.10,0,46.0000,0,0,92.6188,7.3812,374.0000,0
408.10,1,0.0000,0,0,100.0000,0.0000,343.0000,0
408.10,2,0.0000,0,0,98.7212,1.2788,343.0000,0
408.10,3,80.5000,0,0,97.8350,2.1650,397.0000,0
408.10,4,88.0000,0,0,87.1667,12.8333,402.0000,0
408.10,5,95.5000,0,0,94.8449,5.1551,407.0000,0
408.10,6,0.0000,0,0,97.3224,2.6776,343.0000,0
408.10,7,0.0000,0,0,86.0986,13.9014,343.0000,0
408.10,8,7.0000,0,0,93.2337,6.7663,348.0000,0
408.10,9,0.0000,0,0,93.8227,6.1773,343.0000,0
409.10,0,46.0000,0,0,92.6188,7.3812,375.0000,0
409.10,1,0.0000,0,0,100.0000,0.0000,344.0000,0
409.10,2,0.0000,0,0,98.7212,1.2788,344.0000,0
409.10,3,80.5000,0,0,97.8350,2.1650,398.0000,0
409.10,4,88.0000,0,0,87.1667,12.8333,403.0000,0
409.10,5,95.5000,0,0,94.8449,5.1551,408.0000,0
409.10,6,0.0000,0,0,97.3224,2.6776,344.0000,0
409.10,7,0.0000,0,0,86.0986,13.9014,344.0000,0
409.10,8,7.0000,0,0,93.2337,6.7663,349.0000,0
409.10,9,0.0000,0,0,93.8227,6.1773,344.0000,0
410.10,0,46.0000,0,0,92.6188,7.3812,376.0000,0
410.10,1,0.0000,0,0,100.0000,0.0000,345.0000,0
410.10,2,0.0000,0,0,98.7212,1.2788,345.0000,0
410.10,3,80.5000,0,0,97.8350,2.1650,399.0000,0
410.10,4,88.0000,0,0,87.1667,12.8333,404.0000,0
410.10,5,95.5000,0,0,94.8449,5.1551,409.0000,0
410.10,6,0.0000,0,0,97.3224,2.6776,345.0000,0
410.10,7,0.0000,0,0,86.0986,13.9014,345.0000,0
410.10,8,7.0000,0,0,93.2337,6.7663,350.0000,0
410.10,9,0.0000,0,0,93.8227,6.1773,345.0000,0
411.10,0,46.0000,0,0,92.6188,7.3812,377.0000,0
411.10,1,0.0000,0,0,100.0000,0.0000,346.0000,0
411.10,2,0.0000,0,0,98.7212,1.2788,346.0000,0
411.10,3,80.5000,0,0,97.8350,2.1650,400.0000,0
411.10,4,88.0000,0,0,87.1667,12.8333,405.0000,0
411.10,5,95.5000,0,0,94.8449,5.1551,410.0000,0
411.10,6,0.0000,0,0,97.3224,2.6776,346.0000,0
411.10,7,0.0000,0,0,86.0986,13.9014,346.0000,0
411.10,8,7.0000,0,0,93.2337,6.7663,351.0000,0
411.10,9,0.0000,0,0,93.8227,6.1773,346.0000,0
412.10,0,46.0000,0,0,92.6188,7.3812,378.0000,0
412.10,1,0.0000,0,0,100.0000,0.0000,347.0000,0
412.10,2,0.0000,0,0,98.7212,1.2788,347.0000,0
412.10,3,80.5000,0,0,97.8350,2.1650,401.0000,0
412.10,4,88.0000,0,0,87.1667,12.8333,406.0000,0
412.10,5,95.5000,0,0,94.8449,5.1551,411.0000,0
412.10,6,0.0000,0,0,97.3224,2.6776,347.0000,0
412.10,7,0.0000,0,0,86.0986,13.9014,347.0000,0
412.10,8,7.0000,0,0,93.2337,6.7663,352.0000,0
412.10,9,0.0000,0,0,93.8227,6.1773,347.0000,0
413.10,0,46.0000,0,0,92.6188,7.3812,379.0000,0
413.10,1,0.0000,0,0,100.0000,0.0000,348.0000,0
413.10,2,0.0000,0,0,98.7212,1.2788,348.0000,0
413.10,3,80.5000,0,0,97.8350,2.1650,402.0000,0
413.10,4,88.0000,0,0,87.1667,12.8333,407.0000,0
413.10,5,95.5000,0,0,94.8449,5.1551,412.0000,0
413.10,6,0.0000,0,0,97.3224,2.6776,348.0000,0
413.10,7,0.0000,0,0,86.0986,13.9014,348.0000,0
413.10,8,7.0000,0,0,93.2337,6.7663,353.0000,0
413.10,9,0.0000,0,0,93.8227,6.1773,348.0000,0
414.10,0,46.0000,0,0,92.6188,7.3812,380.0000,0
414.10,1,0.0000,0,0,100.0000,0.0000,349.0000,0
414.10,2,0.0000,0,0,98.7212,1.2788,349.0000,0
414.10,3,80.5000,0,0,97.8350,2.1650,403.0000,0
414.10,4,88.0000,0,0,87.1667,12.8333,408.0000,0
414.10,5,95.5000,0,0,94.8449,5.1551,413.0000,0
414.10,6,0.0000,0,0,97.3224,2.6776,349.0000,0
414.10,7,0.0000,0,0,86.0986,13.9014,349.0000,0
414.10,8,7.0000,0,0,93.2337,6.7663,354.0000,0
414.10,9,0.0000,0,0,93.8227,6.1773,349.0000,0
415.10,0,46.0000,0,0,92.6188,7.3812,381.0000,0
415.10,1,0.0000,0,0,100.0000,0.0000,350.0000,0
415.10,2,0.0000,0,0,98.7212,1.2788,350.0000,0
415.10,3,80.5000,0,0,97.8350,2.1650,404.0000,0
415.10,4,88.0000,0,0,87.1667,12.8333,409.0000,0
415.10,5,95.5000,0,0,94.8449,5.1551,414.0000,0
415.10,6,0.0000,0,0,97.3224,2.6776,350.0000,0
415.10,7,0.0000,0,0,86.0986,13.9014,350.0000,0
415.10,8,7.0000,0,0,93.2337,6.7663,355.0000,0
415.10,9,0.0000,0,0,93.8227,6.1773,350.0000,0
416.10,0,46.0000,0,0,92.6188,7.3812,382.0000,0
416.10,1,0.0000,0,0,100.0000,0.0000,351.0000,0
416.10,2,0.0000,0,0,98.7212,1.2788,351.0000,0
416.10,3,80.5000,0,0,97.8350,2.1650,405.0000,0
416.10,4,88.0000,0,0,87.1667,12.8333,410.0000,0
416.10,5,95.5000,0,0,94.8449,5.1551,415.0000,0
416.10,6,0.0000,0,0,97.3224,2.6776,351.0000,0
416.10,7,0.0000,0,0,86.0986,13.9014,351.0000,0
416.10,8,7.0000,0,0,93.2337,6.7663,356.0000,0
416.10,9,0.0000,0,0,93.8227,6.1773,351.0000,0
417.10,0,46.0000,0,0,92.6188,7.3812,383.0000,0
417.10,1,0.0000,0,0,100.0000,0.0000,352.0000,0
417.10,2,0.0000,0,0,98.7212,1.2788,352.0000,0
417.10,3,80.5000,0,0,97.8350,2.1650,406.0000,0
417.10,4,88.0000,0,0,87.1667,12.8333,411.0000,0
417.10,5,95.5000,0,0,94.8449,5.1551,416.0000,0
417.10,6,0.0000,0,0,97.3224,2.6776,352.0000,0
417.10,7,0.0000,0,0,86.0986,13.9014,352.0000,0
417.10,8,7.0000,0,0,93.2337,6.7663,357.0000,0
417.10,9,0.0000,0,0,93.8227,6.1773,352.0000,0
418.10,0,46.0000,0,0,92.6188,7.3812,384.0000,0
418.10,1,0.0000,0,0,100.0000,0.0000,353.0000,0
418.10,2,0.0000,0,0,98.7212,1.2788,353.0000,0
418.10,3,80.5000,0,0,97.8350,2.1650,407.0000,0
418.10,4,88.0000,0,0,87.1667,12.8333,412.0000,0
418.10,5,95.5000,0,0,94.8449,5.1551,417.0000,0
418.10,6,0.0000,0,0,97.3224,2.6776,353.0000,0
418.10,7,0.0000,0,0,86.0986,13.9014,353.0000,0
418.10,8,7.0000,0,0,93.2337,6.7663,358.0000,0
418.10,9,0.0000,0,0,93.8227,6.1773,353.0000,0
419.10,0,46.0000,0,0,92.6188,7.3812,385.0000,0
419.10,1,0.0000,0,0,100.0000,0.0000,354.0000,0
419.10,2,0.0000,0,0,98.7212,1.2788,354.0000,0
419.10,3,80.5000,0,0,97.8350,2.1650,408.0000,0
419.10,4,88.0000,0,0,87.1667,12.8333,413.0000,0
419.10,5,95.5000,0,0,94.8449,5.1551,418.0000,0
419.10,6,0.0000,0,0,97.3224,2.6776,354.0000,0
419.10,7,0.0000,0,0,86.0986,13.9014,354.0000,0
419.10,8,7.0000,0,0,93.2337,6.7663,359.0000,0
419.10,9,0.0000,0,0,93.8227,6.1773,354.0000,0
420.10,0,46.0000,0,0,92.6188,7.3812,386.0000,0
420.10,1,0.0000,0,0,100.0000,0.0000,355.0000,0
420.10,2,0.0000,0,0,98.7212,1.2788,355.0000,0
420.10,3,80.5000,0,0,97.8350,2.1650,409.0000,0
420.10,4,88.0000,0,0,87.1667,12.8333,414.0000,0
420.10,5,95.5000,0,0,94.8449,5.1551,419.0000,0
420.10,6,0.0000,0,0,97.3224,2.6776,355.0000,0
420.10,7,0.0000,0,0,86.0986,13.9014,355.0000,0
420.10,8,7.0000,0,0,93.2337,6.7663,360.0000,0
420.10,9,0.0000,0,0,93.8227,6.1773,355.0000,0
421.10,0,46.0000,0,0,92.6188,7.3812,387.0000,0
421.10,1,0.0000,0,0,100.0000,0.0000,356.0000,0
421.10,2,0.0000,0,0,98.7212,1.2788,356.0000,0
421.10,3,80.5000,0,0,97.8350,2.1650,410.0000,0
421.10,4,88.0000,0,0,87.1667,12.8333,415.0000,0
421.10,5,95.5000,0,0,94.8449,5.1551,420.0000,0
421.10,6,0.0000,0,0,97.3224,2.6776,356.0000,0
421.10,7,0.0000,0,0,86.0986,13.9014,356.0000,0
421.10,8,7.0000,0,0,93.2337,6.7663,361.0000,0
421.10,9,0.0000,0,0,93.8227,6.1773,356.0000,0
422.10,0,46.0000,0,0,92.6188,7.3812,388.0000,0
422.10,1,0.0000,0,0,100.0000,0.0000,357.0000,0
422.10,2,0.0000,0,0,98.7212,1.2788,357.0000,0
422.10,3,80.5000,0,0,97.8350,2.1650,411.0000,0
422.10,4,88.0000,0,0,87.1667,12.8333,416.0000,0
422.10,5,95.5000,0,0,94.8449,5.1551,421.0000,0
422.10,6,0.0000,0,0,97.3224,2.6776,357.0000,0
422.10,7,0.0000,0,0,86.0986,13.9014,357.0000,0
422.10,8,7.0000,0,0,93.2337,6.7663,362.0000,0
422.10,9,0.0000,0,0,93.8227,6.1773,357.0000,0
423.10,0,46.0000,0,0,92.6188,7.3812,389.0000,0
423.10,1,0.0000,0,0,100.0000,0.0000,358.0000,0
423.10,2,0.0000,0,0,98.7212,1.2788,358.0000,0
423.10,3,80.5000,0,0,97.8350,2.1650,412.0000,0
423.10,4,88.0000,0,0,87.1667,12.8333,417.0000,0
423.10,5,95.5000,0,0,94.8449,5.1551,422.0000,0
423.10,6,0.0000,0,0,97.3224,2.6776,358.0000,0
423.10,7,0.0000,0,0,86.0986,13.9014,358.0000,0
423.10,8,7.0000,0,0,93.2337,6.7663,363.0000,0
423.10,9,0.0000,0,0,93.8227,6.1773,358.0000,0
424.10,0,46.0000,0,0,92.6188,7.3812,390.0000,0
424.10,1,0.0000,0,0,100.0000,0.0000,359.0000,0
424.10,2,0.0000,0,0,98.7212,1.2788,359.0000,0
424.10,3,80.5000,0,0,97.8350,2.1650,413.0000,0
424.10,4,88.0000,0,0,87.1667,12.8333,418.0000,0
424.10,5,95.5000,0,0,94.8449,5.1551,423.0000,0
424.10,6,0.0000,0,0,97.3224,2.6776,359.0000,0
424.10,7,0.0000,0,0,86.0986,13.9014,359.0000,0
424.10,8,7.0000,0,0,93.2337,6.7663,364.0000,0
424.10,9,0.0000,0,0,93.8227,6.1773,359.0000,0
425.10,0,46.0000,0,0,92.6188,7.3812,391.0000,0
425.10,1,0.0000,0,0,100.0000,0.0000,360.0000,0
425.10,2,0.0000,0,0,98.7212,1.2788,360.0000,0
425.10,3,80.5000,0,0,97.8350,2.1650,414.0000,0
425.10,4,88.0000,0,0,87.1667,12.8333,419.0000,0
425.10,5,95.5000,0,0,94.8449,5.1551,424.0000,0
425.10,6,0.0000,0,0,97.3224,2.6776,360.0000,0
425.10,7,0.0000,0,0,86.0986,13.9014,360.0000,0
425.10,8,7.0000,0,0,93.2337,6.7663,365.0000,0
425.10,9,0.0000,0,0,93.8227,6.1773,360.0000,0
426.10,0,46.0000,0,0,92.6188,7.3812,392.0000,0
426.10,1,0.0000,0,0,100.0000,0.0000,361.0000,0
426.10,2,0.0000,0,0,98.7212,1.2788,361.0000,0
426.10,3,80.5000,0,0,97.8350,2.1650,415.0000,0
426.10,4,88.0000,0,0,87.1667,12.8333,420.0000,0
426.10,5,95.5000,0,0,94.8449,5.1551,425.0000,0
426.10,6,0.0000,0,0,97.3224,2.6776,361.0000,0
426.10,7,0.0000,0,0,86.0986,13.9014,361.0000,0
426.10,8,7.0000,0,0,93.2337,6.7663,366.0000,0
426.10,9,0.0000,0,0,93.8227,6.1773,361.0000,0
427.10,0,46.0000,0,0,92.6188,7.3812,393.0000,0
427.10,1,0.0000,0,0,100.0000,0.0000,362.0000,0
427.10,2,0.0000,0,0,98.7212,1.2788,362.0000,0
427.10,3,80.5000,0,0,97.8350,2.1650,416.0000,0
427.10,4,88.0000,0,0,87.1667,12.8333,421.0000,0
427.10,5,95.5000,0,0,94.8449,5.1551,426.0000,0
427.10,6,0.0000,0,0,97.3224,2.6776,362.0000,0
427.10,7,0.0000,0,0,86.0986,13.9014,362.0000,0
427.10,8,7.0000,0,0,93.2337,6.7663,367.0000,0
427.10,9,0.0000,0,0,93.8227,6.1773,362.0000,0
428.10,0,46.0000,0,0,92.6188,7.3812,394.0000,0
428.10,1,0.0000,0,0,100.0000,0.0000,363.0000,0
428.10,2,0.0000,0,0,98.7212,1.2788,363.0000,0
428.10,3,80.5000,0,0,97.8350,2.1650,417.0000,0
428.10,4,88.0000,0,0,87.1667,12.8333,422.0000,0
428.10,5,95.5000,0,0,94.8449,5.1551,427.0000,0
428.10,6,0.0000,0,0,97.3224,2.6776,363.0000,0
428.10,7,0.0000,0,0,86.0986,13.9014,363.0000,0
428.10,8,7.0000,0,0,93.2337,6.7663,368.0000,0
428.10,9,0.0000,0,0,93.8227,6.1773,363.0000,0
429.10,0,46.0000,0,0,92.6188,7.3812,395.0000,0
429.10,1,0.0000,0,0,100.0000,0.0000,364.0000,0
429.10,2,0.0000,0,0,98.7212,1.2788,364.0000,0
429.10,3,80.5000,0,0,97.8350,2.1650,418.0000,0
429.10,4,88.0000,0,0,87.1667,12.8333,423.0000,0
429.10,5,95.5000,0,0,94.8449,5.1551,428.0000,0
429.10,6,0.0000,0,0,97.3224,2.6776,364.0000,0
429.10,7,0.0000,0,0,86.0986,13.9014,364.0000,0
429.10,8,7.0000,0,0,93.2337,6.7663,369.0000,0
429.10,9,0.0000,0,0,93.8227,6.1773,364.0000,0
430.10,0,46.0000,0,0,92.6188,7.3812,396.0000,0
430.10,1,0.0000,0,0,100.0000,0.0000,365.0000,0
430.10,2,0.0000,0,0,98.7212,1.2788,365.0000,0
430.10,3,80.5000,0,0,97.8350,2.1650,419.0000,0
430.10,4,88.0000,0,0,87.1667,12.8333,424.0000,0
430.10,5,95.5000,0,0,94.8449,5.1551,429.0000,0
430.10,6,0.0000,0,0,97.3224,2.6776,365.0000,0
430.10,7,0.0000,0,0,86.0986,13.9014,365.0000,0
430.10,8,7.0000,0,0,93.2337,6.7663,370.0000,0
430.10,9,0.0000,0,0,93.8227,6.1773,365.0000,0
431.10,0,46.0000,0,0,92.6188,7.3812,397.0000,0
431.10,1,0.0000,0,0,100.0000,0.0000,366.0000,0
431.10,2,0.0000,0,0,98.7212,1.2788,366.0000,0
431.10,3,80.5000,0,0,97.8350,2.1650,420.0000,0
431.10,4,88.0000,0,0,87.1667,12.8333,425.0000,0
431.10,5,95.5000,0,0,94.8449,5.1551,430.0000,0
431.10,6,0.0000,0,0,97.3224,2.6776,366.0000,0
431.10,7,0.0000,0,0,86.0986,13.9014,366.0000,0
431.10,8,7.0000,0,0,93.2337,6.7663,371.0000,0
431.10,9,0.0000,0,0,93.8227,6.1773,366.0000,0
432.10,0,46.0000,0,0,92.6188,7.3812,398.0000,0
432.10,1,0.0000,0,0,100.0000,0.0000,367.0000,0
432.10,2,0.0000,0,0,98.7212,1.2788,367.0000,0
432.10,3,80.5000,0,0,97.8350,2.1650,421.0000,0
432.10,4,88.0000,0,0,87.1667,12.8333,426.0000,0
432.10,5,95.5000,0,0,94.8449,5.1551,431.0000,0
432.10,6,0.0000,0,0,97.3224,2.6776,367.0000,0
432.10,7,0.0000,0,0,86.0986,13.9014,367.0000,0
432.10,8,7.0000,0,0,93.2337,6.7663,372.0000,0
432.10,9,0.0000,0,0,93.8227,6.1773,367.0000,0
433.10,0,46.0000,0,0,92.6188,7.3812,399.0000,0
433.10,1,0.0000,0,0,100.0000,0.0000,368.0000,0
433.10,2,0.0000,0,0,98.7212,1.2788,368.0000,0
433.10,3,80.5000,0,0,97.8350,2.1650,422.0000,0
433.10,4,88.0000,0,0,87.1667,12.8333,427.0000,0
433.10,5,95.5000,0,0,94.8449,5.1551,432.0000,0
433.10,6,0.0000,0,0,97.3224,2.6776,368.0000,0
433.10,7,0.0000,0,0,86.0986,13.9014,368.0000,0
433.10,8,7.0000,0,0,93.2337,6.7663,373.0000,0
433.10,9,0.0000,0,0,93.8227,6.1773,368.0000,0
434.10,0,46.0000,0,0,92.6188,7.3812,400.0000,0
434.10,1,0.0000,0,0,100.0000,0.0000,369.0000,0
434.10,2,0.0000,0,0,98.7212,1.2788,369.0000,0
434.10,3,80.5000,0,0,97.8350,2.1650,423.0000,0
434.10,4,88.0000,0,0,87.1667,12.8333,428.0000,0
434.10,5,95.5000,0,0,94.8449,5.1551,433.0000,0
434.10,6,0.0000,0,0,97.3224,2.6776,369.0000,0
434.10,7,0.0000,0,0,86.0986,13.9014,369.0000,0
434.10,8,7.0000,0,0,93.2337,6.7663,374.0000,0
434.10,9,0.0000,0,0,93.8227,6.1773,369.0000,0
435.10,0,46.0000,0,0,92.6188,7.3812,401.0000,0
435.10,1,0.0000,0,0,100.0000,0.0000,370.0000,0
435.10,2,0.0000,0,0,98.7212,1.2788,370.0000,0
435.10,3,80.5000,0,0,97.8350,2.1650,424.0000,0
435.10,4,88.0000,0,0,87.1667,12.8333,429.0000,0
435.10,5,95.5000,0,0,94.8449,5.1551,434.0000,0
435.10,6,0.0000,0,0,97.3224,2.6776,370.0000,0
435.10,7,0.0000,0,0,86.0986,13.9014,370.0000,0
435.10,8,7.0000,0,0,93.2337,6.7663,375.0000,0
435.10,9,0.0000,0,0,93.8227,6.1773,370.0000,0
436.10,0,46.0000,0,0,92.6188,7.3812,402.0000,0
436.10,1,0.0000,0,0,100.0000,0.0000,371.0000,0
436.10,2,0.0000,0,0,98.7212,1.2788,371.0000,0
436.10,3,80.5000,0,0,97.8350,2.1650,425.0000,0
436.10,4,88.0000,0,0,87.1667,12.8333,430.0000,0
436.10,5,95.5000,0,0,94.8449,5.1551,435.0000,0
436.10,6,0.0000,0,0,97.3224,2.6776,371.0000,0
436.10,7,0.0000,0,0,86.0986,13.9014,371.0000,0
436.10,8,7.0000,0,0,93.2337,6.7663,376.0000,0
436.10,9,0.0000,0,0,93.8227,6.1773,371.0000,0
437.10,0,46.0000,0,0,92.6188,7.3812,403.0000,0
437.10,1,0.0000,0,0,100.0000,0.0000,372.0000,0
437.10,2,0.0000,0,0,98.7212,1.2788,372.0000,0
437.10,3,80.5000,0,0,97.8350,2.1650,426.0000,0
437.10,4,88.0000,0,0,87.1667,12.8333,431.0000,0
437.10,5,95.5000,0,0,94.8449,5.1551,436.0000,0
437.10,6,0.0000,0,0,97.3224,2.6776,372.0000,0
437.10,7,0.0000,0,0,86.0986,13.9014,372.0000,0
437.10,8,7.0000,0,0,93.2337,6.7663,377.0000,0
437.10,9,0.0000,0,0,93.8227,6.1773,372.0000,0
438.10,0,46.0000,0,0,92.6188,7.3812,404.0000,0
438.10,1,0.0000,0,0,100.0000,0.0000,373.0000,0
438.10,2,0.0000,0,0,98.7212,1.2788,373.0000,0
438.10,3,80.5000,0,0,97.8350,2.1650,427.0000,0
438.10,4,88.0000,0,0,87.1667,12.8333,432.0000,0
438.10,5,95.5000,0,0,94.8449,5.1551,437.0000,0
438.10,6,0.0000,0,0,97.3224,2.6776,373.0000,0
438.10,7,0.0000,0,0,86.0986,13.9014,373.0000,0
438.10,8,7.0000,0,0,93.2337,6.7663,378.0000,0
438.10,9,0.0000,0,0,93.8227,6.1773,373.0000,0
439.10,0,46.0000,0,0,92.6188,7.3812,405.0000,0
439.10,1,0.0000,0,0,100.0000,0.0000,374.0000,0
439.10,2,0.0000,0,0,98.7212,1.2788,374.0000,0
439.10,3,80.5000,0,0,97.8350,2.1650,428.0000,0
439.10,4,88.0000,0,0,87.1667,12.8333,433.0000,0
439.10,5,95.5000,0,0,94.8449,5.1551,438.0000,0
439.10,6,0.0000,0,0,97.3224,2.6776,374.0000,0
439.10,7,0.0000,0,0,86.0986,13.9014,374.0000,0
439.10,8,7.0000,0,0,93.2337,6.7663,379.0000,0
439.10,9,0.0000,0,0,93.8227,6.1773,374.0000,0
440.10,0,46.0000,0,0,92.6188,7.3812,406.0000,0
440.10,1,0.0000,0,0,100.0000,0.0000,375.0000,0
440.10,2,0.0000,0,0,98.7212,1.2788,375.0000,0
440.10,3,80.5000,0,0,97.8350,2.1650,429.0000,0
440.10,4,88.0000,0,0,87.1667,12.8333,434.0000,0
440.10,5,95.5000,0,0,94.8449,5.1551,439.0000,0
440.10,6,0.0000,0,0,97.3224,2.6776,375.0000,0
440.10,7,0.0000,0,0,86.0986,13.9014,375.0000,0
440.10,8,7.0000,0,0,93.2337,6.7663,380.0000,0
440.10,9,0.0000,0,0,93.8227,6.1773,375.0000,0
441.10,0,46.0000,0,0,92.6188,7.3812,407.0000,0
441.10,1,0.0000,0,0,100.0000,0.0000,376.0000,0
441.10,2,0.0000,0,0,98.7212,1.2788,376.0000,0
441.10,3,80.5000,0,0,97.8350,2.1650,430.0000,0
441.10,4,88.0000,0,0,87.1667,12.8333,435.0000,0
441.10,5,95.5000,0,0,94.8449,5.1551,440.0000,0
441.10,6,0.0000,0,0,97.3224,2.6776,376.0000,0
441.10,7,0.0000,0,0,86.0986,13.9014,376.0000,0
441.10,8,7.0000,0,0,93.2337,6.7663,381.0000,0
441.10,9,0.0000,0,0,93.8227,6.1773,376.0000,0
442.10,0,46.0000,0,0,92.6188,7.3812,408.0000,0
442.10,1,0.0000,0,0,100.0000,0.0000,377.0000,0
442.10,2,0.0000,0,0,98.7212,1.2788,377.0000,0
442.10,3,80.5000,0,0,97.8350,2.1650,431.0000,0
442.10,4,88.0000,0,0,87.1667,12.8333,436.0000,0
442.10,5,95.5000,0,0,94.8449,5.1551,441.0000,0
442.10,6,0.0000,0,0,97.3224,2.6776,377.0000,0
442.10,7,0.0000,0,0,86.0986,13.9014,377.0000,0
442.10,8,7.0000,0,0,93.2337,6.7663,382.0000,0
442.10,9,0.0000,0,0,93.8227,6.1773,377.0000,0
443.10,0,46.0000,0,0,92.6188,7.3812,409.0000,0
443.10,1,0.0000,0,0,100.0000,0.0000,378.0000,0
443.10,2,0.0000,0,0,98.7212,1.2788,378.0000,0
443.10,3,80.5000,0,0,97.8350,2.1650,432.0000,0
443.10,4,88.0000,0,0,87.1667,12.8333,437.0000,0
443.10,5,95.5000,0,0,94.8449,5.1551,442.0000,0
443.10,6,0.0000,0,0,97.3224,2.6776,378.0000,0
443.10,7,0.0000,0,0,86.0986,13.9014,378.0000,0
443.10,8,7.0000,0,0,93.2337,6.7663,383.0000,0
443.10,9,0.0000,0,0,93.8227,6.1773,378.0000,0
444.10,0,46.0000,0,0,92.6188,7.3812,410.0000,0
444.10,1,0.0000,0,0,100.0000,0.0000,379.0000,0
444.10,2,0.0000,0,0,98.7212,1.2788,379.0000,0
444.10,3,80.5000,0,0,97.8350,2.1650,433.0000,0
444.10,4,88.0000,0,0,87.1667,12.8333,438.0000,0
444.10,5,95.5000,0,0,94.8449,5.1551,443.0000,0
444.10,6,0.0000,0,0,97.3224,2.6776,379.0000,0
444.10,7,0.0000,0,0,86.0986,13.9014,379.0000,0
444.10,8,7.0000,0,0,93.2337,6.7663,384.0000,0
444.10,9,0.0000,0,0,93.8227,6.1773,379.0000,0
445.10,0,46.0000,0,0,92.6188,7.3812,411.0000,0
445.10,1,0.0000,0,0,100.0000,0.0000,380.0000,0
445.10,2,0.0000,0,0,98.7212,1.2788,380.0000,0
445.10,3,80.5000,0,0,97.8350,2.1650,434.0000,0
445.10,4,88.0000,0,0,87.1667,12.8333,439.0000,0
445.10,5,95.5000,0,0,94.8449,5.1551,444.0000,0
445.10,6,0.0000,0,0,97.3224,2.6776,380.0000,0
445.10,7,0.0000,0,0,86.0986,13.9014,380.0000,0
445.10,8,7.0000,0,0,93.2337,6.7663,385.0000,0
445.10,9,0.0000,0,0,93.8227,6.1773,380.0000,0
446.10,0,46.0000,0,0,92.6188,7.3812,412.0000,0
446.10,1,0.0000,0,0,100.0000,0.0000,381.0000,0
446.10,2,0.0000,0,0,98.7212,1.2788,381.0000,0
446.10,3,80.5000,0,0,97.8350,2.1650,435.0000,0
446.10,4,88.0000,0,0,87.1667,12.8333,440.0000,0
446.10,5,95.5000,0,0,94.8449,5.1551,445.0000,0
446.10,6,0.0000,0,0,97.3224,2.6776,381.0000,0
446.10,7,0.0000,0,0,86.0986,13.9014,381.0000,0
446.10,8,7.0000,0,0,93.2337,6.7663,386.0000,0
446.10,9,0.0000,0,0,93.8227,6.1773,381.0000,0
447.10,0,46.0000,0,0,92.6188,7.3812,413.0000,0
447.10,1,0.0000,0,0,100.0000,0.0000,382.0000,0
447.10,2,0.0000,0,0,98.7212,1.2788,382.0000,0
447.10,3,80.5000,0,0,97.8350,2.1650,436.0000,0
447.10,4,88.0000,0,0,87.1667,12.8333,441.0000,0
447.10,5,95.5000,0,0,94.8449,5.1551,446.0000,0
447.10,6,0.0000,0,0,97.3224,2.6776,382.0000,0
447.10,7,0.0000,0,0,86.0986,13.9014,382.0000,0
447.10,8,7.0000,0,0,93.2337,6.7663,387.0000,0
447.10,9,0.0000,0,0,93.8227,6.1773,382.0000,0
448.10,0,46.0000,0,0,92.6188,7.3812,414.0000,0
448.10,1,0.0000,0,0,100.0000,0.0000,383.0000,0
448.10,2,0.0000,0,0,98.7212,1.2788,383.0000,0
448.10,3,80.5000,0,0,97.8350,2.1650,437.0000,0
448.10,4,88.0000,0,0,87.1667,12.8333,442.0000,0
448.10,5,95.5000,0,0,94.8449,5.1551,447.0000,0
448.10,6,0.0000,0,0,97.3224,2.6776,383.0000,0
448.10,7,0.0000,0,0,86.0986,13.9014,383.0000,0
448.10,8,7.0000,0,0,93.2337,6.7663,388.0000,0
448.10,9,0.0000,0,0,93.8227,6.1773,383.0000,0
449.10,0,46.0000,0,0,92.6188,7.3812,415.0000,0
449.10,1,0.0000,0,0,100.0000,0.0000,384.0000,0
449.10,2,0.0000,0,0,98.7212,1.2788,384.0000,0
449.10,3,80.5000,0,0,97.8350,2.1650,438.0000,0
449.10,4,88.0000,0,0,87.1667,12.8333,443.0000,0
449.10,5,95.5000,0,0,94.8449,5.1551,448.0000,0
449.10,6,0.0000,0,0,97.3224,2.6776,384.0000,0
449.10,7,0.0000,0,0,86.0986,13.9014,384.0000,0
449.10,8,7.0000,0,0,93.2337,6.7663,389.0000,0
449.10,9,0.0000,0,0,93.8227,6.1773,384.0000,0
450.10,0,46.0000,0,0,92.6188,7.3812,416.0000,0
450.10,1,0.0000,0,0,100.0000,0.0000,385.0000,0
450.10,2,0.0000,0,0,98.7212,1.2788,385.0000,0
450.10,3,80.5000,0,0,97.8350,2.1650,439.0000,0
450.10,4,88.0000,0,0,87.1667,12.8333,444.0000,0
450.10,5,95.5000,0,0,94.8449,5.1551,449.0000,0
450.10,6,0.0000,0,0,97.3224,2.6776,385.0000,0
450.10,7,0.0000,0,0,86.0986,13.9014,385.0000,0
450.10,8,7.0000,0,0,93.2337,6.7663,390.0000,0
450.10,9,0.0000,0,0,93.8227,6.1773,385.0000,0
451.10,0,46.0000,0,0,92.6188,7.3812,417.0000,0
451.10,1,0.0000,0,0,100.0000,0.0000,386.0000,0
451.10,2,0.0000,0,0,98.7212,1.2788,386.0000,0
451.10,3,80.5000,0,0,97.8350,2.1650,440.0000,0
451.10,4,88.0000,0,0,87.1667,12.8333,445.0000,0
451.10,5,95.5000,0,0,94.8449,5.1551,450.0000,0
451.10,6,0.0000,0,0,97.3224,2.6776,386.0000,0
451.10,7,0.0000,0,0,86.0986,13.9014,386.0000,0
451.10,8,7.0000,0,0,93.2337,6.7663,391.0000,0
451.10,9,0.0000,0,0,93.8227,6.1773,386.0000,0
452.10,0,46.0000,0,0,92.6188,7.3812,418.0000,0
452.10,1,0.0000,0,0,100.0000,0.0000,387.0000,0
452.10,2,0.0000,0,0,98.7212,1.2788,387.0000,0
452.10,3,80.5000,0,0,97.8350,2.1650,441.0000,0
452.10,4,88.0000,0,0,87.1667,12.8333,446.0000,0
452.10,5,95.5000,0,0,94.8449,5.1551,451.0000,0
452.10,6,0.0000,0,0,97.3224,2.6776,387.0000,0
452.10,7,0.0000,0,0,86.0986,13.9014,387.0000,0
452.10,8,7.0000,0,0,93.2337,6.7663,392.0000,0
452.10,9,0.0000,0,0,93.8227,6.1773,387.0000,0
453.10,0,46.0000,0,0,92.6188,7.3812,419.0000,0
453.10,1,0.0000,0,0,100.0000,0.0000,388.0000,0
453.10,2,0.0000,0,0,98.7212,1.2788,388.0000,0
453.10,3,80.5000,0,0,97.8350,2.1650,442.0000,0
453.10,4,88.0000,0,0,87.1667,12.8333,447.0000,0
453.10,5,95.5000,0,0,94.8449,5.1551,452.0000,0
453.10,6,0.0000,0,0,97.3224,2.6776,388.0000,0
453.10,7,0.0000,0,0,86.0986,13.9014,388.0000,0
453.10,8,7.0000,0,0,93.2337,6.7663,393.0000,0
453.10,9,0.0000,0,0,93.8227,6.1773,388.0000,0
454.10,0,46.0000,0,0,92.6188,7.3812,420.0000,0
454.10,1,0.0000,0,0,100.0000,0.0000,389.0000,0
454.10,2,0.0000,0,0,98.7212,1.2788,389.0000,0
454.10,3,80.5000,0,0,97.8350,2.1650,443.0000,0
454.10,4,88.0000,0,0,87.1667,12.8333,448.0000,0
454.10,5,95.5000,0,0,94.8449,5.1551,453.0000,0
454.10,6,0.0000,0,0,97.3224,2.6776,389.0000,0
454.10,7,0.0000,0,0,86.0986,13.9014,389.0000,0
454.10,8,7.0000,0,0,93.2337,6.7663,394.0000,0
454.10,9,0.0000,0,0,93.8227,6.1773,389.0000,0
455.10,0,46.0000,0,0,92.6188,7.3812,421.0000,0
455.10,1,0.0000,0,0,100.0000,0.0000,390.0000,0
455.10,2,0.0000,0,0,98.7212,1.2788,390.0000,0
455.10,3,80.5000,0,0,97.8350,2.1650,444.0000,0
455.10,4,88.0000,0,0,87.1667,12.8333,449.0000,0
455.10,5,95.5000,0,0,94.8449,5.1551,454.0000,0
455.10,6,0.0000,0,0,97.3224,2.6776,390.0000,0
455.10,7,0.0000,0,0,86.0986,13.9014,390.0000,0
455.10,8,7.0000,0,0,93.2337,6.7663,395.0000,0
455.10,9,0.0000,0,0,93.8227,6.1773,390.0000,0
456.10,0,46.0000,0,0,92.6188,7.3812,422.0000,0
456.10,1,0.0000,0,0,100.0000,0.0000,391.0000,0
456.10,2,0.0000,0,0,98.7212,1.2788,391.0000,0
456.10,3,80.5000,0,0,97.8350,2.1650,445.0000,0
456.10,4,88.0000,0,0,87.1667,12.8333,450.0000,0
456.10,5,95.5000,0,0,94.8449,5.1551,455.0000,0
456.10,6,0.0000,0,0,97.3224,2.6776,391.0000,0
456.10,7,0.0000,0,0,86.0986,13.9014,391.0000,0
456.10,8,7.0000,0,0,93.2337,6.7663,396.0000,0
456.10,9,0.0000,0,0,93.8227,6.1773,391.0000,0
457.10,0,46.0000,0,0,92.6188,7.3812,423.0000,0
457.10,1,0.0000,0,0,100.0000,0.0000,392.0000,0
457.10,2,0.0000,0,0,98.7212,1.2788,392.0000,0
457.10,3,80.5000,0,0,97.8350,2.1650,446.0000,0
457.10,4,88.0000,0,0,87.1667,12.8333,451.0000,0
457.10,5,95.5000,0,0,94.8449,5.1551,456.0000,0
457.10,6,0.0000,0,0,97.3224,2.6776,392.0000,0
457.10,7,0.0000,0,0,86.0986,13.9014,392.0000,0
457.10,8,7.0000,0,0,93.2337,6.7663,397.0000,0
457.10,9,0.0000,0,0,93.8227,6.1773,392.0000,0
458.10,0,46.0000,0,0,92.6188,7.3812,424.0000,0
458.10,1,0.0000,0,0,100.0000,0.0000,393.0000,0
458.10,2,0.0000,0,0,98.7212,1.2788,393.0000,0
458.10,3,80.5000,0,0,97.8350,2.1650,447.0000,0
458.10,4,88.0000,0,0,87.1667,12.8333,452.0000,0
458.10,5,95.5000,0,0,94.8449,5.1551,457.0000,0
458.10,6,0.0000,0,0,97.3224,2.6776,393.0000,0
458.10,7,0.0000,0,0,86.0986,13.9014,393.0000,0
458.10,8,7.0000,0,0,93.2337,6.7663,398.0000,0
458.10,9,0.0000,0,0,93.8227,6.1773,393.0000,0
459.10,0,46.0000,0,0,92.6188,7.3812,425.0000,0
459.10,1,0.0000,0,0,100.0000,0.0000,394.0000,0
459.10,2,0.0000,0,0,98.7212,1.2788,394.0000,0
459.10,3,80.5000,0,0,97.8350,2.1650,448.0000,0
459.10,4,88.0000,0,0,87.1667,12.8333,453.0000,0
459.10,5,95.5000,0,0,94.8449,5.1551,458.0000,0
459.10,6,0.0000,0,0,97.3224,2.6776,394.0000,0
459.10,7,0.0000,0,0,86.0986,13.9014,394.0000,0
459.10,8,7.0000,0,0,93.2337,6.7663,399.0000,0
459.10,9,0.0000,0,0,93.8227,6.1773,394.0000,0
460.10,0,46.0000,0,0,92.6188,7.3812,426.0000,0
460.10,1,0.0000,0,0,100.0000,0.0000,395.0000,0
460.10,2,0.0000,0,0,98.7212,1.2788,395.0000,0
460.10,3,80.5000,0,0,97.8350,2.1650,449.0000,0
460.10,4,88.0000,0,0,87.1667,12.8333,454.0000,0
460.10,5,95.5000,0,0,94.8449,5.1551,459.0000,0
460.10,6,0.0000,0,0,97.3224,2.6776,395.0000,0
460.10,7,0.0000,0,0,86.0986,13.9014,395.0000,0
460.10,8,7.0000,0,0,93.2337,6.7663,400.0000,0
460.10,9,0.0000,0,0,93.8227,6.1773,395.0000,0
461.10,0,46.0000,0,0,92.6188,7.3812,427.0000,0
461.10,1,0.0000,0,0,100.0000,0.0000,396.0000,0
461.10,2,0.0000,0,0,98.7212,1.2788,396.0000,0
461.10,3,80.5000,0,0,97.8350,2.1650,450.0000,0
461.10,4,88.0000,0,0,87.1667,12.8333,455.0000,0
461.10,5,95.5000,0,0,94.8449,5.1551,460.0000,0
461.10,6,0.0000,0,0,97.3224,2.6776,396.0000,0
461.10,7,0.0000,0,0,86.0986,13.9014,396.0000,0
461.10,8,7.0000,0,0,93.2337,6.7663,401.0000,0
461.10,9,0.0000,0,0,93.8227,6.1773,396.0000,0
462.10,0,46.0000,0,0,92.6188,7.3812,428.0000,0
462.10,1,0.0000,0,0,100.0000,0.0000,397.0000,0
462.10,2,0.0000,0,0,98.7212,1.2788,397.0000,0
462.10,3,80.5000,0,0,97.8350,2.1650,451.0000,0
462.10,4,88.0000,0,0,87.1667,12.8333,456.0000,0
462.10,5,95.5000,0,0,94.8449,5.1551,461.0000,0
462.10,6,0.0000,0,0,97.3224,2.6776,397.0000,0
462.10,7,0.0000,0,0,86.0986,13.9014,397.0000,0
462.10,8,7.0000,0,0,93.2337,6.7663,402.0000,0
462.10,9,0.0000,0,0,93.8227,6.1773,397.0000,0
463.10,0,46.0000,0,0,92.6188,7.3812,429.0000,0
463.10,1,0.0000,0,0,100.0000,0.0000,398.0000,0
463.10,2,0.0000,0,0,98.7212,1.2788,398.0000,0
463.10,3,80.5000,0,0,97.8350,2.1650,452.0000,0
463.10,4,88.0000,0,0,87.1667,12.8333,457.0000,0
463.10,5,95.5000,0,0,94.8449,5.1551,462.0000,0
463.10,6,0.0000,0,0,97.3224,2.6776,398.0000,0
463.10,7,0.0000,0,0,86.0986,13.9014,398.0000,0
463.10,8,7.0000,0,0,93.2337,6.7663,403.0000,0
463.10,9,0.0000,0,0,93.8227,6.1773,398.0000,0
464.10,0,46.0000,0,0,92.6188,7.3812,430.0000,0
464.10,1,0.0000,0,0,100.0000,0.0000,399.0000,0
464.10,2,0.0000,0,0,98.7212,1.2788,399.0000,0
464.10,3,80.5000,0,0,97.8350,2.1650,453.0000,0
464.10,4,88.0000,0,0,87.1667,12.8333,458.0000,0
464.10,5,95.5000,0,0,94.8449,5.1551,463.0000,0
464.10,6,0.0000,0,0,97.3224,2.6776,399.0000,0
464.10,7,0.0000,0,0,86.0986,13.9014,399.0000,0
464.10,8,7.0000,0,0,93.2337,6.7663,404.0000,0
464.10,9,0.0000,0,0,93.8227,6.1773,399.0000,0
465.10,0,46.0000,0,0,92.6188,7.3812,431.0000,0
465.10,1,0.0000,0,0,100.0000,0.0000,400.0000,0
465.10,2,0.0000,0,0,98.7212,1.2788,400.0000,0
465.10,3,80.5000,0,0,97.8350,2.1650,454.0000,0
465.10,4,88.0000,0,0,87.1667,12.8333,459.0000,0
465.10,5,95.5000,0,0,94.8449,5.1551,464.0000,0
465.10,6,0.0000,0,0,97.3224,2.6776,400.0000,0
465.10,7,0.0000,0,0,86.0986,13.9014,400.0000,0
465.10,8,7.0000,0,0,93.2337,6.7663,405.0000,0
465.10,9,0.0000,0,0,93.8227,6.1773,400.0000,0
466.10,0,46.0000,0,0,92.6188,7.3812,432.0000,0
466.10,1,0.0000,0,0,100.0000,0.0000,401.0000,0
466.10,2,0.0000,0,0,98.7212,1.2788,401.0000,0
466.10,3,80.5000,0,0,97.8350,2.1650,455.0000,0
466.10,4,88.0000,0,0,87.1667,12.8333,460.0000,0
466.10,5,95.5000,0,0,94.8449,5.1551,465.0000,0
466.10,6,0.0000,0,0,97.3224,2.6776,401.0000,0
466.10,7,0.0000,0,0,86.0986,13.9014,401.0000,0
466.10,8,7.0000,0,0,93.2337,6.7663,406.0000,0
466.10,9,0.0000,0,0,93.8227,6.1773,401.0000,0
467.10,0,46.0000,0,0,92.6188,7.3812,433.0000,0
467.10,1,0.0000,0,0,100.0000,0.0000,402.0000,0
467.10,2,0.0000,0,0,98.7212,1.2788,402.0000,0
467.10,3,80.5000,0,0,97.8350,2.1650,456.0000,0
467.10,4,88.0000,0,0,87.1667,12.8333,461.0000,0
467.10,5,95.5000,0,0,94.8449,5.1551,466.0000,0
467.10,6,0.0000,0,0,97.3224,2.6776,402.0000,0
467.10,7,0.0000,0,0,86.0986,13.9014,402.0000,0
467.10,8,7.0000,0,0,93.2337,6.7663,407.0000,0
467.10,9,0.0000,0,0,93.8227,6.1773,402.0000,0
468.10,0,46.0000,0,0,92.6188,7.3812,434.0000,0
468.10,1,0.0000,0,0,100.0000,0.0000,403.0000,0
468.10,2,0.0000,0,0,98.7212,1.2788,403.0000,0
468.10,3,80.5000,0,0,97.8350,2.1650,457.0000,0
468.10,4,88.0000,0,0,87.1667,12.8333,462.0000,0
468.10,5,95.5000,0,0,94.8449,5.1551,467.0000,0
468.10,6,0.0000,0,0,97.3224,2.6776,403.0000,0
468.10,7,0.0000,0,0,86.0986,13.9014,403.0000,0
468.10,8,7.0000,0,0,93.2337,6.7663,408.0000,0
468.10,9,0.0000,0,0,93.8227,6.1773,403.0000,0
469.10,0,46.0000,0,0,92.6188,7.3812,435.0000,0
469.10,1,0.0000,0,0,100.0000,0.0000,404.0000,0
469.10,2,0.0000,0,0,98.7212,1.2788,404.0000,0
469.10,3,80.5000,0,0,97.8350,2.1650,458.0000,0
469.10,4,88.0000,0,0,87.1667,12.8333,463.0000,0
469.10,5,95.5000,0,0,94.8449,5.1551,468.0000,0
469.10,6,0.0000,0,0,97.3224,2.6776,404.0000,0
469.10,7,0.0000,0,0,86.0986,13.9014,404.0000,0
469.10,8,7.0000,0,0,93.2337,6.7663,409.0000,0
469.10,9,0.0000,0,0,93.8227,6.1773,404.0000,0
470.10,0,46.0000,0,0,92.6188,7.3812,436.0000,0
470.10,1,0.0000,0,0,100.0000,0.0000,405.0000,0
470.10,2,0.0000,0,0,98.7212,1.2788,405.0000,0
470.10,3,80.5000,0,0,97.8350,2.1650,459.0000,0
470.10,4,88.0000,0,0,87.1667,12.8333,464.0000,0
470.10,5,95.5000,0,0,94.8449,5.1551,469.0000,0
470.10,6,0.0000,0,0,97.3224,2.6776,405.0000,0
470.10,7,0.0000,0,0,86.0986,13.9014,405.0000,0
470.10,8,7.0000,0,0,93.2337,6.7663,410.0000,0
470.10,9,0.0000,0,0,93.8227,6.1773,405.0000,0
471.10,0,46.0000,0,0,92.6188,7.3812,437.0000,0
471.10,1,0.0000,0,0,100.0000,0.0000,406.0000,0
471.10,2,0.0000,0,0,98.7212,1.2788,406.0000,0
471.10,3,80.5000,0,0,97.8350,2.1650,460.0000,0
471.10,4,88.0000,0,0,87.1667,12.8333,465.0000,0
471.10,5,95.5000,0,0,94.8449,5.1551,470.0000,0
471.10,6,0.0000,0,0,97.3224,2.6776,406.0000,0
471.10,7,0.0000,0,0,86.0986,13.9014,406.0000,0
471.10,8,7.0000,0,0,93.2337,6.7663,411.0000,0
471.10,9,0.0000,0,0,93.8227,6.1773,406.0000,0
472.10,0,46.0000,0,0,92.6188,7.3812,438.0000,0
472.10,1,0.0000,0,0,100.0000,0.0000,407.0000,0
472.10,2,0.0000,0,0,98.7212,1.2788,407.0000,0
472.10,3,80.5000,0,0,97.8350,2.1650,461.0000,0
472.10,4,88.0000,0,0,87.1667,12.8333,466.0000,0
472.10,5,95.5000,0,0,94.8449,5.1551,471.0000,0
472.10,6,0.0000,0,0,97.3224,2.6776,407.0000,0
472.10,7,0.0000,0,0,86.0986,13.9014,407.0000,0
472.10,8,7.0000,0,0,93.2337,6.7663,412.0000,0
472.10,9,0.0000,0,0,93.8227,6.1773,407.0000,0
473.10,0,46.0000,0,0,92.6188,7.3812,439.0000,0
473.10,1,0.0000,0,0,100.0000,0.0000,408.0000,0
473.10,2,0.0000,0,0,98.7212,1.2788,408.0000,0
473.10,3,80.5000,0,0,97.8350,2.1650,462.0000,0
473.10,4,88.0000,0,0,87.1667,12.8333,467.0000,0
473.10,5,95.5000,0,0,94.8449,5.1551,472.0000,0
473.10,6,0.0000,0,0,97.3224,2.6776,408.0000,0
473.10,7,0.0000,0,0,86.0986,13.9014,408.0000,0
473.10,8,7.0000,0,0,93.2337,6.7663,413.0000,0
473.10,9,0.0000,0,0,93.8227,6.1773,408.0000,0
474.10,0,46.0000,0,0,92.6188,7.3812,440.0000,0
474.10,1,0.0000,0,0,100.0000,0.0000,409.0000,0
474.10,2,0.0000,0,0,98.7212,1.2788,409.0000,0
474.10,3,80.5000,0,0,97.8350,2.1650,463.0000,0
474.10,4,88.0000,0,0,87.1667,12.8333,468.0000,0
474.10,5,95.5000,0,0,94.8449,5.1551,473.0000,0
474.10,6,0.0000,0,0,97.3224,2.6776,409.0000,0
474.10,7,0.0000,0,0,86.0986,13.9014,409.0000,0
474.10,8,7.0000,0,0,93.2337,6.7663,414.0000,0
474.10,9,0.0000,0,0,93.8227,6.1773,409.0000,0
475.10,0,46.0000,0,0,92.6188,7.3812,441.0000,0
475.10,1,0.0000,0,0,100.0000,0.0000,410.0000,0
475.10,2,0.0000,0,0,98.7212,1.2788,410.0000,0
475.10,3,80.5000,0,0,97.8350,2.1650,464.0000,0
475.10,4,88.0000,0,0,87.1667,12.8333,469.0000,0
475.10,5,95.5000,0,0,94.8449,5.1551,474.0000,0
475.10,6,0.0000,0,0,97.3224,2.6776,410.0000,0
475.10,7,0.0000,0,0,86.0986,13.9014,410.0000,0
475.10,8,7.0000,0,0,93.2337,6.7663,415.0000,0
475.10,9,0.0000,0,0,93.8227,6.1773,410.0000,0
476.10,0,46.0000,0,0,92.6188,7.3812,442.0000,0
476.10,1,0.0000,0,0,100.0000,0.0000,411.0000,0
476.10,2,0.0000,0,0,98.7212,1.2788,411.0000,0
476.10,3,80.5000,0,0,97.8350,2.1650,465.0000,0
476.10,4,88.0000,0,0,87.1667,12.8333,470.0000,0
476.10,5,95.5000,0,0,94.8449,5.1551,475.0000,0
476.10,6,0.0000,0,0,97.3224,2.6776,411.0000,0
476.10,7,0.0000,0,0,86.0986,13.9014,411.0000,0
476.10,8,7.0000,0,0,93.2337,6.7663,416.0000,0
476.10,9,0.0000,0,0,93.8227,6.1773,411.0000,0
477.10,0,46.0000,0,0,92.6188,7.3812,443.0000,0
477.10,1,0.0000,0,0,100.0000,0.0000,412.0000,0
477.10,2,0.0000,0,0,98.7212,1.2788,412.0000,0
477.10,3,80.5000,0,0,97.8350,2.1650,466.0000,0
477.10,4,88.0000,0,0,87.1667,12.8333,471.0000,0
477.10,5,95.5000,0,0,94.8449,5.1551,476.0000,0
477.10,6,0.0000,0,0,97.3224,2.6776,412.0000,0
477.10,7,0.0000,0,0,86.0986,13.9014,412.0000,0
477.10,8,7.0000,0,0,93.2337,6.7663,417.0000,0
477.10,9,0.0000,0,0,93.8227,6.1773,412.0000,0
478.10,0,46.0000,0,0,92.6188,7.3812,444.0000,0
478.10,1,0.0000,0,0,100.0000,0.0000,413.0000,0
478.10,2,0.0000,0,0,98.7212,1.2788,413.0000,0
478.10,3,80.5000,0,0,97.8350,2.1650,467.0000,0
478.10,4,88.0000,0,0,87.1667,12.8333,472.0000,0
478.10,5,95.5000,0,0,94.8449,5.1551,477.0000,0
478.10,6,0.0000,0,0,97.3224,2.6776,413.0000,0
478.10,7,0.0000,0,0,86.0986,13.9014,413.0000,0
478.10,8,7.0000,0,0,93.2337,6.7663,418.0000,0
478.10,9,0.0000,0,0,93.8227,6.1773,413.0000,0
479.10,0,46.0000,0,0,92.6188,7.3812,445.0000,0
479.10,1,0.0000,0,0,100.0000,0.0000,414.0000,0
479.10,2,0.0000,0,0,98.7212,1.2788,414.0000,0
479.10,3,80.5000,0,0,97.8350,2.1650,468.0000,0
479.10,4,88.0000,0,0,87.1667,12.8333,473.0000,0
479.10,5,95.5000,0,0,94.8449,5.1551,478.0000,0
479.10,6,0.0000,0,0,97.3224,2.6776,414.0000,0
479.10,7,0.0000,0,0,86.0986,13.9014,414.0000,0
479.10,8,7.0000,0,0,93.2337,6.7663,419.0000,0
479.10,9,0.0000,0,0,93.8227,6.1773,414.0000,0
480.10,0,46.0000,0,0,92.6188,7.3812,446.0000,0
480.10,1,0.0000,0,0,100.0000,0.0000,415.0000,0
480.10,2,0.0000,0,0,98.7212,1.2788,415.0000,0
480.10,3,80.5000,0,0,97.8350,2.1650,469.0000,0
480.10,4,88.0000,0,0,87.1667,12.8333,474.0000,0
480.10,5,95.5000,0,0,94.8449,5.1551,479.0000,0
480.10,6,0.0000,0,0,97.3224,2.6776,415.0000,0
480.10,7,0.0000,0,0,86.0986,13.9014,415.0000,0
480.10,8,7.0000,0,0,93.2337,6.7663,420.0000,0
480.10,9,0.0000,0,0,93.8227,6.1773,415.0000,0
481.10,0,46.0000,0,0,92.6188,7.3812,447.0000,0
481.10,1,0.0000,0,0,100.0000,0.0000,416.0000,0
481.10,2,0.0000,0,0,98.7212,1.2788,416.0000,0
481.10,3,80.5000,0,0,97.8350,2.1650,470.0000,0
481.10,4,88.0000,0,0,87.1667,12.8333,475.0000,0
481.10,5,95.5000,0,0,94.8449,5.1551,480.0000,0
481.10,6,0.0000,0,0,97.3224,2.6776,416.0000,0
481.10,7,0.0000,0,0,86.0986,13.9014,416.0000,0
481.10,8,7.0000,0,0,93.2337,6.7663,421.0000,0
481.10,9,0.0000,0,0,93.8227,6.1773,416.0000,0
482.10,0,46.0000,0,0,92.6188,7.3812,448.0000,0
482.10,1,0.0000,0,0,100.0000,0.0000,417.0000,0
482.10,2,0.0000,0,0,98.7212,1.2788,417.0000,0
482.10,3,80.5000,0,0,97.8350,2.1650,471.0000,0
482.10,4,88.0000,0,0,87.1667,12.8333,476.0000,0
482.10,5,95.5000,0,0,94.8449,5.1551,481.0000,0
482.10,6,0.0000,0,0,97.3224,2.6776,417.0000,0
482.10,7,0.0000,0,0,86.0986,13.9014,417.0000,0
482.10,8,7.0000,0,0,93.2337,6.7663,422.0000,0
482.10,9,0.0000,0,0,93.8227,6.1773,417.0000,0
483.10,0,46.0000,0,0,92.6188,7.3812,449.0000,0
483.10,1,0.0000,0,0,100.0000,0.0000,418.0000,0
483.10,2,0.0000,0,0,98.7212,1.2788,418.0000,0
483.10,3,80.5000,0,0,97.8350,2.1650,472.0000,0
483.10,4,88.0000,0,0,87.1667,12.8333,477.0000,0
483.10,5,95.5000,0,0,94.8449,5.1551,482.0000,0
483.10,6,0.0000,0,0,97.3224,2.6776,418.0000,0
483.10,7,0.0000,0,0,86.0986,13.9014,418.0000,0
483.10,8,7.0000,0,0,93.2337,6.7663,423.0000,0
483.10,9,0.0000,0,0,93.8227,6.1773,418.0000,0
484.10,0,46.0000,0,0,92.6188,7.3812,450.0000,0
484.10,1,0.0000,0,0,100.0000,0.0000,419.0000,0
484.10,2,0.0000,0,0,98.7212,1.2788,419.0000,0
484.10,3,80.5000,0,0,97.8350,2.1650,473.0000,0
484.10,4,88.0000,0,0,87.1667,12.8333,478.0000,0
484.10,5,95.5000,0,0,94.8449,5.1551,483.0000,0
484.10,6,0.0000,0,0,97.3224,2.6776,419.0000,0
484.10,7,0.0000,0,0,86.0986,13.9014,419.0000,0
484.10,8,7.0000,0,0,93.2337,6.7663,424.0000,0
484.10,9,0.0000,0,0,93.8227,6.1773,419.0000,0
485.10,0,46.0000,0,0,92.6188,7.3812,451.0000,0
485.10,1,0.0000,0,0,100.0000,0.0000,420.0000,0
485.10,2,0.0000,0,0,98.7212,1.2788,420.0000,0
485.10,3,80.5000,0,0,97.8350,2.1650,474.0000,0
485.10,4,88.0000,0,0,87.1667,12.8333,479.0000,0
485.10,5,95.5000,0,0,94.8449,5.1551,484.0000,0
485.10,6,0.0000,0,0,97.3224,2.6776,420.0000,0
485.10,7,0.0000,0,0,86.0986,13.9014,420.0000,0
485.10,8,7.0000,0,0,93.2337,6.7663,425.0000,0
485.10,9,0.0000,0,0,93.8227,6.1773,420.0000,0
486.10,0,46.0000,0,0,92.6188,7.3812,452.0000,0
486.10,1,0.0000,0,0,100.0000,0.0000,421.0000,0
486.10,2,0.0000,0,0,98.7212,1.2788,421.0000,0
486.10,3,80.5000,0,0,97.8350,2.1650,475.0000,0
486.10,4,88.0000,0,0,87.1667,12.8333,480.0000,0
486.10,5,95.5000,0,0,94.8449,5.1551,485.0000,0
486.10,6,0.0000,0,0,97.3224,2.6776,421.0000,0
486.10,7,0.0000,0,0,86.0986,13.9014,421.0000,0
486.10,8,7.0000,0,0,93.2337,6.7663,426.0000,0
486.10,9,0.0000,0,0,93.8227,6.1773,421.0000,0
487.10,0,46.0000,0,0,92.6188,7.3812,453.0000,0
487.10,1,0.0000,0,0,100.0000,0.0000,422.0000,0
487.10,2,0.0000,0,0,98.7212,1.2788,422.0000,0
487.10,3,80.5000,0,0,97.8350,2.1650,476.0000,0
487.10,4,88.0000,0,0,87.1667,12.8333,481.0000,0
487.10,5,95.5000,0,0,94.8449,5.1551,486.0000,0
487.10,6,0.0000,0,0,97.3224,2.6776,422.0000,0
487.10,7,0.0000,0,0,86.0986,13.9014,422.0000,0
487.10,8,7.0000,0,0,93.2337,6.7663,427.0000,0
487.10,9,0.0000,0,0,93.8227,6.1773,422.0000,0
488.10,0,46.0000,0,0,92.6188,7.3812,454.0000,0
488.10,1,0.0000,0,0,100.0000,0.0000,423.0000,0
488.10,2,0.0000,0,0,98.7212,1.2788,423.0000,0
488.10,3,80.5000,0,0,97.8350,2.1650,477.0000,0
488.10,4,88.0000,0,0,87.1667,12.8333,482.0000,0
488.10,5,95.5000,0,0,94.8449,5.1551,487.0000,0
488.10,6,0.0000,0,0,97.3224,2.6776,423.0000,0
488.10,7,0.0000,0,0,86.0986,13.9014,423.0000,0
488.10,8,7.0000,0,0,93.2337,6.7663,428.0000,0
488.10,9,0.0000,0,0,93.8227,6.1773,423.0000,0
489.10,0,46.0000,0,0,92.6188,7.3812,455.0000,0
489.10,1,0.0000,0,0,100.0000,0.0000,424.0000,0
489.10,2,0.0000,0,0,98.7212,1.2788,424.0000,0
489.10,3,80.5000,0,0,97.8350,2.1650,478.0000,0
489.10,4,88.0000,0,0,87.1667,12.8333,483.0000,0
489.10,5,95.5000,0,0,94.8449,5.1551,488.0000,0
489.10,6,0.0000,0,0,97.3224,2.6776,424.0000,0
489.10,7,0.0000,0,0,86.0986,13.9014,424.0000,0
489.10,8,7.0000,0,0,93.2337,6.7663,429.0000,0
489.10,9,0.0000,0,0,93.8227,6.1773,424.0000,0
490.10,0,46.0000,0,0,92.6188,7.3812,456.0000,0
490.10,1,0.0000,0,0,100.0000,0.0000,425.0000,0
490.10,2,0.0000,0,0,98.7212,1.2788,425.0000,0
490.10,3,80.5000,0,0,97.8350,2.1650,479.0000,0
490.10,4,88.0000,0,0,87.1667,12.8333,484.0000,0
490.10,5,95.5000,0,0,94.8449,5.1551,489.0000,0
490.10,6,0.0000,0,0,97.3224,2.6776,425.0000,0
490.10,7,0.0000,0,0,86.0986,13.9014,425.0000,0
490.10,8,7.0000,0,0,93.2337,6.7663,430.0000,0
490.10,9,0.0000,0,0,93.8227,6.1773,425.0000,0
491.10,0,46.0000,0,0,92.6188,7.3812,457.0000,0
491.10,1,0.0000,0,0,100.0000,0.0000,426.0000,0
491.10,2,0.0000,0,0,98.7212,1.2788,426.0000,0
491.10,3,80.5000,0,0,97.8350,2.1650,480.0000,0
491.10,4,88.0000,0,0,87.1667,12.8333,485.0000,0
491.10,5,95.5000,0,0,94.8449,5.1551,490.0000,0
491.10,6,0.0000,0,0,97.3224,2.6776,426.0000,0
491.10,7,0.0000,0,0,86.0986,13.9014,426.0000,0
491.10,8,7.0000,0,0,93.2337,6.7663,431.0000,0
491.10,9,0.0000,0,0,93.8227,6.1773,426.0000,0
492.10,0,46.0000,0,0,92.6188,7.3812,458.0000,0
492.10,1,0.0000,0,0,100.0000,0.0000,427.0000,0
492.10,2,0.0000,0,0,98.7212,1.2788,427.0000,0
492.10,3,80.5000,0,0,97.8350,2.1650,481.0000,0
492.10,4,88.0000,0,0,87.1667,12.8333,486.0000,0
492.10,5,95.5000,0,0,94.8449,5.1551,491.0000,0
492.10,6,0.0000,0,0,97.3224,2.6776,427.0000,0
492.10,7,0.0000,0,0,86.0986,13.9014,427.0000,0
492.10,8,7.0000,0,0,93.2337,6.7663,432.0000,0
492.10,9,0.0000,0,0,93.8227,6.1773,427.0000,0
493.10,0,46.0000,0,0,92.6188,7.3812,459.0000,0
493.10,1,0.0000,0,0,100.0000,0.0000,428.0000,0
493.10,2,0.0000,0,0,98.7212,1.2788,428.0000,0
493.10,3,80.5000,0,0,97.8350,2.1650,482.0000,0
493.10,4,88.0000,0,0,87.1667,12.8333,487.0000,0
493.10,5,95.5000,0,0,94.8449,5.1551,492.0000,0
493.10,6,0.0000,0,0,97.3224,2.6776,428.0000,0
493.10,7,0.0000,0,0,86.0986,13.9014,428.0000,0
493.10,8,7.0000,0,0,93.2337,6.7663,433.0000,0
493.10,9,0.0000,0,0,93.8227,6.1773,428.0000,0
494.10,0,46.0000,0,0,92.6188,7.3812,460.0000,0
494.10,1,0.0000,0,0,100.0000,0.0000,429.0000,0
494.10,2,0.0000,0,0,98.7212,1.2788,429.0000,0
494.10,3,80.5000,0,0,97.8350,2.1650,483.0000,0
494.10,4,88.0000,0,0,87.1667,12.8333,488.0000,0
494.10,5,95.5000,0,0,94.8449,5.1551,493.0000,0
494.10,6,0.0000,0,0,97.3224,2.6776,429.0000,0
494.10,7,0.0000,0,0,86.0986,13.9014,429.0000,0
494.10,8,7.0000,0,0,93.2337,6.7663,434.0000,0
494.10,9,0.0000,0,0,93.8227,6.1773,429.0000,0
495.10,0,46.0000,0,0,92.6188,7.3812,461.0000,0
495.10,1,0.0000,0,0,100.0000,0.0000,430.0000,0
495.10,2,0.0000,0,0,98.7212,1.2788,430.0000,0
495.10,3,80.5000,0,0,97.8350,2.1650,484.0000,0
495.10,4,88.0000,0,0,87.1667,12.8333,489.0000,0
495.10,5,95.5000,0,0,94.8449,5.1551,494.0000,0
495.10,6,0.0000,0,0,97.3224,2.6776,430.0000,0
495.10,7,0.0000,0,0,86.0986,13.9014,430.0000,0
495.10,8,7.0000,0,0,93.2337,6.7663,435.0000,0
495.10,9,0.0000,0,0,93.8227,6.1773,430.0000,0
496.10,0,46.0000,0,0,92.6188,7.3812,462.0000,0
496.10,1,0.0000,0,0,100.0000,0.0000,431.0000,0
496.10,2,0.0000,0,0,98.7212,1.2788,431.0000,0
496.10,3,80.5000,0,0,97.8350,2.1650,485.0000,0
496.10,4,88.0000,0,0,87.1667,12.8333,490.0000,0
496.10,5,95.5000,0,0,94.8449,5.1551,495.0000,0
496.10,6,0.0000,0,0,97.3224,2.6776,431.0000,0
496.10,7,0.0000,0,0,86.0986,13.9014,431.0000,0
496.10,8,7.0000,0,0,93.2337,6.7663,436.0000,0
496.10,9,0.0000,0,0,93.8227,6.1773,431.0000,0
497.10,0,46.0000,0,0,92.6188,7.3812,463.0000,0
497.10,1,0.0000,0,0,100.0000,0.0000,432.0000,0
497.10,2,0.0000,0,0,98.7212,1.2788,432.0000,0
497.10,3,80.5000,0,0,97.8350,2.1650,486.0000,0
497.10,4,88.0000,0,0,87.1667,12.8333,491.0000,0
497.10,5,95.5000,0,0,94.8449,5.1551,496.0000,0
497.10,6,0.0000,0,0,97.3224,2.6776,432.0000,0
497.10,7,0.0000,0,0,86.0986,13.9014,432.0000,0
497.10,8,7.0000,0,0,93.2337,6.7663,437.0000,0
497.10,9,0.0000,0,0,93.8227,6.1773,432.0000,0
498.10,0,46.0000,0,0,92.6188,7.3812,464.0000,0
498.10,1,0.0000,0,0,100.0000,0.0000,433.0000,0
498.10,2,0.0000,0,0,98.7212,1.2788,433.0000,0
498.10,3,80.5000,0,0,97.8350,2.1650,487.0000,0
498.10,4,88.0000,0,0,87.1667,12.8333,492.0000,0
498.10,5,95.5000,0,0,94.8449,5.1551,497.0000,0
498.10,6,0.0000,0,0,97.3224,2.6776,433.0000,0
498.10,7,0.0000,0,0,86.0986,13.9014,433.0000,0
498.10,8,7.0000,0,0,93.2337,6.7663,438.0000,0
498.10,9,0.0000,0,0,93.8227,6.1773,433.0000,0
499.10,0,46.0000,0,0,92.6188,7.3812,465.0000,0
499.10,1,0.0000,0,0,100.0000,0.0000,434.0000,0
499.10,2,0.0000,0,0,98.7212,1.2788,434.0000,0
499.10,3,80.5000,0,0,97.8350,2.1650,488.0000,0
499.10,4,88.0000,0,0,87.1667,12.8333,493.0000,0
499.10,5,95.5000,0,0,94.8449,5.1551,498.0000,0
499.10,6,0.0000,0,0,97.3224,2.6776,434.0000,0
499.10,7,0.0000,0,0,86.0986,13.9014,434.0000,0
499.10,8,7.0000,0,0,93.2337,6.7663,439.0000,0
499.10,9,0.0000,0,0,93.8227,6.1773,434.0000,0
500.10,0,46.0000,0,0,92.6188,7.3812,466.0000,0
500.10,1,0.0000,0,0,100.0000,0.0000,435.0000,0
500.10,2,0.0000,0,0,98.7212,1.2788,435.0000,0
500.10,3,80.5000,0,0,97.8350,2.1650,489.0000,0
500.10,4,88.0000,0,0,87.1667,12.8333,494.0000,0
500.10,5,95.5000,0,0,94.8449,5.1551,499.0000,0
500.10,6,0.0000,0,0,97.3224,2.6776,435.0000,0
500.10,7,0.0000,0,0,86.0986,13.9014,435.0000,0
500.10,8,7.0000,0,0,93.2337,6.7663,440.0000,0
500.10,9,0.0000,0,0,93.8227,6.1773,435.0000,0
501.10,0,46.0000,0,0,92.6188,7.3812,467.0000,0
501.10,1,0.0000,0,0,100.0000,0.0000,436.0000,0
501.10,2,0.0000,0,0,98.7212,1.2788,436.0000,0
501.10,3,80.5000,0,0,97.8350,2.1650,490.0000,0
501.10,4,88.0000,0,0,87.1667,12.8333,495.0000,0
501.10,5,95.5000,0,0,94.8449,5.1551,500.0000,0
501.10,6,0.0000,0,0,97.3224,2.6776,436.0000,0
501.10,7,0.0000,0,0,86.0986,13.9014,436.0000,0
501.10,8,7.0000,0,0,93.2337,6.7663,441.0000,0
501.10,9,0.0000,0,0,93.8227,6.1773,436.0000,0
502.10,0,46.0000,0,0,92.6188,7.3812,468.0000,0
502.10,1,0.0000,0,0,100.0000,0.0000,437.0000,0
502.10,2,0.0000,0,0,98.7212,1.2788,437.0000,0
502.10,3,80.5000,0,0,97.8350,2.1650,491.0000,0
502.10,4,88.0000,0,0,87.1667,12.8333,496.0000,0
502.10,5,95.5000,0,0,94.8449,5.1551,501.0000,0
502.10,6,0.0000,0,0,97.3224,2.6776,437.0000,0
502.10,7,0.0000,0,0,86.0986,13.9014,437.0000,0
502.10,8,7.0000,0,0,93.2337,6.7663,442.0000,0
502.10,9,0.0000,0,0,93.8227,6.1773,437.0000,0
503.10,0,46.0000,0,0,92.6188,7.3812,469.0000,0
503.10,1,0.0000,0,0,100.0000,0.0000,438.0000,0
503.10,2,0.0000,0,0,98.7212,1.2788,438.0000,0
503.10,3,80.5000,0,0,97.8350,2.1650,492.0000,0
503.10,4,88.0000,0,0,87.1667,12.8333,497.0000,0
503.10,5,95.5000,0,0,94.8449,5.1551,502.0000,0
503.10,6,0.0000,0,0,97.3224,2.6776,438.0000,0
503.10,7,0.0000,0,0,86.0986,13.9014,438.0000,0
503.10,8,7.0000,0,0,93.2337,6.7663,443.0000,0
503.10,9,0.0000,0,0,93.8227,6.1773,438.0000,0
504.10,0,46.0000,0,0,92.6188,7.3812,470.0000,0
504.10,1,0.0000,0,0,100.0000,0.0000,439.0000,0
504.10,2,0.0000,0,0,98.7212,1.2788,439.0000,0
504.10,3,80.5000,0,0,97.8350,2.1650,493.0000,0
504.10,4,88.0000,0,0,87.1667,12.8333,498.0000,0
504.10,5,95.5000,0,0,94.8449,5.1551,503.0000,0
504.10,6,0.0000,0,0,97.3224,2.6776,439.0000,0
504.10,7,0.0000,0,0,86.0986,13.9014,439.0000,0
504.10,8,7.0000,0,0,93.2337,6.7663,444.0000,0
504.10,9,0.0000,0,0,93.8227,6.1773,439.0000,0
505.10,0,46.0000,0,0,92.6188,7.3812,471.0000,0
505.10,1,0.0000,0,0,100.0000,0.0000,440.0000,0
505.10,2,0.0000,0,0,98.7212,1.2788,440.0000,0
505.10,3,80.5000,0,0,97.8350,2.1650,494.0000,0
505.10,4,88.0000,0,0,87.1667,12.8333,499.0000,0
505.10,5,95.5000,0,0,94.8449,5.1551,504.0000,0
505.10,6,0.0000,0,0,97.3224,2.6776,440.0000,0
505.10,7,0.0000,0,0,86.0986,13.9014,440.0000,0
505.10,8,7.0000,0,0,93.2337,6.7663,445.0000,0
505.10,9,0.0000,0,0,93.8227,6.1773,440.0000,0
506.10,0,46.0000,0,0,92.6188,7.3812,472.0000,0
506.10,1,0.0000,0,0,100.0000,0.0000,441.0000,0
506.10,2,0.0000,0,0,98.7212,1.2788,441.0000,0
506.10,3,80.5000,0,0,97.8350,2.1650,495.0000,0
506.10,4,88.0000,0,0,87.1667,12.8333,500.0000,0
506.10,5,95.5000,0,0,94.8449,5.1551,505.0000,0
506.10,6,0.0000,0,0,97.3224,2.6776,441.0000,0
506.10,7,0.0000,0,0,86.0986,13.9014,441.0000,0
506.10,8,7.0000,0,0,93.2337,6.7663,446.0000,0
506.10,9,0.0000,0,0,93.8227,6.1773,441.0000,0
507.10,0,46.0000,0,0,92.6188,7.3812,473.0000,0
507.10,1,0.0000,0,0,100.0000,0.0000,442.0000,0
507.10,2,0.0000,0,0,98.7212,1.2788,442.0000,0
507.10,3,80.5000,0,0,97.8350,2.1650,496.0000,0
507.10,4,88.0000,0,0,87.1667,12.8333,501.0000,0
507.10,5,95.5000,0,0,94.8449,5.1551,506.0000,0
507.10,6,0.0000,0,0,97.3224,2.6776,442.0000,0
507.10,7,0.0000,0,0,86.0986,13.9014,442.0000,0
507.10,8,7.0000,0,0,93.2337,6.7663,447.0000,0
507.10,9,0.0000,0,0,93.8227,6.1773,442.0000,0
508.10,0,46.0000,0,0,92.6188,7.3812,474.0000,0
508.10,1,0.0000,0,0,100.0000,0.0000,443.0000,0
508.10,2,0.0000,0,0,98.7212,1.2788,443.0000,0
508.10,3,80.5000,0,0,97.8350,2.1650,497.0000,0
508.10,4,88.0000,0,0,87.1667,12.8333,502.0000,0
508.10,5,95.5000,0,0,94.8449,5.1551,507.0000,0
508.10,6,0.0000,0,0,97.3224,2.6776,443.0000,0
508.10,7,0.0000,0,0,86.0986,13.9014,443.0000,0
508.10,8,7.0000,0,0,93.2337,6.7663,448.0000,0
508.10,9,0.0000,0,0,93.8227,6.1773,443.0000,0
509.10,0,46.0000,0,0,92.6188,7.3812,475.0000,0
509.10,1,0.0000,0,0,100.0000,0.0000,444.0000,0
509.10,2,0.0000,0,0,98.7212,1.2788,444.0000,0
509.10,3,80.5000,0,0,97.8350,2.1650,498.0000,0
509.10,4,88.0000,0,0,87.1667,12.8333,503.0000,0
509.10,5,95.5000,0,0,94.8449,5.1551,508.0000,0
509.10,6,0.0000,0,0,97.3224,2.6776,444.0000,0
509.10,7,0.0000,0,0,86.0986,13.9014,444.0000,0
509.10,8,7.0000,0,0,93.2337,6.7663,449.0000,0
509.10,9,0.0000,0,0,93.8227,6.1773,444.0000,0
510.10,0,46.0000,0,0,92.6188,7.3812,476.0000,0
510.10,1,0.0000,0,0,100.0000,0.0000,445.0000,0
510.10,2,0.0000,0,0,98.7212,1.2788,445.0000,0
510.10,3,80.5000,0,0,97.8350,2.1650,499.0000,0
510.10,4,88.0000,0,0,87.1667,12.8333,504.0000,0
510.10,5,95.5000,0,0,94.8449,5.1551,509.0000,0
510.10,6,0.0000,0,0,97.3224,2.6776,445.0000,0
510.10,7,0.0000,0,0,86.0986,13.9014,445.0000,0
510.10,8,7.0000,0,0,93.2337,6.7663,450.0000,0
510.10,9,0.0000,0,0,93.8227,6.1773,445.0000,0
511.10,0,46.0000,0,0,92.6188,7.3812,477.0000,0
511.10,1,0.0000,0,0,100.0000,0.0000,446.0000,0
511.10,2,0.0000,0,0,98.7212,1.2788,446.0000,0
511.10,3,80.5000,0,0,97.8350,2.1650,500.0000,0
511.10,4,88.0000,0,0,87.1667,12.8333,505.0000,0
511.10,5,95.5000,0,0,94.8449,5.1551,510.0000,0
511.10,6,0.0000,0,0,97.3224,2.6776,446.0000,0
511.10,7,0.0000,0,0,86.0986,13.9014,446.0000,0
511.10,8,7.0000,0,0,93.2337,6.7663,451.0000,0
511.10,9,0.0000,0,0,93.8227,6.1773,446.0000,0
512.10,0,46.0000,0,0,92.6188,7.3812,478.0000,0
512.10,1,0.0000,0,0,100.0000,0.0000,447.0000,0
512.10,2,0.0000,0,0,98.7212,1.2788,447.0000,0
512.10,3,80.5000,0,0,97.8350,2.1650,501.0000,0
512.10,4,88.0000,0,0,87.1667,12.8333,506.0000,0
512.10,5,95.5000,0,0,94.8449,5.1551,511.0000,0
512.10,6,0.0000,0,0,97.3224,2.6776,447.0000,0
512.10,7,0.0000,0,0,86.0986,13.9014,447.0000,0
512.10,8,7.0000,0,0,93.2337,6.7663,452.0000,0
512.10,9,0.0000,0,0,93.8227,6.1773,447.0000,0
513.10,0,46.0000,0,0,92.6188,7.3812,479.0000,0
513.10,1,0.0000,0,0,100.0000,0.0000,448.0000,0
513.10,2,0.0000,0,0,98.7212,1.2788,448.0000,0
513.10,3,80.5000,0,0,97.8350,2.1650,502.0000,0
513.10,4,88.0000,0,0,87.1667,12.8333,507.0000,0
513.10,5,95.5000,0,0,94.8449,5.1551,512.0000,0
513.10,6,0.0000,0,0,97.3224,2.6776,448.0000,0
513.10,7,0.0000,0,0,86.0986,13.9014,448.0000,0
513.10,8,7.0000,0,0,93.2337,6.7663,453.0000,0
513.10,9,0.0000,0,0,93.8227,6.1773,448.0000,0
514.10,0,46.0000,0,0,92.6188,7.3812,480.0000,0
514.10,1,0.0000,0,0,100.0000,0.0000,449.0000,0
514.10,2,0.0000,0,0,98.7212,1.2788,449.0000,0
514.10,3,80.5000,0,0,97.8350,2.1650,503.0000,0
514.10,4,88.0000,0,0,87.1667,12.8333,508.0000,0
514.10,5,95.5000,0,0,94.8449,5.1551,513.0000,0
514.10,6,0.0000,0,0,97.3224,2.6776,449.0000,0
514.10,7,0.0000,0,0,86.0986,13.9014,449.0000,0
514.10,8,7.0000,0,0,93.2337,6.7663,454.0000,0
514.10,9,0.0000,0,0,93.8227,6.1773,449.0000,0
515.10,0,46.0000,0,0,92.6188,7.3812,481.0000,0
515.10,1,0.0000,0,0,100.0000,0.0000,450.0000,0
515.10,2,0.0000,0,0,98.7212,1.2788,450.0000,0
515.10,3,80.5000,0,0,97.8350,2.1650,504.0000,0
515.10,4,88.0000,0,0,87.1667,12.8333,509.0000,0
515.10,5,95.5000,0,0,94.8449,5.1551,514.0000,0
515.10,6,0.0000,0,0,97.3224,2.6776,450.0000,0
515.10,7,0.0000,0,0,86.0986,13.9014,450.0000,0
515.10,8,7.0000,0,0,93.2337,6.7663,455.0000,0
515.10,9,0.0000,0,0,93.8227,6.1773,450.0000,0
516.10,0,46.0000,0,0,92.6188,7.3812,482.0000,0
516.10,1,0.0000,0,0,100.0000,0.0000,451.0000,0
516.10,2,0.0000,0,0,98.7212,1.2788,451.0000,0
516.10,3,80.5000,0,0,97.8350,2.1650,505.0000,0
516.10,4,88.0000,0,0,87.1667,12.8333,510.0000,0
516.10,5,95.5000,0,0,94.8449,5.1551,515.0000,0
516.10,6,0.0000,0,0,97.3224,2.6776,451.0000,0
516.10,7,0.0000,0,0,86.0986,13.9014,451.0000,0
516.10,8,7.0000,0,0,93.2337,6.7663,456.0000,0
516.10,9,0.0000,0,0,93.8227,6.1773,451.0000,0
517.10,0,46.0000,0,0,92.6188,7.3812,483.0000,0
517.10,1,0.0000,0,0,100.0000,0.0000,452.0000,0
517.10,2,0.0000,0,0,98.7212,1.2788,452.0000,0
517.10,3,80.5000,0,0,97.8350,2.1650,506.0000,0
517.10,4,88.0000,0,0,87.1667,12.8333,511.0000,0
517.10,5,95.5000,0,0,94.8449,5.1551,516.0000,0
517.10,6,0.0000,0,0,97.3224,2.6776,452.0000,0
517.10,7,0.0000,0,0,86.0986,13.9014,452.0000,0
517.10,8,7.0000,0,0,93.2337,6.7663,457.0000,0
517.10,9,0.0000,0,0,93.8227,6.1773,452.0000,0
518.10,0,46.0000,0,0,92.6188,7.3812,484.0000,0
518.10,1,0.0000,0,0,100.0000,0.0000,453.0000,0
518.10,2,0.0000,0,0,98.7212,1.2788,453.0000,0
518.10,3,80.5000,0,0,97.8350,2.1650,507.0000,0
518.10,4,88.0000,0,0,87.1667,12.8333,512.0000,0
518.10,5,95.5000,0,0,94.8449,5.1551,517.0000,0
518.10,6,0.0000,0,0,97.3224,2.6776,453.0000,0
518.10,7,0.0000,0,0,86.0986,13.9014,453.0000,0
518.10,8,7.0000,0,0,93.2337,6.7663,458.0000,0
518.10,9,0.0000,0,0,93.8227,6.1773,453.0000,0
519.10,0,46.0000,0,0,92.6188,7.3812,485.0000,0
519.10,1,0.0000,0,0,100.0000,0.0000,454.0000,0
519.10,2,0.0000,0,0,98.7212,1.2788,454.0000,0
519.10,3,80.5000,0,0,97.8350,2.1650,508.0000,0
519.10,4,88.0000,0,0,87.1667,12.8333,513.0000,0
519.10,5,95.5000,0,0,94.8449,5.1551,518.0000,0
519.10,6,0.0000,0,0,97.3224,2.6776,454.0000,0
519.10,7,0.0000,0,0,86.0986,13.9014,454.0000,0
519.10,8,7.0000,0,0,93.2337,6.7663,459.0000,0
519.10,9,0.0000,0,0,93.8227,6.1773,454.0000,0
520.10,0,46.0000,0,0,92.6188,7.3812,486.0000,0
520.10,1,0.0000,0,0,100.0000,0.0000,455.0000,0
520.10,2,0.0000,0,0,98.7212,1.2788,455.0000,0
520.10,3,80.5000,0,0,97.8350,2.1650,509.0000,0
520.10,4,88.0000,0,0,87.1667,12.8333,514.0000,0
520.10,5,95.5000,0,0,94.8449,5.1551,519.0000,0
520.10,6,0.0000,0,0,97.3224,2.6776,455.0000,0
520.10,7,0.0000,0,0,86.0986,13.9014,455.0000,0
520.10,8,7.0000,0,0,93.2337,6.7663,460.0000,0
520.10,9,0.0000,0,0,93.8227,6.1773,455.0000,0
521.10,0,46.0000,0,0,92.6188,7.3812,487.0000,0
521.10,1,0.0000,0,0,100.0000,0.0000,456.0000,0
521.10,2,0.0000,0,0,98.7212,1.2788,456.0000,0
521.10,3,80.5000,0,0,97.8350,2.1650,510.0000,0
521.10,4,88.0000,0,0,87.1667,12.8333,515.0000,0
521.10,5,95.5000,0,0,94.8449,5.1551,520.0000,0
521.10,6,0.0000,0,0,97.3224,2.6776,456.0000,0
521.10,7,0.0000,0,0,86.0986,13.9014,456.0000,0
521.10,8,7.0000,0,0,93.2337,6.7663,461.0000,0
521.10,9,0.0000,0,0,93.8227,6.1773,456.0000,0
522.10,0,46.0000,0,0,92.6188,7.3812,488.0000,0
522.10,1,0.0000,0,0,100.0000,0.0000,457.0000,0
522.10,2,0.0000,0,0,98.7212,1.2788,457.0000,0
522.10,3,80.5000,0,0,97.8350,2.1650,511.0000,0
522.10,4,88.0000,0,0,87.1667,12.8333,516.0000,0
522.10,5,95.5000,0,0,94.8449,5.1551,521.0000,0
522.10,6,0.0000,0,0,97.3224,2.6776,457.0000,0
522.10,7,0.0000,0,0,86.0986,13.9014,457.0000,0
522.10,8,7.0000,0,0,93.2337,6.7663,462.0000,0
522.10,9,0.0000,0,0,93.8227,6.1773,457.0000,0
523.10,0,46.0000,0,0,92.6188,7.3812,489.0000,0
523.10,1,0.0000,0,0,100.0000,0.0000,458.0000,0
523.10,2,0.0000,0,0,98.7212,1.2788,458.0000,0
523.10,3,80.5000,0,0,97.8350,2.1650,512.0000,0
523.10,4,88.0000,0,0,87.1667,12.8333,517.0000,0
523.10,5,95.5000,0,0,94.8449,5.1551,522.0000,0
523.10,6,0.0000,0,0,97.3224,2.6776,458.0000,0
523.10,7,0.0000,0,0,86.0986,13.9014,458.0000,0
523.10,8,7.0000,0,0,93.2337,6.7663,463.0000,0
523.10,9,0.0000,0,0,93.8227,6.1773,458.0000,0
524.10,0,46.0000,0,0,92.6188,7.3812,490.0000,0
524.10,1,0.0000,0,0,100.0000,0.0000,459.0000,0
524.10,2,0.0000,0,0,98.7212,1.2788,459.0000,0
524.10,3,80.5000,0,0,97.8350,2.1650,513.0000,0
524.10,4,88.0000,0,0,87.1667,12.8333,518.0000,0
524.10,5,95.5000,0,0,94.8449,5.1551,523.0000,0
524.10,6,0.0000,0,0,97.3224,2.6776,459.0000,0
524.10,7,0.0000,0,0,86.0986,13.9014,459.0000,0
524.10,8,7.0000,0,0,93.2337,6.7663,464.0000,0
524.10,9,0.0000,0,0,93.8227,6.1773,459.0000,0
525.10,0,46.0000,0,0,92.6188,7.3812,491.0000,0
525.10,1,0.0000,0,0,100.0000,0.0000,460.0000,0
525.10,2,0.0000,0,0,98.7212,1.2788,460.0000,0
525.10,3,80.5000,0,0,97.8350,2.1650,514.0000,0
525.10,4,88.0000,0,0,87.1667,12.8333,519.0000,0
525.10,5,95.5000,0,0,94.8449,5.1551,524.0000,0
525.10,6,0.0000,0,0,97.3224,2.6776,460.0000,0
525.10,7,0.0000,0,0,86.0986,13.9014,460.0000,0
525.10,8,7.0000,0,0,93.2337,6.7663,465.0000,0
525.10,9,0.0000,0,0,93.8227,6.1773,460.0000,0
526.10,0,46.0000,0,0,92.6188,7.3812,492.0000,0
526.10,1,0.0000,0,0,100.0000,0.0000,461.0000,0
526.10,2,0.0000,0,0,98.7212,1.2788,461.0000,0
526.10,3,80.5000,0,0,97.8350,2.1650,515.0000,0
526.10,4,88.0000,0,0,87.1667,12.8333,520.0000,0
526.10,5,95.5000,0,0,94.8449,5.1551,525.0000,0
526.10,6,0.0000,0,0,97.3224,2.6776,461.0000,0
526.10,7,0.0000,0,0,86.0986,13.9014,461.0000,0
526.10,8,7.0000,0,0,93.2337,6.7663,466.0000,0
526.10,9,0.0000,0,0,93.8227,6.1773,461.0000,0
527.10,0,46.0000,0,0,92.6188,7.3812,493.0000,0
527.10,1,0.0000,0,0,100.0000,0.0000,462.0000,0
527.10,2,0.0000,0,0,98.7212,1.2788,462.0000,0
527.10,3,80.5000,0,0,97.8350,2.1650,516.0000,0
527.10,4,88.0000,0,0,87.1667,12.8333,521.0000,0
527.10,5,95.5000,0,0,94.8449,5.1551,526.0000,0
527.10,6,0.0000,0,0,97.3224,2.6776,462.0000,0
527.10,7,0.0000,0,0,86.0986,13.9014,462.0000,0
527.10,8,7.0000,0,0,93.2337,6.7663,467.0000,0
527.10,9,0.0000,0,0,93.8227,6.1773,462.0000,0
528.10,0,46.0000,0,0,92.6188,7.3812,494.0000,0
528.10,1,0.0000,0,0,100.0000,0.0000,463.0000,0
528.10,2,0.0000,0,0,98.7212,1.2788,463.0000,0
528.10,3,80.5000,0,0,97.8350,2.1650,517.0000,0
528.10,4,88.0000,0,0,87.1667,12.8333,522.0000,0
528.10,5,95.5000,0,0,94.8449,5.1551,527.0000,0
528.10,6,0.0000,0,0,97.3224,2.6776,463.0000,0
528.10,7,0.0000,0,0,86.0986,13.9014,463.0000,0
528.10,8,7.0000,0,0,93.2337,6.7663,468.0000,0
528.10,9,0.0000,0,0,93.8227,6.1773,463.0000,0
529.10,0,46.0000,0,0,92.6188,7.3812,495.0000,0
529.10,1,0.0000,0,0,100.0000,0.0000,464.0000,0
529.10,2,0.0000,0,0,98.7212,1.2788,464.0000,0
529.10,3,80.5000,0,0,97.8350,2.1650,518.0000,0
529.10,4,88.0000,0,0,87.1667,12.8333,523.0000,0
529.10,5,95.5000,0,0,94.8449,5.1551,528.0000,0
529.10,6,0.0000,0,0,97.3224,2.6776,464.0000,0
529.10,7,0.0000,0,0,86.0986,13.9014,464.0000,0
529.10,8,7.0000,0,0,93.2337,6.7663,469.0000,0
529.10,9,0.0000,0,0,93.8227,6.1773,464.0000,0
530.10,0,46.0000,0,0,92.6188,7.3812,496.0000,0
530.10,1,0.0000,0,0,100.0000,0.0000,465.0000,0
530.10,2,0.0000,0,0,98.7212,1.2788,465.0000,0
530.10,3,80.5000,0,0,97.8350,2.1650,519.0000,0
530.10,4,88.0000,0,0,87.1667,12.8333,524.0000,0
530.10,5,95.5000,0,0,94.8449,5.1551,529.0000,0
530.10,6,0.0000,0,0,97.3224,2.6776,465.0000,0
530.10,7,0.0000,0,0,86.0986,13.9014,465.0000,0
530.10,8,7.0000,0,0,93.2337,6.7663,470.0000,0
530.10,9,0.0000,0,0,93.8227,6.1773,465.0000,0
531.10,0,46.0000,0,0,92.6188,7.3812,497.0000,0
531.10,1,0.0000,0,0,100.0000,0.0000,466.0000,0
531.10,2,0.0000,0,0,98.7212,1.2788,466.0000,0
531.10,3,80.5000,0,0,97.8350,2.1650,520.0000,0
531.10,4,88.0000,0,0,87.1667,12.8333,525.0000,0
531.10,5,95.5000,0,0,94.8449,5.1551,530.0000,0
531.10,6,0.0000,0,0,97.3224,2.6776,466.0000,0
531.10,7,0.0000,0,0,86.0986,13.9014,466.0000,0
531.10,8,7.0000,0,0,93.2337,6.7663,471.0000,0
531.10,9,0.0000,0,0,93.8227,6.1773,466.0000,0
532.10,0,46.0000,0,0,92.6188,7.3812,498.0000,0
532.10,1,0.0000,0,0,100.0000,0.0000,467.0000,0
532.10,2,0.0000,0,0,98.7212,1.2788,467.0000,0
532.10,3,80.5000,0,0,97.8350,2.1650,521.0000,0
532.10,4,88.0000,0,0,87.1667,12.8333,526.0000,0
532.10,5,95.5000,0,0,94.8449,5.1551,531.0000,0
532.10,6,0.0000,0,0,97.3224,2.6776,467.0000,0
532.10,7,0.0000,0,0,86.0986,13.9014,467.0000,0
532.10,8,7.0000,0,0,93.2337,6.7663,472.0000,0
532.10,9,0.0000,0,0,93.8227,6.1773,467.0000,0
533.10,0,46.0000,0,0,92.6188,7.3812,499.0000,0
533.10,1,0.0000,0,0,100.0000,0.0000,468.0000,0
533.10,2,0.0000,0,0,98.7212,1.2788,468.0000,0
533.10,3,80.5000,0,0,97.8350,2.1650,522.0000,0
533.10,4,88.0000,0,0,87.1667,12.8333,527.0000,0
533.10,5,95.5000,0,0,94.8449,5.1551,532.0000,0
533.10,6,0.0000,0,0,97.3224,2.6776,468.0000,0
533.10,7,0.0000,0,0,86.0986,13.9014,468.0000,0
533.10,8,7.0000,0,0,93.2337,6.7663,473.0000,0
533.10,9,0.0000,0,0,93.8227,6.1773,468.0000,0
534.10,0,46.0000,0,0,92.6188,7.3812,500.0000,0
534.10,1,0.0000,0,0,100.0000,0.0000,469.0000,0
534.10,2,0.0000,0,0,98.7212,1.2788,469.0000,0
534.10,3,80.5000,0,0,97.8350,2.1650,523.0000,0
534.10,4,88.0000,0,0,87.1667,12.8333,528.0000,0
534.10,5,95.5000,0,0,94.8449,5.1551,533.0000,0
534.10,6,0.0000,0,0,97.3224,2.6776,469.0000,0
534.10,7,0.0000,0,0,86.0986,13.9014,469.0000,0
534.10,8,7.0000,0,0,93.2337,6.7663,474.0000,0
534.10,9,0.0000,0,0,93.8227,6.1773,469.0000,0
535.10,0,46.0000,0,0,92.6188,7.3812,501.0000,0
535.10,1,0.0000,0,0,100.0000,0.0000,470.0000,0
535.10,2,0.0000,0,0,98.7212,1.2788,470.0000,0
535.10,3,80.5000,0,0,97.8350,2.1650,524.0000,0
535.10,4,88.0000,0,0,87.1667,12.8333,529.0000,0
535.10,5,95.5000,0,0,94.8449,5.1551,534.0000,0
535.10,6,0.0000,0,0,97.3224,2.6776,470.0000,0
535.10,7,0.0000,0,0,86.0986,13.9014,470.0000,0
535.10,8,7.0000,0,0,93.2337,6.7663,475.0000,0
535.10,9,0.0000,0,0,93.8227,6.1773,470.0000,0
536.10,0,46.0000,0,0,92.6188,7.3812,502.0000,0
536.10,1,0.0000,0,0,100.0000,0.0000,471.0000,0
536.10,2,0.0000,0,0,98.7212,1.2788,471.0000,0
536.10,3,80.5000,0,0,97.8350,2.1650,525.0000,0
536.10,4,88.0000,0,0,87.1667,12.8333,530.0000,0
536.10,5,95.5000,0,0,94.8449,5.1551,535.0000,0
536.10,6,0.0000,0,0,97.3224,2.6776,471.0000,0
536.10,7,0.0000,0,0,86.0986,13.9014,471.0000,0
536.10,8,7.0000,0,0,93.2337,6.7663,476.0000,0
536.10,9,0.0000,0,0,93.8227,6.1773,471.0000,0
537.10,0,46.0000,0,0,92.6188,7.3812,503.0000,0
537.10,1,0.0000,0,0,100.0000,0.0000,472.0000,0
537.10,2,0.0000,0,0,98.7212,1.2788,472.0000,0
537.10,3,80.5000,0,0,97.8350,2.1650,526.0000,0
537.10,4,88.0000,0,0,87.1667,12.8333,531.0000,0
537.10,5,95.5000,0,0,94.8449,5.1551,536.0000,0
537.10,6,0.0000,0,0,97.3224,2.6776,472.0000,0
537.10,7,0.0000,0,0,86.0986,13.9014,472.0000,0
537.10,8,7.0000,0,0,93.2337,6.7663,477.0000,0
537.10,9,0.0000,0,0,93.8227,6.1773,472.0000,0
538.10,0,46.0000,0,0,92.6188,7.3812,504.0000,0
538.10,1,0.0000,0,0,100.0000,0.0000,473.0000,0
538.10,2,0.0000,0,0,98.7212,1.2788,473.0000,0
538.10,3,80.5000,0,0,97.8350,2.1650,527.0000,0
538.10,4,88.0000,0,0,87.1667,12.8333,532.0000,0
538.10,5,95.5000,0,0,94.8449,5.1551,537.0000,0
538.10,6,0.0000,0,0,97.3224,2.6776,473.0000,0
538.10,7,0.0000,0,0,86.0986,13.9014,473.0000,0
538.10,8,7.0000,0,0,93.2337,6.7663,478.0000,0
538.10,9,0.0000,0,0,93.8227,6.1773,473.0000,0
539.10,0,46.0000,0,0,92.6188,7.3812,505.0000,0
539.10,1,0.0000,0,0,100.0000,0.0000,474.0000,0
539.10,2,0.0000,0,0,98.7212,1.2788,474.0000,0
539.10,3,80.5000,0,0,97.8350,2.1650,528.0000,0
539.10,4,88.0000,0,0,87.1667,12.8333,533.0000,0
539.10,5,95.5000,0,0,94.8449,5.1551,538.0000,0
539.10,6,0.0000,0,0,97.3224,2.6776,474.0000,0
539.10,7,0.0000,0,0,86.0986,13.9014,474.0000,0
539.10,8,7.0000,0,0,93.2337,6.7663,479.0000,0
539.10,9,0.0000,0,0,93.8227,6.1773,474.0000,0
540.10,0,46.0000,0,0,92.6188,7.3812,506.0000,0
540.10,1,0.0000,0,0,100.0000,0.0000,475.0000,0
540.10,2,0.0000,0,0,98.7212,1.2788,475.0000,0
540.10,3,80.5000,0,0,97.8350,2.1650,529.0000,0
540.10,4,88.0000,0,0,87.1667,12.8333,534.0000,0
540.10,5,95.5000,0,0,94.8449,5.1551,539.0000,0
540.10,6,0.0000,0,0,97.3224,2.6776,475.0000,0
540.10,7,0.0000,0,0,86.0986,13.9014,475.0000,0
540.10,8,7.0000,0,0,93.2337,6.7663,480.0000,0
540.10,9,0.0000,0,0,93.8227,6.1773,475.0000,0
541.10,0,46.0000,0,0,92.6188,7.3812,507.0000,0
541.10,1,0.0000,0,0,100.0000,0.0000,476.0000,0
541.10,2,0.0000,0,0,98.7212,1.2788,476.0000,0
541.10,3,80.5000,0,0,97.8350,2.1650,530.0000,0
541.10,4,88.0000,0,0,87.1667,12.8333,535.0000,0
541.10,5,95.5000,0,0,94.8449,5.1551,540.0000,0
541.10,6,0.0000,0,0,97.3224,2.6776,476.0000,0
541.10,7,0.0000,0,0,86.0986,13.9014,476.0000,0
541.10,8,7.0000,0,0,93.2337,6.7663,481.0000,0
541.10,9,0.0000,0,0,93.8227,6.1773,476.0000,0
542.10,0,46.0000,0,0,92.6188,7.3812,508.0000,0
542.10,1,0.0000,0,0,100.0000,0.0000,477.0000,0
542.10,2,0.0000,0,0,98.7212,1.2788,477.0000,0
542.10,3,80.5000,0,0,97.8350,2.1650,531.0000,0
542.10,4,88.0000,0,0,87.1667,12.8333,536.0000,0
542.10,5,95.5000,0,0,94.8449,5.1551,541.0000,0
542.10,6,0.0000,0,0,97.3224,2.6776,477.0000,0
542.10,7,0.0000,0,0,86.0986,13.9014,477.0000,0
542.10,8,7.0000,0,0,93.2337,6.7663,482.0000,0
542.10,9,0.0000,0,0,93.8227,6.1773,477.0000,0
543.10,0,46.0000,0,0,92.6188,7.3812,509.0000,0
543.10,1,0.0000,0,0,100.0000,0.0000,478.0000,0
543.10,2,0.0000,0,0,98.7212,1.2788,478.0000,0
543.10,3,80.5000,0,0,97.8350,2.1650,532.0000,0
543.10,4,88.0000,0,0,87.1667,12.8333,537.0000,0
543.10,5,95.5000,0,0,94.8449,5.1551,542.0000,0
543.10,6,0.0000,0,0,97.3224,2.6776,478.0000,0
543.10,7,0.0000,0,0,86.0986,13.9014,478.0000,0
543.10,8,7.0000,0,0,93.2337,6.7663,483.0000,0
543.10,9,0.0000,0,0,93.8227,6.1773,478.0000,0
544.10,0,46.0000,0,0,92.6188,7.3812,510.0000,0
544.10,1,0.0000,0,0,100.0000,0.0000,479.0000,0
544.10,2,0.0000,0,0,98.7212,1.2788,479.0000,0
544.10,3,80.5000,0,0,97.8350,2.1650,533.0000,0
544.10,4,88.0000,0,0,87.1667,12.8333,538.0000,0
544.10,5,95.5000,0,0,94.8449,5.1551,543.0000,0
544.10,6,0.0000,0,0,97.3224,2.6776,479.0000,0
544.10,7,0.0000,0,0,86.0986,13.9014,479.0000,0
544.10,8,7.0000,0,0,93.2337,6.7663,484.0000,0
544.10,9,0.0000,0,0,93.8227,6.1773,479.0000,0
545.10,0,46.0000,0,0,92.6188,7.3812,511.0000,0
545.10,1,0.0000,0,0,100.0000,0.0000,480.0000,0
545.10,2,0.0000,0,0,98.7212,1.2788,480.0000,0
545.10,3,80.5000,0,0,97.8350,2.1650,534.0000,0
545.10,4,88.0000,0,0,87.1667,12.8333,539.0000,0
545.10,5,95.5000,0,0,94.8449,5.1551,544.0000,0
545.10,6,0.0000,0,0,97.3224,2.6776,480.0000,0
545.10,7,0.0000,0,0,86.0986,13.9014,480.0000,0
545.10,8,7.0000,0,0,93.2337,6.7663,485.0000,0
545.10,9,0.0000,0,0,93.8227,6.1773,480.0000,0
546.10,0,46.0000,0,0,92.6188,7.3812,512.0000,0
546.10,1,0.0000,0,0,100.0000,0.0000,481.0000,0
546.10,2,0.0000,0,0,98.7212,1.2788,481.0000,0
546.10,3,80.5000,0,0,97.8350,2.1650,535.0000,0
546.10,4,88.0000,0,0,87.1667,12.8333,540.0000,0
546.10,5,95.5000,0,0,94.8449,5.1551,545.0000,0
546.10,6,0.0000,0,0,97.3224,2.6776,481.0000,0
546.10,7,0.0000,0,0,86.0986,13.9014,481.0000,0
546.10,8,7.0000,0,0,93.2337,6.7663,486.0000,0
546.10,9,0.0000,0,0,93.8227,6.1773,481.0000,0
547.10,0,46.0000,0,0,92.6188,7.3812,513.0000,0
547.10,1,0.0000,0,0,100.0000,0.0000,482.0000,0
547.10,2,0.0000,0,0,98.7212,1.2788,482.0000,0
547.10,3,80.5000,0,0,97.8350,2.1650,536.0000,0
547.10,4,88.0000,0,0,87.1667,12.8333,541.0000,0
547.10,5,95.5000,0,0,94.8449,5.1551,546.0000,0
547.10,6,0.0000,0,0,97.3224,2.6776,482.0000,0
547.10,7,0.0000,0,0,86.0986,13.9014,482.0000,0
547.10,8,7.0000,0,0,93.2337,6.7663,487.0000,0
547.10,9,0.0000,0,0,93.8227,6.1773,482.0000,0
548.10,0,46.0000,0,0,92.6188,7.3812,514.0000,0
548.10,1,0.0000,0,0,100.0000,0.0000,483.0000,0
548.10,2,0.0000,0,0,98.7212,1.2788,483.0000,0
548.10,3,80.5000,0,0,97.8350,2.1650,537.0000,0
548.10,4,88.0000,0,0,87.1667,12.8333,542.0000,0
548.10,5,95.5000,0,0,94.8449,5.1551,547.0000,0
548.10,6,0.0000,0,0,97.3224,2.6776,483.0000,0
548.10,7,0.0000,0,0,86.0986,13.9014,483.0000,0
548.10,8,7.0000,0,0,93.2337,6.7663,488.0000,0
548.10,9,0.0000,0,0,93.8227,6.1773,483.0000,0
549.10,0,46.0000,0,0,92.6188,7.3812,515.0000,0
549.10,1,0.0000,0,0,100.0000,0.0000,484.0000,0
549.10,2,0.0000,0,0,98.7212,1.2788,484.0000,0
549.10,3,80.5000,0,0,97.8350,2.1650,538.0000,0
549.10,4,88.0000,0,0,87.1667,12.8333,543.0000,0
549.10,5,95.5000,0,0,94.8449,5.1551,548.0000,0
549.10,6,0.0000,0,0,97.3224,2.6776,484.0000,0
549.10,7,0.0000,0,0,86.0986,13.9014,484.0000,0
549.10,8,7.0000,0,0,93.2337,6.7663,489.0000,0
549.10,9,0.0000,0,0,93.8227,6.1773,484.0000,0
550.10,0,46.0000,0,0,92.6188,7.3812,516.0000,0
550.10,1,0.0000,0,0,100.0000,0.0000,485.0000,0
550.10,2,0.0000,0,0,98.7212,1.2788,485.0000,0
550.10,3,80.5000,0,0,97.8350,2.1650,539.0000,0
550.10,4,88.0000,0,0,87.1667,12.8333,544.0000,0
550.10,5,95.5000,0,0,94.8449,5.1551,549.0000,0
550.10,6,0.0000,0,0,97.3224,2.6776,485.0000,0
550.10,7,0.0000,0,0,86.0986,13.9014,485.0000,0
550.10,8,7.0000,0,0,93.2337,6.7663,490.0000,0
550.10,9,0.0000,0,0,93.8227,6.1773,485.0000,0
551.10,0,46.0000,0,0,92.6188,7.3812,517.0000,0
551.10,1,0.0000,0,0,100.0000,0.0000,486.0000,0
551.10,2,0.0000,0,0,98.7212,1.2788,486.0000,0
551.10,3,80.5000,0,0,97.8350,2.1650,540.0000,0
551.10,4,88.0000,0,0,87.1667,12.8333,545.0000,0
551.10,5,95.5000,0,0,94.8449,5.1551,550.0000,0
551.10,6,0.0000,0,0,97.3224,2.6776,486.0000,0
551.10,7,0.0000,0,0,86.0986,13.9014,486.0000,0
551.10,8,7.0000,0,0,93.2337,6.7663,491.0000,0
551.10,9,0.0000,0,0,93.8227,6.1773,486.0000,0
552.10,0,46.0000,0,0,92.6188,7.3812,518.0000,0
552.10,1,0.0000,0,0,100.0000,0.0000,487.0000,0
552.10,2,0.0000,0,0,98.7212,1.2788,487.0000,0
552.10,3,80.5000,0,0,97.8350,2.1650,541.0000,0
552.10,4,88.0000,0,0,87.1667,12.8333,546.0000,0
552.10,5,95.5000,0,0,94.8449,5.1551,551.0000,0
552.10,6,0.0000,0,0,97.3224,2.6776,487.0000,0
552.10,7,0.0000,0,0,86.0986,13.9014,487.0000,0
552.10,8,7.0000,0,0,93.2337,6.7663,492.0000,0
552.10,9,0.0000,0,0,93.8227,6.1773,487.0000,0
553.10,0,46.0000,0,0,92.6188,7.3812,519.0000,0
553.10,1,0.0000,0,0,100.0000,0.0000,488.0000,0
553.10,2,0.0000,0,0,98.7212,1.2788,488.0000,0
553.10,3,80.5000,0,0,97.8350,2.1650,542.0000,0
553.10,4,88.0000,0,0,87.1667,12.8333,547.0000,0
553.10,5,95.5000,0,0,94.8449,5.1551,552.0000,0
553.10,6,0.0000,0,0,97.3224,2.6776,488.0000,0
553.10,7,0.0000,0,0,86.0986,13.9014,488.0000,0
553.10,8,7.0000,0,0,93.2337,6.7663,493.0000,0
553.10,9,0.0000,0,0,93.8227,6.1773,488.0000,0
554.10,0,46.0000,0,0,92.6188,7.3812,520.0000,0
554.10,1,0.0000,0,0,100.0000,0.0000,489.0000,0
554.10,2,0.0000,0,0,98.7212,1.2788,489.0000,0
554.10,3,80.5000,0,0,97.8350,2.1650,543.0000,0
554.10,4,88.0000,0,0,87.1667,12.8333,548.0000,0
554.10,5,95.5000,0,0,94.8449,5.1551,553.0000,0
554.10,6,0.0000,0,0,97.3224,2.6776,489.0000,0
554.10,7,0.0000,0,0,86.0986,13.9014,489.0000,0
554.10,8,7.0000,0,0,93.2337,6.7663,494.0000,0
554.10,9,0.0000,0,0,93.8227,6.1773,489.0000,0
555.10,0,46.0000,0,0,92.6188,7.3812,521.0000,0
555.10,1,0.0000,0,0,100.0000,0.0000,490.0000,0
555.10,2,0.0000,0,0,98.7212,1.2788,490.0000,0
555.10,3,80.5000,0,0,97.8350,2.1650,544.0000,0
555.10,4,88.0000,0,0,87.1667,12.8333,549.0000,0
555.10,5,95.5000,0,0,94.8449,5.1551,554.0000,0
555.10,6,0.0000,0,0,97.3224,2.6776,490.0000,0
555.10,7,0.0000,0,0,86.0986,13.9014,490.0000,0
555.10,8,7.0000,0,0,93.2337,6.7663,495.0000,0
555.10,9,0.0000,0,0,93.8227,6.1773,490.0000,0
556.10,0,46.0000,0,0,92.6188,7.3812,522.0000,0
556.10,1,0.0000,0,0,100.0000,0.0000,491.0000,0
556.10,2,0.0000,0,0,98.7212,1.2788,491.0000,0
556.10,3,80.5000,0,0,97.8350,2.1650,545.0000,0
556.10,4,88.0000,0,0,87.1667,12.8333,550.0000,0
556.10,5,95.5000,0,0,94.8449,5.1551,555.0000,0
556.10,6,0.0000,0,0,97.3224,2.6776,491.0000,0
556.10,7,0.0000,0,0,86.0986,13.9014,491.0000,0
556.10,8,7.0000,0,0,93.2337,6.7663,496.0000,0
556.10,9,0.0000,0,0,93.8227,6.1773,491.0000,0
557.10,0,46.0000,0,0,92.6188,7.3812,523.0000,0
557.10,1,0.0000,0,0,100.0000,0.0000,492.0000,0
557.10,2,0.0000,0,0,98.7212,1.2788,492.0000,0
557.10,3,80.5000,0,0,97.8350,2.1650,546.0000,0
557.10,4,88.0000,0,0,87.1667,12.8333,551.0000,0
557.10,5,95.5000,0,0,94.8449,5.1551,556.0000,0
557.10,6,0.0000,0,0,97.3224,2.6776,492.0000,0
557.10,7,0.0000,0,0,86.0986,13.9014,492.0000,0
557.10,8,7.0000,0,0,93.2337,6.7663,497.0000,0
557.10,9,0.0000,0,0,93.8227,6.1773,492.0000,0
558.10,0,46.0000,0,0,92.6188,7.3812,524.0000,0
558.10,1,0.0000,0,0,100.0000,0.0000,493.0000,0
558.10,2,0.0000,0,0,98.7212,1.2788,493.0000,0
558.10,3,80.5000,0,0,97.8350,2.1650,547.0000,0
558.10,4,88.0000,0,0,87.1667,12.8333,552.0000,0
558.10,5,95.5000,0,0,94.8449,5.1551,557.0000,0
558.10,6,0.0000,0,0,97.3224,2.6776,493.0000,0
558.10,7,0.0000,0,0,86.0986,13.9014,493.0000,0
558.10,8,7.0000,0,0,93.2337,6.7663,498.0000,0
558.10,9,0.0000,0,0,93.8227,6.1773,493.0000,0
559.10,0,46.0000,0,0,92.6188,7.3812,525.0000,0
559.10,1,0.0000,0,0,100.0000,0.0000,494.0000,0
559.10,2,0.0000,0,0,98.7212,1.2788,494.0000,0
559.10,3,80.5000,0,0,97.8350,2.1650,548.0000,0
559.10,4,88.0000,0,0,87.1667,12.8333,553.0000,0
559.10,5,95.5000,0,0,94.8449,5.1551,558.0000,0
559.10,6,0.0000,0,0,97.3224,2.6776,494.0000,0
559.10,7,0.0000,0,0,86.0986,13.9014,494.0000,0
559.10,8,7.0000,0,0,93.2337,6.7663,499.0000,0
559.10,9,0.0000,0,0,93.8227,6.1773,494.0000,0
560.10,0,46.0000,0,0,92.6188,7.3812,526.0000,0
560.10,1,0.0000,0,0,100.0000,0.0000,495.0000,0
560.10,2,0.0000,0,0,98.7212,1.2788,495.0000,0
560.10,3,80.5000,0,0,97.8350,2.1650,549.0000,0
560.10,4,88.0000,0,0,87.1667,12.8333,554.0000,0
560.10,5,95.5000,0,0,94.8449,5.1551,559.0000,0
560.10,6,0.0000,0,0,97.3224,2.6776,495.0000,0
560.10,7,0.0000,0,0,86.0986,13.9014,495.0000,0
560.10,8,7.0000,0,0,93.2337,6.7663,500.0000,0
560.10,9,0.0000,0,0,93.8227,6.1773,495.0000,0
561.10,0,46.0000,0,0,92.6188,7.3812,527.0000,0
561.10,1,0.0000,0,0,100.0000,0.0000,496.0000,0
561.10,2,0.0000,0,0,98.7212,1.2788,496.0000,0
561.10,3,80.5000,0,0,97.8350,2.1650,550.0000,0
561.10,4,88.0000,0,0,87.1667,12.8333,555.0000,0
561.10,5,95.5000,0,0,94.8449,5.1551,560.0000,0
561.10,6,0.0000,0,0,97.3224,2.6776,496.0000,0
561.10,7,0.0000,0,0,86.0986,13.9014,496.0000,0
561.10,8,7.0000,0,0,93.2337,6.7663,501.0000,0
561.10,9,0.0000,0,0,93.8227,6.1773,496.0000,0
562.10,0,46.0000,0,0,92.6188,7.3812,528.0000,0
562.10,1,0.0000,0,0,100.0000,0.0000,497.0000,0
562.10,2,0.0000,0,0,98.7212,1.2788,497.0000,0
562.10,3,80.5000,0,0,97.8350,2.1650,551.0000,0
562.10,4,88.0000,0,0,87.1667,12.8333,556.0000,0
562.10,5,95.5000,0,0,94.8449,5.1551,561.0000,0
562.10,6,0.0000,0,0,97.3224,2.6776,497.0000,0
562.10,7,0.0000,0,0,86.0986,13.9014,497.0000,0
562.10,8,7.0000,0,0,93.2337,6.7663,502.0000,0
562.10,9,0.0000,0,0,93.8227,6.1773,497.0000,0
563.10,0,46.0000,0,0,92.6188,7.3812,529.0000,0
563.10,1,0.0000,0,0,100.0000,0.0000,498.0000,0
563.10,2,0.0000,0,0,98.7212,1.2788,498.0000,0
563.10,3,80.5000,0,0,97.8350,2.1650,552.0000,0
563.10,4,88.0000,0,0,87.1667,12.8333,557.0000,0
563.10,5,95.5000,0,0,94.8449,5.1551,562.0000,0
563.10,6,0.0000,0,0,97.3224,2.6776,498.0000,0
563.10,7,0.0000,0,0,86.0986,13.9014,498.0000,0
563.10,8,7.0000,0,0,93.2337,6.7663,503.0000,0
563.10,9,0.0000,0,0,93.8227,6.1773,498.0000,0
564.10,0,46.0000,0,0,92.6188,7.3812,530.0000,0
564.10,1,0.0000,0,0,100.0000,0.0000,499.0000,0
564.10,2,0.0000,0,0,98.7212,1.2788,499.0000,0
564.10,3,80.5000,0,0,97.8350,2.1650,553.0000,0
564.10,4,88.0000,0,0,87.1667,12.8333,558.0000,0
564.10,5,95.5000,0,0,94.8449,5.1551,563.0000,0
564.10,6,0.0000,0,0,97.3224,2.6776,499.0000,0
564.10,7,0.0000,0,0,86.0986,13.9014,499.0000,0
564.10,8,7.0000,0,0,93.2337,6.7663,504.0000,0
564.10,9,0.0000,0,0,93.8227,6.1773,499.0000,0
565.10,0,46.0000,0,0,92.6188,7.3812,531.0000,0
565.10,1,0.0000,0,0,100.0000,0.0000,500.0000,0
565.10,2,0.0000,0,0,98.7212,1.2788,500.0000,0
565.10,3,80.5000,0,0,97.8350,2.1650,554.0000,0
565.10,4,88.0000,0,0,87.1667,12.8333,559.0000,0
565.10,5,95.5000,0,0,94.8449,5.1551,564.0000,0
565.10,6,0.0000,0,0,97.3224,2.6776,500.0000,0
565.10,7,0.0000,0,0,86.0986,13.9014,500.0000,0
565.10,8,7.0000,0,0,93.2337,6.7663,505.0000,0
565.10,9,0.0000,0,0,93.8227,6.1773,500.0000,0
566.10,0,46.0000,0,0,92.6188,7.3812,532.0000,0
566.10,1,0.0000,0,0,100.0000,0.0000,501.0000,0
566.10,2,0.0000,0,0,98.7212,1.2788,501.0000,0
566.10,3,80.5000,0,0,97.8350,2.1650,555.0000,0
566.10,4,88.0000,0,0,87.1667,12.8333,560.0000,0
566.10,5,95.5000,0,0,94.8449,5.1551,565.0000,0
566.10,6,0.0000,0,0,97.3224,2.6776,501.0000,0
566.10,7,0.0000,0,0,86.0986,13.9014,501.0000,0
566.10,8,7.0000,0,0,93.2337,6.7663,506.0000,0
566.10,9,0.0000,0,0,93.8227,6.1773,501.0000,0
567.10,0,46.0000,0,0,92.6188,7.3812,533.0000,0
567.10,1,0.0000,0,0,100.0000,0.0000,502.0000,0
567.10,2,0.0000,0,0,98.7212,1.2788,502.0000,0
567.10,3,80.5000,0,0,97.8350,2.1650,556.0000,0
567.10,4,88.0000,0,0,87.1667,12.8333,561.0000,0
567.10,5,95.5000,0,0,94.8449,5.1551,566.0000,0
567.10,6,0.0000,0,0,97.3224,2.6776,502.0000,0
567.10,7,0.0000,0,0,86.0986,13.9014,502.0000,0
567.10,8,7.0000,0,0,93.2337,6.7663,507.0000,0
567.10,9,0.0000,0,0,93.8227,6.1773,502.0000,0
568.10,0,46.0000,0,0,92.6188,7.3812,534.0000,0
568.10,1,0.0000,0,0,100.0000,0.0000,503.0000,0
568.10,2,0.0000,0,0,98.7212,1.2788,503.0000,0
568.10,3,80.5000,0,0,97.8350,2.1650,557.0000,0
568.10,4,88.0000,0,0,87.1667,12.8333,562.0000,0
568.10,5,95.5000,0,0,94.8449,5.1551,567.0000,0
568.10,6,0.0000,0,0,97.3224,2.6776,503.0000,0
568.10,7,0.0000,0,0,86.0986,13.9014,503.0000,0
568.10,8,7.0000,0,0,93.2337,6.7663,508.0000,0
568.10,9,0.0000,0,0,93.8227,6.1773,503.0000,0
569.10,0,46.0000,0,0,92.6188,7.3812,535.0000,0
569.10,1,0.0000,0,0,100.0000,0.0000,504.0000,0
569.10,2,0.0000,0,0,98.7212,1.2788,504.0000,0
569.10,3,80.5000,0,0,97.8350,2.1650,558.0000,0
569.10,4,88.0000,0,0,87.1667,12.8333,563.0000,0
569.10,5,95.5000,0,0,94.8449,5.1551,568.0000,0
569.10,6,0.0000,0,0,97.3224,2.6776,504.0000,0
569.10,7,0.0000,0,0,86.0986,13.9014,504.0000,0
569.10,8,7.0000,0,0,93.2337,6.7663,509.0000,0
569.10,9,0.0000,0,0,93.8227,6.1773,504.0000,0
570.10,0,46.0000,0,0,92.6188,7.3812,536.0000,0
570.10,1,0.0000,0,0,100.0000,0.0000,505.0000,0
570.10,2,0.0000,0,0,98.7212,1.2788,505.0000,0
570.10,3,80.5000,0,0,97.8350,2.1650,559.0000,0
570.10,4,88.0000,0,0,87.1667,12.8333,564.0000,0
570.10,5,95.5000,0,0,94.8449,5.1551,569.0000,0
570.10,6,0.0000,0,0,97.3224,2.6776,505.0000,0
570.10,7,0.0000,0,0,86.0986,13.9014,505.0000,0
570.10,8,7.0000,0,0,93.2337,6.7663,510.0000,0
570.10,9,0.0000,0,0,93.8227,6.1773,505.0000,0
571.10,0,46.0000,0,0,92.6188,7.3812,537.0000,0
571.10,1,0.0000,0,0,100.0000,0.0000,506.0000,0
571.10,2,0.0000,0,0,98.7212,1.2788,506.0000,0
571.10,3,80.5000,0,0,97.8350,2.1650,560.0000,0
571.10,4,88.0000,0,0,87.1667,12.8333,565.0000,0
571.10,5,95.5000,0,0,94.8449,5.1551,570.0000,0
571.10,6,0.0000,0,0,97.3224,2.6776,506.0000,0
571.10,7,0.0000,0,0,86.0986,13.9014,506.0000,0
571.10,8,7.0000,0,0,93.2337,6.7663,511.0000,0
571.10,9,0.0000,0,0,93.8227,6.1773,506.0000,0
572.10,0,46.0000,0,0,92.6188,7.3812,538.0000,0
572.10,1,0.0000,0,0,100.0000,0.0000,507.0000,0
572.10,2,0.0000,0,0,98.7212,1.2788,507.0000,0
572.10,3,80.5000,0,0,97.8350,2.1650,561.0000,0
572.10,4,88.0000,0,0,87.1667,12.8333,566.0000,0
572.10,5,95.5000,0,0,94.8449,5.1551,571.0000,0
572.10,6,0.0000,0,0,97.3224,2.6776,507.0000,0
572.10,7,0.0000,0,0,86.0986,13.9014,507.0000,0
572.10,8,7.0000,0,0,93.2337,6.7663,512.0000,0
572.10,9,0.0000,0,0,93.8227,6.1773,507.0000,0
573.10,0,46.0000,0,0,92.6188,7.3812,539.0000,0
573.10,1,0.0000,0,0,100.0000,0.0000,508.0000,0
573.10,2,0.0000,0,0,98.7212,1.2788,508.0000,0
573.10,3,80.5000,0,0,97.8350,2.1650,562.0000,0
573.10,4,88.0000,0,0,87.1667,12.8333,567.0000,0
573.10,5,95.5000,0,0,94.8449,5.1551,572.0000,0
573.10,6,0.0000,0,0,97.3224,2.6776,508.0000,0
573.10,7,0.0000,0,0,86.0986,13.9014,508.0000,0
573.10,8,7.0000,0,0,93.2337,6.7663,513.0000,0
573.10,9,0.0000,0,0,93.8227,6.1773,508.0000,0
574.10,0,46.0000,0,0,92.6188,7.3812,540.0000,0
574.10,1,0.0000,0,0,100.0000,0.0000,509.0000,0
574.10,2,0.0000,0,0,98.7212,1.2788,509.0000,0
574.10,3,80.5000,0,0,97.8350,2.1650,563.0000,0
574.10,4,88.0000,0,0,87.1667,12.8333,568.0000,0
574.10,5,95.5000,0,0,94.8449,5.1551,573.0000,0
574.10,6,0.0000,0,0,97.3224,2.6776,509.0000,0
574.10,7,0.0000,0,0,86.0986,13.9014,509.0000,0
574.10,8,7.0000,0,0,93.2337,6.7663,514.0000,0
574.10,9,0.0000,0,0,93.8227,6.1773,509.0000,0
575.10,0,46.0000,0,0,92.6188,7.3812,541.0000,0
575.10,1,0.0000,0,0,100.0000,0.0000,510.0000,0
575.10,2,0.0000,0,0,98.7212,1.2788,510.0000,0
575.10,3,80.5000,0,0,97.8350,2.1650,564.0000,0
575.10,4,88.0000,0,0,87.1667,12.8333,569.0000,0
575.10,5,95.5000,0,0,94.8449,5.1551,574.0000,0
575.10,6,0.0000,0,0,97.3224,2.6776,510.0000,0
575.10,7,0.0000,0,0,86.0986,13.9014,510.0000,0
575.10,8,7.0000,0,0,93.2337,6.7663,515.0000,0
575.10,9,0.0000,0,0,93.8227,6.1773,510.0000,0
576.10,0,46.0000,0,0,92.6188,7.3812,542.0000,0
576.10,1,0.0000,0,0,100.0000,0.0000,511.0000,0
576.10,2,0.0000,0,0,98.7212,1.2788,511.0000,0
576.10,3,80.5000,0,0,97.8350,2.1650,565.0000,0
576.10,4,88.0000,0,0,87.1667,12.8333,570.0000,0
576.10,5,95.5000,0,0,94.8449,5.1551,575.0000,0
576.10,6,0.0000,0,0,97.3224,2.6776,511.0000,0
576.10,7,0.0000,0,0,86.0986,13.9014,511.0000,0
576.10,8,7.0000,0,0,93.2337,6.7663,516.0000,0
576.10,9,0.0000,0,0,93.8227,6.1773,511.0000,0
577.10,0,46.0000,0,0,92.6188,7.3812,543.0000,0
577.10,1,0.0000,0,0,100.0000,0.0000,512.0000,0
577.10,2,0.0000,0,0,98.7212,1.2788,512.0000,0
577.10,3,80.5000,0,0,97.8350,2.1650,566.0000,0
577.10,4,88.0000,0,0,87.1667,12.8333,571.0000,0
577.10,5,95.5000,0,0,94.8449,5.1551,576.0000,0
577.10,6,0.0000,0,0,97.3224,2.6776,512.0000,0
577.10,7,0.0000,0,0,86.0986,13.9014,512.0000,0
577.10,8,7.0000,0,0,93.2337,6.7663,517.0000,0
577.10,9,0.0000,0,0,93.8227,6.1773,512.0000,0
578.10,0,46.0000,0,0,92.6188,7.3812,544.0000,0
578.10,1,0.0000,0,0,100.0000,0.0000,513.0000,0
578.10,2,0.0000,0,0,98.7212,1.2788,513.0000,0
578.10,3,80.5000,0,0,97.8350,2.1650,567.0000,0
578.10,4,88.0000,0,0,87.1667,12.8333,572.0000,0
578.10,5,95.5000,0,0,94.8449,5.1551,577.0000,0
578.10,6,0.0000,0,0,97.3224,2.6776,513.0000,0
578.10,7,0.0000,0,0,86.0986,13.9014,513.0000,0
578.10,8,7.0000,0,0,93.2337,6.7663,518.0000,0
578.10,9,0.0000,0,0,93.8227,6.1773,513.0000,0
579.10,0,46.0000,0,0,92.6188,7.3812,545.0000,0
579.10,1,0.0000,0,0,100.0000,0.0000,514.0000,0
579.10,2,0.0000,0,0,98.7212,1.2788,514.0000,0
579.10,3,80.5000,0,0,97.8350,2.1650,568.0000,0
579.10,4,88.0000,0,0,87.1667,12.8333,573.0000,0
579.10,5,95.5000,0,0,94.8449,5.1551,578.0000,0
579.10,6,0.0000,0,0,97.3224,2.6776,514.0000,0
579.10,7,0.0000,0,0,86.0986,13.9014,514.0000,0
579.10,8,7.0000,0,0,93.2337,6.7663,519.0000,0
579.10,9,0.0000,0,0,93.8227,6.1773,514.0000,0
580.10,0,46.0000,0,0,92.6188,7.3812,546.0000,0
580.10,1,0.0000,0,0,100.0000,0.0000,515.0000,0
580.10,2,0.0000,0,0,98.7212,1.2788,515.0000,0
580.10,3,80.5000,0,0,97.8350,2.1650,569.0000,0
580.10,4,88.0000,0,0,87.1667,12.8333,574.0000,0
580.10,5,95.5000,0,0,94.8449,5.1551,579.0000,0
580.10,6,0.0000,0,0,97.3224,2.6776,515.0000,0
580.10,7,0.0000,0,0,86.0986,13.9014,515.0000,0
580.10,8,7.0000,0,0,93.2337,6.7663,520.0000,0
580.10,9,0.0000,0,0,93.8227,6.1773,515.0000,0
581.10,0,46.0000,0,0,92.6188,7.3812,547.0000,0
581.10,1,0.0000,0,0,100.0000,0.0000,516.0000,0
581.10,2,0.0000,0,0,98.7212,1.2788,516.0000,0
581.10,3,80.5000,0,0,97.8350,2.1650,570.0000,0
581.10,4,88.0000,0,0,87.1667,12.8333,575.0000,0
581.10,5,95.5000,0,0,94.8449,5.1551,580.0000,0
581.10,6,0.0000,0,0,97.3224,2.6776,516.0000,0
581.10,7,0.0000,0,0,86.0986,13.9014,516.0000,0
581.10,8,7.0000,0,0,93.2337,6.7663,521.0000,0
581.10,9,0.0000,0,0,93.8227,6.1773,516.0000,0
582.10,0,46.0000,0,0,92.6188,7.3812,548.0000,0
582.10,1,0.0000,0,0,100.0000,0.0000,517.0000,0
582.10,2,0.0000,0,0,98.7212,1.2788,517.0000,0
582.10,3,80.5000,0,0,97.8350,2.1650,571.0000,0
582.10,4,88.0000,0,0,87.1667,12.8333,576.0000,0
582.10,5,95.5000,0,0,94.8449,5.1551,581.0000,0
582.10,6,0.0000,0,0,97.3224,2.6776,517.0000,0
582.10,7,0.0000,0,0,86.0986,13.9014,517.0000,0
582.10,8,7.0000,0,0,93.2337,6.7663,522.0000,0
582.10,9,0.0000,0,0,93.8227,6.1773,517.0000,0
583.10,0,46.0000,0,0,92.6188,7.3812,549.0000,0
583.10,1,0.0000,0,0,100.0000,0.0000,518.0000,0
583.10,2,0.0000,0,0,98.7212,1.2788,518.0000,0
583.10,3,80.5000,0,0,97.8350,2.1650,572.0000,0
583.10,4,88.0000,0,0,87.1667,12.8333,577.0000,0
583.10,5,95.5000,0,0,94.8449,5.1551,582.0000,0
583.10,6,0.0000,0,0,97.3224,2.6776,518.0000,0
583.10,7,0.0000,0,0,86.0986,13.9014,518.0000,0
583.10,8,7.0000,0,0,93.2337,6.7663,523.0000,0
583.10,9,0.0000,0,0,93.8227,6.1773,518.0000,0
584.10,0,46.0000,0,0,92.6188,7.3812,550.0000,0
584.10,1,0.0000,0,0,100.0000,0.0000,519.0000,0
584.10,2,0.0000,0,0,98.7212,1.2788,519.0000,0
584.10,3,80.5000,0,0,97.8350,2.1650,573.0000,0
584.10,4,88.0000,0,0,87.1667,12.8333,578.0000,0
584.10,5,95.5000,0,0,94.8449,5.1551,583.0000,0
584.10,6,0.0000,0,0,97.3224,2.6776,519.0000,0
584.10,7,0.0000,0,0,86.0986,13.9014,519.0000,0
584.10,8,7.0000,0,0,93.2337,6.7663,524.0000,0
584.10,9,0.0000,0,0,93.8227,6.1773,519.0000,0
585.10,0,46.0000,0,0,92.6188,7.3812,551.0000,0
585.10,1,0.0000,0,0,100.0000,0.0000,520.0000,0
585.10,2,0.0000,0,0,98.7212,1.2788,520.0000,0
585.10,3,80.5000,0,0,97.8350,2.1650,574.0000,0
585.10,4,88.0000,0,0,87.1667,12.8333,579.0000,0
585.10,5,95.5000,0,0,94.8449,5.1551,584.0000,0
585.10,6,0.0000,0,0,97.3224,2.6776,520.0000,0
585.10,7,0.0000,0,0,86.0986,13.9014,520.0000,0
585.10,8,7.0000,0,0,93.2337,6.7663,525.0000,0
585.10,9,0.0000,0,0,93.8227,6.1773,520.0000,0
586.10,0,46.0000,0,0,92.6188,7.3812,552.0000,0
586.10,1,0.0000,0,0,100.0000,0.0000,521.0000,0
586.10,2,0.0000,0,0,98.7212,1.2788,521.0000,0
586.10,3,80.5000,0,0,97.8350,2.1650,575.0000,0
586.10,4,88.0000,0,0,87.1667,12.8333,580.0000,0
586.10,5,95.5000,0,0,94.8449,5.1551,585.0000,0
586.10,6,0.0000,0,0,97.3224,2.6776,521.0000,0
586.10,7,0.0000,0,0,86.0986,13.9014,521.0000,0
586.10,8,7.0000,0,0,93.2337,6.7663,526.0000,0
586.10,9,0.0000,0,0,93.8227,6.1773,521.0000,0
587.10,0,46.0000,0,0,92.6188,7.3812,553.0000,0
587.10,1,0.0000,0,0,100.0000,0.0000,522.0000,0
587.10,2,0.0000,0,0,98.7212,1.2788,522.0000,0
587.10,3,80.5000,0,0,97.8350,2.1650,576.0000,0
587.10,4,88.0000,0,0,87.1667,12.8333,581.0000,0
587.10,5,95.5000,0,0,94.8449,5.1551,586.0000,0
587.10,6,0.0000,0,0,97.3224,2.6776,522.0000,0
587.10,7,0.0000,0,0,86.0986,13.9014,522.0000,0
587.10,8,7.0000,0,0,93.2337,6.7663,527.0000,0
587.10,9,0.0000,0,0,93.8227,6.1773,522.0000,0
588.10,0,46.0000,0,0,92.6188,7.3812,554.0000,0
588.10,1,0.0000,0,0,100.0000,0.0000,523.0000,0
588.10,2,0.0000,0,0,98.7212,1.2788,523.0000,0
588.10,3,80.5000,0,0,97.8350,2.1650,577.0000,0
588.10,4,88.0000,0,0,87.1667,12.8333,582.0000,0
588.10,5,95.5000,0,0,94.8449,5.1551,587.0000,0
588.10,6,0.0000,0,0,97.3224,2.6776,523.0000,0
588.10,7,0.0000,0,0,86.0986,13.9014,523.0000,0
588.10,8,7.0000,0,0,93.2337,6.7663,528.0000,0
588.10,9,0.0000,0,0,93.8227,6.1773,523.0000,0
589.10,0,46.0000,0,0,92.6188,7.3812,555.0000,0
589.10,1,0.0000,0,0,100.0000,0.0000,524.0000,0
589.10,2,0.0000,0,0,98.7212,1.2788,524.0000,0
589.10,3,80.5000,0,0,97.8350,2.1650,578.0000,0
589.10,4,88.0000,0,0,87.1667,12.8333,583.0000,0
589.10,5,95.5000,0,0,94.8449,5.1551,588.0000,0
589.10,6,0.0000,0,0,97.3224,2.6776,524.0000,0
589.10,7,0.0000,0,0,86.0986,13.9014,524.0000,0
589.10,8,7.0000,0,0,93.2337,6.7663,529.0000,0
589.10,9,0.0000,0,0,93.8227,6.1773,524.0000,0
590.10,0,46.0000,0,0,92.6188,7.3812,556.0000,0
590.10,1,0.0000,0,0,100.0000,0.0000,525.0000,0
590.10,2,0.0000,0,0,98.7212,1.2788,525.0000,0
590.10,3,80.5000,0,0,97.8350,2.1650,579.0000,0
590.10,4,88.0000,0,0,87.1667,12.8333,584.0000,0
590.10,5,95.5000,0,0,94.8449,5.1551,589.0000,0
590.10,6,0.0000,0,0,97.3224,2.6776,525.0000,0
590.10,7,0.0000,0,0,86.0986,13.9014,525.0000,0
590.10,8,7.0000,0,0,93.2337,6.7663,530.0000,0
590.10,9,0.0000,0,0,93.8227,6.1773,525.0000,0
591.10,0,46.0000,0,0,92.6188,7.3812,557.0000,0
591.10,1,0.0000,0,0,100.0000,0.0000,526.0000,0
591.10,2,0.0000,0,0,98.7212,1.2788,526.0000,0
591.10,3,80.5000,0,0,97.8350,2.1650,580.0000,0
591.10,4,88.0000,0,0,87.1667,12.8333,585.0000,0
591.10,5,95.5000,0,0,94.8449,5.1551,590.0000,0
591.10,6,0.0000,0,0,97.3224,2.6776,526.0000,0
591.10,7,0.0000,0,0,86.0986,13.9014,526.0000,0
591.10,8,7.0000,0,0,93.2337,6.7663,531.0000,0
591.10,9,0.0000,0,0,93.8227,6.1773,526.0000,0
592.10,0,46.0000,0,0,92.6188,7.3812,558.0000,0
592.10,1,0.0000,0,0,100.0000,0.0000,527.0000,0
592.10,2,0.0000,0,0,98.7212,1.2788,527.0000,0
592.10,3,80.5000,0,0,97.8350,2.1650,581.0000,0
592.10,4,88.0000,0,0,87.1667,12.8333,586.0000,0
592.10,5,95.5000,0,0,94.8449,5.1551,591.0000,0
592.10,6,0.0000,0,0,97.3224,2.6776,527.0000,0
592.10,7,0.0000,0,0,86.0986,13.9014,527.0000,0
592.10,8,7.0000,0,0,93.2337,6.7663,532.0000,0
592.10,9,0.0000,0,0,93.8227,6.1773,527.0000,0
593.10,0,46.0000,0,0,92.6188,7.3812,559.0000,0
593.10,1,0.0000,0,0,100.0000,0.0000,528.0000,0
593.10,2,0.0000,0,0,98.7212,1.2788,528.0000,0
593.10,3,80.5000,0,0,97.8350,2.1650,582.0000,0
593.10,4,88.0000,0,0,87.1667,12.8333,587.0000,0
593.10,5,95.5000,0,0,94.8449,5.1551,592.0000,0
593.10,6,0.0000,0,0,97.3224,2.6776,528.0000,0
593.10,7,0.0000,0,0,86.0986,13.9014,528.0000,0
593.10,8,7.0000,0,0,93.2337,6.7663,533.0000,0
593.10,9,0.0000,0,0,93.8227,6.1773,528.0000,0
594.10,0,46.0000,0,0,92.6188,7.3812,560.0000,0
594.10,1,0.0000,0,0,100.0000,0.0000,529.0000,0
594.10,2,0.0000,0,0,98.7212,1.2788,529.0000,0
594.10,3,80.5000,0,0,97.8350,2.1650,583.0000,0
594.10,4,88.0000,0,0,87.1667,12.8333,588.0000,0
594.10,5,95.5000,0,0,94.8449,5.1551,593.0000,0
594.10,6,0.0000,0,0,97.3224,2.6776,529.0000,0
594.10,7,0.0000,0,0,86.0986,13.9014,529.0000,0
594.10,8,7.0000,0,0,93.2337,6.7663,534.0000,0
594.10,9,0.0000,0,0,93.8227,6.1773,529.0000,0
595.10,0,46.0000,0,0,92.6188,7.3812,561.0000,0
595.10,1,0.0000,0,0,100.0000,0.0000,530.0000,0
595.10,2,0.0000,0,0,98.7212,1.2788,530.0000,0
595.10,3,80.5000,0,0,97.8350,2.1650,584.0000,0
595.10,4,88.0000,0,0,87.1667,12.8333,589.0000,0
595.10,5,95.5000,0,0,94.8449,5.1551,594.0000,0
595.10,6,0.0000,0,0,97.3224,2.6776,530.0000,0
595.10,7,0.0000,0,0,86.0986,13.9014,530.0000,0
595.10,8,7.0000,0,0,93.2337,6.7663,535.0000,0
595.10,9,0.0000,0,0,93.8227,6.1773,530.0000,0
596.10,0,46.0000,0,0,92.6188,7.3812,562.0000,0
596.10,1,0.0000,0,0,100.0000,0.0000,531.0000,0
596.10,2,0.0000,0,0,98.7212,1.2788,531.0000,0
596.10,3,80.5000,0,0,97.8350,2.1650,585.0000,0
596.10,4,88.0000,0,0,87.1667,12.8333,590.0000,0
596.10,5,95.5000,0,0,94.8449,5.1551,595.0000,0
596.10,6,0.0000,0,0,97.3224,2.6776,531.0000,0
596.10,7,0.0000,0,0,86.0986,13.9014,531.0000,0
596.10,8,7.0000,0,0,93.2337,6.7663,536.0000,0
596.10,9,0.0000,0,0,93.8227,6.1773,531.0000,0
597.10,0,46.0000,0,0,92.6188,7.3812,563.0000,0
597.10,1,0.0000,0,0,100.0000,0.0000,532.0000,0
597.10,2,0.0000,0,0,98.7212,1.2788,532.0000,0
597.10,3,80.5000,0,0,97.8350,2.1650,586.0000,0
597.10,4,88.0000,0,0,87.1667,12.8333,591.0000,0
597.10,5,95.5000,0,0,94.8449,5.1551,596.0000,0
597.10,6,0.0000,0,0,97.3224,2.6776,532.0000,0
597.10,7,0.0000,0,0,86.0986,13.9014,532.0000,0
597.10,8,7.0000,0,0,93.2337,6.7663,537.0000,0
597.10,9,0.0000,0,0,93.8227,6.1773,532.0000,0
598.10,0,46.0000,0,0,92.6188,7.3812,564.0000,0
598.10,1,0.0000,0,0,100.0000,0.0000,533.0000,0
598.10,2,0.0000,0,0,98.7212,1.2788,533.0000,0
598.10,3,80.5000,0,0,97.8350,2.1650,587.0000,0
598.10,4,88.0000,0,0,87.1667,12.8333,592.0000,0
598.10,5,95.5000,0,0,94.8449,5.1551,597.0000,0
598.10,6,0.0000,0,0,97.3224,2.6776,533.0000,0
598.10,7,0.0000,0,0,86.0986,13.9014,533.0000,0
598.10,8,7.0000,0,0,93.2337,6.7663,538.0000,0
598.10,9,0.0000,0,0,93.8227,6.1773,533.0000,0
599.10,0,46.0000,0,0,92.6188,7.3812,565.0000,0
599.10,1,0.0000,0,0,100.0000,0.0000,534.0000,0
599.10,2,0.0000,0,0,98.7212,1.2788,534.0000,0
599.10,3,80.5000,0,0,97.8350,2.1650,588.0000,0
599.10,4,88.0000,0,0,87.1667,12.8333,593.0000,0
599.10,5,95.5000,0,0,94.8449,5.1551,598.0000,0
599.10,6,0.0000,0,0,97.3224,2.6776,534.0000,0
599.10,7,0.0000,0,0,86.0986,13.9014,534.0000,0
599.10,8,7.0000,0,0,93.2337,6.7663,539.0000,0
599.10,9,0.0000,0,0,93.8227,6.1773,534.0000,0
600.10,0,46.0000,0,0,92.6188,7.3812,566.0000,0
600.10,1,0.0000,0,0,100.0000,0.0000,535.0000,0
600.10,2,0.0000,0,0,98.7212,1.2788,535.0000,0
600.10,3,80.5000,0,0,97.8350,2.1650,589.0000,0
600.10,4,88.0000,0,0,87.1667,12.8333,594.0000,0
600.10,5,95.5000,0,0,94.8449,5.1551,599.0000,0
600.10,6,0.0000,0,0,97.3224,2.6776,535.0000,0
600.10,7,0.0000,0,0,86.0986,13.9014,535.0000,0
600.10,8,7.0000,0,0,93.2337,6.7663,540.0000,0
600.10,9,0.0000,0,0,93.8227,6.1773,535.0000,0
601.10,0,46.0000,0,0,92.6188,7.3812,567.0000,0
601.10,1,0.0000,0,0,100.0000,0.0000,536.0000,0
601.10,2,0.0000,0,0,98.7212,1.2788,536.0000,0
601.10,3,80.5000,0,0,97.8350,2.1650,590.0000,0
601.10,4,88.0000,0,0,87.1667,12.8333,595.0000,0
601.10,5,95.5000,0,0,94.8449,5.1551,600.0000,0
601.10,6,0.0000,0,0,97.3224,2.6776,536.0000,0
601.10,7,0.0000,0,0,86.0986,13.9014,536.0000,0
601.10,8,7.0000,0,0,93.2337,6.7663,541.0000,0
601.10,9,0.0000,0,0,93.8227,6.1773,536.0000,0
602.10,0,46.0000,0,0,92.6188,7.3812,568.0000,0
602.10,1,0.0000,0,0,100.0000,0.0000,537.0000,0
602.10,2,0.0000,0,0,98.7212,1.2788,537.0000,0
602.10,3,80.5000,0,0,97.8350,2.1650,591.0000,0
602.10,4,88.0000,0,0,87.1667,12.8333,596.0000,0
602.10,5,95.5000,0,0,94.8449,5.1551,601.0000,0
602.10,6,0.0000,0,0,97.3224,2.6776,537.0000,0
602.10,7,0.0000,0,0,86.0986,13.9014,537.0000,0
602.10,8,7.0000,0,0,93.2337,6.7663,542.0000,0
602.10,9,0.0000,0,0,93.8227,6.1773,537.0000,0
603.10,0,46.0000,0,0,92.6188,7.3812,569.0000,0
603.10,1,0.0000,0,0,100.0000,0.0000,538.0000,0
603.10,2,0.0000,0,0,98.7212,1.2788,538.0000,0
603.10,3,80.5000,0,0,97.8350,2.1650,592.0000,0
603.10,4,88.0000,0,0,87.1667,12.8333,597.0000,0
603.10,5,95.5000,0,0,94.8449,5.1551,602.0000,0
603.10,6,0.0000,0,0,97.3224,2.6776,538.0000,0
603.10,7,0.0000,0,0,86.0986,13.9014,538.0000,0
603.10,8,7.0000,0,0,93.2337,6.7663,543.0000,0
603.10,9,0.0000,0,0,93.8227,6.1773,538.0000,0
604.10,0,46.0000,0,0,92.6188,7.3812,570.0000,0
604.10,1,0.0000,0,0,100.0000,0.0000,539.0000,0
604.10,2,0.0000,0,0,98.7212,1.2788,539.0000,0
604.10,3,80.5000,0,0,97.8350,2.1650,593.0000,0
604.10,4,88.0000,0,0,87.1667,12.8333,598.0000,0
604.10,5,95.5000,0,0,94.8449,5.1551,603.0000,0
604.10,6,0.0000,0,0,97.3224,2.6776,539.0000,0
604.10,7,0.0000,0,0,86.0986,13.9014,539.0000,0
604.10,8,7.0000,0,0,93.2337,6.7663,544.0000,0
604.10,9,0.0000,0,0,93.8227,6.1773,539.0000,0
605.10,0,46.0000,0,0,92.6188,7.3812,571.0000,0
605.10,1,0.0000,0,0,100.0000,0.0000,540.0000,0
605.10,2,0.0000,0,0,98.7212,1.2788,540.0000,0
605.10,3,80.5000,0,0,97.8350,2.1650,594.0000,0
605.10,4,88.0000,0,0,87.1667,12.8333,599.0000,0
605.10,5,95.5000,0,0,94.8449,5.1551,604.0000,0
605.10,6,0.0000,0,0,97.3224,2.6776,540.0000,0
605.10,7,0.0000,0,0,86.0986,13.9014,540.0000,0
605.10,8,7.0000,0,0,93.2337,6.7663,545.0000,0
605.10,9,0.0000,0,0,93.8227,6.1773,540.0000,0
606.10,0,46.0000,0,0,92.6188,7.3812,572.0000,0
606.10,1,0.0000,0,0,100.0000,0.0000,541.0000,0
606.10,2,0.0000,0,0,98.7212,1.2788,541.0000,0
606.10,3,80.5000,0,0,97.8350,2.1650,595.0000,0
606.10,4,88.0000,0,0,87.1667,12.8333,600.0000,0
606.10,5,95.5000,0,0,94.8449,5.1551,605.0000,0
606.10,6,0.0000,0,0,97.3224,2.6776,541.0000,0
606.10,7,0.0000,0,0,86.0986,13.9014,541.0000,0
606.10,8,7.0000,0,0,93.2337,6.7663,546.0000,0
606.10,9,0.0000,0,0,93.8227,6.1773,541.0000,0
607.10,0,46.0000,0,0,92.6188,7.3812,573.0000,0
607.10,1,0.0000,0,0,100.0000,0.0000,542.0000,0
607.10,2,0.0000,0,0,98.7212,1.2788,542.0000,0
607.10,3,80.5000,0,0,97.8350,2.1650,596.0000,0
607.10,4,88.0000,0,0,87.1667,12.8333,601.0000,0
607.10,5,95.5000,0,0,94.8449,5.1551,606.0000,0
607.10,6,0.0000,0,0,97.3224,2.6776,542.0000,0
607.10,7,0.0000,0,0,86.0986,13.9014,542.0000,0
607.10,8,7.0000,0,0,93.2337,6.7663,547.0000,0
607.10,9,0.0000,0,0,93.8227,6.1773,542.0000,0
608.10,0,46.0000,0,0,92.6188,7.3812,574.0000,0
608.10,1,0.0000,0,0,100.0000,0.0000,543.0000,0
608.10,2,0.0000,0,0,98.7212,1.2788,543.0000,0
608.10,3,80.5000,0,0,97.8350,2.1650,597.0000,0
608.10,4,88.0000,0,0,87.1667,12.8333,602.0000,0
608.10,5,95.5000,0,0,94.8449,5.1551,607.0000,0
608.10,6,0.0000,0,0,97.3224,2.6776,543.0000,0
608.10,7,0.0000,0,0,86.0986,13.9014,543.0000,0
608.10,8,7.0000,0,0,93.2337,6.7663,548.0000,0
608.10,9,0.0000,0,0,93.8227,6.1773,543.0000,0
609.10,0,46.0000,0,0,92.6188,7.3812,575.0000,0
609.10,1,0.0000,0,0,100.0000,0.0000,544.0000,0
609.10,2,0.0000,0,0,98.7212,1.2788,544.0000,0
609.10,3,80.5000,0,0,97.8350,2.1650,598.0000,0
609.10,4,88.0000,0,0,87.1667,12.8333,603.0000,0
609.10,5,95.5000,0,0,94.8449,5.1551,608.0000,0
609.10,6,0.0000,0,0,97.3224,2.6776,544.0000,0
609.10,7,0.0000,0,0,86.0986,13.9014,544.0000,0
609.10,8,7.0000,0,0,93.2337,6.7663,549.0000,0
609.10,9,0.0000,0,0,93.8227,6.1773,544.0000,0
610.10,0,46.0000,0,0,92.6188,7.3812,576.0000,0
610.10,1,0.0000,0,0,100.0000,0.0000,545.0000,0
610.10,2,0.0000,0,0,98.7212,1.2788,545.0000,0
610.10,3,80.5000,0,0,97.8350,2.1650,599.0000,0
610.10,4,88.0000,0,0,87.1667,12.8333,604.0000,0
610.10,5,95.5000,0,0,94.8449,5.1551,609.0000,0
610.10,6,0.0000,0,0,97.3224,2.6776,545.0000,0
610.10,7,0.0000,0,0,86.0986,13.9014,545.0000,0
610.10,8,7.0000,0,0,93.2337,6.7663,550.0000,0
610.10,9,0.0000,0,0,93.8227,6.1773,545.0000,0
611.10,0,46.0000,0,0,92.6188,7.3812,577.0000,0
611.10,1,0.0000,0,0,100.0000,0.0000,546.0000,0
611.10,2,0.0000,0,0,98.7212,1.2788,546.0000,0
611.10,3,80.5000,0,0,97.8350,2.1650,600.0000,0
611.10,4,88.0000,0,0,87.1667,12.8333,605.0000,0
611.10,5,95.5000,0,0,94.8449,5.1551,610.0000,0
611.10,6,0.0000,0,0,97.3224,2.6776,546.0000,0
611.10,7,0.0000,0,0,86.0986,13.9014,546.0000,0
611.10,8,7.0000,0,0,93.2337,6.7663,551.0000,0
611.10,9,0.0000,0,0,93.8227,6.1773,546.0000,0
612.10,0,46.0000,0,0,92.6188,7.3812,578.0000,0
612.10,1,0.0000,0,0,100.0000,0.0000,547.0000,0
612.10,2,0.0000,0,0,98.7212,1.2788,547.0000,0
612.10,3,80.5000,0,0,97.8350,2.1650,601.0000,0
612.10,4,88.0000,0,0,87.1667,12.8333,606.0000,0
612.10,5,95.5000,0,0,94.8449,5.1551,611.0000,0
612.10,6,0.0000,0,0,97.3224,2.6776,547.0000,0
612.10,7,0.0000,0,0,86.0986,13.9014,547.0000,0
612.10,8,7.0000,0,0,93.2337,6.7663,552.0000,0
612.10,9,0.0000,0,0,93.8227,6.1773,547.0000,0
613.10,0,46.0000,0,0,92.6188,7.3812,579.0000,0
613.10,1,0.0000,0,0,100.0000,0.0000,548.0000,0
613.10,2,0.0000,0,0,98.7212,1.2788,548.0000,0
613.10,3,80.5000,0,0,97.8350,2.1650,602.0000,0
613.10,4,88.0000,0,0,87.1667,12.8333,607.0000,0
613.10,5,95.5000,0,0,94.8449,5.1551,612.0000,0
613.10,6,0.0000,0,0,97.3224,2.6776,548.0000,0
613.10,7,0.0000,0,0,86.0986,13.9014,548.0000,0
613.10,8,7.0000,0,0,93.2337,6.7663,553.0000,0
613.10,9,0.0000,0,0,93.8227,6.1773,548.0000,0
614.10,0,46.0000,0,0,92.6188,7.3812,580.0000,0
614.10,1,0.0000,0,0,100.0000,0.0000,549.0000,0
614.10,2,0.0000,0,0,98.7212,1.2788,549.0000,0
614.10,3,80.5000,0,0,97.8350,2.1650,603.0000,0
614.10,4,88.0000,0,0,87.1667,12.8333,608.0000,0
614.10,5,95.5000,0,0,94.8449,5.1551,613.0000,0
614.10,6,0.0000,0,0,97.3224,2.6776,549.0000,0
614.10,7,0.0000,0,0,86.0986,13.9014,549.0000,0
614.10,8,7.0000,0,0,93.2337,6.7663,554.0000,0
614.10,9,0.0000,0,0,93.8227,6.1773,549.0000,0
615.10,0,46.0000,0,0,92.6188,7.3812,581.0000,0
615.10,1,0.0000,0,0,100.0000,0.0000,550.0000,0
615.10,2,0.0000,0,0,98.7212,1.2788,550.0000,0
615.10,3,80.5000,0,0,97.8350,2.1650,604.0000,0
615.10,4,88.0000,0,0,87.1667,12.8333,609.0000,0
615.10,5,95.5000,0,0,94.8449,5.1551,614.0000,0
615.10,6,0.0000,0,0,97.3224,2.6776,550.0000,0
615.10,7,0.0000,0,0,86.0986,13.9014,550.0000,0
615.10,8,7.0000,0,0,93.2337,6.7663,555.0000,0
615.10,9,0.0000,0,0,93.8227,6.1773,550.0000,0
616.10,0,46.0000,0,0,92.6188,7.3812,582.0000,0
616.10,1,0.0000,0,0,100.0000,0.0000,551.0000,0
616.10,2,0.0000,0,0,98.7212,1.2788,551.0000,0
616.10,3,80.5000,0,0,97.8350,2.1650,605.0000,0
616.10,4,88.0000,0,0,87.1667,12.8333,610.0000,0
616.10,5,95.5000,0,0,94.8449,5.1551,615.0000,0
616.10,6,0.0000,0,0,97.3224,2.6776,551.0000,0
616.10,7,0.0000,0,0,86.0986,13.9014,551.0000,0
616.10,8,7.0000,0,0,93.2337,6.7663,556.0000,0
616.10,9,0.0000,0,0,93.8227,6.1773,551.0000,0
617.10,0,46.0000,0,0,92.6188,7.3812,583.0000,0
617.10,1,0.0000,0,0,100.0000,0.0000,552.0000,0
617.10,2,0.0000,0,0,98.7212,1.2788,552.0000,0
617.10,3,80.5000,0,0,97.8350,2.1650,606.0000,0
617.10,4,88.0000,0,0,87.1667,12.8333,611.0000,0
617.10,5,95.5000,0,0,94.8449,5.1551,616.0000,0
617.10,6,0.0000,0,0,97.3224,2.6776,552.0000,0
617.10,7,0.0000,0,0,86.0986,13.9014,552.0000,0
617.10,8,7.0000,0,0,93.2337,6.7663,557.0000,0
617.10,9,0.0000,0,0,93.8227,6.1773,552.0000,0
618.10,0,46.0000,0,0,92.6188,7.3812,584.0000,0
618.10,1,0.0000,0,0,100.0000,0.0000,553.0000,0
618.10,2,0.0000,0,0,98.7212,1.2788,553.0000,0
618.10,3,80.5000,0,0,97.8350,2.1650,607.0000,0
618.10,4,88.0000,0,0,87.1667,12.8333,612.0000,0
618.10,5,95.5000,0,0,94.8449,5.1551,617.0000,0
618.10,6,0.0000,0,0,97.3224,2.6776,553.0000,0
618.10,7,0.0000,0,0,86.0986,13.9014,553.0000,0
618.10,8,7.0000,0,0,93.2337,6.7663,558.0000,0
618.10,9,0.0000,0,0,93.8227,6.1773,553.0000,0
619.10,0,46.0000,0,0,92.6188,7.3812,585.0000,0
619.10,1,0.0000,0,0,100.0000,0.0000,554.0000,0
619.10,2,0.0000,0,0,98.7212,1.2788,554.0000,0
619.10,3,80.5000,0,0,97.8350,2.1650,608.0000,0
619.10,4,88.0000,0,0,87.1667,12.8333,613.0000,0
619.10,5,95.5000,0,0,94.8449,5.1551,618.0000,0
619.10,6,0.0000,0,0,97.3224,2.6776,554.0000,0
619.10,7,0.0000,0,0,86.0986,13.9014,554.0000,0
619.10,8,7.0000,0,0,93.2337,6.7663,559.0000,0
619.10,9,0.0000,0,0,93.8227,6.1773,554.0000,0
620.10,0,46.0000,0,0,92.6188,7.3812,586.0000,0
620.10,1,0.0000,0,0,100.0000,0.0000,555.0000,0
620.10,2,0.0000,0,0,98.7212,1.2788,555.0000,0
620.10,3,80.5000,0,0,97.8350,2.1650,609.0000,0
620.10,4,88.0000,0,0,87.1667,12.8333,614.0000,0
620.10,5,95.5000,0,0,94.8449,5.1551,619.0000,0
620.10,6,0.0000,0,0,97.3224,2.6776,555.0000,0
620.10,7,0.0000,0,0,86.0986,13.9014,555.0000,0
620.10,8,7.0000,0,0,93.2337,6.7663,560.0000,0
620.10,9,0.0000,0,0,93.8227,6.1773,555.0000,0
621.10,0,46.0000,0,0,92.6188,7.3812,587.0000,0
621.10,1,0.0000,0,0,100.0000,0.0000,556.0000,0
621.10,2,0.0000,0,0,98.7212,1.2788,556.0000,0
621.10,3,80.5000,0,0,97.8350,2.1650,610.0000,0
621.10,4,88.0000,0,0,87.1667,12.8333,615.0000,0
621.10,5,95.5000,0,0,94.8449,5.1551,620.0000,0
621.10,6,0.0000,0,0,97.3224,2.6776,556.0000,0
621.10,7,0.0000,0,0,86.0986,13.9014,556.0000,0
621.10,8,7.0000,0,0,93.2337,6.7663,561.0000,0
621.10,9,0.0000,0,0,93.8227,6.1773,556.0000,0
622.10,0,46.0000,0,0,92.6188,7.3812,588.0000,0
622.10,1,0.0000,0,0,100.0000,0.0000,557.0000,0
622.10,2,0.0000,0,0,98.7212,1.2788,557.0000,0
622.10,3,80.5000,0,0,97.8350,2.1650,611.0000,0
622.10,4,88.0000,0,0,87.1667,12.8333,616.0000,0
622.10,5,95.5000,0,0,94.8449,5.1551,621.0000,0
622.10,6,0.0000,0,0,97.3224,2.6776,557.0000,0
622.10,7,0.0000,0,0,86.0986,13.9014,557.0000,0
622.10,8,7.0000,0,0,93.2337,6.7663,562.0000,0
622.10,9,0.0000,0,0,93.8227,6.1773,557.0000,0
623.10,0,46.0000,0,0,92.6188,7.3812,589.0000,0
623.10,1,0.0000,0,0,100.0000,0.0000,558.0000,0
623.10,2,0.0000,0,0,98.7212,1.2788,558.0000,0
623.10,3,80.5000,0,0,97.8350,2.1650,612.0000,0
623.10,4,88.0000,0,0,87.1667,12.8333,617.0000,0
623.10,5,95.5000,0,0,94.8449,5.1551,622.0000,0
623.10,6,0.0000,0,0,97.3224,2.6776,558.0000,0
623.10,7,0.0000,0,0,86.0986,13.9014,558.0000,0
623.10,8,7.0000,0,0,93.2337,6.7663,563.0000,0
623.10,9,0.0000,0,0,93.8227,6.1773,558.0000,0
624.10,0,46.0000,0,0,92.6188,7.3812,590.0000,0
624.10,1,0.0000,0,0,100.0000,0.0000,559.0000,0
624.10,2,0.0000,0,0,98.7212,1.2788,559.0000,0
624.10,3,80.5000,0,0,97.8350,2.1650,613.0000,0
624.10,4,88.0000,0,0,87.1667,12.8333,618.0000,0
624.10,5,95.5000,0,0,94.8449,5.1551,623.0000,0
624.10,6,0.0000,0,0,97.3224,2.6776,559.0000,0
624.10,7,0.0000,0,0,86.0986,13.9014,559.0000,0
624.10,8,7.0000,0,0,93.2337,6.7663,564.0000,0
624.10,9,0.0000,0,0,93.8227,6.1773,559.0000,0
625.10,0,46.0000,0,0,92.6188,7.3812,591.0000,0
625.10,1,0.0000,0,0,100.0000,0.0000,560.0000,0
625.10,2,0.0000,0,0,98.7212,1.2788,560.0000,0
625.10,3,80.5000,0,0,97.8350,2.1650,614.0000,0
625.10,4,88.0000,0,0,87.1667,12.8333,619.0000,0
625.10,5,95.5000,0,0,94.8449,5.1551,624.0000,0
625.10,6,0.0000,0,0,97.3224,2.6776,560.0000,0
625.10,7,0.0000,0,0,86.0986,13.9014,560.0000,0
625.10,8,7.0000,0,0,93.2337,6.7663,565.0000,0
625.10,9,0.0000,0,0,93.8227,6.1773,560.0000,0
626.10,0,46.0000,0,0,92.6188,7.3812,592.0000,0
626.10,1,0.0000,0,0,100.0000,0.0000,561.0000,0
626.10,2,0.0000,0,0,98.7212,1.2788,561.0000,0
626.10,3,80.5000,0,0,97.8350,2.1650,615.0000,0
626.10,4,88.0000,0,0,87.1667,12.8333,620.0000,0
626.10,5,95.5000,0,0,94.8449,5.1551,625.0000,0
626.10,6,0.0000,0,0,97.3224,2.6776,561.0000,0
626.10,7,0.0000,0,0,86.0986,13.9014,561.0000,0
626.10,8,7.0000,0,0,93.2337,6.7663,566.0000,0
626.10,9,0.0000,0,0,93.8227,6.1773,561.0000,0
627.10,0,46.0000,0,0,92.6188,7.3812,593.0000,0
627.10,1,0.0000,0,0,100.0000,0.0000,562.0000,0
627.10,2,0.0000,0,0,98.7212,1.2788,562.0000,0
627.10,3,80.5000,0,0,97.8350,2.1650,616.0000,0
627.10,4,88.0000,0,0,87.1667,12.8333,621.0000,0
627.10,5,95.5000,0,0,94.8449,5.1551,626.0000,0
627.10,6,0.0000,0,0,97.3224,2.6776,562.0000,0
627.10,7,0.0000,0,0,86.0986,13.9014,562.0000,0
627.10,8,7.0000,0,0,93.2337,6.7663,567.0000,0
627.10,9,0.0000,0,0,93.8227,6.1773,562.0000,0
628.10,0,46.0000,0,0,92.6188,7.3812,594.0000,0
628.10,1,0.0000,0,0,100.0000,0.0000,563.0000,0
628.10,2,0.0000,0,0,98.7212,1.2788,563.0000,0
628.10,3,80.5000,0,0,97.8350,2.1650,617.0000,0
628.10,4,88.0000,0,0,87.1667,12.8333,622.0000,0
628.10,5,95.5000,0,0,94.8449,5.1551,627.0000,0
628.10,6,0.0000,0,0,97.3224,2.6776,563.0000,0
628.10,7,0.0000,0,0,86.0986,13.9014,563.0000,0
628.10,8,7.0000,0,0,93.2337,6.7663,568.0000,0
628.10,9,0.0000,0,0,93.8227,6.1773,563.0000,0
629.10,0,46.0000,0,0,92.6188,7.3812,595.0000,0
629.10,1,0.0000,0,0,100.0000,0.0000,564.0000,0
629.10,2,0.0000,0,0,98.7212,1.2788,564.0000,0
629.10,3,80.5000,0,0,97.8350,2.1650,618.0000,0
629.10,4,88.0000,0,0,87.1667,12.8333,623.0000,0
629.10,5,95.5000,0,0,94.8449,5.1551,628.0000,0
629.10,6,0.0000,0,0,97.3224,2.6776,564.0000,0
629.10,7,0.0000,0,0,86.0986,13.9014,564.0000,0
629.10,8,7.0000,0,0,93.2337,6.7663,569.0000,0
629.10,9,0.0000,0,0,93.8227,6.1773,564.0000,0
630.10,0,46.0000,0,0,92.6188,7.3812,596.0000,0
630.10,1,0.0000,0,0,100.0000,0.0000,565.0000,0
630.10,2,0.0000,0,0,98.7212,1.2788,565.0000,0
630.10,3,80.5000,0,0,97.8350,2.1650,619.0000,0
630.10,4,88.0000,0,0,87.1667,12.8333,624.0000,0
630.10,5,95.5000,0,0,94.8449,5.1551,629.0000,0
630.10,6,0.0000,0,0,97.3224,2.6776,565.0000,0
630.10,7,0.0000,0,0,86.0986,13.9014,565.0000,0
630.10,8,7.0000,0,0,93.2337,6.7663,570.0000,0
630.10,9,0.0000,0,0,93.8227,6.1773,565.0000,0
631.10,0,46.0000,0,0,92.6188,7.3812,597.0000,0
631.10,1,0.0000,0,0,100.0000,0.0000,566.0000,0
631.10,2,0.0000,0,0,98.7212,1.2788,566.0000,0
631.10,3,80.5000,0,0,97.8350,2.1650,620.0000,0
631.10,4,88.0000,0,0,87.1667,12.8333,625.0000,0
631.10,5,95.5000,0,0,94.8449,5.1551,630.0000,0
631.10,6,0.0000,0,0,97.3224,2.6776,566.0000,0
631.10,7,0.0000,0,0,86.0986,13.9014,566.0000,0
631.10,8,7.0000,0,0,93.2337,6.7663,571.0000,0
631.10,9,0.0000,0,0,93.8227,6.1773,566.0000,0
632.10,0,46.0000,0,0,92.6188,7.3812,598.0000,0
632.10,1,0.0000,0,0,100.0000,0.0000,567.0000,0
632.10,2,0.0000,0,0,98.7212,1.2788,567.0000,0
632.10,3,80.5000,0,0,97.8350,2.1650,621.0000,0
632.10,4,88.0000,0,0,87.1667,12.8333,626.0000,0
632.10,5,95.5000,0,0,94.8449,5.1551,631.0000,0
632.10,6,0.0000,0,0,97.3224,2.6776,567.0000,0
632.10,7,0.0000,0,0,86.0986,13.9014,567.0000,0
632.10,8,7.0000,0,0,93.2337,6.7663,572.0000,0
632.10,9,0.0000,0,0,93.8227,6.1773,567.0000,0
633.10,0,46.0000,0,0,92.6188,7.3812,599.0000,0
633.10,1,0.0000,0,0,100.0000,0.0000,568.0000,0
633.10,2,0.0000,0,0,98.7212,1.2788,568.0000,0
633.10,3,80.5000,0,0,97.8350,2.1650,622.0000,0
633.10,4,88.0000,0,0,87.1667,12.8333,627.0000,0
633.10,5,95.5000,0,0,94.8449,5.1551,632.0000,0
633.10,6,0.0000,0,0,97.3224,2.6776,568.0000,0
633.10,7,0.0000,0,0,86.0986,13.9014,568.0000,0
633.10,8,7.0000,0,0,93.2337,6.7663,573.0000,0
633.10,9,0.0000,0,0,93.8227,6.1773,568.0000,0
634.10,0,46.0000,0,0,92.6188,7.3812,600.0000,0
634.10,1,0.0000,0,0,100.0000,0.0000,569.0000,0
634.10,2,0.0000,0,0,98.7212,1.2788,569.0000,0
634.10,3,80.5000,0,0,97.8350,2.1650,623.0000,0
634.10,4,88.0000,0,0,87.1667,12.8333,628.0000,0
634.10,5,95.5000,0,0,94.8449,5.1551,633.0000,0
634.10,6,0.0000,0,0,97.3224,2.6776,569.0000,0
634.10,7,0.0000,0,0,86.0986,13.9014,569.0000,0
634.10,8,7.0000,0,0,93.2337,6.7663,574.0000,0
634.10,9,0.0000,0,0,93.8227,6.1773,569.0000,0
635.10,0,46.0000,0,0,92.6188,7.3812,601.0000,0
635.10,1,0.0000,0,0,100.0000,0.0000,570.0000,0
635.10,2,0.0000,0,0,98.7212,1.2788,570.0000,0
635.10,3,80.5000,0,0,97.8350,2.1650,624.0000,0
635.10,4,88.0000,0,0,87.1667,12.8333,629.0000,0
635.10,5,95.5000,0,0,94.8449,5.1551,634.0000,0
635.10,6,0.0000,0,0,97.3224,2.6776,570.0000,0
635.10,7,0.0000,0,0,86.0986,13.9014,570.0000,0
635.10,8,7.0000,0,0,93.2337,6.7663,575.0000,0
635.10,9,0.0000,0,0,93.8227,6.1773,570.0000,0
636.10,0,46.0000,0,0,92.6188,7.3812,602.0000,0
636.10,1,0.0000,0,0,100.0000,0.0000,571.0000,0
636.10,2,0.0000,0,0,98.7212,1.2788,571.0000,0
636.10,3,80.5000,0,0,97.8350,2.1650,625.0000,0
636.10,4,88.0000,0,0,87.1667,12.8333,630.0000,0
636.10,5,95.5000,0,0,94.8449,5.1551,635.0000,0
636.10,6,0.0000,0,0,97.3224,2.6776,571.0000,0
636.10,7,0.0000,0,0,86.0986,13.9014,571.0000,0
636.10,8,7.0000,0,0,93.2337,6.7663,576.0000,0
636.10,9,0.0000,0,0,93.8227,6.1773,571.0000,0
637.10,0,46.0000,0,0,92.6188,7.3812,603.0000,0
637.10,1,0.0000,0,0,100.0000,0.0000,572.0000,0
637.10,2,0.0000,0,0,98.7212,1.2788,572.0000,0
637.10,3,80.5000,0,0,97.8350,2.1650,626.0000,0
637.10,4,88.0000,0,0,87.1667,12.8333,631.0000,0
637.10,5,95.5000,0,0,94.8449,5.1551,636.0000,0
637.10,6,0.0000,0,0,97.3224,2.6776,572.0000,0
637.10,7,0.0000,0,0,86.0986,13.9014,572.0000,0
637.10,8,7.0000,0,0,93.2337,6.7663,577.0000,0
637.10,9,0.0000,0,0,93.8227,6.1773,572.0000,0
638.10,0,46.0000,0,0,92.6188,7.3812,604.0000,0
638.10,1,0.0000,0,0,100.0000,0.0000,573.0000,0
638.10,2,0.0000,0,0,98.7212,1.2788,573.0000,0
638.10,3,80.5000,0,0,97.8350,2.1650,627.0000,0
638.10,4,88.0000,0,0,87.1667,12.8333,632.0000,0
638.10,5,95.5000,0,0,94.8449,5.1551,637.0000,0
638.10,6,0.0000,0,0,97.3224,2.6776,573.0000,0
638.10,7,0.0000,0,0,86.0986,13.9014,573.0000,0
638.10,8,7.0000,0,0,93.2337,6.7663,578.0000,0
638.10,9,0.0000,0,0,93.8227,6.1773,573.0000,0
639.10,0,46.0000,0,0,92.6188,7.3812,605.0000,0
639.10,1,0.0000,0,0,100.0000,0.0000,574.0000,0
639.10,2,0.0000,0,0,98.7212,1.2788,574.0000,0
639.10,3,80.5000,0,0,97.8350,2.1650,628.0000,0
639.10,4,88.0000,0,0,87.1667,12.8333,633.0000,0
639.10,5,95.5000,0,0,94.8449,5.1551,638.0000,0
639.10,6,0.0000,0,0,97.3224,2.6776,574.0000,0
639.10,7,0.0000,0,0,86.0986,13.9014,574.0000,0
639.10,8,7.0000,0,0,93.2337,6.7663,579.0000,0
639.10,9,0.0000,0,0,93.8227,6.1773,574.0000,0
640.10,0,46.0000,0,0,92.6188,7.3812,606.0000,0
640.10,1,0.0000,0,0,100.0000,0.0000,575.0000,0
640.10,2,0.0000,0,0,98.7212,1.2788,575.0000,0
640.10,3,80.5000,0,0,97.8350,2.1650,629.0000,0
640.10,4,88.0000,0,0,87.1667,12.8333,634.0000,0
640.10,5,95.5000,0,0,94.8449,5.1551,639.0000,0
640.10,6,0.0000,0,0,97.3224,2.6776,575.0000,0
640.10,7,0.0000,0,0,86.0986,13.9014,575.0000,0
640.10,8,7.0000,0,0,93.2337,6.7663,580.0000,0
640.10,9,0.0000,0,0,93.8227,6.1773,575.0000,0
641.10,0,46.0000,0,0,92.6188,7.3812,607.0000,0
641.10,1,0.0000,0,0,100.0000,0.0000,576.0000,0
641.10,2,0.0000,0,0,98.7212,1.2788,576.0000,0
641.10,3,80.5000,0,0,97.8350,2.1650,630.0000,0
641.10,4,88.0000,0,0,87.1667,12.8333,635.0000,0
641.10,5,95.5000,0,0,94.8449,5.1551,640.0000,0
641.10,6,0.0000,0,0,97.3224,2.6776,576.0000,0
641.10,7,0.0000,0,0,86.0986,13.9014,576.0000,0
641.10,8,7.0000,0,0,93.2337,6.7663,581.0000,0
641.10,9,0.0000,0,0,93.8227,6.1773,576.0000,0
642.10,0,46.0000,0,0,92.6188,7.3812,608.0000,0
642.10,1,0.0000,0,0,100.0000,0.0000,577.0000,0
642.10,2,0.0000,0,0,98.7212,1.2788,577.0000,0
642.10,3,80.5000,0,0,97.8350,2.1650,631.0000,0
642.10,4,88.0000,0,0,87.1667,12.8333,636.0000,0
642.10,5,95.5000,0,0,94.8449,5.1551,641.0000,0
642.10,6,0.0000,0,0,97.3224,2.6776,577.0000,0
642.10,7,0.0000,0,0,86.0986,13.9014,577.0000,0
642.10,8,7.0000,0,0,93.2337,6.7663,582.0000,0
642.10,9,0.0000,0,0,93.8227,6.1773,577.0000,0
643.10,0,46.0000,0,0,92.6188,7.3812,609.0000,0
643.10,1,0.0000,0,0,100.0000,0.0000,578.0000,0
643.10,2,0.0000,0,0,98.7212,1.2788,578.0000,0
643.10,3,80.5000,0,0,97.8350,2.1650,632.0000,0
643.10,4,88.0000,0,0,87.1667,12.8333,637.0000,0
643.10,5,95.5000,0,0,94.8449,5.1551,642.0000,0
643.10,6,0.0000,0,0,97.3224,2.6776,578.0000,0
643.10,7,0.0000,0,0,86.0986,13.9014,578.0000,0
643.10,8,7.0000,0,0,93.2337,6.7663,583.0000,0
643.10,9,0.0000,0,0,93.8227,6.1773,578.0000,0
644.10,0,46.0000,0,0,92.6188,7.3812,610.0000,0
644.10,1,0.0000,0,0,100.0000,0.0000,579.0000,0
644.10,2,0.0000,0,0,98.7212,1.2788,579.0000,0
644.10,3,80.5000,0,0,97.8350,2.1650,633.0000,0
644.10,4,88.0000,0,0,87.1667,12.8333,638.0000,0
644.10,5,95.5000,0,0,94.8449,5.1551,643.0000,0
644.10,6,0.0000,0,0,97.3224,2.6776,579.0000,0
644.10,7,0.0000,0,0,86.0986,13.9014,579.0000,0
644.10,8,7.0000,0,0,93.2337,6.7663,584.0000,0
644.10,9,0.0000,0,0,93.8227,6.1773,579.0000,0
645.10,0,46.0000,0,0,92.6188,7.3812,611.0000,0
645.10,1,0.0000,0,0,100.0000,0.0000,580.0000,0
645.10,2,0.0000,0,0,98.7212,1.2788,580.0000,0
645.10,3,80.5000,0,0,97.8350,2.1650,634.0000,0
645.10,4,88.0000,0,0,87.1667,12.8333,639.0000,0
645.10,5,95.5000,0,0,94.8449,5.1551,644.0000,0
645.10,6,0.0000,0,0,97.3224,2.6776,580.0000,0
645.10,7,0.0000,0,0,86.0986,13.9014,580.0000,0
645.10,8,7.0000,0,0,93.2337,6.7663,585.0000,0
645.10,9,0.0000,0,0,93.8227,6.1773,580.0000,0
646.10,0,46.0000,0,0,92.6188,7.3812,612.0000,0
646.10,1,0.0000,0,0,100.0000,0.0000,581.0000,0
646.10,2,0.0000,0,0,98.7212,1.2788,581.0000,0
646.10,3,80.5000,0,0,97.8350,2.1650,635.0000,0
646.10,4,88.0000,0,0,87.1667,12.8333,640.0000,0
646.10,5,95.5000,0,0,94.8449,5.1551,645.0000,0
646.10,6,0.0000,0,0,97.3224,2.6776,581.0000,0
646.10,7,0.0000,0,0,86.0986,13.9014,581.0000,0
646.10,8,7.0000,0,0,93.2337,6.7663,586.0000,0
646.10,9,0.0000,0,0,93.8227,6.1773,581.0000,0
647.10,0,46.0000,0,0,92.6188,7.3812,613.0000,0
647.10,1,0.0000,0,0,100.0000,0.0000,582.0000,0
647.10,2,0.0000,0,0,98.7212,1.2788,582.0000,0
647.10,3,80.5000,0,0,97.8350,2.1650,636.0000,0
647.10,4,88.0000,0,0,87.1667,12.8333,641.0000,0
647.10,5,95.5000,0,0,94.8449,5.1551,646.0000,0
647.10,6,0.0000,0,0,97.3224,2.6776,582.0000,0
647.10,7,0.0000,0,0,86.0986,13.9014,582.0000,0
647.10,8,7.0000,0,0,93.2337,6.7663,587.0000,0
647.10,9,0.0000,0,0,93.8227,6.1773,582.0000,0
648.10,0,46.0000,0,0,92.6188,7.3812,614.0000,0
648.10,1,0.0000,0,0,100.0000,0.0000,583.0000,0
648.10,2,0.0000,0,0,98.7212,1.2788,583.0000,0
648.10,3,80.5000,0,0,97.8350,2.1650,637.0000,0
648.10,4,88.0000,0,0,87.1667,12.8333,642.0000,0
648.10,5,95.5000,0,0,94.8449,5.1551,647.0000,0
648.10,6,0.0000,0,0,97.3224,2.6776,583.0000,0
648.10,7,0.0000,0,0,86.0986,13.9014,583.0000,0
648.10,8,7.0000,0,0,93.2337,6.7663,588.0000,0
648.10,9,0.0000,0,0,93.8227,6.1773,583.0000,0
649.10,0,46.0000,0,0,92.6188,7.3812,615.0000,0
649.10,1,0.0000,0,0,100.0000,0.0000,584.0000,0
649.10,2,0.0000,0,0,98.7212,1.2788,584.0000,0
649.10,3,80.5000,0,0,97.8350,2.1650,638.0000,0
649.10,4,88.0000,0,0,87.1667,12.8333,643.0000,0
649.10,5,95.5000,0,0,94.8449,5.1551,648.0000,0
649.10,6,0.0000,0,0,97.3224,2.6776,584.0000,0
649.10,7,0.0000,0,0,86.0986,13.9014,584.0000,0
649.10,8,7.0000,0,0,93.2337,6.7663,589.0000,0
649.10,9,0.0000,0,0,93.8227,6.1773,584.0000,0
650.10,0,46.0000,0,0,92.6188,7.3812,616.0000,0
650.10,1,0.0000,0,0,100.0000,0.0000,585.0000,0
650.10,2,0.0000,0,0,98.7212,1.2788,585.0000,0
650.10,3,80.5000,0,0,97.8350,2.1650,639.0000,0
650.10,4,88.0000,0,0,87.1667,12.8333,644.0000,0
650.10,5,95.5000,0,0,94.8449,5.1551,649.0000,0
650.10,6,0.0000,0,0,97.3224,2.6776,585.0000,0
650.10,7,0.0000,0,0,86.0986,13.9014,585.0000,0
650.10,8,7.0000,0,0,93.2337,6.7663,590.0000,0
650.10,9,0.0000,0,0,93.8227,6.1773,585.0000,0
651.10,0,46.0000,0,0,92.6188,7.3812,617.0000,0
651.10,1,0.0000,0,0,100.0000,0.0000,586.0000,0
651.10,2,0.0000,0,0,98.7212,1.2788,586.0000,0
651.10,3,80.5000,0,0,97.8350,2.1650,640.0000,0
651.10,4,88.0000,0,0,87.1667,12.8333,645.0000,0
651.10,5,95.5000,0,0,94.8449,5.1551,650.0000,0
651.10,6,0.0000,0,0,97.3224,2.6776,586.0000,0
651.10,7,0.0000,0,0,86.0986,13.9014,586.0000,0
651.10,8,7.0000,0,0,93.2337,6.7663,591.0000,0
651.10,9,0.0000,0,0,93.8227,6.1773,586.0000,0
652.10,0,46.0000,0,0,92.6188,7.3812,618.0000,0
652.10,1,0.0000,0,0,100.0000,0.0000,587.0000,0
652.10,2,0.0000,0,0,98.7212,1.2788,587.0000,0
652.10,3,80.5000,0,0,97.8350,2.1650,641.0000,0
652.10,4,88.0000,0,0,87.1667,12.8333,646.0000,0
652.10,5,95.5000,0,0,94.8449,5.1551,651.0000,0
652.10,6,0.0000,0,0,97.3224,2.6776,587.0000,0
652.10,7,0.0000,0,0,86.0986,13.9014,587.0000,0
652.10,8,7.0000,0,0,93.2337,6.7663,592.0000,0
652.10,9,0.0000,0,0,93.8227,6.1773,587.0000,0
653.10,0,46.0000,0,0,92.6188,7.3812,619.0000,0
653.10,1,0.0000,0,0,100.0000,0.0000,588.0000,0
653.10,2,0.0000,0,0,98.7212,1.2788,588.0000,0
653.10,3,80.5000,0,0,97.8350,2.1650,642.0000,0
653.10,4,88.0000,0,0,87.1667,12.8333,647.0000,0
653.10,5,95.5000,0,0,94.8449,5.1551,652.0000,0
653.10,6,0.0000,0,0,97.3224,2.6776,588.0000,0
653.10,7,0.0000,0,0,86.0986,13.9014,588.0000,0
653.10,8,7.0000,0,0,93.2337,6.7663,593.0000,0
653.10,9,0.0000,0,0,93.8227,6.1773,588.0000,0
654.10,0,46.0000,0,0,92.6188,7.3812,620.0000,0
654.10,1,0.0000,0,0,100.0000,0.0000,589.0000,0
654.10,2,0.0000,0,0,98.7212,1.2788,589.0000,0
654.10,3,80.5000,0,0,97.8350,2.1650,643.0000,0
654.10,4,88.0000,0,0,87.1667,12.8333,648.0000,0
654.10,5,95.5000,0,0,94.8449,5.1551,653.0000,0
654.10,6,0.0000,0,0,97.3224,2.6776,589.0000,0
654.10,7,0.0000,0,0,86.0986,13.9014,589.0000,0
654.10,8,7.0000,0,0,93.2337,6.7663,594.0000,0
654.10,9,0.0000,0,0,93.8227,6.1773,589.0000,0
655.10,0,46.0000,0,0,92.6188,7.3812,621.0000,0
655.10,1,0.0000,0,0,100.0000,0.0000,590.0000,0
655.10,2,0.0000,0,0,98.7212,1.2788,590.0000,0
655.10,3,80.5000,0,0,97.8350,2.1650,644.0000,0
655.10,4,88.0000,0,0,87.1667,12.8333,649.0000,0
655.10,5,95.5000,0,0,94.8449,5.1551,654.0000,0
655.10,6,0.0000,0,0,97.3224,2.6776,590.0000,0
655.10,7,0.0000,0,0,86.0986,13.9014,590.0000,0
655.10,8,7.0000,0,0,93.2337,6.7663,595.0000,0
655.10,9,0.0000,0,0,93.8227,6.1773,590.0000,0
656.10,0,46.0000,0,0,92.6188,7.3812,622.0000,0
656.10,1,0.0000,0,0,100.0000,0.0000,591.0000,0
656.10,2,0.0000,0,0,98.7212,1.2788,591.0000,0
656.10,3,80.5000,0,0,97.8350,2.1650,645.0000,0
656.10,4,88.0000,0,0,87.1667,12.8333,650.0000,0
656.10,5,95.5000,0,0,94.8449,5.1551,655.0000,0
656.10,6,0.0000,0,0,97.3224,2.6776,591.0000,0
656.10,7,0.0000,0,0,86.0986,13.9014,591.0000,0
656.10,8,7.0000,0,0,93.2337,6.7663,596.0000,0
656.10,9,0.0000,0,0,93.8227,6.1773,591.0000,0
657.10,0,46.0000,0,0,92.6188,7.3812,623.0000,0
657.10,1,0.0000,0,0,100.0000,0.0000,592.0000,0
657.10,2,0.0000,0,0,98.7212,1.2788,592.0000,0
657.10,3,80.5000,0,0,97.8350,2.1650,646.0000,0
657.10,4,88.0000,0,0,87.1667,12.8333,651.0000,0
657.10,5,95.5000,0,0,94.8449,5.1551,656.0000,0
657.10,6,0.0000,0,0,97.3224,2.6776,592.0000,0
657.10,7,0.0000,0,0,86.0986,13.9014,592.0000,0
657.10,8,7.0000,0,0,93.2337,6.7663,597.0000,0
657.10,9,0.0000,0,0,93.8227,6.1773,592.0000,0
658.10,0,46.0000,0,0,92.6188,7.3812,624.0000,0
658.10,1,0.0000,0,0,100.0000,0.0000,593.0000,0
658.10,2,0.0000,0,0,98.7212,1.2788,593.0000,0
658.10,3,80.5000,0,0,97.8350,2.1650,647.0000,0
658.10,4,88.0000,0,0,87.1667,12.8333,652.0000,0
658.10,5,95.5000,0,0,94.8449,5.1551,657.0000,0
658.10,6,0.0000,0,0,97.3224,2.6776,593.0000,0
658.10,7,0.0000,0,0,86.0986,13.9014,593.0000,0
658.10,8,7.0000,0,0,93.2337,6.7663,598.0000,0
658.10,9,0.0000,0,0,93.8227,6.1773,593.0000,0
659.10,0,46.0000,0,0,92.6188,7.3812,625.0000,0
659.10,1,0.0000,0,0,100.0000,0.0000,594.0000,0
659.10,2,0.0000,0,0,98.7212,1.2788,594.0000,0
659.10,3,80.5000,0,0,97.8350,2.1650,648.0000,0
659.10,4,88.0000,0,0,87.1667,12.8333,653.0000,0
659.10,5,95.5000,0,0,94.8449,5.1551,658.0000,0
659.10,6,0.0000,0,0,97.3224,2.6776,594.0000,0
659.10,7,0.0000,0,0,86.0986,13.9014,594.0000,0
659.10,8,7.0000,0,0,93.2337,6.7663,599.0000,0
659.10,9,0.0000,0,0,93.8227,6.1773,594.0000,0
660.10,0,46.0000,0,0,92.6188,7.3812,626.0000,0
660.10,1,0.0000,0,0,100.0000,0.0000,595.0000,0
660.10,2,0.0000,0,0,98.7212,1.2788,595.0000,0
660.10,3,80.5000,0,0,97.8350,2.1650,649.0000,0
660.10,4,88.0000,0,0,87.1667,12.8333,654.0000,0
660.10,5,95.5000,0,0,94.8449,5.1551,659.0000,0
660.10,6,0.0000,0,0,97.3224,2.6776,595.0000,0
660.10,7,0.0000,0,0,86.0986,13.9014,595.0000,0
660.10,8,7.0000,0,0,93.2337,6.7663,600.0000,0
660.10,9,0.0000,0,0,93.8227,6.1773,595.0000,0
661.10,0,46.0000,0,0,92.6188,7.3812,627.0000,0
661.10,1,0.0000,0,0,100.0000,0.0000,596.0000,0
661.10,2,0.0000,0,0,98.7212,1.2788,596.0000,0
661.10,3,80.5000,0,0,97.8350,2.1650,650.0000,0
661.10,4,88.0000,0,0,87.1667,12.8333,655.0000,0
661.10,5,95.5000,0,0,94.8449,5.1551,660.0000,0
661.10,6,0.0000,0,0,97.3224,2.6776,596.0000,0
661.10,7,0.0000,0,0,86.0986,13.9014,596.0000,0
661.10,8,7.0000,0,0,93.2337,6.7663,601.0000,0
661.10,9,0.0000,0,0,93.8227,6.1773,596.0000,0
662.10,0,46.0000,0,0,92.6188,7.3812,628.0000,0
662.10,1,0.0000,0,0,100.0000,0.0000,597.0000,0
662.10,2,0.0000,0,0,98.7212,1.2788,597.0000,0
662.10,3,80.5000,0,0,97.8350,2.1650,651.0000,0
662.10,4,88.0000,0,0,87.1667,12.8333,656.0000,0
662.10,5,95.5000,0,0,94.8449,5.1551,661.0000,0
662.10,6,0.0000,0,0,97.3224,2.6776,597.0000,0
662.10,7,0.0000,0,0,86.0986,13.9014,597.0000,0
662.10,8,7.0000,0,0,93.2337,6.7663,602.0000,0
662.10,9,0.0000,0,0,93.8227,6.1773,597.0000,0
663.10,0,46.0000,0,0,92.6188,7.3812,629.0000,0
663.10,1,0.0000,0,0,100.0000,0.0000,598.0000,0
663.10,2,0.0000,0,0,98.7212,1.2788,598.0000,0
663.10,3,80.5000,0,0,97.8350,2.1650,652.0000,0
663.10,4,88.0000,0,0,87.1667,12.8333,657.0000,0
663.10,5,95.5000,0,0,94.8449,5.1551,662.0000,0
663.10,6,0.0000,0,0,97.3224,2.6776,598.0000,0
663.10,7,0.0000,0,0,86.0986,13.9014,598.0000,0
663.10,8,7.0000,0,0,93.2337,6.7663,603.0000,0
663.10,9,0.0000,0,0,93.8227,6.1773,598.0000,0
664.10,0,46.0000,0,0,92.6188,7.3812,630.0000,0
664.10,1,0.0000,0,0,100.0000,0.0000,599.0000,0
664.10,2,0.0000,0,0,98.7212,1.2788,599.0000,0
664.10,3,80.5000,0,0,97.8350,2.1650,653.0000,0
664.10,4,88.0000,0,0,87.1667,12.8333,658.0000,0
664.10,5,95.5000,0,0,94.8449,5.1551,663.0000,0
664.10,6,0.0000,0,0,97.3224,2.6776,599.0000,0
664.10,7,0.0000,0,0,86.0986,13.9014,599.0000,0
664.10,8,7.0000,0,0,93.2337,6.7663,604.0000,0
664.10,9,0.0000,0,0,93.8227,6.1773,599.0000,0
665.10,0,46.0000,0,0,92.6188,7.3812,631.0000,0
665.10,1,0.0000,0,0,100.0000,0.0000,600.0000,0
665.10,2,0.0000,0,0,98.7212,1.2788,600.0000,0
665.10,3,80.5000,0,0,97.8350,2.1650,654.0000,0
665.10,4,88.0000,0,0,87.1667,12.8333,659.0000,0
665.10,5,95.5000,0,0,94.8449,5.1551,664.0000,0
665.10,6,0.0000,0,0,97.3224,2.6776,600.0000,0
665.10,7,0.0000,0,0,86.0986,13.9014,600.0000,0
665.10,8,7.0000,0,0,93.2337,6.7663,605.0000,0
665.10,9,0.0000,0,0,93.8227,6.1773,600.0000,0
666.10,0,46.0000,0,0,92.6188,7.3812,632.0000,0
666.10,1,0.0000,0,0,100.0000,0.0000,601.0000,0
666.10,2,0.0000,0,0,98.7212,1.2788,601.0000,0
666.10,3,80.5000,0,0,97.8350,2.1650,655.0000,0
666.10,4,88.0000,0,0,87.1667,12.8333,660.0000,0
666.10,5,95.5000,0,0,94.8449,5.1551,665.0000,0
666.10,6,0.0000,0,0,97.3224,2.6776,601.0000,0
666.10,7,0.0000,0,0,86.0986,13.9014,601.0000,0
666.10,8,7.0000,0,0,93.2337,6.7663,606.0000,0
666.10,9,0.0000,0,0,93.8227,6.1773,601.0000,0
667.10,0,46.0000,0,0,92.6188,7.3812,633.0000,0
667.10,1,0.0000,0,0,100.0000,0.0000,602.0000,0
667.10,2,0.0000,0,0,98.7212,1.2788,602.0000,0
667.10,3,80.5000,0,0,97.8350,2.1650,656.0000,0
667.10,4,88.0000,0,0,87.1667,12.8333,661.0000,0
667.10,5,95.5000,0,0,94.8449,5.1551,666.0000,0
667.10,6,0.0000,0,0,97.3224,2.6776,602.0000,0
667.10,7,0.0000,0,0,86.0986,13.9014,602.0000,0
667.10,8,7.0000,0,0,93.2337,6.7663,607.0000,0
667.10,9,0.0000,0,0,93.8227,6.1773,602.0000,0
668.10,0,46.0000,0,0,92.6188,7.3812,634.0000,0
668.10,1,0.0000,0,0,100.0000,0.0000,603.0000,0
668.10,2,0.0000,0,0,98.7212,1.2788,603.0000,0
668.10,3,80.5000,0,0,97.8350,2.1650,657.0000,0
668.10,4,88.0000,0,0,87.1667,12.8333,662.0000,0
668.10,5,95.5000,0,0,94.8449,5.1551,667.0000,0
668.10,6,0.0000,0,0,97.3224,2.6776,603.0000,0
668.10,7,0.0000,0,0,86.0986,13.9014,603.0000,0
668.10,8,7.0000,0,0,93.2337,6.7663,608.0000,0
668.10,9,0.0000,0,0,93.8227,6.1773,603.0000,0
669.10,0,46.0000,0,0,92.6188,7.3812,635.0000,0
669.10,1,0.0000,0,0,100.0000,0.0000,604.0000,0
669.10,2,0.0000,0,0,98.7212,1.2788,604.0000,0
669.10,3,80.5000,0,0,97.8350,2.1650,658.0000,0
669.10,4,88.0000,0,0,87.1667,12.8333,663.0000,0
669.10,5,95.5000,0,0,94.8449,5.1551,668.0000,0
669.10,6,0.0000,0,0,97.3224,2.6776,604.0000,0
669.10,7,0.0000,0,0,86.0986,13.9014,604.0000,0
669.10,8,7.0000,0,0,93.2337,6.7663,609.0000,0
669.10,9,0.0000,0,0,93.8227,6.1773,604.0000,0
670.10,0,46.0000,0,0,92.6188,7.3812,636.0000,0
670.10,1,0.0000,0,0,100.0000,0.0000,605.0000,0
670.10,2,0.0000,0,0,98.7212,1.2788,605.0000,0
670.10,3,80.5000,0,0,97.8350,2.1650,659.0000,0
670.10,4,88.0000,0,0,87.1667,12.8333,664.0000,0
670.10,5,95.5000,0,0,94.8449,5.1551,669.0000,0
670.10,6,0.0000,0,0,97.3224,2.6776,605.0000,0
670.10,7,0.0000,0,0,86.0986,13.9014,605.0000,0
670.10,8,7.0000,0,0,93.2337,6.7663,610.0000,0
670.10,9,0.0000,0,0,93.8227,6.1773,605.0000,0
671.10,0,46.0000,0,0,92.6188,7.3812,637.0000,0
671.10,1,0.0000,0,0,100.0000,0.0000,606.0000,0
671.10,2,0.0000,0,0,98.7212,1.2788,606.0000,0
671.10,3,80.5000,0,0,97.8350,2.1650,660.0000,0
671.10,4,88.0000,0,0,87.1667,12.8333,665.0000,0
671.10,5,95.5000,0,0,94.8449,5.1551,670.0000,0
671.10,6,0.0000,0,0,97.3224,2.6776,606.0000,0
671.10,7,0.0000,0,0,86.0986,13.9014,606.0000,0
671.10,8,7.0000,0,0,93.2337,6.7663,611.0000,0
671.10,9,0.0000,0,0,93.8227,6.1773,606.0000,0
672.10,0,46.0000,0,0,92.6188,7.3812,638.0000,0
672.10,1,0.0000,0,0,100.0000,0.0000,607.0000,0
672.10,2,0.0000,0,0,98.7212,1.2788,607.0000,0
672.10,3,80.5000,0,0,97.8350,2.1650,661.0000,0
672.10,4,88.0000,0,0,87.1667,12.8333,666.0000,0
672.10,5,95.5000,0,0,94.8449,5.1551,671.0000,0
672.10,6,0.0000,0,0,97.3224,2.6776,607.0000,0
672.10,7,0.0000,0,0,86.0986,13.9014,607.0000,0
672.10,8,7.0000,0,0,93.2337,6.7663,612.0000,0
672.10,9,0.0000,0,0,93.8227,6.1773,607.0000,0
673.10,0,46.0000,0,0,92.6188,7.3812,639.0000,0
673.10,1,0.0000,0,0,100.0000,0.0000,608.0000,0
673.10,2,0.0000,0,0,98.7212,1.2788,608.0000,0
673.10,3,80.5000,0,0,97.8350,2.1650,662.0000,0
673.10,4,88.0000,0,0,87.1667,12.8333,667.0000,0
673.10,5,95.5000,0,0,94.8449,5.1551,672.0000,0
673.10,6,0.0000,0,0,97.3224,2.6776,608.0000,0
673.10,7,0.0000,0,0,86.0986,13.9014,608.0000,0
673.10,8,7.0000,0,0,93.2337,6.7663,613.0000,0
673.10,9,0.0000,0,0,93.8227,6.1773,608.0000,0
674.10,0,46.0000,0,0,92.6188,7.3812,640.0000,0
674.10,1,0.0000,0,0,100.0000,0.0000,609.0000,0
674.10,2,0.0000,0,0,98.7212,1.2788,609.0000,0
674.10,3,80.5000,0,0,97.8350,2.1650,663.0000,0
674.10,4,88.0000,0,0,87.1667,12.8333,668.0000,0
674.10,5,95.5000,0,0,94.8449,5.1551,673.0000,0
674.10,6,0.0000,0,0,97.3224,2.6776,609.0000,0
674.10,7,0.0000,0,0,86.0986,13.9014,609.0000,0
674.10,8,7.0000,0,0,93.2337,6.7663,614.0000,0
674.10,9,0.0000,0,0,93.8227,6.1773,609.0000,0
675.10,0,46.0000,0,0,92.6188,7.3812,641.0000,0
675.10,1,0.0000,0,0,100.0000,0.0000,610.0000,0
675.10,2,0.0000,0,0,98.7212,1.2788,610.0000,0
675.10,3,80.5000,0,0,97.8350,2.1650,664.0000,0
675.10,4,88.0000,0,0,87.1667,12.8333,669.0000,0
675.10,5,95.5000,0,0,94.8449,5.1551,674.0000,0
675.10,6,0.0000,0,0,97.3224,2.6776,610.0000,0
675.10,7,0.0000,0,0,86.0986,13.9014,610.0000,0
675.10,8,7.0000,0,0,93.2337,6.7663,615.0000,0
675.10,9,0.0000,0,0,93.8227,6.1773,610.0000,0
676.10,0,46.0000,0,0,92.6188,7.3812,642.0000,0
676.10,1,0.0000,0,0,100.0000,0.0000,611.0000,0
676.10,2,0.0000,0,0,98.7212,1.2788,611.0000,0
676.10,3,80.5000,0,0,97.8350,2.1650,665.0000,0
676.10,4,88.0000,0,0,87.1667,12.8333,670.0000,0
676.10,5,95.5000,0,0,94.8449,5.1551,675.0000,0
676.10,6,0.0000,0,0,97.3224,2.6776,611.0000,0
676.10,7,0.0000,0,0,86.0986,13.9014,611.0000,0
676.10,8,7.0000,0,0,93.2337,6.7663,616.0000,0
676.10,9,0.0000,0,0,93.8227,6.1773,611.0000,0
677.10,0,46.0000,0,0,92.6188,7.3812,643.0000,0
677.10,1,0.0000,0,0,100.0000,0.0000,612.0000,0
677.10,2,0.0000,0,0,98.7212,1.2788,612.0000,0
677.10,3,80.5000,0,0,97.8350,2.1650,666.0000,0
677.10,4,88.0000,0,0,87.1667,12.8333,671.0000,0
677.10,5,95.5000,0,0,94.8449,5.1551,676.0000,0
677.10,6,0.0000,0,0,97.3224,2.6776,612.0000,0
677.10,7,0.0000,0,0,86.0986,13.9014,612.0000,0
677.10,8,7.0000,0,0,93.2337,6.7663,617.0000,0
677.10,9,0.0000,0,0,93.8227,6.1773,612.0000,0
678.10,0,46.0000,0,0,92.6188,7.3812,644.0000,0
678.10,1,0.0000,0,0,100.0000,0.0000,613.0000,0
678.10,2,0.0000,0,0,98.7212,1.2788,613.0000,0
678.10,3,80.5000,0,0,97.8350,2.1650,667.0000,0
678.10,4,88.0000,0,0,87.1667,12.8333,672.0000,0
678.10,5,95.5000,0,0,94.8449,5.1551,677.0000,0
678.10,6,0.0000,0,0,97.3224,2.6776,613.0000,0
678.10,7,0.0000,0,0,86.0986,13.9014,613.0000,0
678.10,8,7.0000,0,0,93.2337,6.7663,618.0000,0
678.10,9,0.0000,0,0,93.8227,6.1773,613.0000,0
679.10,0,46.0000,0,0,92.6188,7.3812,645.0000,0
679.10,1,0.0000,0,0,100.0000,0.0000,614.0000,0
679.10,2,0.0000,0,0,98.7212,1.2788,614.0000,0
679.10,3,80.5000,0,0,97.8350,2.1650,668.0000,0
679.10,4,88.0000,0,0,87.1667,12.8333,673.0000,0
679.10,5,95.5000,0,0,94.8449,5.1551,678.0000,0
679.10,6,0.0000,0,0,97.3224,2.6776,614.0000,0
679.10,7,0.0000,0,0,86.0986,13.9014,614.0000,0
679.10,8,7.0000,0,0,93.2337,6.7663,619.0000,0
679.10,9,0.0000,0,0,93.8227,6.1773,614.0000,0
680.10,0,46.0000,0,0,92.6188,7.3812,646.0000,0
680.10,1,0.0000,0,0,100.0000,0.0000,615.0000,0
680.10,2,0.0000,0,0,98.7212,1.2788,615.0000,0
680.10,3,80.5000,0,0,97.8350,2.1650,669.0000,0
680.10,4,88.0000,0,0,87.1667,12.8333,674.0000,0
680.10,5,95.5000,0,0,94.8449,5.1551,679.0000,0
680.10,6,0.0000,0,0,97.3224,2.6776,615.0000,0
680.10,7,0.0000,0,0,86.0986,13.9014,615.0000,0
680.10,8,7.0000,0,0,93.2337,6.7663,620.0000,0
680.10,9,0.0000,0,0,93.8227,6.1773,615.0000,0
681.10,0,46.0000,0,0,92.6188,7.3812,647.0000,0
681.10,1,0.0000,0,0,100.0000,0.0000,616.0000,0
681.10,2,0.0000,0,0,98.7212,1.2788,616.0000,0
681.10,3,80.5000,0,0,97.8350,2.1650,670.0000,0
681.10,4,88.0000,0,0,87.1667,12.8333,675.0000,0
681.10,5,95.5000,0,0,94.8449,5.1551,680.0000,0
681.10,6,0.0000,0,0,97.3224,2.6776,616.0000,0
681.10,7,0.0000,0,0,86.0986,13.9014,616.0000,0
681.10,8,7.0000,0,0,93.2337,6.7663,621.0000,0
681.10,9,0.0000,0,0,93.8227,6.1773,616.0000,0
682.10,0,46.0000,0,0,92.6188,7.3812,648.0000,0
682.10,1,0.0000,0,0,100.0000,0.0000,617.0000,0
682.10,2,0.0000,0,0,98.7212,1.2788,617.0000,0
682.10,3,80.5000,0,0,97.8350,2.1650,671.0000,0
682.10,4,88.0000,0,0,87.1667,12.8333,676.0000,0
682.10,5,95.5000,0,0,94.8449,5.1551,681.0000,0
682.10,6,0.0000,0,0,97.3224,2.6776,617.0000,0
682.10,7,0.0000,0,0,86.0986,13.9014,617.0000,0
682.10,8,7.0000,0,0,93.2337,6.7663,622.0000,0
682.10,9,0.0000,0,0,93.8227,6.1773,617.0000,0
683.10,0,46.0000,0,0,92.6188,7.3812,649.0000,0
683.10,1,0.0000,0,0,100.0000,0.0000,618.0000,0
683.10,2,0.0000,0,0,98.7212,1.2788,618.0000,0
683.10,3,80.5000,0,0,97.8350,2.1650,672.0000,0
683.10,4,88.0000,0,0,87.1667,12.8333,677.0000,0
683.10,5,95.5000,0,0,94.8449,5.1551,682.0000,0
683.10,6,0.0000,0,0,97.3224,2.6776,618.0000,0
683.10,7,0.0000,0,0,86.0986,13.9014,618.0000,0
683.10,8,7.0000,0,0,93.2337,6.7663,623.0000,0
683.10,9,0.0000,0,0,93.8227,6.1773,618.0000,0
684.10,0,46.0000,0,0,92.6188,7.3812,650.0000,0
684.10,1,0.0000,0,0,100.0000,0.0000,619.0000,0
684.10,2,0.0000,0,0,98.7212,1.2788,619.0000,0
684.10,3,80.5000,0,0,97.8350,2.1650,673.0000,0
684.10,4,88.0000,0,0,87.1667,12.8333,678.0000,0
684.10,5,95.5000,0,0,94.8449,5.1551,683.0000,0
684.10,6,0.0000,0,0,97.3224,2.6776,619.0000,0
684.10,7,0.0000,0,0,86.0986,13.9014,619.0000,0
684.10,8,7.0000,0,0,93.2337,6.7663,624.0000,0
684.10,9,0.0000,0,0,93.8227,6.1773,619.0000,0
685.10,0,46.0000,0,0,92.6188,7.3812,651.0000,0
685.10,1,0.0000,0,0,100.0000,0.0000,620.0000,0
685.10,2,0.0000,0,0,98.7212,1.2788,620.0000,0
685.10,3,80.5000,0,0,97.8350,2.1650,674.0000,0
685.10,4,88.0000,0,0,87.1667,12.8333,679.0000,0
685.10,5,95.5000,0,0,94.8449,5.1551,684.0000,0
685.10,6,0.0000,0,0,97.3224,2.6776,620.0000,0
685.10,7,0.0000,0,0,86.0986,13.9014,620.0000,0
685.10,8,7.0000,0,0,93.2337,6.7663,625.0000,0
685.10,9,0.0000,0,0,93.8227,6.1773,620.0000,0
686.10,0,46.0000,0,0,92.6188,7.3812,652.0000,0
686.10,1,0.0000,0,0,100.0000,0.0000,621.0000,0
686.10,2,0.0000,0,0,98.7212,1.2788,621.0000,0
686.10,3,80.5000,0,0,97.8350,2.1650,675.0000,0
686.10,4,88.0000,0,0,87.1667,12.8333,680.0000,0
686.10,5,95.5000,0,0,94.8449,5.1551,685.0000,0
686.10,6,0.0000,0,0,97.3224,2.6776,621.0000,0
686.10,7,0.0000,0,0,86.0986,13.9014,621.0000,0
686.10,8,7.0000,0,0,93.2337,6.7663,626.0000,0
686.10,9,0.0000,0,0,93.8227,6.1773,621.0000,0
687.10,0,46.0000,0,0,92.6188,7.3812,653.0000,0
687.10,1,0.0000,0,0,100.0000,0.0000,622.0000,0
687.10,2,0.0000,0,0,98.7212,1.2788,622.0000,0
687.10,3,80.5000,0,0,97.8350,2.1650,676.0000,0
687.10,4,88.0000,0,0,87.1667,12.8333,681.0000,0
687.10,5,95.5000,0,0,94.8449,5.1551,686.0000,0
687.10,6,0.0000,0,0,97.3224,2.6776,622.0000,0
687.10,7,0.0000,0,0,86.0986,13.9014,622.0000,0
687.10,8,7.0000,0,0,93.2337,6.7663,627.0000,0
687.10,9,0.0000,0,0,93.8227,6.1773,622.0000,0
688.10,0,46.0000,0,0,92.6188,7.3812,654.0000,0
688.10,1,0.0000,0,0,100.0000,0.0000,623.0000,0
688.10,2,0.0000,0,0,98.7212,1.2788,623.0000,0
688.10,3,80.5000,0,0,97.8350,2.1650,677.0000,0
688.10,4,88.0000,0,0,87.1667,12.8333,682.0000,0
688.10,5,95.5000,0,0,94.8449,5.1551,687.0000,0
688.10,6,0.0000,0,0,97.3224,2.6776,623.0000,0
688.10,7,0.0000,0,0,86.0986,13.9014,623.0000,0
688.10,8,7.0000,0,0,93.2337,6.7663,628.0000,0
688.10,9,0.0000,0,0,93.8227,6.1773,623.0000,0
689.10,0,46.0000,0,0,92.6188,7.3812,655.0000,0
689.10,1,0.0000,0,0,100.0000,0.0000,624.0000,0
689.10,2,0.0000,0,0,98.7212,1.2788,624.0000,0
689.10,3,80.5000,0,0,97.8350,2.1650,678.0000,0
689.10,4,88.0000,0,0,87.1667,12.8333,683.0000,0
689.10,5,95.5000,0,0,94.8449,5.1551,688.0000,0
689.10,6,0.0000,0,0,97.3224,2.6776,624.0000,0
689.10,7,0.0000,0,0,86.0986,13.9014,624.0000,0
689.10,8,7.0000,0,0,93.2337,6.7663,629.0000,0
689.10,9,0.0000,0,0,93.8227,6.1773,624.0000,0
690.10,0,46.0000,0,0,92.6188,7.3812,656.0000,0
690.10,1,0.0000,0,0,100.0000,0.0000,625.0000,0
690.10,2,0.0000,0,0,98.7212,1.2788,625.0000,0
690.10,3,80.5000,0,0,97.8350,2.1650,679.0000,0
690.10,4,88.0000,0,0,87.1667,12.8333,684.0000,0
690.10,5,95.5000,0,0,94.8449,5.1551,689.0000,0
690.10,6,0.0000,0,0,97.3224,2.6776,625.0000,0
690.10,7,0.0000,0,0,86.0986,13.9014,625.0000,0
690.10,8,7.0000,0,0,93.2337,6.7663,630.0000,0
690.10,9,0.0000,0,0,93.8227,6.1773,625.0000,0
691.10,0,46.0000,0,0,92.6188,7.3812,657.0000,0
691.10,1,0.0000,0,0,100.0000,0.0000,626.0000,0
691.10,2,0.0000,0,0,98.7212,1.2788,626.0000,0
691.10,3,80.5000,0,0,97.8350,2.1650,680.0000,0
691.10,4,88.0000,0,0,87.1667,12.8333,685.0000,0
691.10,5,95.5000,0,0,94.8449,5.1551,690.0000,0
691.10,6,0.0000,0,0,97.3224,2.6776,626.0000,0
691.10,7,0.0000,0,0,86.0986,13.9014,626.0000,0
691.10,8,7.0000,0,0,93.2337,6.7663,631.0000,0
691.10,9,0.0000,0,0,93.8227,6.1773,626.0000,0
692.10,0,46.0000,0,0,92.6188,7.3812,658.0000,0
692.10,1,0.0000,0,0,100.0000,0.0000,627.0000,0
692.10,2,0.0000,0,0,98.7212,1.2788,627.0000,0
692.10,3,80.5000,0,0,97.8350,2.1650,681.0000,0
692.10,4,88.0000,0,0,87.1667,12.8333,686.0000,0
692.10,5,95.5000,0,0,94.8449,5.1551,691.0000,0
692.10,6,0.0000,0,0,97.3224,2.6776,627.0000,0
692.10,7,0.0000,0,0,86.0986,13.9014,627.0000,0
692.10,8,7.0000,0,0,93.2337,6.7663,632.0000,0
692.10,9,0.0000,0,0,93.8227,6.1773,627.0000,0
693.10,0,46.0000,0,0,92.6188,7.3812,659.0000,0
693.10,1,0.0000,0,0,100.0000,0.0000,628.0000,0
693.10,2,0.0000,0,0,98.7212,1.2788,628.0000,0
693.10,3,80.5000,0,0,97.8350,2.1650,682.0000,0
693.10,4,88.0000,0,0,87.1667,12.8333,687.0000,0
693.10,5,95.5000,0,0,94.8449,5.1551,692.0000,0
693.10,6,0.0000,0,0,97.3224,2.6776,628.0000,0
693.10,7,0.0000,0,0,86.0986,13.9014,628.0000,0
693.10,8,7.0000,0,0,93.2337,6.7663,633.0000,0
693.10,9,0.0000,0,0,93.8227,6.1773,628.0000,0
694.10,0,46.0000,0,0,92.6188,7.3812,660.0000,0
694.10,1,0.0000,0,0,100.0000,0.0000,629.0000,0
694.10,2,0.0000,0,0,98.7212,1.2788,629.0000,0
694.10,3,80.5000,0,0,97.8350,2.1650,683.0000,0
694.10,4,88.0000,0,0,87.1667,12.8333,688.0000,0
694.10,5,95.5000,0,0,94.8449,5.1551,693.0000,0
694.10,6,0.0000,0,0,97.3224,2.6776,629.0000,0
694.10,7,0.0000,0,0,86.0986,13.9014,629.0000,0
694.10,8,7.0000,0,0,93.2337,6.7663,634.0000,0
694.10,9,0.0000,0,0,93.8227,6.1773,629.0000,0
695.10,0,46.0000,0,0,92.6188,7.3812,661.0000,0
695.10,1,0.0000,0,0,100.0000,0.0000,630.0000,0
695.10,2,0.0000,0,0,98.7212,1.2788,630.0000,0
695.10,3,80.5000,0,0,97.8350,2.1650,684.0000,0
695.10,4,88.0000,0,0,87.1667,12.8333,689.0000,0
695.10,5,95.5000,0,0,94.8449,5.1551,694.0000,0
695.10,6,0.0000,0,0,97.3224,2.6776,630.0000,0
695.10,7,0.0000,0,0,86.0986,13.9014,630.0000,0
695.10,8,7.0000,0,0,93.2337,6.7663,635.0000,0
695.10,9,0.0000,0,0,93.8227,6.1773,630.0000,0
696.10,0,46.0000,0,0,92.6188,7.3812,662.0000,0
696.10,1,0.0000,0,0,100.0000,0.0000,631.0000,0
696.10,2,0.0000,0,0,98.7212,1.2788,631.0000,0
696.10,3,80.5000,0,0,97.8350,2.1650,685.0000,0
696.10,4,88.0000,0,0,87.1667,12.8333,690.0000,0
696.10,5,95.5000,0,0,94.8449,5.1551,695.0000,0
696.10,6,0.0000,0,0,97.3224,2.6776,631.0000,0
696.10,7,0.0000,0,0,86.0986,13.9014,631.0000,0
696.10,8,7.0000,0,0,93.2337,6.7663,636.0000,0
696.10,9,0.0000,0,0,93.8227,6.1773,631.0000,0
697.10,0,46.0000,0,0,92.6188,7.3812,663.0000,0
697.10,1,0.0000,0,0,100.0000,0.0000,632.0000,0
697.10,2,0.0000,0,0,98.7212,1.2788,632.0000,0
697.10,3,80.5000,0,0,97.8350,2.1650,686.0000,0
697.10,4,88.0000,0,0,87.1667,12.8333,691.0000,0
697.10,5,95.5000,0,0,94.8449,5.1551,696.0000,0
697.10,6,0.0000,0,0,97.3224,2.6776,632.0000,0
697.10,7,0.0000,0,0,86.0986,13.9014,632.0000,0
697.10,8,7.0000,0,0,93.2337,6.7663,637.0000,0
697.10,9,0.0000,0,0,93.8227,6.1773,632.0000,0
698.10,0,46.0000,0,0,92.6188,7.3812,664.0000,0
698.10,1,0.0000,0,0,100.0000,0.0000,633.0000,0
698.10,2,0.0000,0,0,98.7212,1.2788,633.0000,0
698.10,3,80.5000,0,0,97.8350,2.1650,687.0000,0
698.10,4,88.0000,0,0,87.1667,12.8333,692.0000,0
698.10,5,95.5000,0,0,94.8449,5.1551,697.0000,0
698.10,6,0.0000,0,0,97.3224,2.6776,633.0000,0
698.10,7,0.0000,0,0,86.0986,13.9014,633.0000,0
698.10,8,7.0000,0,0,93.2337,6.7663,638.0000,0
698.10,9,0.0000,0,0,93.8227,6.1773,633.0000,0
699.10,0,46.0000,0,0,92.6188,7.3812,665.0000,0
699.10,1,0.0000,0,0,100.0000,0.0000,634.0000,0
699.10,2,0.0000,0,0,98.7212,1.2788,634.0000,0
699.10,3,80.5000,0,0,97.8350,2.1650,688.0000,0
699.10,4,88.0000,0,0,87.1667,12.8333,693.0000,0
699.10,5,95.5000,0,0,94.8449,5.1551,698.0000,0
699.10,6,0.0000,0,0,97.3224,2.6776,634.0000,0
699.10,7,0.0000,0,0,86.0986,13.9014,634.0000,0
699.10,8,7.0000,0,0,93.2337,6.7663,639.0000,0
699.10,9,0.0000,0,0,93.8227,6.1773,634.0000,0
700.10,0,46.0000,0,0,92.6188,7.3812,666.0000,0
700.10,1,0.0000,0,0,100.0000,0.0000,635.0000,0
700.10,2,0.0000,0,0,98.7212,1.2788,635.0000,0
700.10,3,80.5000,0,0,97.8350,2.1650,689.0000,0
700.10,4,88.0000,0,0,87.1667,12.8333,694.0000,0
700.10,5,95.5000,0,0,94.8449,5.1551,699.0000,0
700.10,6,0.0000,0,0,97.3224,2.6776,635.0000,0
700.10,7,0.0000,0,0,86.0986,13.9014,635.0000,0
700.10,8,7.0000,0,0,93.2337,6.7663,640.0000,0
700.10,9,0.0000,0,0,93.8227,6.1773,635.0000,0
701.10,0,46.0000,0,0,92.6188,7.3812,667.0000,0
701.10,1,0.0000,0,0,100.0000,0.0000,636.0000,0
701.10,2,0.0000,0,0,98.7212,1.2788,636.0000,0
701.10,3,80.5000,0,0,97.8350,2.1650,690.0000,0
701.10,4,88.0000,0,0,87.1667,12.8333,695.0000,0
701.10,5,95.5000,0,0,94.8449,5.1551,700.0000,0
701.10,6,0.0000,0,0,97.3224,2.6776,636.0000,0
701.10,7,0.0000,0,0,86.0986,13.9014,636.0000,0
701.10,8,7.0000,0,0,93.2337,6.7663,641.0000,0
701.10,9,0.0000,0,0,93.8227,6.1773,636.0000,0
702.10,0,46.0000,0,0,92.6188,7.3812,668.0000,0
702.10,1,0.0000,0,0,100.0000,0.0000,637.0000,0
702.10,2,0.0000,0,0,98.7212,1.2788,637.0000,0
702.10,3,80.5000,0,0,97.8350,2.1650,691.0000,0
702.10,4,88.0000,0,0,87.1667,12.8333,696.0000,0
702.10,5,95.5000,0,0,94.8449,5.1551,701.0000,0
702.10,6,0.0000,0,0,97.3224,2.6776,637.0000,0
702.10,7,0.0000,0,0,86.0986,13.9014,637.0000,0
702.10,8,7.0000,0,0,93.2337,6.7663,642.0000,0
702.10,9,0.0000,0,0,93.8227,6.1773,637.0000,0
703.10,0,46.0000,0,0,92.6188,7.3812,669.0000,0
703.10,1,0.0000,0,0,100.0000,0.0000,638.0000,0
703.10,2,0.0000,0,0,98.7212,1.2788,638.0000,0
703.10,3,80.5000,0,0,97.8350,2.1650,692.0000,0
703.10,4,88.0000,0,0,87.1667,12.8333,697.0000,0
703.10,5,95.5000,0,0,94.8449,5.1551,702.0000,0
703.10,6,0.0000,0,0,97.3224,2.6776,638.0000,0
703.10,7,0.0000,0,0,86.0986,13.9014,638.0000,0
703.10,8,7.0000,0,0,93.2337,6.7663,643.0000,0
703.10,9,0.0000,0,0,93.8227,6.1773,638.0000,0
704.10,0,46.0000,0,0,92.6188,7.3812,670.0000,0
704.10,1,0.0000,0,0,100.0000,0.0000,639.0000,0
704.10,2,0.0000,0,0,98.7212,1.2788,639.0000,0
704.10,3,80.5000,0,0,97.8350,2.1650,693.0000,0
704.10,4,88.0000,0,0,87.1667,12.8333,698.0000,0
704.10,5,95.5000,0,0,94.8449,5.1551,703.0000,0
704.10,6,0.0000,0,0,97.3224,2.6776,639.0000,0
704.10,7,0.0000,0,0,86.0986,13.9014,639.0000,0
704.10,8,7.0000,0,0,93.2337,6.7663,644.0000,0
704.10,9,0.0000,0,0,93.8227,6.1773,639.0000,0
705.10,0,46.0000,0,0,92.6188,7.3812,671.0000,0
705.10,1,0.0000,0,0,100.0000,0.0000,640.0000,0
705.10,2,0.0000,0,0,98.7212,1.2788,640.0000,0
705.10,3,80.5000,0,0,97.8350,2.1650,694.0000,0
705.10,4,88.0000,0,0,87.1667,12.8333,699.0000,0
705.10,5,95.5000,0,0,94.8449,5.1551,704.0000,0
705.10,6,0.0000,0,0,97.3224,2.6776,640.0000,0
705.10,7,0.0000,0,0,86.0986,13.9014,640.0000,0
705.10,8,7.0000,0,0,93.2337,6.7663,645.0000,0
705.10,9,0.0000,0,0,93.8227,6.1773,640.0000,0
706.10,0,46.0000,0,0,92.6188,7.3812,672.0000,0
706.10,1,0.0000,0,0,100.0000,0.0000,641.0000,0
706.10,2,0.0000,0,0,98.7212,1.2788,641.0000,0
706.10,3,80.5000,0,0,97.8350,2.1650,695.0000,0
706.10,4,88.0000,0,0,87.1667,12.8333,700.0000,0
706.10,5,95.5000,0,0,94.8449,5.1551,705.0000,0
706.10,6,0.0000,0,0,97.3224,2.6776,641.0000,0
706.10,7,0.0000,0,0,86.0986,13.9014,641.0000,0
706.10,8,7.0000,0,0,93.2337,6.7663,646.0000,0
706.10,9,0.0000,0,0,93.8227,6.1773,641.0000,0
707.10,0,46.0000,0,0,92.6188,7.3812,673.0000,0
707.10,1,0.0000,0,0,100.0000,0.0000,642.0000,0
707.10,2,0.0000,0,0,98.7212,1.2788,642.0000,0
707.10,3,80.5000,0,0,97.8350,2.1650,696.0000,0
707.10,4,88.0000,0,0,87.1667,12.8333,701.0000,0
707.10,5,95.5000,0,0,94.8449,5.1551,706.0000,0
707.10,6,0.0000,0,0,97.3224,2.6776,642.0000,0
707.10,7,0.0000,0,0,86.0986,13.9014,642.0000,0
707.10,8,7.0000,0,0,93.2337,6.7663,647.0000,0
707.10,9,0.0000,0,0,93.8227,6.1773,642.0000,0
708.10,0,46.0000,0,0,92.6188,7.3812,674.0000,0
708.10,1,0.0000,0,0,100.0000,0.0000,643.0000,0
708.10,2,0.0000,0,0,98.7212,1.2788,643.0000,0
708.10,3,80.5000,0,0,97.8350,2.1650,697.0000,0
708.10,4,88.0000,0,0,87.1667,12.8333,702.0000,0
708.10,5,95.5000,0,0,94.8449,5.1551,707.0000,0
708.10,6,0.0000,0,0,97.3224,2.6776,643.0000,0
708.10,7,0.0000,0,0,86.0986,13.9014,643.0000,0
708.10,8,7.0000,0,0,93.2337,6.7663,648.0000,0
708.10,9,0.0000,0,0,93.8227,6.1773,643.0000,0
709.10,0,46.0000,0,0,92.6188,7.3812,675.0000,0
709.10,1,0.0000,0,0,100.0000,0.0000,644.0000,0
709.10,2,0.0000,0,0,98.7212,1.2788,644.0000,0
709.10,3,80.5000,0,0,97.8350,2.1650,698.0000,0
709.10,4,88.0000,0,0,87.1667,12.8333,703.0000,0
709.10,5,95.5000,0,0,94.8449,5.1551,708.0000,0
709.10,6,0.0000,0,0,97.3224,2.6776,644.0000,0
709.10,7,0.0000,0,0,86.0986,13.9014,644.0000,0
709.10,8,7.0000,0,0,93.2337,6.7663,649.0000,0
709.10,9,0.0000,0,0,93.8227,6.1773,644.0000,0
710.10,0,46.0000,0,0,92.6188,7.3812,676.0000,0
710.10,1,0.0000,0,0,100.0000,0.0000,645.0000,0
710.10,2,0.0000,0,0,98.7212,1.2788,645.0000,0
710.10,3,80.5000,0,0,97.8350,2.1650,699.0000,0
710.10,4,88.0000,0,0,87.1667,12.8333,704.0000,0
710.10,5,95.5000,0,0,94.8449,5.1551,709.0000,0
710.10,6,0.0000,0,0,97.3224,2.6776,645.0000,0
710.10,7,0.0000,0,0,86.0986,13.9014,645.0000,0
710.10,8,7.0000,0,0,93.2337,6.7663,650.0000,0
710.10,9,0.0000,0,0,93.8227,6.1773,645.0000,0
711.10,0,46.0000,0,0,92.6188,7.3812,677.0000,0
711.10,1,0.0000,0,0,100.0000,0.0000,646.0000,0
711.10,2,0.0000,0,0,98.7212,1.2788,646.0000,0
711.10,3,80.5000,0,0,97.8350,2.1650,700.0000,0
711.10,4,88.0000,0,0,87.1667,12.8333,705.0000,0
711.10,5,95.5000,0,0,94.8449,5.1551,710.0000,0
711.10,6,0.0000,0,0,97.3224,2.6776,646.0000,0
711.10,7,0.0000,0,0,86.0986,13.9014,646.0000,0
711.10,8,7.0000,0,0,93.2337,6.7663,651.0000,0
711.10,9,0.0000,0,0,93.8227,6.1773,646.0000,0
712.10,0,46.0000,0,0,92.6188,7.3812,678.0000,0
712.10,1,0.0000,0,0,100.0000,0.0000,647.0000,0
712.10,2,0.0000,0,0,98.7212,1.2788,647.0000,0
712.10,3,80.5000,0,0,97.8350,2.1650,701.0000,0
712.10,4,88.0000,0,0,87.1667,12.8333,706.0000,0
712.10,5,95.5000,0,0,94.8449,5.1551,711.0000,0
712.10,6,0.0000,0,0,97.3224,2.6776,647.0000,0
712.10,7,0.0000,0,0,86.0986,13.9014,647.0000,0
712.10,8,7.0000,0,0,93.2337,6.7663,652.0000,0
712.10,9,0.0000,0,0,93.8227,6.1773,647.0000,0
713.10,0,46.0000,0,0,92.6188,7.3812,679.0000,0
713.10,1,0.0000,0,0,100.0000,0.0000,648.0000,0
713.10,2,0.0000,0,0,98.7212,1.2788,648.0000,0
713.10,3,80.5000,0,0,97.8350,2.1650,702.0000,0
713.10,4,88.0000,0,0,87.1667,12.8333,707.0000,0
713.10,5,95.5000,0,0,94.8449,5.1551,712.0000,0
713.10,6,0.0000,0,0,97.3224,2.6776,648.0000,0
713.10,7,0.0000,0,0,86.0986,13.9014,648.0000,0
713.10,8,7.0000,0,0,93.2337,6.7663,653.0000,0
713.10,9,0.0000,0,0,93.8227,6.1773,648.0000,0
714.10,0,46.0000,0,0,92.6188,7.3812,680.0000,0
714.10,1,0.0000,0,0,100.0000,0.0000,649.0000,0
714.10,2,0.0000,0,0,98.7212,1.2788,649.0000,0
714.10,3,80.5000,0,0,97.8350,2.1650,703.0000,0
714.10,4,88.0000,0,0,87.1667,12.8333,708.0000,0
714.10,5,95.5000,0,0,94.8449,5.1551,713.0000,0
714.10,6,0.0000,0,0,97.3224,2.6776,649.0000,0
714.10,7,0.0000,0,0,86.0986,13.9014,649.0000,0
714.10,8,7.0000,0,0,93.2337,6.7663,654.0000,0
714.10,9,0.0000,0,0,93.8227,6.1773,649.0000,0
715.10,0,46.0000,0,0,92.6188,7.3812,681.0000,0
715.10,1,0.0000,0,0,100.0000,0.0000,650.0000,0
715.10,2,0.0000,0,0,98.7212,1.2788,650.0000,0
715.10,3,80.5000,0,0,97.8350,2.1650,704.0000,0
715.10,4,88.0000,0,0,87.1667,12.8333,709.0000,0
715.10,5,95.5000,0,0,94.8449,5.1551,714.0000,0
715.10,6,0.0000,0,0,97.3224,2.6776,650.0000,0
715.10,7,0.0000,0,0,86.0986,13.9014,650.0000,0
715.10,8,7.0000,0,0,93.2337,6.7663,655.0000,0
715.10,9,0.0000,0,0,93.8227,6.1773,650.0000,0
716.10,0,46.0000,0,0,92.6188,7.3812,682.0000,0
716.10,1,0.0000,0,0,100.0000,0.0000,651.0000,0
716.10,2,0.0000,0,0,98.7212,1.2788,651.0000,0
716.10,3,80.5000,0,0,97.8350,2.1650,705.0000,0
716.10,4,88.0000,0,0,87.1667,12.8333,710.0000,0
716.10,5,95.5000,0,0,94.8449,5.1551,715.0000,0
716.10,6,0.0000,0,0,97.3224,2.6776,651.0000,0
716.10,7,0.0000,0,0,86.0986,13.9014,651.0000,0
716.10,8,7.0000,0,0,93.2337,6.7663,656.0000,0
716.10,9,0.0000,0,0,93.8227,6.1773,651.0000,0
717.10,0,46.0000,0,0,92.6188,7.3812,683.0000,0
717.10,1,0.0000,0,0,100.0000,0.0000,652.0000,0
717.10,2,0.0000,0,0,98.7212,1.2788,652.0000,0
717.10,3,80.5000,0,0,97.8350,2.1650,706.0000,0
717.10,4,88.0000,0,0,87.1667,12.8333,711.0000,0
717.10,5,95.5000,0,0,94.8449,5.1551,716.0000,0
717.10,6,0.0000,0,0,97.3224,2.6776,652.0000,0
717.10,7,0.0000,0,0,86.0986,13.9014,652.0000,0
717.10,8,7.0000,0,0,93.2337,6.7663,657.0000,0
717.10,9,0.0000,0,0,93.8227,6.1773,652.0000,0
718.10,0,46.0000,0,0,92.6188,7.3812,684.0000,0
718.10,1,0.0000,0,0,100.0000,0.0000,653.0000,0
718.10,2,0.0000,0,0,98.7212,1.2788,653.0000,0
718.10,3,80.5000,0,0,97.8350,2.1650,707.0000,0
718.10,4,88.0000,0,0,87.1667,12.8333,712.0000,0
718.10,5,95.5000,0,0,94.8449,5.1551,717.0000,0
718.10,6,0.0000,0,0,97.3224,2.6776,653.0000,0
718.10,7,0.0000,0,0,86.0986,13.9014,653.0000,0
718.10,8,7.0000,0,0,93.2337,6.7663,658.0000,0
718.10,9,0.0000,0,0,93.8227,6.1773,653.0000,0
719.10,0,46.0000,0,0,92.6188,7.3812,685.0000,0
719.10,1,0.0000,0,0,100.0000,0.0000,654.0000,0
719.10,2,0.0000,0,0,98.7212,1.2788,654.0000,0
719.10,3,80.5000,0,0,97.8350,2.1650,708.0000,0
719.10,4,88.0000,0,0,87.1667,12.8333,713.0000,0
719.10,5,95.5000,0,0,94.8449,5.1551,718.0000,0
719.10,6,0.0000,0,0,97.3224,2.6776,654.0000,0
719.10,7,0.0000,0,0,86.0986,13.9014,654.0000,0
719.10,8,7.0000,0,0,93.2337,6.7663,659.0000,0
719.10,9,0.0000,0,0,93.8227,6.1773,654.0000,0
720.10,0,46.0000,0,0,92.6188,7.3812,686.0000,0
720.10,1,0.0000,0,0,100.0000,0.0000,655.0000,0
720.10,2,0.0000,0,0,98.7212,1.2788,655.0000,0
720.10,3,80.5000,0,0,97.8350,2.1650,709.0000,0
720.10,4,88.0000,0,0,87.1667,12.8333,714.0000,0
720.10,5,95.5000,0,0,94.8449,5.1551,719.0000,0
720.10,6,0.0000,0,0,97.3224,2.6776,655.0000,0
720.10,7,0.0000,0,0,86.0986,13.9014,655.0000,0
720.10,8,7.0000,0,0,93.2337,6.7663,660.0000,0
720.10,9,0.0000,0,0,93.8227,6.1773,655.0000,0
721.10,0,46.0000,0,0,92.6188,7.3812,687.0000,0
721.10,1,0.0000,0,0,100.0000,0.0000,656.0000,0
721.10,2,0.0000,0,0,98.7212,1.2788,656.0000,0
721.10,3,80.5000,0,0,97.8350,2.1650,710.0000,0
721.10,4,88.0000,0,0,87.1667,12.8333,715.0000,0
721.10,5,95.5000,0,0,94.8449,5.1551,720.0000,0
721.10,6,0.0000,0,0,97.3224,2.6776,656.0000,0
721.10,7,0.0000,0,0,86.0986,13.9014,656.0000,0
721.10,8,7.0000,0,0,93.2337,6.7663,661.0000,0
721.10,9,0.0000,0,0,93.8227,6.1773,656.0000,0
722.10,0,46.0000,0,0,92.6188,7.3812,688.0000,0
722.10,1,0.0000,0,0,100.0000,0.0000,657.0000,0
722.10,2,0.0000,0,0,98.7212,1.2788,657.0000,0
722.10,3,80.5000,0,0,97.8350,2.1650,711.0000,0
722.10,4,88.0000,0,0,87.1667,12.8333,716.0000,0
722.10,5,95.5000,0,0,94.8449,5.1551,721.0000,0
722.10,6,0.0000,0,0,97.3224,2.6776,657.0000,0
722.10,7,0.0000,0,0,86.0986,13.9014,657.0000,0
722.10,8,7.0000,0,0,93.2337,6.7663,662.0000,0
722.10,9,0.0000,0,0,93.8227,6.1773,657.0000,0
723.10,0,46.0000,0,0,92.6188,7.3812,689.0000,0
723.10,1,0.0000,0,0,100.0000,0.0000,658.0000,0
723.10,2,0.0000,0,0,98.7212,1.2788,658.0000,0
723.10,3,80.5000,0,0,97.8350,2.1650,712.0000,0
723.10,4,88.0000,0,0,87.1667,12.8333,717.0000,0
723.10,5,95.5000,0,0,94.8449,5.1551,722.0000,0
723.10,6,0.0000,0,0,97.3224,2.6776,658.0000,0
723.10,7,0.0000,0,0,86.0986,13.9014,658.0000,0
723.10,8,7.0000,0,0,93.2337,6.7663,663.0000,0
723.10,9,0.0000,0,0,93.8227,6.1773,658.0000,0
724.10,0,46.0000,0,0,92.6188,7.3812,690.0000,0
724.10,1,0.0000,0,0,100.0000,0.0000,659.0000,0
724.10,2,0.0000,0,0,98.7212,1.2788,659.0000,0
724.10,3,80.5000,0,0,97.8350,2.1650,713.0000,0
724.10,4,88.0000,0,0,87.1667,12.8333,718.0000,0
724.10,5,95.5000,0,0,94.8449,5.1551,723.0000,0
724.10,6,0.0000,0,0,97.3224,2.6776,659.0000,0
724.10,7,0.0000,0,0,86.0986,13.9014,659.0000,0
724.10,8,7.0000,0,0,93.2337,6.7663,664.0000,0
724.10,9,0.0000,0,0,93.8227,6.1773,659.0000,0
725.10,0,46.0000,0,0,92.6188,7.3812,691.0000,0
725.10,1,0.0000,0,0,100.0000,0.0000,660.0000,0
725.10,2,0.0000,0,0,98.7212,1.2788,660.0000,0
725.10,3,80.5000,0,0,97.8350,2.1650,714.0000,0
725.10,4,88.0000,0,0,87.1667,12.8333,719.0000,0
725.10,5,95.5000,0,0,94.8449,5.1551,724.0000,0
725.10,6,0.0000,0,0,97.3224,2.6776,660.0000,0
725.10,7,0.0000,0,0,86.0986,13.9014,660.0000,0
725.10,8,7.0000,0,0,93.2337,6.7663,665.0000,0
725.10,9,0.0000,0,0,93.8227,6.1773,660.0000,0
726.10,0,46.0000,0,0,92.6188,7.3812,692.0000,0
726.10,1,0.0000,0,0,100.0000,0.0000,661.0000,0
726.10,2,0.0000,0,0,98.7212,1.2788,661.0000,0
726.10,3,80.5000,0,0,97.8350,2.1650,715.0000,0
726.10,4,88.0000,0,0,87.1667,12.8333,720.0000,0
726.10,5,95.5000,0,0,94.8449,5.1551,725.0000,0
726.10,6,0.0000,0,0,97.3224,2.6776,661.0000,0
726.10,7,0.0000,0,0,86.0986,13.9014,661.0000,0
726.10,8,7.0000,0,0,93.2337,6.7663,666.0000,0
726.10,9,0.0000,0,0,93.8227,6.1773,661.0000,0
727.10,0,46.0000,0,0,92.6188,7.3812,693.0000,0
727.10,1,0.0000,0,0,100.0000,0.0000,662.0000,0
727.10,2,0.0000,0,0,98.7212,1.2788,662.0000,0
727.10,3,80.5000,0,0,97.8350,2.1650,716.0000,0
727.10,4,88.0000,0,0,87.1667,12.8333,721.0000,0
727.10,5,95.5000,0,0,94.8449,5.1551,726.0000,0
727.10,6,0.0000,0,0,97.3224,2.6776,662.0000,0
727.10,7,0.0000,0,0,86.0986,13.9014,662.0000,0
727.10,8,7.0000,0,0,93.2337,6.7663,667.0000,0
727.10,9,0.0000,0,0,93.8227,6.1773,662.0000,0
728.10,0,46.0000,0,0,92.6188,7.3812,694.0000,0
728.10,1,0.0000,0,0,100.0000,0.0000,663.0000,0
728.10,2,0.0000,0,0,98.7212,1.2788,663.0000,0
728.10,3,80.5000,0,0,97.8350,2.1650,717.0000,0
728.10,4,88.0000,0,0,87.1667,12.8333,722.0000,0
728.10,5,95.5000,0,0,94.8449,5.1551,727.0000,0
728.10,6,0.0000,0,0,97.3224,2.6776,663.0000,0
728.10,7,0.0000,0,0,86.0986,13.9014,663.0000,0
728.10,8,7.0000,0,0,93.2337,6.7663,668.0000,0
728.10,9,0.0000,0,0,93.8227,6.1773,663.0000,0
729.10,0,46.0000,0,0,92.6188,7.3812,695.0000,0
729.10,1,0.0000,0,0,100.0000,0.0000,664.0000,0
729.10,2,0.0000,0,0,98.7212,1.2788,664.0000,0
729.10,3,80.5000,0,0,97.8350,2.1650,718.0000,0
729.10,4,88.0000,0,0,87.1667,12.8333,723.0000,0
729.10,5,95.5000,0,0,94.8449,5.1551,728.0000,0
729.10,6,0.0000,0,0,97.3224,2.6776,664.0000,0
729.10,7,0.0000,0,0,86.0986,13.9014,664.0000,0
729.10,8,7.0000,0,0,93.2337,6.7663,669.0000,0
729.10,9,0.0000,0,0,93.8227,6.1773,664.0000,0
730.10,0,46.0000,0,0,92.6188,7.3812,696.0000,0
730.10,1,0.0000,0,0,100.0000,0.0000,665.0000,0
730.10,2,0.0000,0,0,98.7212,1.2788,665.0000,0
730.10,3,80.5000,0,0,97.8350,2.1650,719.0000,0
730.10,4,88.0000,0,0,87.1667,12.8333,724.0000,0
730.10,5,95.5000,0,0,94.8449,5.1551,729.0000,0
730.10,6,0.0000,0,0,97.3224,2.6776,665.0000,0
730.10,7,0.0000,0,0,86.0986,13.9014,665.0000,0
730.10,8,7.0000,0,0,93.2337,6.7663,670.0000,0
730.10,9,0.0000,0,0,93.8227,6.1773,665.0000,0
731.10,0,46.0000,0,0,92.6188,7.3812,697.0000,0
731.10,1,0.0000,0,0,100.0000,0.0000,666.0000,0
731.10,2,0.0000,0,0,98.7212,1.2788,666.0000,0
731.10,3,80.5000,0,0,97.8350,2.1650,720.0000,0
731.10,4,88.0000,0,0,87.1667,12.8333,725.0000,0
731.10,5,95.5000,0,0,94.8449,5.1551,730.0000,0
731.10,6,0.0000,0,0,97.3224,2.6776,666.0000,0
731.10,7,0.0000,0,0,86.0986,13.9014,666.0000,0
731.10,8,7.0000,0,0,93.2337,6.7663,671.0000,0
731.10,9,0.0000,0,0,93.8227,6.1773,666.0000,0
732.10,0,46.0000,0,0,92.6188,7.3812,698.0000,0
732.10,1,0.0000,0,0,100.0000,0.0000,667.0000,0
732.10,2,0.0000,0,0,98.7212,1.2788,667.0000,0
732.10,3,80.5000,0,0,97.8350,2.1650,721.0000,0
732.10,4,88.0000,0,0,87.1667,12.8333,726.0000,0
732.10,5,95.5000,0,0,94.8449,5.1551,731.0000,0
732.10,6,0.0000,0,0,97.3224,2.6776,667.0000,0
732.10,7,0.0000,0,0,86.0986,13.9014,667.0000,0
732.10,8,7.0000,0,0,93.2337,6.7663,672.0000,0
732.10,9,0.0000,0,0,93.8227,6.1773,667.0000,0
733.10,0,46.0000,0,0,92.6188,7.3812,699.0000,0
733.10,1,0.0000,0,0,100.0000,0.0000,668.0000,0
733.10,2,0.0000,0,0,98.7212,1.2788,668.0000,0
733.10,3,80.5000,0,0,97.8350,2.1650,722.0000,0
733.10,4,88.0000,0,0,87.1667,12.8333,727.0000,0
733.10,5,95.5000,0,0,94.8449,5.1551,732.0000,0
733.10,6,0.0000,0,0,97.3224,2.6776,668.0000,0
733.10,7,0.0000,0,0,86.0986,13.9014,668.0000,0
733.10,8,7.0000,0,0,93.2337,6.7663,673.0000,0
733.10,9,0.0000,0,0,93.8227,6.1773,668.0000,0
734.10,0,46.0000,0,0,92.6188,7.3812,700.0000,0
734.10,1,0.0000,0,0,100.0000,0.0000,669.0000,0
734.10,2,0.0000,0,0,98.7212,1.2788,669.0000,0
734.10,3,80.5000,0,0,97.8350,2.1650,723.0000,0
734.10,4,88.0000,0,0,87.1667,12.8333,728.0000,0
734.10,5,95.5000,0,0,94.8449,5.1551,733.0000,0
734.10,6,0.0000,0,0,97.3224,2.6776,669.0000,0
734.10,7,0.0000,0,0,86.0986,13.9014,669.0000,0
734.10,8,7.0000,0,0,93.2337,6.7663,674.0000,0
734.10,9,0.0000,0,0,93.8227,6.1773,669.0000,0
735.10,0,46.0000,0,0,92.6188,7.3812,701.0000,0
735.10,1,0.0000,0,0,100.0000,0.0000,670.0000,0
735.10,2,0.0000,0,0,98.7212,1.2788,670.0000,0
735.10,3,80.5000,0,0,97.8350,2.1650,724.0000,0
735.10,4,88.0000,0,0,87.1667,12.8333,729.0000,0
735.10,5,95.5000,0,0,94.8449,5.1551,734.0000,0
735.10,6,0.0000,0,0,97.3224,2.6776,670.0000,0
735.10,7,0.0000,0,0,86.0986,13.9014,670.0000,0
735.10,8,7.0000,0,0,93.2337,6.7663,675.0000,0
735.10,9,0.0000,0,0,93.8227,6.1773,670.0000,0
736.10,0,46.0000,0,0,92.6188,7.3812,702.0000,0
736.10,1,0.0000,0,0,100.0000,0.0000,671.0000,0
736.10,2,0.0000,0,0,98.7212,1.2788,671.0000,0
736.10,3,80.5000,0,0,97.8350,2.1650,725.0000,0
736.10,4,88.0000,0,0,87.1667,12.8333,730.0000,0
736.10,5,95.5000,0,0,94.8449,5.1551,735.0000,0
736.10,6,0.0000,0,0,97.3224,2.6776,671.0000,0
736.10,7,0.0000,0,0,86.0986,13.9014,671.0000,0
736.10,8,7.0000,0,0,93.2337,6.7663,676.0000,0
736.10,9,0.0000,0,0,93.8227,6.1773,671.0000,0
737.10,0,46.0000,0,0,92.6188,7.3812,703.0000,0
737.10,1,0.0000,0,0,100.0000,0.0000,672.0000,0
737.10,2,0.0000,0,0,98.7212,1.2788,672.0000,0
737.10,3,80.5000,0,0,97.8350,2.1650,726.0000,0
737.10,4,88.0000,0,0,87.1667,12.8333,731.0000,0
737.10,5,95.5000,0,0,94.8449,5.1551,736.0000,0
737.10,6,0.0000,0,0,97.3224,2.6776,672.0000,0
737.10,7,0.0000,0,0,86.0986,13.9014,672.0000,0
737.10,8,7.0000,0,0,93.2337,6.7663,677.0000,0
737.10,9,0.0000,0,0,93.8227,6.1773,672.0000,0
738.10,0,46.0000,0,0,92.6188,7.3812,704.0000,0
738.10,1,0.0000,0,0,100.0000,0.0000,673.0000,0
738.10,2,0.0000,0,0,98.7212,1.2788,673.0000,0
738.10,3,80.5000,0,0,97.8350,2.1650,727.0000,0
738.10,4,88.0000,0,0,87.1667,12.8333,732.0000,0
738.10,5,95.5000,0,0,94.8449,5.1551,737.0000,0
738.10,6,0.0000,0,0,97.3224,2.6776,673.0000,0
738.10,7,0.0000,0,0,86.0986,13.9014,673.0000,0
738.10,8,7.0000,0,0,93.2337,6.7663,678.0000,0
738.10,9,0.0000,0,0,93.8227,6.1773,673.0000,0
739.10,0,46.0000,0,0,92.6188,7.3812,705.0000,0
739.10,1,0.0000,0,0,100.0000,0.0000,674.0000,0
739.10,2,0.0000,0,0,98.7212,1.2788,674.0000,0
739.10,3,80.5000,0,0,97.8350,2.1650,728.0000,0
739.10,4,88.0000,0,0,87.1667,12.8333,733.0000,0
739.10,5,95.5000,0,0,94.8449,5.1551,738.0000,0
739.10,6,0.0000,0,0,97.3224,2.6776,674.0000,0
739.10,7,0.0000,0,0,86.0986,13.9014,674.0000,0
739.10,8,7.0000,0,0,93.2337,6.7663,679.0000,0
739.10,9,0.0000,0,0,93.8227,6.1773,674.0000,0
740.10,0,46.0000,0,0,92.6188,7.3812,706.0000,0
740.10,1,0.0000,0,0,100.0000,0.0000,675.0000,0
740.10,2,0.0000,0,0,98.7212,1.2788,675.0000,0
740.10,3,80.5000,0,0,97.8350,2.1650,729.0000,0
740.10,4,88.0000,0,0,87.1667,12.8333,734.0000,0
740.10,5,95.5000,0,0,94.8449,5.1551,739.0000,0
740.10,6,0.0000,0,0,97.3224,2.6776,675.0000,0
740.10,7,0.0000,0,0,86.0986,13.9014,675.0000,0
740.10,8,7.0000,0,0,93.2337,6.7663,680.0000,0
740.10,9,0.0000,0,0,93.8227,6.1773,675.0000,0
741.10,0,46.0000,0,0,92.6188,7.3812,707.0000,0
741.10,1,0.0000,0,0,100.0000,0.0000,676.0000,0
741.10,2,0.0000,0,0,98.7212,1.2788,676.0000,0
741.10,3,80.5000,0,0,97.8350,2.1650,730.0000,0
741.10,4,88.0000,0,0,87.1667,12.8333,735.0000,0
741.10,5,95.5000,0,0,94.8449,5.1551,740.0000,0
741.10,6,0.0000,0,0,97.3224,2.6776,676.0000,0
741.10,7,0.0000,0,0,86.0986,13.9014,676.0000,0
741.10,8,7.0000,0,0,93.2337,6.7663,681.0000,0
741.10,9,0.0000,0,0,93.8227,6.1773,676.0000,0
742.10,0,46.0000,0,0,92.6188,7.3812,708.0000,0
742.10,1,0.0000,0,0,100.0000,0.0000,677.0000,0
742.10,2,0.0000,0,0,98.7212,1.2788,677.0000,0
742.10,3,80.5000,0,0,97.8350,2.1650,731.0000,0
742.10,4,88.0000,0,0,87.1667,12.8333,736.0000,0
742.10,5,95.5000,0,0,94.8449,5.1551,741.0000,0
742.10,6,0.0000,0,0,97.3224,2.6776,677.0000,0
742.10,7,0.0000,0,0,86.0986,13.9014,677.0000,0
742.10,8,7.0000,0,0,93.2337,6.7663,682.0000,0
742.10,9,0.0000,0,0,93.8227,6.1773,677.0000,0
743.10,0,46.0000,0,0,92.6188,7.3812,709.0000,0
743.10,1,0.0000,0,0,100.0000,0.0000,678.0000,0
743.10,2,0.0000,0,0,98.7212,1.2788,678.0000,0
743.10,3,80.5000,0,0,97.8350,2.1650,732.0000,0
743.10,4,88.0000,0,0,87.1667,12.8333,737.0000,0
743.10,5,95.5000,0,0,94.8449,5.1551,742.0000,0
743.10,6,0.0000,0,0,97.3224,2.6776,678.0000,0
743.10,7,0.0000,0,0,86.0986,13.9014,678.0000,0
743.10,8,7.0000,0,0,93.2337,6.7663,683.0000,0
743.10,9,0.0000,0,0,93.8227,6.1773,678.0000,0
744.10,0,46.0000,0,0,92.6188,7.3812,710.0000,0
744.10,1,0.0000,0,0,100.0000,0.0000,679.0000,0
744.10,2,0.0000,0,0,98.7212,1.2788,679.0000,0
744.10,3,80.5000,0,0,97.8350,2.1650,733.0000,0
744.10,4,88.0000,0,0,87.1667,12.8333,738.0000,0
744.10,5,95.5000,0,0,94.8449,5.1551,743.0000,0
744.10,6,0.0000,0,0,97.3224,2.6776,679.0000,0
744.10,7,0.0000,0,0,86.0986,13.9014,679.0000,0
744.10,8,7.0000,0,0,93.2337,6.7663,684.0000,0
744.10,9,0.0000,0,0,93.8227,6.1773,679.0000,0
745.10,0,46.0000,0,0,92.6188,7.3812,711.0000,0
745.10,1,0.0000,0,0,100.0000,0.0000,680.0000,0
745.10,2,0.0000,0,0,98.7212,1.2788,680.0000,0
745.10,3,80.5000,0,0,97.8350,2.1650,734.0000,0
745.10,4,88.0000,0,0,87.1667,12.8333,739.0000,0
745.10,5,95.5000,0,0,94.8449,5.1551,744.0000,0
745.10,6,0.0000,0,0,97.3224,2.6776,680.0000,0
745.10,7,0.0000,0,0,86.0986,13.9014,680.0000,0
745.10,8,7.0000,0,0,93.2337,6.7663,685.0000,0
745.10,9,0.0000,0,0,93.8227,6.1773,680.0000,0
746.10,0,46.0000,0,0,92.6188,7.3812,712.0000,0
746.10,1,0.0000,0,0,100.0000,0.0000,681.0000,0
746.10,2,0.0000,0,0,98.7212,1.2788,681.0000,0
746.10,3,80.5000,0,0,97.8350,2.1650,735.0000,0
746.10,4,88.0000,0,0,87.1667,12.8333,740.0000,0
746.10,5,95.5000,0,0,94.8449,5.1551,745.0000,0
746.10,6,0.0000,0,0,97.3224,2.6776,681.0000,0
746.10,7,0.0000,0,0,86.0986,13.9014,681.0000,0
746.10,8,7.0000,0,0,93.2337,6.7663,686.0000,0
746.10,9,0.0000,0,0,93.8227,6.1773,681.0000,0
747.10,0,46.0000,0,0,92.6188,7.3812,713.0000,0
747.10,1,0.0000,0,0,100.0000,0.0000,682.0000,0
747.10,2,0.0000,0,0,98.7212,1.2788,682.0000,0
747.10,3,80.5000,0,0,97.8350,2.1650,736.0000,0
747.10,4,88.0000,0,0,87.1667,12.8333,741.0000,0
747.10,5,95.5000,0,0,94.8449,5.1551,746.0000,0
747.10,6,0.0000,0,0,97.3224,2.6776,682.0000,0
747.10,7,0.0000,0,0,86.0986,13.9014,682.0000,0
747.10,8,7.0000,0,0,93.2337,6.7663,687.0000,0
747.10,9,0.0000,0,0,93.8227,6.1773,682.0000,0
748.10,0,46.0000,0,0,92.6188,7.3812,714.0000,0
748.10,1,0.0000,0,0,100.0000,0.0000,683.0000,0
748.10,2,0.0000,0,0,98.7212,1.2788,683.0000,0
748.10,3,80.5000,0,0,97.8350,2.1650,737.0000,0
748.10,4,88.0000,0,0,87.1667,12.8333,742.0000,0
748.10,5,95.5000,0,0,94.8449,5.1551,747.0000,0
748.10,6,0.0000,0,0,97.3224,2.6776,683.0000,0
748.10,7,0.0000,0,0,86.0986,13.9014,683.0000,0
748.10,8,7.0000,0,0,93.2337,6.7663,688.0000,0
748.10,9,0.0000,0,0,93.8227,6.1773,683.0000,0
749.10,0,46.0000,0,0,92.6188,7.3812,715.0000,0
749.10,1,0.0000,0,0,100.0000,0.0000,684.0000,0
749.10,2,0.0000,0,0,98.7212,1.2788,684.0000,0
749.10,3,80.5000,0,0,97.8350,2.1650,738.0000,0
749.10,4,88.0000,0,0,87.1667,12.8333,743.0000,0
749.10,5,95.5000,0,0,94.8449,5.1551,748.0000,0
749.10,6,0.0000,0,0,97.3224,2.6776,684.0000,0
749.10,7,0.0000,0,0,86.0986,13.9014,684.0000,0
749.10,8,7.0000,0,0,93.2337,6.7663,689.0000,0
749.10,9,0.0000,0,0,93.8227,6.1773,684.0000,0
750.10,0,46.0000,0,0,92.6188,7.3812,716.0000,0
750.10,1,0.0000,0,0,100.0000,0.0000,685.0000,0
750.10,2,0.0000,0,0,98.7212,1.2788,685.0000,0
750.10,3,80.5000,0,0,97.8350,2.1650,739.0000,0
750.10,4,88.0000,0,0,87.1667,12.8333,744.0000,0
750.10,5,95.5000,0,0,94.8449,5.1551,749.0000,0
750.10,6,0.0000,0,0,97.3224,2.6776,685.0000,0
750.10,7,0.0000,0,0,86.0986,13.9014,685.0000,0
750.10,8,7.0000,0,0,93.2337,6.7663,690.0000,0
750.10,9,0.0000,0,0,93.8227,6.1773,685.0000,0
751.10,0,46.0000,0,0,92.6188,7.3812,717.0000,0
751.10,1,0.0000,0,0,100.0000,0.0000,686.0000,0
751.10,2,0.0000,0,0,98.7212,1.2788,686.0000,0
751.10,3,80.5000,0,0,97.8350,2.1650,740.0000,0
751.10,4,88.0000,0,0,87.1667,12.8333,745.0000,0
751.10,5,95.5000,0,0,94.8449,5.1551,750.0000,0
751.10,6,0.0000,0,0,97.3224,2.6776,686.0000,0
751.10,7,0.0000,0,0,86.0986,13.9014,686.0000,0
751.10,8,7.0000,0,0,93.2337,6.7663,691.0000,0
751.10,9,0.0000,0,0,93.8227,6.1773,686.0000,0
752.10,0,46.0000,0,0,92.6188,7.3812,718.0000,0
752.10,1,0.0000,0,0,100.0000,0.0000,687.0000,0
752.10,2,0.0000,0,0,98.7212,1.2788,687.0000,0
752.10,3,80.5000,0,0,97.8350,2.1650,741.0000,0
752.10,4,88.0000,0,0,87.1667,12.8333,746.0000,0
752.10,5,95.5000,0,0,94.8449,5.1551,751.0000,0
752.10,6,0.0000,0,0,97.3224,2.6776,687.0000,0
752.10,7,0.0000,0,0,86.0986,13.9014,687.0000,0
752.10,8,7.0000,0,0,93.2337,6.7663,692.0000,0
752.10,9,0.0000,0,0,93.8227,6.1773,687.0000,0
753.10,0,46.0000,0,0,92.6188,7.3812,719.0000,0
753.10,1,0.0000,0,0,100.0000,0.0000,688.0000,0
753.10,2,0.0000,0,0,98.7212,1.2788,688.0000,0
753.10,3,80.5000,0,0,97.8350,2.1650,742.0000,0
753.10,4,88.0000,0,0,87.1667,12.8333,747.0000,0
753.10,5,95.5000,0,0,94.8449,5.1551,752.0000,0
753.10,6,0.0000,0,0,97.3224,2.6776,688.0000,0
753.10,7,0.0000,0,0,86.0986,13.9014,688.0000,0
753.10,8,7.0000,0,0,93.2337,6.7663,693.0000,0
753.10,9,0.0000,0,0,93.8227,6.1773,688.0000,0
754.10,0,46.0000,0,0,92.6188,7.3812,720.0000,0
754.10,1,0.0000,0,0,100.0000,0.0000,689.0000,0
754.10,2,0.0000,0,0,98.7212,1.2788,689.0000,0
754.10,3,80.5000,0,0,97.8350,2.1650,743.0000,0
754.10,4,88.0000,0,0,87.1667,12.8333,748.0000,0
754.10,5,95.5000,0,0,94.8449,5.1551,753.0000,0
754.10,6,0.0000,0,0,97.3224,2.6776,689.0000,0
754.10,7,0.0000,0,0,86.0986,13.9014,689.0000,0
754.10,8,7.0000,0,0,93.2337,6.7663,694.0000,0
754.10,9,0.0000,0,0,93.8227,6.1773,689.0000,0
755.10,0,46.0000,0,0,92.6188,7.3812,721.0000,0
755.10,1,0.0000,0,0,100.0000,0.0000,690.0000,0
755.10,2,0.0000,0,0,98.7212,1.2788,690.0000,0
755.10,3,80.5000,0,0,97.8350,2.1650,744.0000,0
755.10,4,88.0000,0,0,87.1667,12.8333,749.0000,0
755.10,5,95.5000,0,0,94.8449,5.1551,754.0000,0
755.10,6,0.0000,0,0,97.3224,2.6776,690.0000,0
755.10,7,0.0000,0,0,86.0986,13.9014,690.0000,0
755.10,8,7.0000,0,0,93.2337,6.7663,695.0000,0
755.10,9,0.0000,0,0,93.8227,6.1773,690.0000,0
756.10,0,46.0000,0,0,92.6188,7.3812,722.0000,0
756.10,1,0.0000,0,0,100.0000,0.0000,691.0000,0
756.10,2,0.0000,0,0,98.7212,1.2788,691.0000,0
756.10,3,80.5000,0,0,97.8350,2.1650,745.0000,0
756.10,4,88.0000,0,0,87.1667,12.8333,750.0000,0
756.10,5,95.5000,0,0,94.8449,5.1551,755.0000,0
756.10,6,0.0000,0,0,97.3224,2.6776,691.0000,0
756.10,7,0.0000,0,0,86.0986,13.9014,691.0000,0
756.10,8,7.0000,0,0,93.2337,6.7663,696.0000,0
756.10,9,0.0000,0,0,93.8227,6.1773,691.0000,0
757.10,0,46.0000,0,0,92.6188,7.3812,723.0000,0
757.10,1,0.0000,0,0,100.0000,0.0000,692.0000,0
757.10,2,0.0000,0,0,98.7212,1.2788,692.0000,0
757.10,3,80.5000,0,0,97.8350,2.1650,746.0000,0
757.10,4,88.0000,0,0,87.1667,12.8333,751.0000,0
757.10,5,95.5000,0,0,94.8449,5.1551,756.0000,0
757.10,6,0.0000,0,0,97.3224,2.6776,692.0000,0
757.10,7,0.0000,0,0,86.0986,13.9014,692.0000,0
757.10,8,7.0000,0,0,93.2337,6.7663,697.0000,0
757.10,9,0.0000,0,0,93.8227,6.1773,692.0000,0
758.10,0,46.0000,0,0,92.6188,7.3812,724.0000,0
758.10,1,0.0000,0,0,100.0000,0.0000,693.0000,0
758.10,2,0.0000,0,0,98.7212,1.2788,693.0000,0
758.10,3,80.5000,0,0,97.8350,2.1650,747.0000,0
758.10,4,88.0000,0,0,87.1667,12.8333,752.0000,0
758.10,5,95.5000,0,0,94.8449,5.1551,757.0000,0
758.10,6,0.0000,0,0,97.3224,2.6776,693.0000,0
758.10,7,0.0000,0,0,86.0986,13.9014,693.0000,0
758.10,8,7.0000,0,0,93.2337,6.7663,698.0000,0
758.10,9,0.0000,0,0,93.8227,6.1773,693.0000,0
759.10,0,46.0000,0,0,92.6188,7.3812,725.0000,0
759.10,1,0.0000,0,0,100.0000,0.0000,694.0000,0
759.10,2,0.0000,0,0,98.7212,1.2788,694.0000,0
759.10,3,80.5000,0,0,97.8350,2.1650,748.0000,0
759.10,4,88.0000,0,0,87.1667,12.8333,753.0000,0
759.10,5,95.5000,0,0,94.8449,5.1551,758.0000,0
759.10,6,0.0000,0,0,97.3224,2.6776,694.0000,0
759.10,7,0.0000,0,0,86.0986,13.9014,694.0000,0
759.10,8,7.0000,0,0,93.2337,6.7663,699.0000,0
759.10,9,0.0000,0,0,93.8227,6.1773,694.0000,0
760.10,0,46.0000,0,0,92.6188,7.3812,726.0000,0
760.10,1,0.0000,0,0,100.0000,0.0000,695.0000,0
760.10,2,0.0000,0,0,98.7212,1.2788,695.0000,0
760.10,3,80.5000,0,0,97.8350,2.1650,749.0000,0
760.10,4,88.0000,0,0,87.1667,12.8333,754.0000,0
760.10,5,95.5000,0,0,94.8449,5.1551,759.0000,0
760.10,6,0.0000,0,0,97.3224,2.6776,695.0000,0
760.10,7,0.0000,0,0,86.0986,13.9014,695.0000,0
760.10,8,7.0000,0,0,93.2337,6.7663,700.0000,0
760.10,9,0.0000,0,0,93.8227,6.1773,695.0000,0
761.10,0,46.0000,0,0,92.6188,7.3812,727.0000,0
761.10,1,0.0000,0,0,100.0000,0.0000,696.0000,0
761.10,2,0.0000,0,0,98.7212,1.2788,696.0000,0
761.10,3,80.5000,0,0,97.8350,2.1650,750.0000,0
761.10,4,88.0000,0,0,87.1667,12.8333,755.0000,0
761.10,5,95.5000,0,0,94.8449,5.1551,760.0000,0
761.10,6,0.0000,0,0,97.3224,2.6776,696.0000,0
761.10,7,0.0000,0,0,86.0986,13.9014,696.0000,0
761.10,8,7.0000,0,0,93.2337,6.7663,701.0000,0
761.10,9,0.0000,0,0,93.8227,6.1773,696.0000,0
762.10,0,46.0000,0,0,92.6188,7.3812,728.0000,0
762.10,1,0.0000,0,0,100.0000,0.0000,697.0000,0
762.10,2,0.0000,0,0,98.7212,1.2788,697.0000,0
762.10,3,80.5000,0,0,97.8350,2.1650,751.0000,0
762.10,4,88.0000,0,0,87.1667,12.8333,756.0000,0
762.10,5,95.5000,0,0,94.8449,5.1551,761.0000,0
762.10,6,0.0000,0,0,97.3224,2.6776,697.0000,0
762.10,7,0.0000,0,0,86.0986,13.9014,697.0000,0
762.10,8,7.0000,0,0,93.2337,6.7663,702.0000,0
762.10,9,0.0000,0,0,93.8227,6.1773,697.0000,0
763.10,0,46.0000,0,0,92.6188,7.3812,729.0000,0
763.10,1,0.0000,0,0,100.0000,0.0000,698.0000,0
763.10,2,0.0000,0,0,98.7212,1.2788,698.0000,0
763.10,3,80.5000,0,0,97.8350,2.1650,752.0000,0
763.10,4,88.0000,0,0,87.1667,12.8333,757.0000,0
763.10,5,95.5000,0,0,94.8449,5.1551,762.0000,0
763.10,6,0.0000,0,0,97.3224,2.6776,698.0000,0
763.10,7,0.0000,0,0,86.0986,13.9014,698.0000,0
763.10,8,7.0000,0,0,93.2337,6.7663,703.0000,0
763.10,9,0.0000,0,0,93.8227,6.1773,698.0000,0
764.10,0,46.0000,0,0,92.6188,7.3812,730.0000,0
764.10,1,0.0000,0,0,100.0000,0.0000,699.0000,0
764.10,2,0.0000,0,0,98.7212,1.2788,699.0000,0
764.10,3,80.5000,0,0,97.8350,2.1650,753.0000,0
764.10,4,88.0000,0,0,87.1667,12.8333,758.0000,0
764.10,5,95.5000,0,0,94.8449,5.1551,763.0000,0
764.10,6,0.0000,0,0,97.3224,2.6776,699.0000,0
764.10,7,0.0000,0,0,86.0986,13.9014,699.0000,0
764.10,8,7.0000,0,0,93.2337,6.7663,704.0000,0
764.10,9,0.0000,0,0,93.8227,6.1773,699.0000,0
765.10,0,46.0000,0,0,92.6188,7.3812,731.0000,0
765.10,1,0.0000,0,0,100.0000,0.0000,700.0000,0
765.10,2,0.0000,0,0,98.7212,1.2788,700.0000,0
765.10,3,80.5000,0,0,97.8350,2.1650,754.0000,0
765.10,4,88.0000,0,0,87.1667,12.8333,759.0000,0
765.10,5,95.5000,0,0,94.8449,5.1551,764.0000,0
765.10,6,0.0000,0,0,97.3224,2.6776,700.0000,0
765.10,7,0.0000,0,0,86.0986,13.9014,700.0000,0
765.10,8,7.0000,0,0,93.2337,6.7663,705.0000,0
765.10,9,0.0000,0,0,93.8227,6.1773,700.0000,0
766.10,0,46.0000,0,0,92.6188,7.3812,732.0000,0
766.10,1,0.0000,0,0,100.0000,0.0000,701.0000,0
766.10,2,0.0000,0,0,98.7212,1.2788,701.0000,0
766.10,3,80.5000,0,0,97.8350,2.1650,755.0000,0
766.10,4,88.0000,0,0,87.1667,12.8333,760.0000,0
766.10,5,95.5000,0,0,94.8449,5.1551,765.0000,0
766.10,6,0.0000,0,0,97.3224,2.6776,701.0000,0
766.10,7,0.0000,0,0,86.0986,13.9014,701.0000,0
766.10,8,7.0000,0,0,93.2337,6.7663,706.0000,0
766.10,9,0.0000,0,0,93.8227,6.1773,701.0000,0
767.10,0,46.0000,0,0,92.6188,7.3812,733.0000,0
767.10,1,0.0000,0,0,100.0000,0.0000,702.0000,0
767.10,2,0.0000,0,0,98.7212,1.2788,702.0000,0
767.10,3,80.5000,0,0,97.8350,2.1650,756.0000,0
767.10,4,88.0000,0,0,87.1667,12.8333,761.0000,0
767.10,5,95.5000,0,0,94.8449,5.1551,766.0000,0
767.10,6,0.0000,0,0,97.3224,2.6776,702.0000,0
767.10,7,0.0000,0,0,86.0986,13.9014,702.0000,0
767.10,8,7.0000,0,0,93.2337,6.7663,707.0000,0
767.10,9,0.0000,0,0,93.8227,6.1773,702.0000,0
768.10,0,46.0000,0,0,92.6188,7.3812,734.0000,0
768.10,1,0.0000,0,0,100.0000,0.0000,703.0000,0
768.10,2,0.0000,0,0,98.7212,1.2788,703.0000,0
768.10,3,80.5000,0,0,97.8350,2.1650,757.0000,0
768.10,4,88.0000,0,0,87.1667,12.8333,762.0000,0
768.10,5,95.5000,0,0,94.8449,5.1551,767.0000,0
768.10,6,0.0000,0,0,97.3224,2.6776,703.0000,0
768.10,7,0.0000,0,0,86.0986,13.9014,703.0000,0
768.10,8,7.0000,0,0,93.2337,6.7663,708.0000,0
768.10,9,0.0000,0,0,93.8227,6.1773,703.0000,0
769.10,0,46.0000,0,0,92.6188,7.3812,735.0000,0
769.10,1,0.0000,0,0,100.0000,0.0000,704.0000,0
769.10,2,0.0000,0,0,98.7212,1.2788,704.0000,0
769.10,3,80.5000,0,0,97.8350,2.1650,758.0000,0
769.10,4,88.0000,0,0,87.1667,12.8333,763.0000,0
769.10,5,95.5000,0,0,94.8449,5.1551,768.0000,0
769.10,6,0.0000,0,0,97.3224,2.6776,704.0000,0
769.10,7,0.0000,0,0,86.0986,13.9014,704.0000,0
769.10,8,7.0000,0,0,93.2337,6.7663,709.0000,0
769.10,9,0.0000,0,0,93.8227,6.1773,704.0000,0
770.10,0,46.0000,0,0,92.6188,7.3812,736.0000,0
770.10,1,0.0000,0,0,100.0000,0.0000,705.0000,0
770.10,2,0.0000,0,0,98.7212,1.2788,705.0000,0
770.10,3,80.5000,0,0,97.8350,2.1650,759.0000,0
770.10,4,88.0000,0,0,87.1667,12.8333,764.0000,0
770.10,5,95.5000,0,0,94.8449,5.1551,769.0000,0
770.10,6,0.0000,0,0,97.3224,2.6776,705.0000,0
770.10,7,0.0000,0,0,86.0986,13.9014,705.0000,0
770.10,8,7.0000,0,0,93.2337,6.7663,710.0000,0
770.10,9,0.0000,0,0,93.8227,6.1773,705.0000,0
771.10,0,46.0000,0,0,92.6188,7.3812,737.0000,0
771.10,1,0.0000,0,0,100.0000,0.0000,706.0000,0
771.10,2,0.0000,0,0,98.7212,1.2788,706.0000,0
771.10,3,80.5000,0,0,97.8350,2.1650,760.0000,0
771.10,4,88.0000,0,0,87.1667,12.8333,765.0000,0
771.10,5,95.5000,0,0,94.8449,5.1551,770.0000,0
771.10,6,0.0000,0,0,97.3224,2.6776,706.0000,0
771.10,7,0.0000,0,0,86.0986,13.9014,706.0000,0
771.10,8,7.0000,0,0,93.2337,6.7663,711.0000,0
771.10,9,0.0000,0,0,93.8227,6.1773,706.0000,0
772.10,0,46.0000,0,0,92.6188,7.3812,738.0000,0
772.10,1,0.0000,0,0,100.0000,0.0000,707.0000,0
772.10,2,0.0000,0,0,98.7212,1.2788,707.0000,0
772.10,3,80.5000,0,0,97.8350,2.1650,761.0000,0
772.10,4,88.0000,0,0,87.1667,12.8333,766.0000,0
772.10,5,95.5000,0,0,94.8449,5.1551,771.0000,0
772.10,6,0.0000,0,0,97.3224,2.6776,707.0000,0
772.10,7,0.0000,0,0,86.0986,13.9014,707.0000,0
772.10,8,7.0000,0,0,93.2337,6.7663,712.0000,0
772.10,9,0.0000,0,0,93.8227,6.1773,707.0000,0
773.10,0,46.0000,0,0,92.6188,7.3812,739.0000,0
773.10,1,0.0000,0,0,100.0000,0.0000,708.0000,0
773.10,2,0.0000,0,0,98.7212,1.2788,708.0000,0
773.10,3,80.5000,0,0,97.8350,2.1650,762.0000,0
773.10,4,88.0000,0,0,87.1667,12.8333,767.0000,0
773.10,5,95.5000,0,0,94.8449,5.1551,772.0000,0
773.10,6,0.0000,0,0,97.3224,2.6776,708.0000,0
773.10,7,0.0000,0,0,86.0986,13.9014,708.0000,0
773.10,8,7.0000,0,0,93.2337,6.7663,713.0000,0
773.10,9,0.0000,0,0,93.8227,6.1773,708.0000,0
774.10,0,46.0000,0,0,92.6188,7.3812,740.0000,0
774.10,1,0.0000,0,0,100.0000,0.0000,709.0000,0
774.10,2,0.0000,0,0,98.7212,1.2788,709.0000,0
774.10,3,80.5000,0,0,97.8350,2.1650,763.0000,0
774.10,4,88.0000,0,0,87.1667,12.8333,768.0000,0
774.10,5,95.5000,0,0,94.8449,5.1551,773.0000,0
774.10,6,0.0000,0,0,97.3224,2.6776,709.0000,0
774.10,7,0.0000,0,0,86.0986,13.9014,709.0000,0
774.10,8,7.0000,0,0,93.2337,6.7663,714.0000,0
774.10,9,0.0000,0,0,93.8227,6.1773,709.0000,0
775.10,0,46.0000,0,0,92.6188,7.3812,741.0000,0
775.10,1,0.0000,0,0,100.0000,0.0000,710.0000,0
775.10,2,0.0000,0,0,98.7212,1.2788,710.0000,0
775.10,3,80.5000,0,0,97.8350,2.1650,764.0000,0
775.10,4,88.0000,0,0,87.1667,12.8333,769.0000,0
775.10,5,95.5000,0,0,94.8449,5.1551,774.0000,0
775.10,6,0.0000,0,0,97.3224,2.6776,710.0000,0
775.10,7,0.0000,0,0,86.0986,13.9014,710.0000,0
775.10,8,7.0000,0,0,93.2337,6.7663,715.0000,0
775.10,9,0.0000,0,0,93.8227,6.1773,710.0000,0
776.10,0,46.0000,0,0,92.6188,7.3812,742.0000,0
776.10,1,0.0000,0,0,100.0000,0.0000,711.0000,0
776.10,2,0.0000,0,0,98.7212,1.2788,711.0000,0
776.10,3,80.5000,0,0,97.8350,2.1650,765.0000,0
776.10,4,88.0000,0,0,87.1667,12.8333,770.0000,0
776.10,5,95.5000,0,0,94.8449,5.1551,775.0000,0
776.10,6,0.0000,0,0,97.3224,2.6776,711.0000,0
776.10,7,0.0000,0,0,86.0986,13.9014,711.0000,0
776.10,8,7.0000,0,0,93.2337,6.7663,716.0000,0
776.10,9,0.0000,0,0,93.8227,6.1773,711.0000,0
777.10,0,46.0000,0,0,92.6188,7.3812,743.0000,0
777.10,1,0.0000,0,0,100.0000,0.0000,712.0000,0
777.10,2,0.0000,0,0,98.7212,1.2788,712.0000,0
777.10,3,80.5000,0,0,97.8350,2.1650,766.0000,0
777.10,4,88.0000,0,0,87.1667,12.8333,771.0000,0
777.10,5,95.5000,0,0,94.8449,5.1551,776.0000,0
777.10,6,0.0000,0,0,97.3224,2.6776,712.0000,0
777.10,7,0.0000,0,0,86.0986,13.9014,712.0000,0
777.10,8,7.0000,0,0,93.2337,6.7663,717.0000,0
777.10,9,0.0000,0,0,93.8227,6.1773,712.0000,0
778.10,0,46.0000,0,0,92.6188,7.3812,744.0000,0
778.10,1,0.0000,0,0,100.0000,0.0000,713.0000,0
778.10,2,0.0000,0,0,98.7212,1.2788,713.0000,0
778.10,3,80.5000,0,0,97.8350,2.1650,767.0000,0
778.10,4,88.0000,0,0,87.1667,12.8333,772.0000,0
778.10,5,95.5000,0,0,94.8449,5.1551,777.0000,0
778.10,6,0.0000,0,0,97.3224,2.6776,713.0000,0
778.10,7,0.0000,0,0,86.0986,13.9014,713.0000,0
778.10,8,7.0000,0,0,93.2337,6.7663,718.0000,0
778.10,9,0.0000,0,0,93.8227,6.1773,713.0000,0
779.10,0,46.0000,0,0,92.6188,7.3812,745.0000,0
779.10,1,0.0000,0,0,100.0000,0.0000,714.0000,0
779.10,2,0.0000,0,0,98.7212,1.2788,714.0000,0
779.10,3,80.5000,0,0,97.8350,2.1650,768.0000,0
779.10,4,88.0000,0,0,87.1667,12.8333,773.0000,0
779.10,5,95.5000,0,0,94.8449,5.1551,778.0000,0
779.10,6,0.0000,0,0,97.3224,2.6776,714.0000,0
779.10,7,0.0000,0,0,86.0986,13.9014,714.0000,0
779.10,8,7.0000,0,0,93.2337,6.7663,719.0000,0
779.10,9,0.0000,0,0,93.8227,6.1773,714.0000,0
780.10,0,46.0000,0,0,92.6188,7.3812,746.0000,0
780.10,1,0.0000,0,0,100.0000,0.0000,715.0000,0
780.10,2,0.0000,0,0,98.7212,1.2788,715.0000,0
780.10,3,80.5000,0,0,97.8350,2.1650,769.0000,0
780.10,4,88.0000,0,0,87.1667,12.8333,774.0000,0
780.10,5,95.5000,0,0,94.8449,5.1551,779.0000,0
780.10,6,0.0000,0,0,97.3224,2.6776,715.0000,0
780.10,7,0.0000,0,0,86.0986,13.9014,715.0000,0
780.10,8,7.0000,0,0,93.2337,6.7663,720.0000,0
780.10,9,0.0000,0,0,93.8227,6.1773,715.0000,0
781.10,0,46.0000,0,0,92.6188,7.3812,747.0000,0
781.10,1,0.0000,0,0,100.0000,0.0000,716.0000,0
781.10,2,0.0000,0,0,98.7212,1.2788,716.0000,0
781.10,3,80.5000,0,0,97.8350,2.1650,770.0000,0
781.10,4,88.0000,0,0,87.1667,12.8333,775.0000,0
781.10,5,95.5000,0,0,94.8449,5.1551,780.0000,0
781.10,6,0.0000,0,0,97.3224,2.6776,716.0000,0
781.10,7,0.0000,0,0,86.0986,13.9014,716.0000,0
781.10,8,7.0000,0,0,93.2337,6.7663,721.0000,0
781.10,9,0.0000,0,0,93.8227,6.1773,716.0000,0
782.10,0,46.0000,0,0,92.6188,7.3812,748.0000,0
782.10,1,0.0000,0,0,100.0000,0.0000,717.0000,0
782.10,2,0.0000,0,0,98.7212,1.2788,717.0000,0
782.10,3,80.5000,0,0,97.8350,2.1650,771.0000,0
782.10,4,88.0000,0,0,87.1667,12.8333,776.0000,0
782.10,5,95.5000,0,0,94.8449,5.1551,781.0000,0
782.10,6,0.0000,0,0,97.3224,2.6776,717.0000,0
782.10,7,0.0000,0,0,86.0986,13.9014,717.0000,0
782.10,8,7.0000,0,0,93.2337,6.7663,722.0000,0
782.10,9,0.0000,0,0,93.8227,6.1773,717.0000,0
783.10,0,46.0000,0,0,92.6188,7.3812,749.0000,0
783.10,1,0.0000,0,0,100.0000,0.0000,718.0000,0
783.10,2,0.0000,0,0,98.7212,1.2788,718.0000,0
783.10,3,80.5000,0,0,97.8350,2.1650,772.0000,0
783.10,4,88.0000,0,0,87.1667,12.8333,777.0000,0
783.10,5,95.5000,0,0,94.8449,5.1551,782.0000,0
783.10,6,0.0000,0,0,97.3224,2.6776,718.0000,0
783.10,7,0.0000,0,0,86.0986,13.9014,718.0000,0
783.10,8,7.0000,0,0,93.2337,6.7663,723.0000,0
783.10,9,0.0000,0,0,93.8227,6.1773,718.0000,0
784.10,0,46.0000,0,0,92.6188,7.3812,750.0000,0
784.10,1,0.0000,0,0,100.0000,0.0000,719.0000,0
784.10,2,0.0000,0,0,98.7212,1.2788,719.0000,0
784.10,3,80.5000,0,0,97.8350,2.1650,773.0000,0
784.10,4,88.0000,0,0,87.1667,12.8333,778.0000,0
784.10,5,95.5000,0,0,94.8449,5.1551,783.0000,0
784.10,6,0.0000,0,0,97.3224,2.6776,719.0000,0
784.10,7,0.0000,0,0,86.0986,13.9014,719.0000,0
784.10,8,7.0000,0,0,93.2337,6.7663,724.0000,0
784.10,9,0.0000,0,0,93.8227,6.1773,719.0000,0
785.10,0,46.0000,0,0,92.6188,7.3812,751.0000,0
785.10,1,0.0000,0,0,100.0000,0.0000,720.0000,0
785.10,2,0.0000,0,0,98.7212,1.2788,720.0000,0
785.10,3,80.5000,0,0,97.8350,2.1650,774.0000,0
785.10,4,88.0000,0,0,87.1667,12.8333,779.0000,0
785.10,5,95.5000,0,0,94.8449,5.1551,784.0000,0
785.10,6,0.0000,0,0,97.3224,2.6776,720.0000,0
785.10,7,0.0000,0,0,86.0986,13.9014,720.0000,0
785.10,8,7.0000,0,0,93.2337,6.7663,725.0000,0
785.10,9,0.0000,0,0,93.8227,6.1773,720.0000,0
786.10,0,46.0000,0,0,92.6188,7.3812,752.0000,0
786.10,1,0.0000,0,0,100.0000,0.0000,721.0000,0
786.10,2,0.0000,0,0,98.7212,1.2788,721.0000,0
786.10,3,80.5000,0,0,97.8350,2.1650,775.0000,0
786.10,4,88.0000,0,0,87.1667,12.8333,780.0000,0
786.10,5,95.5000,0,0,94.8449,5.1551,785.0000,0
786.10,6,0.0000,0,0,97.3224,2.6776,721.0000,0
786.10,7,0.0000,0,0,86.0986,13.9014,721.0000,0
786.10,8,7.0000,0,0,93.2337,6.7663,726.0000,0
786.10,9,0.0000,0,0,93.8227,6.1773,721.0000,0
787.10,0,46.0000,0,0,92.6188,7.3812,753.0000,0
787.10,1,0.0000,0,0,100.0000,0.0000,722.0000,0
787.10,2,0.0000,0,0,98.7212,1.2788,722.0000,0
787.10,3,80.5000,0,0,97.8350,2.1650,776.0000,0
787.10,4,88.0000,0,0,87.1667,12.8333,781.0000,0
787.10,5,95.5000,0,0,94.8449,5.1551,786.0000,0
787.10,6,0.0000,0,0,97.3224,2.6776,722.0000,0
787.10,7,0.0000,0,0,86.0986,13.9014,722.0000,0
787.10,8,7.0000,0,0,93.2337,6.7663,727.0000,0
787.10,9,0.0000,0,0,93.8227,6.1773,722.0000,0
788.10,0,46.0000,0,0,92.6188,7.3812,754.0000,0
788.10,1,0.0000,0,0,100.0000,0.0000,723.0000,0
788.10,2,0.0000,0,0,98.7212,1.2788,723.0000,0
788.10,3,80.5000,0,0,97.8350,2.1650,777.0000,0
788.10,4,88.0000,0,0,87.1667,12.8333,782.0000,0
788.10,5,95.5000,0,0,94.8449,5.1551,787.0000,0
788.10,6,0.0000,0,0,97.3224,2.6776,723.0000,0
788.10,7,0.0000,0,0,86.0986,13.9014,723.0000,0
788.10,8,7.0000,0,0,93.2337,6.7663,728.0000,0
788.10,9,0.0000,0,0,93.8227,6.1773,723.0000,0
789.10,0,46.0000,0,0,92.6188,7.3812,755.0000,0
789.10,1,0.0000,0,0,100.0000,0.0000,724.0000,0
789.10,2,0.0000,0,0,98.7212,1.2788,724.0000,0
789.10,3,80.5000,0,0,97.8350,2.1650,778.0000,0
789.10,4,88.0000,0,0,87.1667,12.8333,783.0000,0
789.10,5,95.5000,0,0,94.8449,5.1551,788.0000,0
789.10,6,0.0000,0,0,97.3224,2.6776,724.0000,0
789.10,7,0.0000,0,0,86.0986,13.9014,724.0000,0
789.10,8,7.0000,0,0,93.2337,6.7663,729.0000,0
789.10,9,0.0000,0,0,93.8227,6.1773,724.0000,0
790.10,0,46.0000,0,0,92.6188,7.3812,756.0000,0
790.10,1,0.0000,0,0,100.0000,0.0000,725.0000,0
790.10,2,0.0000,0,0,98.7212,1.2788,725.0000,0
790.10,3,80.5000,0,0,97.8350,2.1650,779.0000,0
790.10,4,88.0000,0,0,87.1667,12.8333,784.0000,0
790.10,5,95.5000,0,0,94.8449,5.1551,789.0000,0
790.10,6,0.0000,0,0,97.3224,2.6776,725.0000,0
790.10,7,0.0000,0,0,86.0986,13.9014,725.0000,0
790.10,8,7.0000,0,0,93.2337,6.7663,730.0000,0
790.10,9,0.0000,0,0,93.8227,6.1773,725.0000,0
791.10,0,46.0000,0,0,92.6188,7.3812,757.0000,0
791.10,1,0.0000,0,0,100.0000,0.0000,726.0000,0
791.10,2,0.0000,0,0,98.7212,1.2788,726.0000,0
791.10,3,80.5000,0,0,97.8350,2.1650,780.0000,0
791.10,4,88.0000,0,0,87.1667,12.8333,785.0000,0
791.10,5,95.5000,0,0,94.8449,5.1551,790.0000,0
791.10,6,0.0000,0,0,97.3224,2.6776,726.0000,0
791.10,7,0.0000,0,0,86.0986,13.9014,726.0000,0
791.10,8,7.0000,0,0,93.2337,6.7663,731.0000,0
791.10,9,0.0000,0,0,93.8227,6.1773,726.0000,0
792.10,0,46.0000,0,0,92.6188,7.3812,758.0000,0
792.10,1,0.0000,0,0,100.0000,0.0000,727.0000,0
792.10,2,0.0000,0,0,98.7212,1.2788,727.0000,0
792.10,3,80.5000,0,0,97.8350,2.1650,781.0000,0
792.10,4,88.0000,0,0,87.1667,12.8333,786.0000,0
792.10,5,95.5000,0,0,94.8449,5.1551,791.0000,0
792.10,6,0.0000,0,0,97.3224,2.6776,727.0000,0
792.10,7,0.0000,0,0,86.0986,13.9014,727.0000,0
792.10,8,7.0000,0,0,93.2337,6.7663,732.0000,0
792.10,9,0.0000,0,0,93.8227,6.1773,727.0000,0
793.10,0,46.0000,0,0,92.6188,7.3812,759.0000,0
793.10,1,0.0000,0,0,100.0000,0.0000,728.0000,0
793.10,2,0.0000,0,0,98.7212,1.2788,728.0000,0
793.10,3,80.5000,0,0,97.8350,2.1650,782.0000,0
793.10,4,88.0000,0,0,87.1667,12.8333,787.0000,0
793.10,5,95.5000,0,0,94.8449,5.1551,792.0000,0
793.10,6,0.0000,0,0,97.3224,2.6776,728.0000,0
793.10,7,0.0000,0,0,86.0986,13.9014,728.0000,0
793.10,8,7.0000,0,0,93.2337,6.7663,733.0000,0
793.10,9,0.0000,0,0,93.8227,6.1773,728.0000,0
794.10,0,46.0000,0,0,92.6188,7.3812,760.0000,0
794.10,1,0.0000,0,0,100.0000,0.0000,729.0000,0
794.10,2,0.0000,0,0,98.7212,1.2788,729.0000,0
794.10,3,80.5000,0,0,97.8350,2.1650,783.0000,0
794.10,4,88.0000,0,0,87.1667,12.8333,788.0000,0
794.10,5,95.5000,0,0,94.8449,5.1551,793.0000,0
794.10,6,0.0000,0,0,97.3224,2.6776,729.0000,0
794.10,7,0.0000,0,0,86.0986,13.9014,729.0000,0
794.10,8,7.0000,0,0,93.2337,6.7663,734.0000,0
794.10,9,0.0000,0,0,93.8227,6.1773,729.0000,0
795.10,0,46.0000,0,0,92.6188,7.3812,761.0000,0
795.10,1,0.0000,0,0,100.0000,0.0000,730.0000,0
795.10,2,0.0000,0,0,98.7212,1.2788,730.0000,0
795.10,3,80.5000,0,0,97.8350,2.1650,784.0000,0
795.10,4,88.0000,0,0,87.1667,12.8333,789.0000,0
795.10,5,95.5000,0,0,94.8449,5.1551,794.0000,0
795.10,6,0.0000,0,0,97.3224,2.6776,730.0000,0
795.10,7,0.0000,0,0,86.0986,13.9014,730.0000,0
795.10,8,7.0000,0,0,93.2337,6.7663,735.0000,0
795.10,9,0.0000,0,0,93.8227,6.1773,730.0000,0
796.10,0,46.0000,0,0,92.6188,7.3812,762.0000,0
796.10,1,0.0000,0,0,100.0000,0.0000,731.0000,0
796.10,2,0.0000,0,0,98.7212,1.2788,731.0000,0
796.10,3,80.5000,0,0,97.8350,2.1650,785.0000,0
796.10,4,88.0000,0,0,87.1667,12.8333,790.0000,0
796.10,5,95.5000,0,0,94.8449,5.1551,795.0000,0
796.10,6,0.0000,0,0,97.3224,2.6776,731.0000,0
796.10,7,0.0000,0,0,86.0986,13.9014,731.0000,0
796.10,8,7.0000,0,0,93.2337,6.7663,736.0000,0
796.10,9,0.0000,0,0,93.8227,6.1773,731.0000,0
797.10,0,46.0000,0,0,92.6188,7.3812,763.0000,0
797.10,1,0.0000,0,0,100.0000,0.0000,732.0000,0
797.10,2,0.0000,0,0,98.7212,1.2788,732.0000,0
797.10,3,80.5000,0,0,97.8350,2.1650,786.0000,0
797.10,4,88.0000,0,0,87.1667,12.8333,791.0000,0
797.10,5,95.5000,0,0,94.8449,5.1551,796.0000,0
797.10,6,0.0000,0,0,97.3224,2.6776,732.0000,0
797.10,7,0.0000,0,0,86.0986,13.9014,732.0000,0
797.10,8,7.0000,0,0,93.2337,6.7663,737.0000,0
797.10,9,0.0000,0,0,93.8227,6.1773,732.0000,0
798.10,0,46.0000,0,0,92.6188,7.3812,764.0000,0
798.10,1,0.0000,0,0,100.0000,0.0000,733.0000,0
798.10,2,0.0000,0,0,98.7212,1.2788,733.0000,0
798.10,3,80.5000,0,0,97.8350,2.1650,787.0000,0
798.10,4,88.0000,0,0,87.1667,12.8333,792.0000,0
798.10,5,95.5000,0,0,94.8449,5.1551,797.0000,0
798.10,6,0.0000,0,0,97.3224,2.6776,733.0000,0
798.10,7,0.0000,0,0,86.0986,13.9014,733.0000,0
798.10,8,7.0000,0,0,93.2337,6.7663,738.0000,0
798.10,9,0.0000,0,0,93.8227,6.1773,733.0000,0
799.10,0,46.0000,0,0,92.6188,7.3812,765.0000,0
799.10,1,0.0000,0,0,100.0000,0.0000,734.0000,0
799.10,2,0.0000,0,0,98.7212,1.2788,734.0000,0
799.10,3,80.5000,0,0,97.8350,2.1650,788.0000,0
799.10,4,88.0000,0,0,87.1667,12.8333,793.0000,0
799.10,5,95.5000,0,0,94.8449,5.1551,798.0000,0
799.10,6,0.0000,0,0,97.3224,2.6776,734.0000,0
799.10,7,0.0000,0,0,86.0986,13.9014,734.0000,0
799.10,8,7.0000,0,0,93.2337,6.7663,739.0000,0
799.10,9,0.0000,0,0,93.8227,6.1773,734.0000,0
800.10,0,46.0000,0,0,92.6188,7.3812,766.0000,0
800.10,1,0.0000,0,0,100.0000,0.0000,735.0000,0
800.10,2,0.0000,0,0,98.7212,1.2788,735.0000,0
800.10,3,80.5000,0,0,97.8350,2.1650,789.0000,0
800.10,4,88.0000,0,0,87.1667,12.8333,794.0000,0
800.10,5,95.5000,0,0,94.8449,5.1551,799.0000,0
800.10,6,0.0000,0,0,97.3224,2.6776,735.0000,0
800.10,7,0.0000,0,0,86.0986,13.9014,735.0000,0
800.10,8,7.0000,0,0,93.2337,6.7663,740.0000,0
800.10,9,0.0000,0,0,93.8227,6.1773,735.0000,0
801.10,0,46.0000,0,0,92.6188,7.3812,767.0000,0
801.10,1,0.0000,0,0,100.0000,0.0000,736.0000,0
801.10,2,0.0000,0,0,98.7212,1.2788,736.0000,0
801.10,3,80.5000,0,0,97.8350,2.1650,790.0000,0
801.10,4,88.0000,0,0,87.1667,12.8333,795.0000,0
801.10,5,95.5000,0,0,94.8449,5.1551,800.0000,0
801.10,6,0.0000,0,0,97.3224,2.6776,736.0000,0
801.10,7,0.0000,0,0,86.0986,13.9014,736.0000,0
801.10,8,7.0000,0,0,93.2337,6.7663,741.0000,0
801.10,9,0.0000,0,0,93.8227,6.1773,736.0000,0
802.10,0,46.0000,0,0,92.6188,7.3812,768.0000,0
802.10,1,0.0000,0,0,100.0000,0.0000,737.0000,0
802.10,2,0.0000,0,0,98.7212,1.2788,737.0000,0
802.10,3,80.5000,0,0,97.8350,2.1650,791.0000,0
802.10,4,88.0000,0,0,87.1667,12.8333,796.0000,0
802.10,5,95.5000,0,0,94.8449,5.1551,801.0000,0
802.10,6,0.0000,0,0,97.3224,2.6776,737.0000,0
802.10,7,0.0000,0,0,86.0986,13.9014,737.0000,0
802.10,8,7.0000,0,0,93.2337,6.7663,742.0000,0
802.10,9,0.0000,0,0,93.8227,6.1773,737.0000,0
803.10,0,46.0000,0,0,92.6188,7.3812,769.0000,0
803.10,1,0.0000,0,0,100.0000,0.0000,738.0000,0
803.10,2,0.0000,0,0,98.7212,1.2788,738.0000,0
803.10,3,80.5000,0,0,97.8350,2.1650,792.0000,0
803.10,4,88.0000,0,0,87.1667,12.8333,797.0000,0
803.10,5,95.5000,0,0,94.8449,5.1551,802.0000,0
803.10,6,0.0000,0,0,97.3224,2.6776,738.0000,0
803.10,7,0.0000,0,0,86.0986,13.9014,738.0000,0
803.10,8,7.0000,0,0,93.2337,6.7663,743.0000,0
803.10,9,0.0000,0,0,93.8227,6.1773,738.0000,0
804.10,0,46.0000,0,0,92.6188,7.3812,770.0000,0
804.10,1,0.0000,0,0,100.0000,0.0000,739.0000,0
804.10,2,0.0000,0,0,98.7212,1.2788,739.0000,0
804.10,3,80.5000,0,0,97.8350,2.1650,793.0000,0
804.10,4,88.0000,0,0,87.1667,12.8333,798.0000,0
804.10,5,95.5000,0,0,94.8449,5.1551,803.0000,0
804.10,6,0.0000,0,0,97.3224,2.6776,739.0000,0
804.10,7,0.0000,0,0,86.0986,13.9014,739.0000,0
804.10,8,7.0000,0,0,93.2337,6.7663,744.0000,0
804.10,9,0.0000,0,0,93.8227,6.1773,739.0000,0
805.10,0,46.0000,0,0,92.6188,7.3812,771.0000,0
805.10,1,0.0000,0,0,100.0000,0.0000,740.0000,0
805.10,2,0.0000,0,0,98.7212,1.2788,740.0000,0
805.10,3,80.5000,0,0,97.8350,2.1650,794.0000,0
805.10,4,88.0000,0,0,87.1667,12.8333,799.0000,0
805.10,5,95.5000,0,0,94.8449,5.1551,804.0000,0
805.10,6,0.0000,0,0,97.3224,2.6776,740.0000,0
805.10,7,0.0000,0,0,86.0986,13.9014,740.0000,0
805.10,8,7.0000,0,0,93.2337,6.7663,745.0000,0
805.10,9,0.0000,0,0,93.8227,6.1773,740.0000,0
806.10,0,46.0000,0,0,92.6188,7.3812,772.0000,0
806.10,1,0.0000,0,0,100.0000,0.0000,741.0000,0
806.10,2,0.0000,0,0,98.7212,1.2788,741.0000,0
806.10,3,80.5000,0,0,97.8350,2.1650,795.0000,0
806.10,4,88.0000,0,0,87.1667,12.8333,800.0000,0
806.10,5,95.5000,0,0,94.8449,5.1551,805.0000,0
806.10,6,0.0000,0,0,97.3224,2.6776,741.0000,0
806.10,7,0.0000,0,0,86.0986,13.9014,741.0000,0
806.10,8,7.0000,0,0,93.2337,6.7663,746.0000,0
806.10,9,0.0000,0,0,93.8227,6.1773,741.0000,0
807.10,0,46.0000,0,0,92.6188,7.3812,773.0000,0
807.10,1,0.0000,0,0,100.0000,0.0000,742.0000,0
807.10,2,0.0000,0,0,98.7212,1.2788,742.0000,0
807.10,3,80.5000,0,0,97.8350,2.1650,796.0000,0
807.10,4,88.0000,0,0,87.1667,12.8333,801.0000,0
807.10,5,95.5000,0,0,94.8449,5.1551,806.0000,0
807.10,6,0.0000,0,0,97.3224,2.6776,742.0000,0
807.10,7,0.0000,0,0,86.0986,13.9014,742.0000,0
807.10,8,7.0000,0,0,93.2337,6.7663,747.0000,0
807.10,9,0.0000,0,0,93.8227,6.1773,742.0000,0
808.10,0,46.0000,0,0,92.6188,7.3812,774.0000,0
808.10,1,0.0000,0,0,100.0000,0.0000,743.0000,0
808.10,2,0.0000,0,0,98.7212,1.2788,743.0000,0
808.10,3,80.5000,0,0,97.8350,2.1650,797.0000,0
808.10,4,88.0000,0,0,87.1667,12.8333,802.0000,0
808.10,5,95.5000,0,0,94.8449,5.1551,807.0000,0
808.10,6,0.0000,0,0,97.3224,2.6776,743.0000,0
808.10,7,0.0000,0,0,86.0986,13.9014,743.0000,0
808.10,8,7.0000,0,0,93.2337,6.7663,748.0000,0
808.10,9,0.0000,0,0,93.8227,6.1773,743.0000,0
809.10,0,46.0000,0,0,92.6188,7.3812,775.0000,0
809.10,1,0.0000,0,0,100.0000,0.0000,744.0000,0
809.10,2,0.0000,0,0,98.7212,1.2788,744.0000,0
809.10,3,80.5000,0,0,97.8350,2.1650,798.0000,0
809.10,4,88.0000,0,0,87.1667,12.8333,803.0000,0
809.10,5,95.5000,0,0,94.8449,5.1551,808.0000,0
809.10,6,0.0000,0,0,97.3224,2.6776,744.0000,0
809.10,7,0.0000,0,0,86.0986,13.9014,744.0000,0
809.10,8,7.0000,0,0,93.2337,6.7663,749.0000,0
809.10,9,0.0000,0,0,93.8227,6.1773,744.0000,0
810.10,0,46.0000,0,0,92.6188,7.3812,776.0000,0
810.10,1,0.0000,0,0,100.0000,0.0000,745.0000,0
810.10,2,0.0000,0,0,98.7212,1.2788,745.0000,0
810.10,3,80.5000,0,0,97.8350,2.1650,799.0000,0
810.10,4,88.0000,0,0,87.1667,12.8333,804.0000,0
810.10,5,95.5000,0,0,94.8449,5.1551,809.0000,0
810.10,6,0.0000,0,0,97.3224,2.6776,745.0000,0
810.10,7,0.0000,0,0,86.0986,13.9014,745.0000,0
810.10,8,7.0000,0,0,93.2337,6.7663,750.0000,0
810.10,9,0.0000,0,0,93.8227,6.1773,745.0000,0
811.10,0,46.0000,0,0,92.6188,7.3812,777.0000,0
811.10,1,0.0000,0,0,100.0000,0.0000,746.0000,0
811.10,2,0.0000,0,0,98.7212,1.2788,746.0000,0
811.10,3,80.5000,0,0,97.8350,2.1650,800.0000,0
811.10,4,88.0000,0,0,87.1667,12.8333,805.0000,0
811.10,5,95.5000,0,0,94.8449,5.1551,810.0000,0
811.10,6,0.0000,0,0,97.3224,2.6776,746.0000,0
811.10,7,0.0000,0,0,86.0986,13.9014,746.0000,0
811.10,8,7.0000,0,0,93.2337,6.7663,751.0000,0
811.10,9,0.0000,0,0,93.8227,6.1773,746.0000,0
812.10,0,46.0000,0,0,92.6188,7.3812,778.0000,0
812.10,1,0.0000,0,0,100.0000,0.0000,747.0000,0
812.10,2,0.0000,0,0,98.7212,1.2788,747.0000,0
812.10,3,80.5000,0,0,97.8350,2.1650,801.0000,0
812.10,4,88.0000,0,0,87.1667,12.8333,806.0000,0
812.10,5,95.5000,0,0,94.8449,5.1551,811.0000,0
812.10,6,0.0000,0,0,97.3224,2.6776,747.0000,0
812.10,7,0.0000,0,0,86.0986,13.9014,747.0000,0
812.10,8,7.0000,0,0,93.2337,6.7663,752.0000,0
812.10,9,0.0000,0,0,93.8227,6.1773,747.0000,0
813.10,0,46.0000,0,0,92.6188,7.3812,779.0000,0
813.10,1,0.0000,0,0,100.0000,0.0000,748.0000,0
813.10,2,0.0000,0,0,98.7212,1.2788,748.0000,0
813.10,3,80.5000,0,0,97.8350,2.1650,802.0000,0
813.10,4,88.0000,0,0,87.1667,12.8333,807.0000,0
813.10,5,95.5000,0,0,94.8449,5.1551,812.0000,0
813.10,6,0.0000,0,0,97.3224,2.6776,748.0000,0
813.10,7,0.0000,0,0,86.0986,13.9014,748.0000,0
813.10,8,7.0000,0,0,93.2337,6.7663,753.0000,0
813.10,9,0.0000,0,0,93.8227,6.1773,748.0000,0
814.10,0,46.0000,0,0,92.6188,7.3812,780.0000,0
814.10,1,0.0000,0,0,100.0000,0.0000,749.0000,0
814.10,2,0.0000,0,0,98.7212,1.2788,749.0000,0
814.10,3,80.5000,0,0,97.8350,2.1650,803.0000,0
814.10,4,88.0000,0,0,87.1667,12.8333,808.0000,0
814.10,5,95.5000,0,0,94.8449,5.1551,813.0000,0
814.10,6,0.0000,0,0,97.3224,2.6776,749.0000,0
814.10,7,0.0000,0,0,86.0986,13.9014,749.0000,0
814.10,8,7.0000,0,0,93.2337,6.7663,754.0000,0
814.10,9,0.0000,0,0,93.8227,6.1773,749.0000,0
815.10,0,46.0000,0,0,92.6188,7.3812,781.0000,0
815.10,1,0.0000,0,0,100.0000,0.0000,750.0000,0
815.10,2,0.0000,0,0,98.7212,1.2788,750.0000,0
815.10,3,80.5000,0,0,97.8350,2.1650,804.0000,0
815.10,4,88.0000,0,0,87.1667,12.8333,809.0000,0
815.10,5,95.5000,0,0,94.8449,5.1551,814.0000,0
815.10,6,0.0000,0,0,97.3224,2.6776,750.0000,0
815.10,7,0.0000,0,0,86.0986,13.9014,750.0000,0
815.10,8,7.0000,0,0,93.2337,6.7663,755.0000,0
815.10,9,0.0000,0,0,93.8227,6.1773,750.0000,0
816.10,0,46.0000,0,0,92.6188,7.3812,782.0000,0
816.10,1,0.0000,0,0,100.0000,0.0000,751.0000,0
816.10,2,0.0000,0,0,98.7212,1.2788,751.0000,0
816.10,3,80.5000,0,0,97.8350,2.1650,805.0000,0
816.10,4,88.0000,0,0,87.1667,12.8333,810.0000,0
816.10,5,95.5000,0,0,94.8449,5.1551,815.0000,0
816.10,6,0.0000,0,0,97.3224,2.6776,751.0000,0
816.10,7,0.0000,0,0,86.0986,13.9014,751.0000,0
816.10,8,7.0000,0,0,93.2337,6.7663,756.0000,0
816.10,9,0.0000,0,0,93.8227,6.1773,751.0000,0
817.10,0,46.0000,0,0,92.6188,7.3812,783.0000,0
817.10,1,0.0000,0,0,100.0000,0.0000,752.0000,0
817.10,2,0.0000,0,0,98.7212,1.2788,752.0000,0
817.10,3,80.5000,0,0,97.8350,2.1650,806.0000,0
817.10,4,88.0000,0,0,87.1667,12.8333,811.0000,0
817.10,5,95.5000,0,0,94.8449,5.1551,816.0000,0
817.10,6,0.0000,0,0,97.3224,2.6776,752.0000,0
817.10,7,0.0000,0,0,86.0986,13.9014,752.0000,0
817.10,8,7.0000,0,0,93.2337,6.7663,757.0000,0
817.10,9,0.0000,0,0,93.8227,6.1773,752.0000,0
818.10,0,46.0000,0,0,92.6188,7.3812,784.0000,0
818.10,1,0.0000,0,0,100.0000,0.0000,753.0000,0
818.10,2,0.0000,0,0,98.7212,1.2788,753.0000,0
818.10,3,80.5000,0,0,97.8350,2.1650,807.0000,0
818.10,4,88.0000,0,0,87.1667,12.8333,812.0000,0
818.10,5,95.5000,0,0,94.8449,5.1551,817.0000,0
818.10,6,0.0000,0,0,97.3224,2.6776,753.0000,0
818.10,7,0.0000,0,0,86.0986,13.9014,753.0000,0
818.10,8,7.0000,0,0,93.2337,6.7663,758.0000,0
818.10,9,0.0000,0,0,93.8227,6.1773,753.0000,0
819.10,0,46.0000,0,0,92.6188,7.3812,785.0000,0
819.10,1,0.0000,0,0,100.0000,0.0000,754.0000,0
819.10,2,0.0000,0,0,98.7212,1.2788,754.0000,0
819.10,3,80.5000,0,0,97.8350,2.1650,808.0000,0
819.10,4,88.0000,0,0,87.1667,12.8333,813.0000,0
819.10,5,95.5000,0,0,94.8449,5.1551,818.0000,0
819.10,6,0.0000,0,0,97.3224,2.6776,754.0000,0
819.10,7,0.0000,0,0,86.0986,13.9014,754.0000,0
819.10,8,7.0000,0,0,93.2337,6.7663,759.0000,0
819.10,9,0.0000,0,0,93.8227,6.1773,754.0000,0
820.10,0,46.0000,0,0,92.6188,7.3812,786.0000,0
820.10,1,0.0000,0,0,100.0000,0.0000,755.0000,0
820.10,2,0.0000,0,0,98.7212,1.2788,755.0000,0
820.10,3,80.5000,0,0,97.8350,2.1650,809.0000,0
820.10,4,88.0000,0,0,87.1667,12.8333,814.0000,0
820.10,5,95.5000,0,0,94.8449,5.1551,819.0000,0
820.10,6,0.0000,0,0,97.3224,2.6776,755.0000,0
820.10,7,0.0000,0,0,86.0986,13.9014,755.0000,0
820.10,8,7.0000,0,0,93.2337,6.7663,760.0000,0
820.10,9,0.0000,0,0,93.8227,6.1773,755.0000,0
821.10,0,46.0000,0,0,92.6188,7.3812,787.0000,0
821.10,1,0.0000,0,0,100.0000,0.0000,756.0000,0
821.10,2,0.0000,0,0,98.7212,1.2788,756.0000,0
821.10,3,80.5000,0,0,97.8350,2.1650,810.0000,0
821.10,4,88.0000,0,0,87.1667,12.8333,815.0000,0
821.10,5,95.5000,0,0,94.8449,5.1551,820.0000,0
821.10,6,0.0000,0,0,97.3224,2.6776,756.0000,0
821.10,7,0.0000,0,0,86.0986,13.9014,756.0000,0
821.10,8,7.0000,0,0,93.2337,6.7663,761.0000,0
821.10,9,0.0000,0,0,93.8227,6.1773,756.0000,0
822.10,0,46.0000,0,0,92.6188,7.3812,788.0000,0
822.10,1,0.0000,0,0,100.0000,0.0000,757.0000,0
822.10,2,0.0000,0,0,98.7212,1.2788,757.0000,0
822.10,3,80.5000,0,0,97.8350,2.1650,811.0000,0
822.10,4,88.0000,0,0,87.1667,12.8333,816.0000,0
822.10,5,95.5000,0,0,94.8449,5.1551,821.0000,0
822.10,6,0.0000,0,0,97.3224,2.6776,757.0000,0
822.10,7,0.0000,0,0,86.0986,13.9014,757.0000,0
822.10,8,7.0000,0,0,93.2337,6.7663,762.0000,0
822.10,9,0.0000,0,0,93.8227,6.1773,757.0000,0
823.10,0,46.0000,0,0,92.6188,7.3812,789.0000,0
823.10,1,0.0000,0,0,100.0000,0.0000,758.0000,0
823.10,2,0.0000,0,0,98.7212,1.2788,758.0000,0
823.10,3,80.5000,0,0,97.8350,2.1650,812.0000,0
823.10,4,88.0000,0,0,87.1667,12.8333,817.0000,0
823.10,5,95.5000,0,0,94.8449,5.1551,822.0000,0
823.10,6,0.0000,0,0,97.3224,2.6776,758.0000,0
823.10,7,0.0000,0,0,86.0986,13.9014,758.0000,0
823.10,8,7.0000,0,0,93.2337,6.7663,763.0000,0
823.10,9,0.0000,0,0,93.8227,6.1773,758.0000,0
824.10,0,46.0000,0,0,92.6188,7.3812,790.0000,0
824.10,1,0.0000,0,0,100.0000,0.0000,759.0000,0
824.10,2,0.0000,0,0,98.7212,1.2788,759.0000,0
824.10,3,80.5000,0,0,97.8350,2.1650,813.0000,0
824.10,4,88.0000,0,0,87.1667,12.8333,818.0000,0
824.10,5,95.5000,0,0,94.8449,5.1551,823.0000,0
824.10,6,0.0000,0,0,97.3224,2.6776,759.0000,0
824.10,7,0.0000,0,0,86.0986,13.9014,759.0000,0
824.10,8,7.0000,0,0,93.2337,6.7663,764.0000,0
824.10,9,0.0000,0,0,93.8227,6.1773,759.0000,0
825.10,0,46.0000,0,0,92.6188,7.3812,791.0000,0
825.10,1,0.0000,0,0,100.0000,0.0000,760.0000,0
825.10,2,0.0000,0,0,98.7212,1.2788,760.0000,0
825.10,3,80.5000,0,0,97.8350,2.1650,814.0000,0
825.10,4,88.0000,0,0,87.1667,12.8333,819.0000,0
825.10,5,95.5000,0,0,94.8449,5.1551,824.0000,0
825.10,6,0.0000,0,0,97.3224,2.6776,760.0000,0
825.10,7,0.0000,0,0,86.0986,13.9014,760.0000,0
825.10,8,7.0000,0,0,93.2337,6.7663,765.0000,0
825.10,9,0.0000,0,0,93.8227,6.1773,760.0000,0
826.10,0,46.0000,0,0,92.6188,7.3812,792.0000,0
826.10,1,0.0000,0,0,100.0000,0.0000,761.0000,0
826.10,2,0.0000,0,0,98.7212,1.2788,761.0000,0
826.10,3,80.5000,0,0,97.8350,2.1650,815.0000,0
826.10,4,88.0000,0,0,87.1667,12.8333,820.0000,0
826.10,5,95.5000,0,0,94.8449,5.1551,825.0000,0
826.10,6,0.0000,0,0,97.3224,2.6776,761.0000,0
826.10,7,0.0000,0,0,86.0986,13.9014,761.0000,0
826.10,8,7.0000,0,0,93.2337,6.7663,766.0000,0
826.10,9,0.0000,0,0,93.8227,6.1773,761.0000,0
827.10,0,46.0000,0,0,92.6188,7.3812,793.0000,0
827.10,1,0.0000,0,0,100.0000,0.0000,762.0000,0
827.10,2,0.0000,0,0,98.7212,1.2788,762.0000,0
827.10,3,80.5000,0,0,97.8350,2.1650,816.0000,0
827.10,4,88.0000,0,0,87.1667,12.8333,821.0000,0
827.10,5,95.5000,0,0,94.8449,5.1551,826.0000,0
827.10,6,0.0000,0,0,97.3224,2.6776,762.0000,0
827.10,7,0.0000,0,0,86.0986,13.9014,762.0000,0
827.10,8,7.0000,0,0,93.2337,6.7663,767.0000,0
827.10,9,0.0000,0,0,93.8227,6.1773,762.0000,0
828.10,0,46.0000,0,0,92.6188,7.3812,794.0000,0
828.10,1,0.0000,0,0,100.0000,0.0000,763.0000,0
828.10,2,0.0000,0,0,98.7212,1.2788,763.0000,0
828.10,3,80.5000,0,0,97.8350,2.1650,817.0000,0
828.10,4,88.0000,0,0,87.1667,12.8333,822.0000,0
828.10,5,95.5000,0,0,94.8449,5.1551,827.0000,0
828.10,6,0.0000,0,0,97.3224,2.6776,763.0000,0
828.10,7,0.0000,0,0,86.0986,13.9014,763.0000,0
828.10,8,7.0000,0,0,93.2337,6.7663,768.0000,0
828.10,9,0.0000,0,0,93.8227,6.1773,763.0000,0
829.10,0,46.0000,0,0,92.6188,7.3812,795.0000,0
829.10,1,0.0000,0,0,100.0000,0.0000,764.0000,0
829.10,2,0.0000,0,0,98.7212,1.2788,764.0000,0
829.10,3,80.5000,0,0,97.8350,2.1650,818.0000,0
829.10,4,88.0000,0,0,87.1667,12.8333,823.0000,0
829.10,5,95.5000,0,0,94.8449,5.1551,828.0000,0
829.10,6,0.0000,0,0,97.3224,2.6776,764.0000,0
829.10,7,0.0000,0,0,86.0986,13.9014,764.0000,0
829.10,8,7.0000,0,0,93.2337,6.7663,769.0000,0
829.10,9,0.0000,0,0,93.8227,6.1773,764.0000,0
830.10,0,46.0000,0,0,92.6188,7.3812,796.0000,0
830.10,1,0.0000,0,0,100.0000,0.0000,765.0000,0
830.10,2,0.0000,0,0,98.7212,1.2788,765.0000,0
830.10,3,80.5000,0,0,97.8350,2.1650,819.0000,0
830.10,4,88.0000,0,0,87.1667,12.8333,824.0000,0
830.10,5,95.5000,0,0,94.8449,5.1551,829.0000,0
830.10,6,0.0000,0,0,97.3224,2.6776,765.0000,0
830.10,7,0.0000,0,0,86.0986,13.9014,765.0000,0
830.10,8,7.0000,0,0,93.2337,6.7663,770.0000,0
830.10,9,0.0000,0,0,93.8227,6.1773,765.0000,0
831.10,0,46.0000,0,0,92.6188,7.3812,797.0000,0
831.10,1,0.0000,0,0,100.0000,0.0000,766.0000,0
831.10,2,0.0000,0,0,98.7212,1.2788,766.0000,0
831.10,3,80.5000,0,0,97.8350,2.1650,820.0000,0
831.10,4,88.0000,0,0,87.1667,12.8333,825.0000,0
831.10,5,95.5000,0,0,94.8449,5.1551,830.0000,0
831.10,6,0.0000,0,0,97.3224,2.6776,766.0000,0
831.10,7,0.0000,0,0,86.0986,13.9014,766.0000,0
831.10,8,7.0000,0,0,93.2337,6.7663,771.0000,0
831.10,9,0.0000,0,0,93.8227,6.1773,766.0000,0
832.10,0,46.0000,0,0,92.6188,7.3812,798.0000,0
832.10,1,0.0000,0,0,100.0000,0.0000,767.0000,0
832.10,2,0.0000,0,0,98.7212,1.2788,767.0000,0
832.10,3,80.5000,0,0,97.8350,2.1650,821.0000,0
832.10,4,88.0000,0,0,87.1667,12.8333,826.0000,0
832.10,5,95.5000,0,0,94.8449,5.1551,831.0000,0
832.10,6,0.0000,0,0,97.3224,2.6776,767.0000,0
832.10,7,0.0000,0,0,86.0986,13.9014,767.0000,0
832.10,8,7.0000,0,0,93.2337,6.7663,772.0000,0
832.10,9,0.0000,0,0,93.8227,6.1773,767.0000,0
833.10,0,46.0000,0,0,92.6188,7.3812,799.0000,0
833.10,1,0.0000,0,0,100.0000,0.0000,768.0000,0
833.10,2,0.0000,0,0,98.7212,1.2788,768.0000,0
833.10,3,80.5000,0,0,97.8350,2.1650,822.0000,0
833.10,4,88.0000,0,0,87.1667,12.8333,827.0000,0
833.10,5,95.5000,0,0,94.8449,5.1551,832.0000,0
833.10,6,0.0000,0,0,97.3224,2.6776,768.0000,0
833.10,7,0.0000,0,0,86.0986,13.9014,768.0000,0
833.10,8,7.0000,0,0,93.2337,6.7663,773.0000,0
833.10,9,0.0000,0,0,93.8227,6.1773,768.0000,0
834.10,0,46.0000,0,0,92.6188,7.3812,800.0000,0
834.10,1,0.0000,0,0,100.0000,0.0000,769.0000,0
834.10,2,0.0000,0,0,98.7212,1.2788,769.0000,0
834.10,3,80.5000,0,0,97.8350,2.1650,823.0000,0
834.10,4,88.0000,0,0,87.1667,12.8333,828.0000,0
834.10,5,95.5000,0,0,94.8449,5.1551,833.0000,0
834.10,6,0.0000,0,0,97.3224,2.6776,769.0000,0
834.10,7,0.0000,0,0,86.0986,13.9014,769.0000,0
834.10,8,7.0000,0,0,93.2337,6.7663,774.0000,0
834.10,9,0.0000,0,0,93.8227,6.1773,769.0000,0
835.10,0,46.0000,0,0,92.6188,7.3812,801.0000,0
835.10,1,0.0000,0,0,100.0000,0.0000,770.0000,0
835.10,2,0.0000,0,0,98.7212,1.2788,770.0000,0
835.10,3,80.5000,0,0,97.8350,2.1650,824.0000,0
835.10,4,88.0000,0,0,87.1667,12.8333,829.0000,0
835.10,5,95.5000,0,0,94.8449,5.1551,834.0000,0
835.10,6,0.0000,0,0,97.3224,2.6776,770.0000,0
835.10,7,0.0000,0,0,86.0986,13.9014,770.0000,0
835.10,8,7.0000,0,0,93.2337,6.7663,775.0000,0
835.10,9,0.0000,0,0,93.8227,6.1773,770.0000,0
836.10,0,46.0000,0,0,92.6188,7.3812,802.0000,0
836.10,1,0.0000,0,0,100.0000,0.0000,771.0000,0
836.10,2,0.0000,0,0,98.7212,1.2788,771.0000,0
836.10,3,80.5000,0,0,97.8350,2.1650,825.0000,0
836.10,4,88.0000,0,0,87.1667,12.8333,830.0000,0
836.10,5,95.5000,0,0,94.8449,5.1551,835.0000,0
836.10,6,0.0000,0,0,97.3224,2.6776,771.0000,0
836.10,7,0.0000,0,0,86.0986,13.9014,771.0000,0
836.10,8,7.0000,0,0,93.2337,6.7663,776.0000,0
836.10,9,0.0000,0,0,93.8227,6.1773,771.0000,0
837.10,0,46.0000,0,0,92.6188,7.3812,803.0000,0
837.10,1,0.0000,0,0,100.0000,0.0000,772.0000,0
837.10,2,0.0000,0,0,98.7212,1.2788,772.0000,0
837.10,3,80.5000,0,0,97.8350,2.1650,826.0000,0
837.10,4,88.0000,0,0,87.1667,12.8333,831.0000,0
837.10,5,95.5000,0,0,94.8449,5.1551,836.0000,0
837.10,6,0.0000,0,0,97.3224,2.6776,772.0000,0
837.10,7,0.0000,0,0,86.0986,13.9014,772.0000,0
837.10,8,7.0000,0,0,93.2337,6.7663,777.0000,0
837.10,9,0.0000,0,0,93.8227,6.1773,772.0000,0
838.10,0,46.0000,0,0,92.6188,7.3812,804.0000,0
838.10,1,0.0000,0,0,100.0000,0.0000,773.0000,0
838.10,2,0.0000,0,0,98.7212,1.2788,773.0000,0
838.10,3,80.5000,0,0,97.8350,2.1650,827.0000,0
838.10,4,88.0000,0,0,87.1667,12.8333,832.0000,0
838.10,5,95.5000,0,0,94.8449,5.1551,837.0000,0
838.10,6,0.0000,0,0,97.3224,2.6776,773.0000,0
838.10,7,0.0000,0,0,86.0986,13.9014,773.0000,0
838.10,8,7.0000,0,0,93.2337,6.7663,778.0000,0
838.10,9,0.0000,0,0,93.8227,6.1773,773.0000,0
839.10,0,46.0000,0,0,92.6188,7.3812,805.0000,0
839.10,1,0.0000,0,0,100.0000,0.0000,774.0000,0
839.10,2,0.0000,0,0,98.7212,1.2788,774.0000,0
839.10,3,80.5000,0,0,97.8350,2.1650,828.0000,0
839.10,4,88.0000,0,0,87.1667,12.8333,833.0000,0
839.10,5,95.5000,0,0,94.8449,5.1551,838.0000,0
839.10,6,0.0000,0,0,97.3224,2.6776,774.0000,0
839.10,7,0.0000,0,0,86.0986,13.9014,774.0000,0
839.10,8,7.0000,0,0,93.2337,6.7663,779.0000,0
839.10,9,0.0000,0,0,93.8227,6.1773,774.0000,0
840.10,0,46.0000,0,0,92.6188,7.3812,806.0000,0
840.10,1,0.0000,0,0,100.0000,0.0000,775.0000,0
840.10,2,0.0000,0,0,98.7212,1.2788,775.0000,0
840.10,3,80.5000,0,0,97.8350,2.1650,829.0000,0
840.10,4,88.0000,0,0,87.1667,12.8333,834.0000,0
840.10,5,95.5000,0,0,94.8449,5.1551,839.0000,0
840.10,6,0.0000,0,0,97.3224,2.6776,775.0000,0
840.10,7,0.0000,0,0,86.0986,13.9014,775.0000,0
840.10,8,7.0000,0,0,93.2337,6.7663,780.0000,0
840.10,9,0.0000,0,0,93.8227,6.1773,775.0000,0
841.10,0,46.0000,0,0,92.6188,7.3812,807.0000,0
841.10,1,0.0000,0,0,100.0000,0.0000,776.0000,0
841.10,2,0.0000,0,0,98.7212,1.2788,776.0000,0
841.10,3,80.5000,0,0,97.8350,2.1650,830.0000,0
841.10,4,88.0000,0,0,87.1667,12.8333,835.0000,0
841.10,5,95.5000,0,0,94.8449,5.1551,840.0000,0
841.10,6,0.0000,0,0,97.3224,2.6776,776.0000,0
841.10,7,0.0000,0,0,86.0986,13.9014,776.0000,0
841.10,8,7.0000,0,0,93.2337,6.7663,781.0000,0
841.10,9,0.0000,0,0,93.8227,6.1773,776.0000,0
842.10,0,46.0000,0,0,92.6188,7.3812,808.0000,0
842.10,1,0.0000,0,0,100.0000,0.0000,777.0000,0
842.10,2,0.0000,0,0,98.7212,1.2788,777.0000,0
842.10,3,80.5000,0,0,97.8350,2.1650,831.0000,0
842.10,4,88.0000,0,0,87.1667,12.8333,836.0000,0
842.10,5,95.5000,0,0,94.8449,5.1551,841.0000,0
842.10,6,0.0000,0,0,97.3224,2.6776,777.0000,0
842.10,7,0.0000,0,0,86.0986,13.9014,777.0000,0
842.10,8,7.0000,0,0,93.2337,6.7663,782.0000,0
842.10,9,0.0000,0,0,93.8227,6.1773,777.0000,0
843.10,0,46.0000,0,0,92.6188,7.3812,809.0000,0
843.10,1,0.0000,0,0,100.0000,0.0000,778.0000,0
843.10,2,0.0000,0,0,98.7212,1.2788,778.0000,0
843.10,3,80.5000,0,0,97.8350,2.1650,832.0000,0
843.10,4,88.0000,0,0,87.1667,12.8333,837.0000,0
843.10,5,95.5000,0,0,94.8449,5.1551,842.0000,0
843.10,6,0.0000,0,0,97.3224,2.6776,778.0000,0
843.10,7,0.0000,0,0,86.0986,13.9014,778.0000,0
843.10,8,7.0000,0,0,93.2337,6.7663,783.0000,0
843.10,9,0.0000,0,0,93.8227,6.1773,778.0000,0
844.10,0,46.0000,0,0,92.6188,7.3812,810.0000,0
844.10,1,0.0000,0,0,100.0000,0.0000,779.0000,0
844.10,2,0.0000,0,0,98.7212,1.2788,779.0000,0
844.10,3,80.5000,0,0,97.8350,2.1650,833.0000,0
844.10,4,88.0000,0,0,87.1667,12.8333,838.0000,0
844.10,5,95.5000,0,0,94.8449,5.1551,843.0000,0
844.10,6,0.0000,0,0,97.3224,2.6776,779.0000,0
844.10,7,0.0000,0,0,86.0986,13.9014,779.0000,0
844.10,8,7.0000,0,0,93.2337,6.7663,784.0000,0
844.10,9,0.0000,0,0,93.8227,6.1773,779.0000,0
845.10,0,46.0000,0,0,92.6188,7.3812,811.0000,0
845.10,1,0.0000,0,0,100.0000,0.0000,780.0000,0
845.10,2,0.0000,0,0,98.7212,1.2788,780.0000,0
845.10,3,80.5000,0,0,97.8350,2.1650,834.0000,0
845.10,4,88.0000,0,0,87.1667,12.8333,839.0000,0
845.10,5,95.5000,0,0,94.8449,5.1551,844.0000,0
845.10,6,0.0000,0,0,97.3224,2.6776,780.0000,0
845.10,7,0.0000,0,0,86.0986,13.9014,780.0000,0
845.10,8,7.0000,0,0,93.2337,6.7663,785.0000,0
845.10,9,0.0000,0,0,93.8227,6.1773,780.0000,0
846.10,0,46.0000,0,0,92.6188,7.3812,812.0000,0
846.10,1,0.0000,0,0,100.0000,0.0000,781.0000,0
846.10,2,0.0000,0,0,98.7212,1.2788,781.0000,0
846.10,3,80.5000,0,0,97.8350,2.1650,835.0000,0
846.10,4,88.0000,0,0,87.1667,12.8333,840.0000,0
846.10,5,95.5000,0,0,94.8449,5.1551,845.0000,0
846.10,6,0.0000,0,0,97.3224,2.6776,781.0000,0
846.10,7,0.0000,0,0,86.0986,13.9014,781.0000,0
846.10,8,7.0000,0,0,93.2337,6.7663,786.0000,0
846.10,9,0.0000,0,0,93.8227,6.1773,781.0000,0
847.10,0,46.0000,0,0,92.6188,7.3812,813.0000,0
847.10,1,0.0000,0,0,100.0000,0.0000,782.0000,0
847.10,2,0.0000,0,0,98.7212,1.2788,782.0000,0
847.10,3,80.5000,0,0,97.8350,2.1650,836.0000,0
847.10,4,88.0000,0,0,87.1667,12.8333,841.0000,0
847.10,5,95.5000,0,0,94.8449,5.1551,846.0000,0
847.10,6,0.0000,0,0,97.3224,2.6776,782.0000,0
847.10,7,0.0000,0,0,86.0986,13.9014,782.0000,0
847.10,8,7.0000,0,0,93.2337,6.7663,787.0000,0
847.10,9,0.0000,0,0,93.8227,6.1773,782.0000,0
848.10,0,46.0000,0,0,92.6188,7.3812,814.0000,0
848.10,1,0.0000,0,0,100.0000,0.0000,783.0000,0
848.10,2,0.0000,0,0,98.7212,1.2788,783.0000,0
848.10,3,80.5000,0,0,97.8350,2.1650,837.0000,0
848.10,4,88.0000,0,0,87.1667,12.8333,842.0000,0
848.10,5,95.5000,0,0,94.8449,5.1551,847.0000,0
848.10,6,0.0000,0,0,97.3224,2.6776,783.0000,0
848.10,7,0.0000,0,0,86.0986,13.9014,783.0000,0
848.10,8,7.0000,0,0,93.2337,6.7663,788.0000,0
848.10,9,0.0000,0,0,93.8227,6.1773,783.0000,0
849.10,0,46.0000,0,0,92.6188,7.3812,815.0000,0
849.10,1,0.0000,0,0,100.0000,0.0000,784.0000,0
849.10,2,0.0000,0,0,98.7212,1.2788,784.0000,0
849.10,3,80.5000,0,0,97.8350,2.1650,838.0000,0
849.10,4,88.0000,0,0,87.1667,12.8333,843.0000,0
849.10,5,95.5000,0,0,94.8449,5.1551,848.0000,0
849.10,6,0.0000,0,0,97.3224,2.6776,784.0000,0
849.10,7,0.0000,0,0,86.0986,13.9014,784.0000,0
849.10,8,7.0000,0,0,93.2337,6.7663,789.0000,0
849.10,9,0.0000,0,0,93.8227,6.1773,784.0000,0
850.10,0,46.0000,0,0,92.6188,7.3812,816.0000,0
850.10,1,0.0000,0,0,100.0000,0.0000,785.0000,0
850.10,2,0.0000,0,0,98.7212,1.2788,785.0000,0
850.10,3,80.5000,0,0,97.8350,2.1650,839.0000,0
850.10,4,88.0000,0,0,87.1667,12.8333,844.0000,0
850.10,5,95.5000,0,0,94.8449,5.1551,849.0000,0
850.10,6,0.0000,0,0,97.3224,2.6776,785.0000,0
850.10,7,0.0000,0,0,86.0986,13.9014,785.0000,0
850.10,8,7.0000,0,0,93.2337,6.7663,790.0000,0
850.10,9,0.0000,0,0,93.8227,6.1773,785.0000,0
851.10,0,46.0000,0,0,92.6188,7.3812,817.0000,0
851.10,1,0.0000,0,0,100.0000,0.0000,786.0000,0
851.10,2,0.0000,0,0,98.7212,1.2788,786.0000,0
851.10,3,80.5000,0,0,97.8350,2.1650,840.0000,0
851.10,4,88.0000,0,0,87.1667,12.8333,845.0000,0
851.10,5,95.5000,0,0,94.8449,5.1551,850.0000,0
851.10,6,0.0000,0,0,97.3224,2.6776,786.0000,0
851.10,7,0.0000,0,0,86.0986,13.9014,786.0000,0
851.10,8,7.0000,0,0,93.2337,6.7663,791.0000,0
851.10,9,0.0000,0,0,93.8227,6.1773,786.0000,0
852.10,0,46.0000,0,0,92.6188,7.3812,818.0000,0
852.10,1,0.0000,0,0,100.0000,0.0000,787.0000,0
852.10,2,0.0000,0,0,98.7212,1.2788,787.0000,0
852.10,3,80.5000,0,0,97.8350,2.1650,841.0000,0
852.10,4,88.0000,0,0,87.1667,12.8333,846.0000,0
852.10,5,95.5000,0,0,94.8449,5.1551,851.0000,0
852.10,6,0.0000,0,0,97.3224,2.6776,787.0000,0
852.10,7,0.0000,0,0,86.0986,13.9014,787.0000,0
852.10,8,7.0000,0,0,93.2337,6.7663,792.0000,0
852.10,9,0.0000,0,0,93.8227,6.1773,787.0000,0
853.10,0,46.0000,0,0,92.6188,7.3812,819.0000,0
853.10,1,0.0000,0,0,100.0000,0.0000,788.0000,0
853.10,2,0.0000,0,0,98.7212,1.2788,788.0000,0
853.10,3,80.5000,0,0,97.8350,2.1650,842.0000,0
853.10,4,88.0000,0,0,87.1667,12.8333,847.0000,0
853.10,5,95.5000,0,0,94.8449,5.1551,852.0000,0
853.10,6,0.0000,0,0,97.3224,2.6776,788.0000,0
853.10,7,0.0000,0,0,86.0986,13.9014,788.0000,0
853.10,8,7.0000,0,0,93.2337,6.7663,793.0000,0
853.10,9,0.0000,0,0,93.8227,6.1773,788.0000,0
854.10,0,46.0000,0,0,92.6188,7.3812,820.0000,0
854.10,1,0.0000,0,0,100.0000,0.0000,789.0000,0
854.10,2,0.0000,0,0,98.7212,1.2788,789.0000,0
854.10,3,80.5000,0,0,97.8350,2.1650,843.0000,0
854.10,4,88.0000,0,0,87.1667,12.8333,848.0000,0
854.10,5,95.5000,0,0,94.8449,5.1551,853.0000,0
854.10,6,0.0000,0,0,97.3224,2.6776,789.0000,0
854.10,7,0.0000,0,0,86.0986,13.9014,789.0000,0
854.10,8,7.0000,0,0,93.2337,6.7663,794.0000,0
854.10,9,0.0000,0,0,93.8227,6.1773,789.0000,0
855.10,0,46.0000,0,0,92.6188,7.3812,821.0000,0
855.10,1,0.0000,0,0,100.0000,0.0000,790.0000,0
855.10,2,0.0000,0,0,98.7212,1.2788,790.0000,0
855.10,3,80.5000,0,0,97.8350,2.1650,844.0000,0
855.10,4,88.0000,0,0,87.1667,12.8333,849.0000,0
855.10,5,95.5000,0,0,94.8449,5.1551,854.0000,0
855.10,6,0.0000,0,0,97.3224,2.6776,790.0000,0
855.10,7,0.0000,0,0,86.0986,13.9014,790.0000,0
855.10,8,7.0000,0,0,93.2337,6.7663,795.0000,0
855.10,9,0.0000,0,0,93.8227,6.1773,790.0000,0
856.10,0,46.0000,0,0,92.6188,7.3812,822.0000,0
856.10,1,0.0000,0,0,100.0000,0.0000,791.0000,0
856.10,2,0.0000,0,0,98.7212,1.2788,791.0000,0
856.10,3,80.5000,0,0,97.8350,2.1650,845.0000,0
856.10,4,88.0000,0,0,87.1667,12.8333,850.0000,0
856.10,5,95.5000,0,0,94.8449,5.1551,855.0000,0
856.10,6,0.0000,0,0,97.3224,2.6776,791.0000,0
856.10,7,0.0000,0,0,86.0986,13.9014,791.0000,0
856.10,8,7.0000,0,0,93.2337,6.7663,796.0000,0
856.10,9,0.0000,0,0,93.8227,6.1773,791.0000,0
857.10,0,46.0000,0,0,92.6188,7.3812,823.0000,0
857.10,1,0.0000,0,0,100.0000,0.0000,792.0000,0
857.10,2,0.0000,0,0,98.7212,1.2788,792.0000,0
857.10,3,80.5000,0,0,97.8350,2.1650,846.0000,0
857.10,4,88.0000,0,0,87.1667,12.8333,851.0000,0
857.10,5,95.5000,0,0,94.8449,5.1551,856.0000,0
857.10,6,0.0000,0,0,97.3224,2.6776,792.0000,0
857.10,7,0.0000,0,0,86.0986,13.9014,792.0000,0
857.10,8,7.0000,0,0,93.2337,6.7663,797.0000,0
857.10,9,0.0000,0,0,93.8227,6.1773,792.0000,0
858.10,0,46.0000,0,0,92.6188,7.3812,824.0000,0
858.10,1,0.0000,0,0,100.0000,0.0000,793.0000,0
858.10,2,0.0000,0,0,98.7212,1.2788,793.0000,0
858.10,3,80.5000,0,0,97.8350,2.1650,847.0000,0
858.10,4,88.0000,0,0,87.1667,12.8333,852.0000,0
858.10,5,95.5000,0,0,94.8449,5.1551,857.0000,0
858.10,6,0.0000,0,0,97.3224,2.6776,793.0000,0
858.10,7,0.0000,0,0,86.0986,13.9014,793.0000,0
858.10,8,7.0000,0,0,93.2337,6.7663,798.0000,0
858.10,9,0.0000,0,0,93.8227,6.1773,793.0000,0
859.10,0,46.0000,0,0,92.6188,7.3812,825.0000,0
859.10,1,0.0000,0,0,100.0000,0.0000,794.0000,0
859.10,2,0.0000,0,0,98.7212,1.2788,794.0000,0
859.10,3,80.5000,0,0,97.8350,2.1650,848.0000,0
859.10,4,88.0000,0,0,87.1667,12.8333,853.0000,0
859.10,5,95.5000,0,0,94.8449,5.1551,858.0000,0
859.10,6,0.0000,0,0,97.3224,2.6776,794.0000,0
859.10,7,0.0000,0,0,86.0986,13.9014,794.0000,0
859.10,8,7.0000,0,0,93.2337,6.7663,799.0000,0
859.10,9,0.0000,0,0,93.8227,6.1773,794.0000,0
860.10,0,46.0000,0,0,92.6188,7.3812,826.0000,0
860.10,1,0.0000,0,0,100.0000,0.0000,795.0000,0
860.10,2,0.0000,0,0,98.7212,1.2788,795.0000,0
860.10,3,80.5000,0,0,97.8350,2.1650,849.0000,0
860.10,4,88.0000,0,0,87.1667,12.8333,854.0000,0
860.10,5,95.5000,0,0,94.8449,5.1551,859.0000,0
860.10,6,0.0000,0,0,97.3224,2.6776,795.0000,0
860.10,7,0.0000,0,0,86.0986,13.9014,795.0000,0
860.10,8,7.0000,0,0,93.2337,6.7663,800.0000,0
860.10,9,0.0000,0,0,93.8227,6.1773,795.0000,0
861.10,0,46.0000,0,0,92.6188,7.3812,827.0000,0
861.10,1,0.0000,0,0,100.0000,0.0000,796.0000,0
861.10,2,0.0000,0,0,98.7212,1.2788,796.0000,0
861.10,3,80.5000,0,0,97.8350,2.1650,850.0000,0
861.10,4,88.0000,0,0,87.1667,12.8333,855.0000,0
861.10,5,95.5000,0,0,94.8449,5.1551,860.0000,0
861.10,6,0.0000,0,0,97.3224,2.6776,796.0000,0
861.10,7,0.0000,0,0,86.0986,13.9014,796.0000,0
861.10,8,7.0000,0,0,93.2337,6.7663,801.0000,0
861.10,9,0.0000,0,0,93.8227,6.1773,796.0000,0
862.10,0,46.0000,0,0,92.6188,7.3812,828.0000,0
862.10,1,0.0000,0,0,100.0000,0.0000,797.0000,0
862.10,2,0.0000,0,0,98.7212,1.2788,797.0000,0
862.10,3,80.5000,0,0,97.8350,2.1650,851.0000,0
862.10,4,88.0000,0,0,87.1667,12.8333,856.0000,0
862.10,5,95.5000,0,0,94.8449,5.1551,861.0000,0
862.10,6,0.0000,0,0,97.3224,2.6776,797.0000,0
862.10,7,0.0000,0,0,86.0986,13.9014,797.0000,0
862.10,8,7.0000,0,0,93.2337,6.7663,802.0000,0
862.10,9,0.0000,0,0,93.8227,6.1773,797.0000,0
863.10,0,46.0000,0,0,92.6188,7.3812,829.0000,0
863.10,1,0.0000,0,0,100.0000,0.0000,798.0000,0
863.10,2,0.0000,0,0,98.7212,1.2788,798.0000,0
863.10,3,80.5000,0,0,97.8350,2.1650,852.0000,0
863.10,4,88.0000,0,0,87.1667,12.8333,857.0000,0
863.10,5,95.5000,0,0,94.8449,5.1551,862.0000,0
863.10,6,0.0000,0,0,97.3224,2.6776,798.0000,0
863.10,7,0.0000,0,0,86.0986,13.9014,798.0000,0
863.10,8,7.0000,0,0,93.2337,6.7663,803.0000,0
863.10,9,0.0000,0,0,93.8227,6.1773,798.0000,0
864.10,0,46.0000,0,0,92.6188,7.3812,830.0000,0
864.10,1,0.0000,0,0,100.0000,0.0000,799.0000,0
864.10,2,0.0000,0,0,98.7212,1.2788,799.0000,0
864.10,3,80.5000,0,0,97.8350,2.1650,853.0000,0
864.10,4,88.0000,0,0,87.1667,12.8333,858.0000,0
864.10,5,95.5000,0,0,94.8449,5.1551,863.0000,0
864.10,6,0.0000,0,0,97.3224,2.6776,799.0000,0
864.10,7,0.0000,0,0,86.0986,13.9014,799.0000,0
864.10,8,7.0000,0,0,93.2337,6.7663,804.0000,0
864.10,9,0.0000,0,0,93.8227,6.1773,799.0000,0
865.10,0,46.0000,0,0,92.6188,7.3812,831.0000,0
865.10,1,0.0000,0,0,100.0000,0.0000,800.0000,0
865.10,2,0.0000,0,0,98.7212,1.2788,800.0000,0
865.10,3,80.5000,0,0,97.8350,2.1650,854.0000,0
865.10,4,88.0000,0,0,87.1667,12.8333,859.0000,0
865.10,5,95.5000,0,0,94.8449,5.1551,864.0000,0
865.10,6,0.0000,0,0,97.3224,2.6776,800.0000,0
865.10,7,0.0000,0,0,86.0986,13.9014,800.0000,0
865.10,8,7.0000,0,0,93.2337,6.7663,805.0000,0
865.10,9,0.0000,0,0,93.8227,6.1773,800.0000,0
866.10,0,46.0000,0,0,92.6188,7.3812,832.0000,0
866.10,1,0.0000,0,0,100.0000,0.0000,801.0000,0
866.10,2,0.0000,0,0,98.7212,1.2788,801.0000,0
866.10,3,80.5000,0,0,97.8350,2.1650,855.0000,0
866.10,4,88.0000,0,0,87.1667,12.8333,860.0000,0
866.10,5,95.5000,0,0,94.8449,5.1551,865.0000,0
866.10,6,0.0000,0,0,97.3224,2.6776,801.0000,0
866.10,7,0.0000,0,0,86.0986,13.9014,801.0000,0
866.10,8,7.0000,0,0,93.2337,6.7663,806.0000,0
866.10,9,0.0000,0,0,93.8227,6.1773,801.0000,0
867.10,0,46.0000,0,0,92.6188,7.3812,833.0000,0
867.10,1,0.0000,0,0,100.0000,0.0000,802.0000,0
867.10,2,0.0000,0,0,98.7212,1.2788,802.0000,0
867.10,3,80.5000,0,0,97.8350,2.1650,856.0000,0
867.10,4,88.0000,0,0,87.1667,12.8333,861.0000,0
867.10,5,95.5000,0,0,94.8449,5.1551,866.0000,0
867.10,6,0.0000,0,0,97.3224,2.6776,802.0000,0
867.10,7,0.0000,0,0,86.0986,13.9014,802.0000,0
867.10,8,7.0000,0,0,93.2337,6.7663,807.0000,0
867.10,9,0.0000,0,0,93.8227,6.1773,802.0000,0
868.10,0,46.0000,0,0,92.6188,7.3812,834.0000,0
868.10,1,0.0000,0,0,100.0000,0.0000,803.0000,0
868.10,2,0.0000,0,0,98.7212,1.2788,803.0000,0
868.10,3,80.5000,0,0,97.8350,2.1650,857.0000,0
868.10,4,88.0000,0,0,87.1667,12.8333,862.0000,0
868.10,5,95.5000,0,0,94.8449,5.1551,867.0000,0
868.10,6,0.0000,0,0,97.3224,2.6776,803.0000,0
868.10,7,0.0000,0,0,86.0986,13.9014,803.0000,0
868.10,8,7.0000,0,0,93.2337,6.7663,808.0000,0
868.10,9,0.0000,0,0,93.8227,6.1773,803.0000,0
869.10,0,46.0000,0,0,92.6188,7.3812,835.0000,0
869.10,1,0.0000,0,0,100.0000,0.0000,804.0000,0
869.10,2,0.0000,0,0,98.7212,1.2788,804.0000,0
869.10,3,80.5000,0,0,97.8350,2.1650,858.0000,0
869.10,4,88.0000,0,0,87.1667,12.8333,863.0000,0
869.10,5,95.5000,0,0,94.8449,5.1551,868.0000,0
869.10,6,0.0000,0,0,97.3224,2.6776,804.0000,0
869.10,7,0.0000,0,0,86.0986,13.9014,804.0000,0
869.10,8,7.0000,0,0,93.2337,6.7663,809.0000,0
869.10,9,0.0000,0,0,93.8227,6.1773,804.0000,0
870.10,0,46.0000,0,0,92.6188,7.3812,836.0000,0
870.10,1,0.0000,0,0,100.0000,0.0000,805.0000,0
870.10,2,0.0000,0,0,98.7212,1.2788,805.0000,0
870.10,3,80.5000,0,0,97.8350,2.1650,859.0000,0
870.10,4,88.0000,0,0,87.1667,12.8333,864.0000,0
870.10,5,95.5000,0,0,94.8449,5.1551,869.0000,0
870.10,6,0.0000,0,0,97.3224,2.6776,805.0000,0
870.10,7,0.0000,0,0,86.0986,13.9014,805.0000,0
870.10,8,7.0000,0,0,93.2337,6.7663,810.0000,0
870.10,9,0.0000,0,0,93.8227,6.1773,805.0000,0
871.10,0,46.0000,0,0,92.6188,7.3812,837.0000,0
871.10,1,0.0000,0,0,100.0000,0.0000,806.0000,0
871.10,2,0.0000,0,0,98.7212,1.2788,806.0000,0
871.10,3,80.5000,0,0,97.8350,2.1650,860.0000,0
871.10,4,88.0000,0,0,87.1667,12.8333,865.0000,0
871.10,5,95.5000,0,0,94.8449,5.1551,870.0000,0
871.10,6,0.0000,0,0,97.3224,2.6776,806.0000,0
871.10,7,0.0000,0,0,86.0986,13.9014,806.0000,0
871.10,8,7.0000,0,0,93.2337,6.7663,811.0000,0
871.10,9,0.0000,0,0,93.8227,6.1773,806.0000,0
872.10,0,46.0000,0,0,92.6188,7.3812,838.0000,0
872.10,1,0.0000,0,0,100.0000,0.0000,807.0000,0
872.10,2,0.0000,0,0,98.7212,1.2788,807.0000,0
872.10,3,80.5000,0,0,97.8350,2.1650,861.0000,0
872.10,4,88.0000,0,0,87.1667,12.8333,866.0000,0
872.10,5,95.5000,0,0,94.8449,5.1551,871.0000,0
872.10,6,0.0000,0,0,97.3224,2.6776,807.0000,0
872.10,7,0.0000,0,0,86.0986,13.9014,807.0000,0
872.10,8,7.0000,0,0,93.2337,6.7663,812.0000,0
872.10,9,0.0000,0,0,93.8227,6.1773,807.0000,0
873.10,0,46.0000,0,0,92.6188,7.3812,839.0000,0
873.10,1,0.0000,0,0,100.0000,0.0000,808.0000,0
873.10,2,0.0000,0,0,98.7212,1.2788,808.0000,0
873.10,3,80.5000,0,0,97.8350,2.1650,862.0000,0
873.10,4,88.0000,0,0,87.1667,12.8333,867.0000,0
873.10,5,95.5000,0,0,94.8449,5.1551,872.0000,0
873.10,6,0.0000,0,0,97.3224,2.6776,808.0000,0
873.10,7,0.0000,0,0,86.0986,13.9014,808.0000,0
873.10,8,7.0000,0,0,93.2337,6.7663,813.0000,0
873.10,9,0.0000,0,0,93.8227,6.1773,808.0000,0
874.10,0,46.0000,0,0,92.6188,7.3812,840.0000,0
874.10,1,0.0000,0,0,100.0000,0.0000,809.0000,0
874.10,2,0.0000,0,0,98.7212,1.2788,809.0000,0
874.10,3,80.5000,0,0,97.8350,2.1650,863.0000,0
874.10,4,88.0000,0,0,87.1667,12.8333,868.0000,0
874.10,5,95.5000,0,0,94.8449,5.1551,873.0000,0
874.10,6,0.0000,0,0,97.3224,2.6776,809.0000,0
874.10,7,0.0000,0,0,86.0986,13.9014,809.0000,0
874.10,8,7.0000,0,0,93.2337,6.7663,814.0000,0
874.10,9,0.0000,0,0,93.8227,6.1773,809.0000,0
875.10,0,46.0000,0,0,92.6188,7.3812,841.0000,0
875.10,1,0.0000,0,0,100.0000,0.0000,810.0000,0
875.10,2,0.0000,0,0,98.7212,1.2788,810.0000,0
875.10,3,80.5000,0,0,97.8350,2.1650,864.0000,0
875.10,4,88.0000,0,0,87.1667,12.8333,869.0000,0
875.10,5,95.5000,0,0,94.8449,5.1551,874.0000,0
875.10,6,0.0000,0,0,97.3224,2.6776,810.0000,0
875.10,7,0.0000,0,0,86.0986,13.9014,810.0000,0
875.10,8,7.0000,0,0,93.2337,6.7663,815.0000,0
875.10,9,0.0000,0,0,93.8227,6.1773,810.0000,0
876.10,0,46.0000,0,0,92.6188,7.3812,842.0000,0
876.10,1,0.0000,0,0,100.0000,0.0000,811.0000,0
876.10,2,0.0000,0,0,98.7212,1.2788,811.0000,0
876.10,3,80.5000,0,0,97.8350,2.1650,865.0000,0
876.10,4,88.0000,0,0,87.1667,12.8333,870.0000,0
876.10,5,95.5000,0,0,94.8449,5.1551,875.0000,0
876.10,6,0.0000,0,0,97.3224,2.6776,811.0000,0
876.10,7,0.0000,0,0,86.0986,13.9014,811.0000,0
876.10,8,7.0000,0,0,93.2337,6.7663,816.0000,0
876.10,9,0.0000,0,0,93.8227,6.1773,811.0000,0
877.10,0,46.0000,0,0,92.6188,7.3812,843.0000,0
877.10,1,0.0000,0,0,100.0000,0.0000,812.0000,0
877.10,2,0.0000,0,0,98.7212,1.2788,812.0000,0
877.10,3,80.5000,0,0,97.8350,2.1650,866.0000,0
877.10,4,88.0000,0,0,87.1667,12.8333,871.0000,0
877.10,5,95.5000,0,0,94.8449,5.1551,876.0000,0
877.10,6,0.0000,0,0,97.3224,2.6776,812.0000,0
877.10,7,0.0000,0,0,86.0986,13.9014,812.0000,0
877.10,8,7.0000,0,0,93.2337,6.7663,817.0000,0
877.10,9,0.0000,0,0,93.8227,6.1773,812.0000,0
878.10,0,46.0000,0,0,92.6188,7.3812,844.0000,0
878.10,1,0.0000,0,0,100.0000,0.0000,813.0000,0
878.10,2,0.0000,0,0,98.7212,1.2788,813.0000,0
878.10,3,80.5000,0,0,97.8350,2.1650,867.0000,0
878.10,4,88.0000,0,0,87.1667,12.8333,872.0000,0
878.10,5,95.5000,0,0,94.8449,5.1551,877.0000,0
878.10,6,0.0000,0,0,97.3224,2.6776,813.0000,0
878.10,7,0.0000,0,0,86.0986,13.9014,813.0000,0
878.10,8,7.0000,0,0,93.2337,6.7663,818.0000,0
878.10,9,0.0000,0,0,93.8227,6.1773,813.0000,0
879.10,0,46.0000,0,0,92.6188,7.3812,845.0000,0
879.10,1,0.0000,0,0,100.0000,0.0000,814.0000,0
879.10,2,0.0000,0,0,98.7212,1.2788,814.0000,0
879.10,3,80.5000,0,0,97.8350,2.1650,868.0000,0
879.10,4,88.0000,0,0,87.1667,12.8333,873.0000,0
879.10,5,95.5000,0,0,94.8449,5.1551,878.0000,0
879.10,6,0.0000,0,0,97.3224,2.6776,814.0000,0
879.10,7,0.0000,0,0,86.0986,13.9014,814.0000,0
879.10,8,7.0000,0,0,93.2337,6.7663,819.0000,0
879.10,9,0.0000,0,0,93.8227,6.1773,814.0000,0
880.10,0,46.0000,0,0,92.6188,7.3812,846.0000,0
880.10,1,0.0000,0,0,100.0000,0.0000,815.0000,0
880.10,2,0.0000,0,0,98.7212,1.2788,815.0000,0
880.10,3,80.5000,0,0,97.8350,2.1650,869.0000,0
880.10,4,88.0000,0,0,87.1667,12.8333,874.0000,0
880.10,5,95.5000,0,0,94.8449,5.1551,879.0000,0
880.10,6,0.0000,0,0,97.3224,2.6776,815.0000,0
880.10,7,0.0000,0,0,86.0986,13.9014,815.0000,0
880.10,8,7.0000,0,0,93.2337,6.7663,820.0000,0
880.10,9,0.0000,0,0,93.8227,6.1773,815.0000,0
881.10,0,46.0000,0,0,92.6188,7.3812,847.0000,0
881.10,1,0.0000,0,0,100.0000,0.0000,816.0000,0
881.10,2,0.0000,0,0,98.7212,1.2788,816.0000,0
881.10,3,80.5000,0,0,97.8350,2.1650,870.0000,0
881.10,4,88.0000,0,0,87.1667,12.8333,875.0000,0
881.10,5,95.5000,0,0,94.8449,5.1551,880.0000,0
881.10,6,0.0000,0,0,97.3224,2.6776,816.0000,0
881.10,7,0.0000,0,0,86.0986,13.9014,816.0000,0
881.10,8,7.0000,0,0,93.2337,6.7663,821.0000,0
881.10,9,0.0000,0,0,93.8227,6.1773,816.0000,0
882.10,0,46.0000,0,0,92.6188,7.3812,848.0000,0
882.10,1,0.0000,0,0,100.0000,0.0000,817.0000,0
882.10,2,0.0000,0,0,98.7212,1.2788,817.0000,0
882.10,3,80.5000,0,0,97.8350,2.1650,871.0000,0
882.10,4,88.0000,0,0,87.1667,12.8333,876.0000,0
882.10,5,95.5000,0,0,94.8449,5.1551,881.0000,0
882.10,6,0.0000,0,0,97.3224,2.6776,817.0000,0
882.10,7,0.0000,0,0,86.0986,13.9014,817.0000,0
882.10,8,7.0000,0,0,93.2337,6.7663,822.0000,0
882.10,9,0.0000,0,0,93.8227,6.1773,817.0000,0
883.10,0,46.0000,0,0,92.6188,7.3812,849.0000,0
883.10,1,0.0000,0,0,100.0000,0.0000,818.0000,0
883.10,2,0.0000,0,0,98.7212,1.2788,818.0000,0
883.10,3,80.5000,0,0,97.8350,2.1650,872.0000,0
883.10,4,88.0000,0,0,87.1667,12.8333,877.0000,0
883.10,5,95.5000,0,0,94.8449,5.1551,882.0000,0
883.10,6,0.0000,0,0,97.3224,2.6776,818.0000,0
883.10,7,0.0000,0,0,86.0986,13.9014,818.0000,0
883.10,8,7.0000,0,0,93.2337,6.7663,823.0000,0
883.10,9,0.0000,0,0,93.8227,6.1773,818.0000,0
884.10,0,46.0000,0,0,92.6188,7.3812,850.0000,0
884.10,1,0.0000,0,0,100.0000,0.0000,819.0000,0
884.10,2,0.0000,0,0,98.7212,1.2788,819.0000,0
884.10,3,80.5000,0,0,97.8350,2.1650,873.0000,0
884.10,4,88.0000,0,0,87.1667,12.8333,878.0000,0
884.10,5,95.5000,0,0,94.8449,5.1551,883.0000,0
884.10,6,0.0000,0,0,97.3224,2.6776,819.0000,0
884.10,7,0.0000,0,0,86.0986,13.9014,819.0000,0
884.10,8,7.0000,0,0,93.2337,6.7663,824.0000,0
884.10,9,0.0000,0,0,93.8227,6.1773,819.0000,0
885.10,0,46.0000,0,0,92.6188,7.3812,851.0000,0
885.10,1,0.0000,0,0,100.0000,0.0000,820.0000,0
885.10,2,0.0000,0,0,98.7212,1.2788,820.0000,0
885.10,3,80.5000,0,0,97.8350,2.1650,874.0000,0
885.10,4,88.0000,0,0,87.1667,12.8333,879.0000,0
885.10,5,95.5000,0,0,94.8449,5.1551,884.0000,0
885.10,6,0.0000,0,0,97.3224,2.6776,820.0000,0
885.10,7,0.0000,0,0,86.0986,13.9014,820.0000,0
885.10,8,7.0000,0,0,93.2337,6.7663,825.0000,0
885.10,9,0.0000,0,0,93.8227,6.1773,820.0000,0
886.10,0,46.0000,0,0,92.6188,7.3812,852.0000,0
886.10,1,0.0000,0,0,100.0000,0.0000,821.0000,0
886.10,2,0.0000,0,0,98.7212,1.2788,821.0000,0
886.10,3,80.5000,0,0,97.8350,2.1650,875.0000,0
886.10,4,88.0000,0,0,87.1667,12.8333,880.0000,0
886.10,5,95.5000,0,0,94.8449,5.1551,885.0000,0
886.10,6,0.0000,0,0,97.3224,2.6776,821.0000,0
886.10,7,0.0000,0,0,86.0986,13.9014,821.0000,0
886.10,8,7.0000,0,0,93.2337,6.7663,826.0000,0
886.10,9,0.0000,0,0,93.8227,6.1773,821.0000,0
887.10,0,46.0000,0,0,92.6188,7.3812,853.0000,0
887.10,1,0.0000,0,0,100.0000,0.0000,822.0000,0
887.10,2,0.0000,0,0,98.7212,1.2788,822.0000,0
887.10,3,80.5000,0,0,97.8350,2.1650,876.0000,0
887.10,4,88.0000,0,0,87.1667,12.8333,881.0000,0
887.10,5,95.5000,0,0,94.8449,5.1551,886.0000,0
887.10,6,0.0000,0,0,97.3224,2.6776,822.0000,0
887.10,7,0.0000,0,0,86.0986,13.9014,822.0000,0
887.10,8,7.0000,0,0,93.2337,6.7663,827.0000,0
887.10,9,0.0000,0,0,93.8227,6.1773,822.0000,0
888.10,0,46.0000,0,0,92.6188,7.3812,854.0000,0
888.10,1,0.0000,0,0,100.0000,0.0000,823.0000,0
888.10,2,0.0000,0,0,98.7212,1.2788,823.0000,0
888.10,3,80.5000,0,0,97.8350,2.1650,877.0000,0
888.10,4,88.0000,0,0,87.1667,12.8333,882.0000,0
888.10,5,95.5000,0,0,94.8449,5.1551,887.0000,0
888.10,6,0.0000,0,0,97.3224,2.6776,823.0000,0
888.10,7,0.0000,0,0,86.0986,13.9014,823.0000,0
888.10,8,7.0000,0,0,93.2337,6.7663,828.0000,0
888.10,9,0.0000,0,0,93.8227,6.1773,823.0000,0
889.10,0,46.0000,0,0,92.6188,7.3812,855.0000,0
889.10,1,0.0000,0,0,100.0000,0.0000,824.0000,0
889.10,2,0.0000,0,0,98.7212,1.2788,824.0000,0
889.10,3,80.5000,0,0,97.8350,2.1650,878.0000,0
889.10,4,88.0000,0,0,87.1667,12.8333,883.0000,0
889.10,5,95.5000,0,0,94.8449,5.1551,888.0000,0
889.10,6,0.0000,0,0,97.3224,2.6776,824.0000,0
889.10,7,0.0000,0,0,86.0986,13.9014,824.0000,0
889.10,8,7.0000,0,0,93.2337,6.7663,829.0000,0
889.10,9,0.0000,0,0,93.8227,6.1773,824.0000,0
890.10,0,46.0000,0,0,92.6188,7.3812,856.0000,0
890.10,1,0.0000,0,0,100.0000,0.0000,825.0000,0
890.10,2,0.0000,0,0,98.7212,1.2788,825.0000,0
890.10,3,80.5000,0,0,97.8350,2.1650,879.0000,0
890.10,4,88.0000,0,0,87.1667,12.8333,884.0000,0
890.10,5,95.5000,0,0,94.8449,5.1551,889.0000,0
890.10,6,0.0000,0,0,97.3224,2.6776,825.0000,0
890.10,7,0.0000,0,0,86.0986,13.9014,825.0000,0
890.10,8,7.0000,0,0,93.2337,6.7663,830.0000,0
890.10,9,0.0000,0,0,93.8227,6.1773,825.0000,0
891.10,0,46.0000,0,0,92.6188,7.3812,857.0000,0
891.10,1,0.0000,0,0,100.0000,0.0000,826.0000,0
891.10,2,0.0000,0,0,98.7212,1.2788,826.0000,0
891.10,3,80.5000,0,0,97.8350,2.1650,880.0000,0
891.10,4,88.0000,0,0,87.1667,12.8333,885.0000,0
891.10,5,95.5000,0,0,94.8449,5.1551,890.0000,0
891.10,6,0.0000,0,0,97.3224,2.6776,826.0000,0
891.10,7,0.0000,0,0,86.0986,13.9014,826.0000,0
891.10,8,7.0000,0,0,93.2337,6.7663,831.0000,0
891.10,9,0.0000,0,0,93.8227,6.1773,826.0000,0
892.10,0,46.0000,0,0,92.6188,7.3812,858.0000,0
892.10,1,0.0000,0,0,100.0000,0.0000,827.0000,0
892.10,2,0.0000,0,0,98.7212,1.2788,827.0000,0
892.10,3,80.5000,0,0,97.8350,2.1650,881.0000,0
892.10,4,88.0000,0,0,87.1667,12.8333,886.0000,0
892.10,5,95.5000,0,0,94.8449,5.1551,891.0000,0
892.10,6,0.0000,0,0,97.3224,2.6776,827.0000,0
892.10,7,0.0000,0,0,86.0986,13.9014,827.0000,0
892.10,8,7.0000,0,0,93.2337,6.7663,832.0000,0
892.10,9,0.0000,0,0,93.8227,6.1773,827.0000,0
893.10,0,46.0000,0,0,92.6188,7.3812,859.0000,0
893.10,1,0.0000,0,0,100.0000,0.0000,828.0000,0
893.10,2,0.0000,0,0,98.7212,1.2788,828.0000,0
893.10,3,80.5000,0,0,97.8350,2.1650,882.0000,0
893.10,4,88.0000,0,0,87.1667,12.8333,887.0000,0
893.10,5,95.5000,0,0,94.8449,5.1551,892.0000,0
893.10,6,0.0000,0,0,97.3224,2.6776,828.0000,0
893.10,7,0.0000,0,0,86.0986,13.9014,828.0000,0
893.10,8,7.0000,0,0,93.2337,6.7663,833.0000,0
893.10,9,0.0000,0,0,93.8227,6.1773,828.0000,0
894.10,0,46.0000,0,0,92.6188,7.3812,860.0000,0
894.10,1,0.0000,0,0,100.0000,0.0000,829.0000,0
894.10,2,0.0000,0,0,98.7212,1.2788,829.0000,0
894.10,3,80.5000,0,0,97.8350,2.1650,883.0000,0
894.10,4,88.0000,0,0,87.1667,12.8333,888.0000,0
894.10,5,95.5000,0,0,94.8449,5.1551,893.0000,0
894.10,6,0.0000,0,0,97.3224,2.6776,829.0000,0
894.10,7,0.0000,0,0,86.0986,13.9014,829.0000,0
894.10,8,7.0000,0,0,93.2337,6.7663,834.0000,0
894.10,9,0.0000,0,0,93.8227,6.1773,829.0000,0
895.10,0,46.0000,0,0,92.6188,7.3812,861.0000,0
895.10,1,0.0000,0,0,100.0000,0.0000,830.0000,0
895.10,2,0.0000,0,0,98.7212,1.2788,830.0000,0
895.10,3,80.5000,0,0,97.8350,2.1650,884.0000,0
895.10,4,88.0000,0,0,87.1667,12.8333,889.0000,0
895.10,5,95.5000,0,0,94.8449,5.1551,894.0000,0
895.10,6,0.0000,0,0,97.3224,2.6776,830.0000,0
895.10,7,0.0000,0,0,86.0986,13.9014,830.0000,0
895.10,8,7.0000,0,0,93.2337,6.7663,835.0000,0
895.10,9,0.0000,0,0,93.8227,6.1773,830.0000,0
896.10,0,46.0000,0,0,92.6188,7.3812,862.0000,0
896.10,1,0.0000,0,0,100.0000,0.0000,831.0000,0
896.10,2,0.0000,0,0,98.7212,1.2788,831.0000,0
896.10,3,80.5000,0,0,97.8350,2.1650,885.0000,0
896.10,4,88.0000,0,0,87.1667,12.8333,890.0000,0
896.10,5,95.5000,0,0,94.8449,5.1551,895.0000,0
896.10,6,0.0000,0,0,97.3224,2.6776,831.0000,0
896.10,7,0.0000,0,0,86.0986,13.9014,831.0000,0
896.10,8,7.0000,0,0,93.2337,6.7663,836.0000,0
896.10,9,0.0000,0,0,93.8227,6.1773,831.0000,0
897.10,0,46.0000,0,0,92.6188,7.3812,863.0000,0
897.10,1,0.0000,0,0,100.0000,0.0000,832.0000,0
897.10,2,0.0000,0,0,98.7212,1.2788,832.0000,0
897.10,3,80.5000,0,0,97.8350,2.1650,886.0000,0
897.10,4,88.0000,0,0,87.1667,12.8333,891.0000,0
897.10,5,95.5000,0,0,94.8449,5.1551,896.0000,0
897.10,6,0.0000,0,0,97.3224,2.6776,832.0000,0
897.10,7,0.0000,0,0,86.0986,13.9014,832.0000,0
897.10,8,7.0000,0,0,93.2337,6.7663,837.0000,0
897.10,9,0.0000,0,0,93.8227,6.1773,832.0000,0
898.10,0,46.0000,0,0,92.6188,7.3812,864.0000,0
898.10,1,0.0000,0,0,100.0000,0.0000,833.0000,0
898.10,2,0.0000,0,0,98.7212,1.2788,833.0000,0
898.10,3,80.5000,0,0,97.8350,2.1650,887.0000,0
898.10,4,88.0000,0,0,87.1667,12.8333,892.0000,0
898.10,5,95.5000,0,0,94.8449,5.1551,897.0000,0
898.10,6,0.0000,0,0,97.3224,2.6776,833.0000,0
898.10,7,0.0000,0,0,86.0986,13.9014,833.0000,0
898.10,8,7.0000,0,0,93.2337,6.7663,838.0000,0
898.10,9,0.0000,0,0,93.8227,6.1773,833.0000,0
899.10,0,46.0000,0,0,92.6188,7.3812,865.0000,0
899.10,1,0.0000,0,0,100.0000,0.0000,834.0000,0
899.10,2,0.0000,0,0,98.7212,1.2788,834.0000,0
899.10,3,80.5000,0,0,97.8350,2.1650,888.0000,0
899.10,4,88.0000,0,0,87.1667,12.8333,893.0000,0
899.10,5,95.5000,0,0,94.8449,5.1551,898.0000,0
899.10,6,0.0000,0,0,97.3224,2.6776,834.0000,0
899.10,7,0.0000,0,0,86.0986,13.9014,834.0000,0
899.10,8,7.0000,0,0,93.2337,6.7663,839.0000,0
899.10,9,0.0000,0,0,93.8227,6.1773,834.0000,0
900.10,0,46.0000,0,0,92.6188,7.3812,866.0000,0
900.10,1,0.0000,0,0,100.0000,0.0000,835.0000,0
900.10,2,0.0000,0,0,98.7212,1.2788,835.0000,0
900.10,3,80.5000,0,0,97.8350,2.1650,889.0000,0
900.10,4,88.0000,0,0,87.1667,12.8333,894.0000,0
900.10,5,95.5000,0,0,94.8449,5.1551,899.0000,0
900.10,6,0.0000,0,0,97.3224,2.6776,835.0000,0
900.10,7,0.0000,0,0,86.0986,13.9014,835.0000,0
900.10,8,7.0000,0,0,93.2337,6.7663,840.0000,0
900.10,9,0.0000,0,0,93.8227,6.1773,835.0000,0
901.10,0,46.0000,0,0,92.6188,7.3812,867.0000,0
901.10,1,0.0000,0,0,100.0000,0.0000,836.0000,0
901.10,2,0.0000,0,0,98.7212,1.2788,836.0000,0
901.10,3,80.5000,0,0,97.8350,2.1650,890.0000,0
901.10,4,88.0000,0,0,87.1667,12.8333,895.0000,0
901.10,5,95.5000,0,0,94.8449,5.1551,900.0000,0
901.10,6,0.0000,0,0,97.3224,2.6776,836.0000,0
901.10,7,0.0000,0,0,86.0986,13.9014,836.0000,0
901.10,8,7.0000,0,0,93.2337,6.7663,841.0000,0
901.10,9,0.0000,0,0,93.8227,6.1773,836.0000,0
902.10,0,46.0000,0,0,92.6188,7.3812,868.0000,0
902.10,1,0.0000,0,0,100.0000,0.0000,837.0000,0
902.10,2,0.0000,0,0,98.7212,1.2788,837.0000,0
902.10,3,80.5000,0,0,97.8350,2.1650,891.0000,0
902.10,4,88.0000,0,0,87.1667,12.8333,896.0000,0
902.10,5,95.5000,0,0,94.8449,5.1551,901.0000,0
902.10,6,0.0000,0,0,97.3224,2.6776,837.0000,0
902.10,7,0.0000,0,0,86.0986,13.9014,837.0000,0
902.10,8,7.0000,0,0,93.2337,6.7663,842.0000,0
902.10,9,0.0000,0,0,93.8227,6.1773,837.0000,0
903.10,0,46.0000,0,0,92.6188,7.3812,869.0000,0
903.10,1,0.0000,0,0,100.0000,0.0000,838.0000,0
903.10,2,0.0000,0,0,98.7212,1.2788,838.0000,0
903.10,3,80.5000,0,0,97.8350,2.1650,892.0000,0
903.10,4,88.0000,0,0,87.1667,12.8333,897.0000,0
903.10,5,95.5000,0,0,94.8449,5.1551,902.0000,0
903.10,6,0.0000,0,0,97.3224,2.6776,838.0000,0
903.10,7,0.0000,0,0,86.0986,13.9014,838.0000,0
903.10,8,7.0000,0,0,93.2337,6.7663,843.0000,0
903.10,9,0.0000,0,0,93.8227,6.1773,838.0000,0
904.10,0,46.0000,0,0,92.6188,7.3812,870.0000,0
904.10,1,0.0000,0,0,100.0000,0.0000,839.0000,0
904.10,2,0.0000,0,0,98.7212,1.2788,839.0000,0
904.10,3,80.5000,0,0,97.8350,2.1650,893.0000,0
904.10,4,88.0000,0,0,87.1667,12.8333,898.0000,0
904.10,5,95.5000,0,0,94.8449,5.1551,903.0000,0
904.10,6,0.0000,0,0,97.3224,2.6776,839.0000,0
904.10,7,0.0000,0,0,86.0986,13.9014,839.0000,0
904.10,8,7.0000,0,0,93.2337,6.7663,844.0000,0
904.10,9,0.0000,0,0,93.8227,6.1773,839.0000,0
905.10,0,46.0000,0,0,92.6188,7.3812,871.0000,0
905.10,1,0.0000,0,0,100.0000,0.0000,840.0000,0
905.10,2,0.0000,0,0,98.7212,1.2788,840.0000,0
905.10,3,80.5000,0,0,97.8350,2.1650,894.0000,0
905.10,4,88.0000,0,0,87.1667,12.8333,899.0000,0
905.10,5,95.5000,0,0,94.8449,5.1551,904.0000,0
905.10,6,0.0000,0,0,97.3224,2.6776,840.0000,0
905.10,7,0.0000,0,0,86.0986,13.9014,840.0000,0
905.10,8,7.0000,0,0,93.2337,6.7663,845.0000,0
905.10,9,0.0000,0,0,93.8227,6.1773,840.0000,0
906.10,0,46.0000,0,0,92.6188,7.3812,872.0000,0
906.10,1,0.0000,0,0,100.0000,0.0000,841.0000,0
906.10,2,0.0000,0,0,98.7212,1.2788,841.0000,0
906.10,3,80.5000,0,0,97.8350,2.1650,895.0000,0
906.10,4,88.0000,0,0,87.1667,12.8333,900.0000,0
906.10,5,95.5000,0,0,94.8449,5.1551,905.0000,0
906.10,6,0.0000,0,0,97.3224,2.6776,841.0000,0
906.10,7,0.0000,0,0,86.0986,13.9014,841.0000,0
906.10,8,7.0000,0,0,93.2337,6.7663,846.0000,0
906.10,9,0.0000,0,0,93.8227,6.1773,841.0000,0
907.10,0,46.0000,0,0,92.6188,7.3812,873.0000,0
907.10,1,0.0000,0,0,100.0000,0.0000,842.0000,0
907.10,2,0.0000,0,0,98.7212,1.2788,842.0000,0
907.10,3,80.5000,0,0,97.8350,2.1650,896.0000,0
907.10,4,88.0000,0,0,87.1667,12.8333,901.0000,0
907.10,5,95.5000,0,0,94.8449,5.1551,906.0000,0
907.10,6,0.0000,0,0,97.3224,2.6776,842.0000,0
907.10,7,0.0000,0,0,86.0986,13.9014,842.0000,0
907.10,8,7.0000,0,0,93.2337,6.7663,847.0000,0
907.10,9,0.0000,0,0,93.8227,6.1773,842.0000,0
908.10,0,46.0000,0,0,92.6188,7.3812,874.0000,0
908.10,1,0.0000,0,0,100.0000,0.0000,843.0000,0
908.10,2,0.0000,0,0,98.7212,1.2788,843.0000,0
908.10,3,80.5000,0,0,97.8350,2.1650,897.0000,0
908.10,4,88.0000,0,0,87.1667,12.8333,902.0000,0
908.10,5,95.5000,0,0,94.8449,5.1551,907.0000,0
908.10,6,0.0000,0,0,97.3224,2.6776,843.0000,0
908.10,7,0.0000,0,0,86.0986,13.9014,843.0000,0
908.10,8,7.0000,0,0,93.2337,6.7663,848.0000,0
908.10,9,0.0000,0,0,93.8227,6.1773,843.0000,0
909.10,0,46.0000,0,0,92.6188,7.3812,875.0000,0
909.10,1,0.0000,0,0,100.0000,0.0000,844.0000,0
909.10,2,0.0000,0,0,98.7212,1.2788,844.0000,0
909.10,3,80.5000,0,0,97.8350,2.1650,898.0000,0
909.10,4,88.0000,0,0,87.1667,12.8333,903.0000,0
909.10,5,95.5000,0,0,94.8449,5.1551,908.0000,0
909.10,6,0.0000,0,0,97.3224,2.6776,844.0000,0
909.10,7,0.0000,0,0,86.0986,13.9014,844.0000,0
909.10,8,7.0000,0,0,93.2337,6.7663,849.0000,0
909.10,9,0.0000,0,0,93.8227,6.1773,844.0000,0
910.10,0,46.0000,0,0,92.6188,7.3812,876.0000,0
910.10,1,0.0000,0,0,100.0000,0.0000,845.0000,0
910.10,2,0.0000,0,0,98.7212,1.2788,845.0000,0
910.10,3,80.5000,0,0,97.8350,2.1650,899.0000,0
910.10,4,88.0000,0,0,87.1667,12.8333,904.0000,0
910.10,5,95.5000,0,0,94.8449,5.1551,909.0000,0
910.10,6,0.0000,0,0,97.3224,2.6776,845.0000,0
910.10,7,0.0000,0,0,86.0986,13.9014,845.0000,0
910.10,8,7.0000,0,0,93.2337,6.7663,850.0000,0
910.10,9,0.0000,0,0,93.8227,6.1773,845.0000,0
911.10,0,46.0000,0,0,92.6188,7.3812,877.0000,0
911.10,1,0.0000,0,0,100.0000,0.0000,846.0000,0
911.10,2,0.0000,0,0,98.7212,1.2788,846.0000,0
911.10,3,80.5000,0,0,97.8350,2.1650,900.0000,0
911.10,4,88.0000,0,0,87.1667,12.8333,905.0000,0
911.10,5,95.5000,0,0,94.8449,5.1551,910.0000,0
911.10,6,0.0000,0,0,97.3224,2.6776,846.0000,0
911.10,7,0.0000,0,0,86.0986,13.9014,846.0000,0
911.10,8,7.0000,0,0,93.2337,6.7663,851.0000,0
911.10,9,0.0000,0,0,93.8227,6.1773,846.0000,0
912.10,0,46.0000,0,0,92.6188,7.3812,878.0000,0
912.10,1,0.0000,0,0,100.0000,0.0000,847.0000,0
912.10,2,0.0000,0,0,98.7212,1.2788,847.0000,0
912.10,3,80.5000,0,0,97.8350,2.1650,901.0000,0
912.10,4,88.0000,0,0,87.1667,12.8333,906.0000,0
912.10,5,95.5000,0,0,94.8449,5.1551,911.0000,0
912.10,6,0.0000,0,0,97.3224,2.6776,847.0000,0
912.10,7,0.0000,0,0,86.0986,13.9014,847.0000,0
912.10,8,7.0000,0,0,93.2337,6.7663,852.0000,0
912.10,9,0.0000,0,0,93.8227,6.1773,847.0000,0
913.10,0,46.0000,0,0,92.6188,7.3812,879.0000,0
913.10,1,0.0000,0,0,100.0000,0.0000,848.0000,0
913.10,2,0.0000,0,0,98.7212,1.2788,848.0000,0
913.10,3,80.5000,0,0,97.8350,2.1650,902.0000,0
913.10,4,88.0000,0,0,87.1667,12.8333,907.0000,0
913.10,5,95.5000,0,0,94.8449,5.1551,912.0000,0
913.10,6,0.0000,0,0,97.3224,2.6776,848.0000,0
913.10,7,0.0000,0,0,86.0986,13.9014,848.0000,0
913.10,8,7.0000,0,0,93.2337,6.7663,853.0000,0
913.10,9,0.0000,0,0,93.8227,6.1773,848.0000,0
914.10,0,46.0000,0,0,92.6188,7.3812,880.0000,0
914.10,1,0.0000,0,0,100.0000,0.0000,849.0000,0
914.10,2,0.0000,0,0,98.7212,1.2788,849.0000,0
914.10,3,80.5000,0,0,97.8350,2.1650,903.0000,0
914.10,4,88.0000,0,0,87.1667,12.8333,908.0000,0
914.10,5,95.5000,0,0,94.8449,5.1551,913.0000,0
914.10,6,0.0000,0,0,97.3224,2.6776,849.0000,0
914.10,7,0.0000,0,0,86.0986,13.9014,849.0000,0
914.10,8,7.0000,0,0,93.2337,6.7663,854.0000,0
914.10,9,0.0000,0,0,93.8227,6.1773,849.0000,0
915.10,0,46.0000,0,0,92.6188,7.3812,881.0000,0
915.10,1,0.0000,0,0,100.0000,0.0000,850.0000,0
915.10,2,0.0000,0,0,98.7212,1.2788,850.0000,0
915.10,3,80.5000,0,0,97.8350,2.1650,904.0000,0
915.10,4,88.0000,0,0,87.1667,12.8333,909.0000,0
915.10,5,95.5000,0,0,94.8449,5.1551,914.0000,0
915.10,6,0.0000,0,0,97.3224,2.6776,850.0000,0
915.10,7,0.0000,0,0,86.0986,13.9014,850.0000,0
915.10,8,7.0000,0,0,93.2337,6.7663,855.0000,0
915.10,9,0.0000,0,0,93.8227,6.1773,850.0000,0
916.10,0,46.0000,0,0,92.6188,7.3812,882.0000,0
916.10,1,0.0000,0,0,100.0000,0.0000,851.0000,0
916.10,2,0.0000,0,0,98.7212,1.2788,851.0000,0
916.10,3,80.5000,0,0,97.8350,2.1650,905.0000,0
916.10,4,88.0000,0,0,87.1667,12.8333,910.0000,0
916.10,5,95.5000,0,0,94.8449,5.1551,915.0000,0
916.10,6,0.0000,0,0,97.3224,2.6776,851.0000,0
916.10,7,0.0000,0,0,86.0986,13.9014,851.0000,0
916.10,8,7.0000,0,0,93.2337,6.7663,856.0000,0
916.10,9,0.0000,0,0,93.8227,6.1773,851.0000,0
917.10,0,46.0000,0,0,92.6188,7.3812,883.0000,0
917.10,1,0.0000,0,0,100.0000,0.0000,852.0000,0
917.10,2,0.0000,0,0,98.7212,1.2788,852.0000,0
917.10,3,80.5000,0,0,97.8350,2.1650,906.0000,0
917.10,4,88.0000,0,0,87.1667,12.8333,911.0000,0
917.10,5,95.5000,0,0,94.8449,5.1551,916.0000,0
917.10,6,0.0000,0,0,97.3224,2.6776,852.0000,0
917.10,7,0.0000,0,0,86.0986,13.9014,852.0000,0
917.10,8,7.0000,0,0,93.2337,6.7663,857.0000,0
917.10,9,0.0000,0,0,93.8227,6.1773,852.0000,0
918.10,0,46.0000,0,0,92.6188,7.3812,884.0000,0
918.10,1,0.0000,0,0,100.0000,0.0000,853.0000,0
918.10,2,0.0000,0,0,98.7212,1.2788,853.0000,0
918.10,3,80.5000,0,0,97.8350,2.1650,907.0000,0
918.10,4,88.0000,0,0,87.1667,12.8333,912.0000,0
918.10,5,95.5000,0,0,94.8449,5.1551,917.0000,0
918.10,6,0.0000,0,0,97.3224,2.6776,853.0000,0
918.10,7,0.0000,0,0,86.0986,13.9014,853.0000,0
918.10,8,7.0000,0,0,93.2337,6.7663,858.0000,0
918.10,9,0.0000,0,0,93.8227,6.1773,853.0000,0
919.10,0,46.0000,0,0,92.6188,7.3812,885.0000,0
919.10,1,0.0000,0,0,100.0000,0.0000,854.0000,0
919.10,2,0.0000,0,0,98.7212,1.2788,854.0000,0
919.10,3,80.5000,0,0,97.8350,2.1650,908.0000,0
919.10,4,88.0000,0,0,87.1667,12.8333,913.0000,0
919.10,5,95.5000,0,0,94.8449,5.1551,918.0000,0
919.10,6,0.0000,0,0,97.3224,2.6776,854.0000,0
919.10,7,0.0000,0,0,86.0986,13.9014,854.0000,0
919.10,8,7.0000,0,0,93.2337,6.7663,859.0000,0
919.10,9,0.0000,0,0,93.8227,6.1773,854.0000,0
920.10,0,46.0000,0,0,92.6188,7.3812,886.0000,0
920.10,1,0.0000,0,0,100.0000,0.0000,855.0000,0
920.10,2,0.0000,0,0,98.7212,1.2788,855.0000,0
920.10,3,80.5000,0,0,97.8350,2.1650,909.0000,0
920.10,4,88.0000,0,0,87.1667,12.8333,914.0000,0
920.10,5,95.5000,0,0,94.8449,5.1551,919.0000,0
920.10,6,0.0000,0,0,97.3224,2.6776,855.0000,0
920.10,7,0.0000,0,0,86.0986,13.9014,855.0000,0
920.10,8,7.0000,0,0,93.2337,6.7663,860.0000,0
920.10,9,0.0000,0,0,93.8227,6.1773,855.0000,0
921.10,0,46.0000,0,0,92.6188,7.3812,887.0000,0
921.10,1,0.0000,0,0,100.0000,0.0000,856.0000,0
921.10,2,0.0000,0,0,98.7212,1.2788,856.0000,0
921.10,3,80.5000,0,0,97.8350,2.1650,910.0000,0
921.10,4,88.0000,0,0,87.1667,12.8333,915.0000,0
921.10,5,95.5000,0,0,94.8449,5.1551,920.0000,0
921.10,6,0.0000,0,0,97.3224,2.6776,856.0000,0
921.10,7,0.0000,0,0,86.0986,13.9014,856.0000,0
921.10,8,7.0000,0,0,93.2337,6.7663,861.0000,0
921.10,9,0.0000,0,0,93.8227,6.1773,856.0000,0
922.10,0,46.0000,0,0,92.6188,7.3812,888.0000,0
922.10,1,0.0000,0,0,100.0000,0.0000,857.0000,0
922.10,2,0.0000,0,0,98.7212,1.2788,857.0000,0
922.10,3,80.5000,0,0,97.8350,2.1650,911.0000,0
922.10,4,88.0000,0,0,87.1667,12.8333,916.0000,0
922.10,5,95.5000,0,0,94.8449,5.1551,921.0000,0
922.10,6,0.0000,0,0,97.3224,2.6776,857.0000,0
922.10,7,0.0000,0,0,86.0986,13.9014,857.0000,0
922.10,8,7.0000,0,0,93.2337,6.7663,862.0000,0
922.10,9,0.0000,0,0,93.8227,6.1773,857.0000,0
923.10,0,46.0000,0,0,92.6188,7.3812,889.0000,0
923.10,1,0.0000,0,0,100.0000,0.0000,858.0000,0
923.10,2,0.0000,0,0,98.7212,1.2788,858.0000,0
923.10,3,80.5000,0,0,97.8350,2.1650,912.0000,0
923.10,4,88.0000,0,0,87.1667,12.8333,917.0000,0
923.10,5,95.5000,0,0,94.8449,5.1551,922.0000,0
923.10,6,0.0000,0,0,97.3224,2.6776,858.0000,0
923.10,7,0.0000,0,0,86.0986,13.9014,858.0000,0
923.10,8,7.0000,0,0,93.2337,6.7663,863.0000,0
923.10,9,0.0000,0,0,93.8227,6.1773,858.0000,0
924.10,0,46.0000,0,0,92.6188,7.3812,890.0000,0
924.10,1,0.0000,0,0,100.0000,0.0000,859.0000,0
924.10,2,0.0000,0,0,98.7212,1.2788,859.0000,0
924.10,3,80.5000,0,0,97.8350,2.1650,913.0000,0
924.10,4,88.0000,0,0,87.1667,12.8333,918.0000,0
924.10,5,95.5000,0,0,94.8449,5.1551,923.0000,0
924.10,6,0.0000,0,0,97.3224,2.6776,859.0000,0
924.10,7,0.0000,0,0,86.0986,13.9014,859.0000,0
924.10,8,7.0000,0,0,93.2337,6.7663,864.0000,0
924.10,9,0.0000,0,0,93.8227,6.1773,859.0000,0
925.10,0,46.0000,0,0,92.6188,7.3812,891.0000,0
925.10,1,0.0000,0,0,100.0000,0.0000,860.0000,0
925.10,2,0.0000,0,0,98.7212,1.2788,860.0000,0
925.10,3,80.5000,0,0,97.8350,2.1650,914.0000,0
925.10,4,88.0000,0,0,87.1667,12.8333,919.0000,0
925.10,5,95.5000,0,0,94.8449,5.1551,924.0000,0
925.10,6,0.0000,0,0,97.3224,2.6776,860.0000,0
925.10,7,0.0000,0,0,86.0986,13.9014,860.0000,0
925.10,8,7.0000,0,0,93.2337,6.7663,865.0000,0
925.10,9,0.0000,0,0,93.8227,6.1773,860.0000,0
926.10,0,46.0000,0,0,92.6188,7.3812,892.0000,0
926.10,1,0.0000,0,0,100.0000,0.0000,861.0000,0
926.10,2,0.0000,0,0,98.7212,1.2788,861.0000,0
926.10,3,80.5000,0,0,97.8350,2.1650,915.0000,0
926.10,4,88.0000,0,0,87.1667,12.8333,920.0000,0
926.10,5,95.5000,0,0,94.8449,5.1551,925.0000,0
926.10,6,0.0000,0,0,97.3224,2.6776,861.0000,0
926.10,7,0.0000,0,0,86.0986,13.9014,861.0000,0
926.10,8,7.0000,0,0,93.2337,6.7663,866.0000,0
926.10,9,0.0000,0,0,93.8227,6.1773,861.0000,0
927.10,0,46.0000,0,0,92.6188,7.3812,893.0000,0
927.10,1,0.0000,0,0,100.0000,0.0000,862.0000,0
927.10,2,0.0000,0,0,98.7212,1.2788,862.0000,0
927.10,3,80.5000,0,0,97.8350,2.1650,916.0000,0
927.10,4,88.0000,0,0,87.1667,12.8333,921.0000,0
927.10,5,95.5000,0,0,94.8449,5.1551,926.0000,0
927.10,6,0.0000,0,0,97.3224,2.6776,862.0000,0
927.10,7,0.0000,0,0,86.0986,13.9014,862.0000,0
927.10,8,7.0000,0,0,93.2337,6.7663,867.0000,0
927.10,9,0.0000,0,0,93.8227,6.1773,862.0000,0
928.10,0,46.0000,0,0,92.6188,7.3812,894.0000,0
928.10,1,0.0000,0,0,100.0000,0.0000,863.0000,0
928.10,2,0.0000,0,0,98.7212,1.2788,863.0000,0
928.10,3,80.5000,0,0,97.8350,2.1650,917.0000,0
928.10,4,88.0000,0,0,87.1667,12.8333,922.0000,0
928.10,5,95.5000,0,0,94.8449,5.1551,927.0000,0
928.10,6,0.0000,0,0,97.3224,2.6776,863.0000,0
928.10,7,0.0000,0,0,86.0986,13.9014,863.0000,0
928.10,8,7.0000,0,0,93.2337,6.7663,868.0000,0
928.10,9,0.0000,0,0,93.8227,6.1773,863.0000,0
929.10,0,46.0000,0,0,92.6188,7.3812,895.0000,0
929.10,1,0.0000,0,0,100.0000,0.0000,864.0000,0
929.10,2,0.0000,0,0,98.7212,1.2788,864.0000,0
929.10,3,80.5000,0,0,97.8350,2.1650,918.0000,0
929.10,4,88.0000,0,0,87.1667,12.8333,923.0000,0
929.10,5,95.5000,0,0,94.8449,5.1551,928.0000,0
929.10,6,0.0000,0,0,97.3224,2.6776,864.0000,0
929.10,7,0.0000,0,0,86.0986,13.9014,864.0000,0
929.10,8,7.0000,0,0,93.2337,6.7663,869.0000,0
929.10,9,0.0000,0,0,93.8227,6.1773,864.0000,0
930.10,0,46.0000,0,0,92.6188,7.3812,896.0000,0
930.10,1,0.0000,0,0,100.0000,0.0000,865.0000,0
930.10,2,0.0000,0,0,98.7212,1.2788,865.0000,0
930.10,3,80.5000,0,0,97.8350,2.1650,919.0000,0
930.10,4,88.0000,0,0,87.1667,12.8333,924.0000,0
930.10,5,95.5000,0,0,94.8449,5.1551,929.0000,0
930.10,6,0.0000,0,0,97.3224,2.6776,865.0000,0
930.10,7,0.0000,0,0,86.0986,13.9014,865.0000,0
930.10,8,7.0000,0,0,93.2337,6.7663,870.0000,0
930.10,9,0.0000,0,0,93.8227,6.1773,865.0000,0
931.10,0,46.0000,0,0,92.6188,7.3812,897.0000,0
931.10,1,0.0000,0,0,100.0000,0.0000,866.0000,0
931.10,2,0.0000,0,0,98.7212,1.2788,866.0000,0
931.10,3,80.5000,0,0,97.8350,2.1650,920.0000,0
931.10,4,88.0000,0,0,87.1667,12.8333,925.0000,0
931.10,5,95.5000,0,0,94.8449,5.1551,930.0000,0
931.10,6,0.0000,0,0,97.3224,2.6776,866.0000,0
931.10,7,0.0000,0,0,86.0986,13.9014,866.0000,0
931.10,8,7.0000,0,0,93.2337,6.7663,871.0000,0
931.10,9,0.0000,0,0,93.8227,6.1773,866.0000,0
932.10,0,46.0000,0,0,92.6188,7.3812,898.0000,0
932.10,1,0.0000,0,0,100.0000,0.0000,867.0000,0
932.10,2,0.0000,0,0,98.7212,1.2788,867.0000,0
932.10,3,80.5000,0,0,97.8350,2.1650,921.0000,0
932.10,4,88.0000,0,0,87.1667,12.8333,926.0000,0
932.10,5,95.5000,0,0,94.8449,5.1551,931.0000,0
932.10,6,0.0000,0,0,97.3224,2.6776,867.0000,0
932.10,7,0.0000,0,0,86.0986,13.9014,867.0000,0
932.10,8,7.0000,0,0,93.2337,6.7663,872.0000,0
932.10,9,0.0000,0,0,93.8227,6.1773,867.0000,0
933.10,0,46.0000,0,0,92.6188,7.3812,899.0000,0
933.10,1,0.0000,0,0,100.0000,0.0000,868.0000,0
933.10,2,0.0000,0,0,98.7212,1.2788,868.0000,0
933.10,3,80.5000,0,0,97.8350,2.1650,922.0000,0
933.10,4,88.0000,0,0,87.1667,12.8333,927.0000,0
933.10,5,95.5000,0,0,94.8449,5.1551,932.0000,0
933.10,6,0.0000,0,0,97.3224,2.6776,868.0000,0
933.10,7,0.0000,0,0,86.0986,13.9014,868.0000,0
933.10,8,7.0000,0,0,93.2337,6.7663,873.0000,0
933.10,9,0.0000,0,0,93.8227,6.1773,868.0000,0
934.10,0,46.0000,0,0,92.6188,7.3812,900.0000,0
934.10,1,0.0000,0,0,100.0000,0.0000,869.0000,0
934.10,2,0.0000,0,0,98.7212,1.2788,869.0000,0
934.10,3,80.5000,0,0,97.8350,2.1650,923.0000,0
934.10,4,88.0000,0,0,87.1667,12.8333,928.0000,0
934.10,5,95.5000,0,0,94.8449,5.1551,933.0000,0
934.10,6,0.0000,0,0,97.3224,2.6776,869.0000,0
934.10,7,0.0000,0,0,86.0986,13.9014,869.0000,0
934.10,8,7.0000,0,0,93.2337,6.7663,874.0000,0
934.10,9,0.0000,0,0,93.8227,6.1773,869.0000,0
935.10,0,46.0000,0,0,92.6188,7.3812,901.0000,0
935.10,1,0.0000,0,0,100.0000,0.0000,870.0000,0
935.10,2,0.0000,0,0,98.7212,1.2788,870.0000,0
935.10,3,80.5000,0,0,97.8350,2.1650,924.0000,0
935.10,4,88.0000,0,0,87.1667,12.8333,929.0000,0
935.10,5,95.5000,0,0,94.8449,5.1551,934.0000,0
935.10,6,0.0000,0,0,97.3224,2.6776,870.0000,0
935.10,7,0.0000,0,0,86.0986,13.9014,870.0000,0
935.10,8,7.0000,0,0,93.2337,6.7663,875.0000,0
935.10,9,0.0000,0,0,93.8227,6.1773,870.0000,0
936.10,0,46.0000,0,0,92.6188,7.3812,902.0000,0
936.10,1,0.0000,0,0,100.0000,0.0000,871.0000,0
936.10,2,0.0000,0,0,98.7212,1.2788,871.0000,0
936.10,3,80.5000,0,0,97.8350,2.1650,925.0000,0
936.10,4,88.0000,0,0,87.1667,12.8333,930.0000,0
936.10,5,95.5000,0,0,94.8449,5.1551,935.0000,0
936.10,6,0.0000,0,0,97.3224,2.6776,871.0000,0
936.10,7,0.0000,0,0,86.0986,13.9014,871.0000,0
936.10,8,7.0000,0,0,93.2337,6.7663,876.0000,0
936.10,9,0.0000,0,0,93.8227,6.1773,871.0000,0
937.10,0,46.0000,0,0,92.6188,7.3812,903.0000,0
937.10,1,0.0000,0,0,100.0000,0.0000,872.0000,0
937.10,2,0.0000,0,0,98.7212,1.2788,872.0000,0
937.10,3,80.5000,0,0,97.8350,2.1650,926.0000,0
937.10,4,88.0000,0,0,87.1667,12.8333,931.0000,0
937.10,5,95.5000,0,0,94.8449,5.1551,936.0000,0
937.10,6,0.0000,0,0,97.3224,2.6776,872.0000,0
937.10,7,0.0000,0,0,86.0986,13.9014,872.0000,0
937.10,8,7.0000,0,0,93.2337,6.7663,877.0000,0
937.10,9,0.0000,0,0,93.8227,6.1773,872.0000,0
938.10,0,46.0000,0,0,92.6188,7.3812,904.0000,0
938.10,1,0.0000,0,0,100.0000,0.0000,873.0000,0
938.10,2,0.0000,0,0,98.7212,1.2788,873.0000,0
938.10,3,80.5000,0,0,97.8350,2.1650,927.0000,0
938.10,4,88.0000,0,0,87.1667,12.8333,932.0000,0
938.10,5,95.5000,0,0,94.8449,5.1551,937.0000,0
938.10,6,0.0000,0,0,97.3224,2.6776,873.0000,0
938.10,7,0.0000,0,0,86.0986,13.9014,873.0000,0
938.10,8,7.0000,0,0,93.2337,6.7663,878.0000,0
938.10,9,0.0000,0,0,93.8227,6.1773,873.0000,0
939.10,0,46.0000,0,0,92.6188,7.3812,905.0000,0
939.10,1,0.0000,0,0,100.0000,0.0000,874.0000,0
939.10,2,0.0000,0,0,98.7212,1.2788,874.0000,0
939.10,3,80.5000,0,0,97.8350,2.1650,928.0000,0
939.10,4,88.0000,0,0,87.1667,12.8333,933.0000,0
939.10,5,95.5000,0,0,94.8449,5.1551,938.0000,0
939.10,6,0.0000,0,0,97.3224,2.6776,874.0000,0
939.10,7,0.0000,0,0,86.0986,13.9014,874.0000,0
939.10,8,7.0000,0,0,93.2337,6.7663,879.0000,0
939.10,9,0.0000,0,0,93.8227,6.1773,874.0000,0
940.10,0,46.0000,0,0,92.6188,7.3812,906.0000,0
940.10,1,0.0000,0,0,100.0000,0.0000,875.0000,0
940.10,2,0.0000,0,0,98.7212,1.2788,875.0000,0
940.10,3,80.5000,0,0,97.8350,2.1650,929.0000,0
940.10,4,88.0000,0,0,87.1667,12.8333,934.0000,0
940.10,5,95.5000,0,0,94.8449,5.1551,939.0000,0
940.10,6,0.0000,0,0,97.3224,2.6776,875.0000,0
940.10,7,0.0000,0,0,86.0986,13.9014,875.0000,0
940.10,8,7.0000,0,0,93.2337,6.7663,880.0000,0
940.10,9,0.0000,0,0,93.8227,6.1773,875.0000,0
941.10,0,46.0000,0,0,92.6188,7.3812,907.0000,0
941.10,1,0.0000,0,0,100.0000,0.0000,876.0000,0
941.10,2,0.0000,0,0,98.7212,1.2788,876.0000,0
941.10,3,80.5000,0,0,97.8350,2.1650,930.0000,0
941.10,4,88.0000,0,0,87.1667,12.8333,935.0000,0
941.10,5,95.5000,0,0,94.8449,5.1551,940.0000,0
941.10,6,0.0000,0,0,97.3224,2.6776,876.0000,0
941.10,7,0.0000,0,0,86.0986,13.9014,876.0000,0
941.10,8,7.0000,0,0,93.2337,6.7663,881.0000,0
941.10,9,0.0000,0,0,93.8227,6.1773,876.0000,0
942.10,0,46.0000,0,0,92.6188,7.3812,908.0000,0
942.10,1,0.0000,0,0,100.0000,0.0000,877.0000,0
942.10,2,0.0000,0,0,98.7212,1.2788,877.0000,0
942.10,3,80.5000,0,0,97.8350,2.1650,931.0000,0
942.10,4,88.0000,0,0,87.1667,12.8333,936.0000,0
942.10,5,95.5000,0,0,94.8449,5.1551,941.0000,0
942.10,6,0.0000,0,0,97.3224,2.6776,877.0000,0
942.10,7,0.0000,0,0,86.0986,13.9014,877.0000,0
942.10,8,7.0000,0,0,93.2337,6.7663,882.0000,0
942.10,9,0.0000,0,0,93.8227,6.1773,877.0000,0
943.10,0,46.0000,0,0,92.6188,7.3812,909.0000,0
943.10,1,0.0000,0,0,100.0000,0.0000,878.0000,0
943.10,2,0.0000,0,0,98.7212,1.2788,878.0000,0
943.10,3,80.5000,0,0,97.8350,2.1650,932.0000,0
943.10,4,88.0000,0,0,87.1667,12.8333,937.0000,0
943.10,5,95.5000,0,0,94.8449,5.1551,942.0000,0
943.10,6,0.0000,0,0,97.3224,2.6776,878.0000,0
943.10,7,0.0000,0,0,86.0986,13.9014,878.0000,0
943.10,8,7.0000,0,0,93.2337,6.7663,883.0000,0
943.10,9,0.0000,0,0,93.8227,6.1773,878.0000,0
944.10,0,46.0000,0,0,92.6188,7.3812,910.0000,0
944.10,1,0.0000,0,0,100.0000,0.0000,879.0000,0
944.10,2,0.0000,0,0,98.7212,1.2788,879.0000,0
944.10,3,80.5000,0,0,97.8350,2.1650,933.0000,0
944.10,4,88.0000,0,0,87.1667,12.8333,938.0000,0
944.10,5,95.5000,0,0,94.8449,5.1551,943.0000,0
944.10,6,0.0000,0,0,97.3224,2.6776,879.0000,0
944.10,7,0.0000,0,0,86.0986,13.9014,879.0000,0
944.10,8,7.0000,0,0,93.2337,6.7663,884.0000,0
944.10,9,0.0000,0,0,93.8227,6.1773,879.0000,0
945.10,0,46.0000,0,0,92.6188,7.3812,911.0000,0
945.10,1,0.0000,0,0,100.0000,0.0000,880.0000,0
945.10,2,0.0000,0,0,98.7212,1.2788,880.0000,0
945.10,3,80.5000,0,0,97.8350,2.1650,934.0000,0
945.10,4,88.0000,0,0,87.1667,12.8333,939.0000,0
945.10,5,95.5000,0,0,94.8449,5.1551,944.0000,0
945.10,6,0.0000,0,0,97.3224,2.6776,880.0000,0
945.10,7,0.0000,0,0,86.0986,13.9014,880.0000,0
945.10,8,7.0000,0,0,93.2337,6.7663,885.0000,0
945.10,9,0.0000,0,0,93.8227,6.1773,880.0000,0
946.10,0,46.0000,0,0,92.6188,7.3812,912.0000,0
946.10,1,0.0000,0,0,100.0000,0.0000,881.0000,0
946.10,2,0.0000,0,0,98.7212,1.2788,881.0000,0
946.10,3,80.5000,0,0,97.8350,2.1650,935.0000,0
946.10,4,88.0000,0,0,87.1667,12.8333,940.0000,0
946.10,5,95.5000,0,0,94.8449,5.1551,945.0000,0
946.10,6,0.0000,0,0,97.3224,2.6776,881.0000,0
946.10,7,0.0000,0,0,86.0986,13.9014,881.0000,0
946.10,8,7.0000,0,0,93.2337,6.7663,886.0000,0
946.10,9,0.0000,0,0,93.8227,6.1773,881.0000,0
947.10,0,46.0000,0,0,92.6188,7.3812,913.0000,0
947.10,1,0.0000,0,0,100.0000,0.0000,882.0000,0
947.10,2,0.0000,0,0,98.7212,1.2788,882.0000,0
947.10,3,80.5000,0,0,97.8350,2.1650,936.0000,0
947.10,4,88.0000,0,0,87.1667,12.8333,941.0000,0
947.10,5,95.5000,0,0,94.8449,5.1551,946.0000,0
947.10,6,0.0000,0,0,97.3224,2.6776,882.0000,0
947.10,7,0.0000,0,0,86.0986,13.9014,882.0000,0
947.10,8,7.0000,0,0,93.2337,6.7663,887.0000,0
947.10,9,0.0000,0,0,93.8227,6.1773,882.0000,0
948.10,0,46.0000,0,0,92.6188,7.3812,914.0000,0
948.10,1,0.0000,0,0,100.0000,0.0000,883.0000,0
948.10,2,0.0000,0,0,98.7212,1.2788,883.0000,0
948.10,3,80.5000,0,0,97.8350,2.1650,937.0000,0
948.10,4,88.0000,0,0,87.1667,12.8333,942.0000,0
948.10,5,95.5000,0,0,94.8449,5.1551,947.0000,0
948.10,6,0.0000,0,0,97.3224,2.6776,883.0000,0
948.10,7,0.0000,0,0,86.0986,13.9014,883.0000,0
948.10,8,7.0000,0,0,93.2337,6.7663,888.0000,0
948.10,9,0.0000,0,0,93.8227,6.1773,883.0000,0
949.10,0,46.0000,0,0,92.6188,7.3812,915.0000,0
949.10,1,0.0000,0,0,100.0000,0.0000,884.0000,0
949.10,2,0.0000,0,0,98.7212,1.2788,884.0000,0
949.10,3,80.5000,0,0,97.8350,2.1650,938.0000,0
949.10,4,88.0000,0,0,87.1667,12.8333,943.0000,0
949.10,5,95.5000,0,0,94.8449,5.1551,948.0000,0
949.10,6,0.0000,0,0,97.3224,2.6776,884.0000,0
949.10,7,0.0000,0,0,86.0986,13.9014,884.0000,0
949.10,8,7.0000,0,0,93.2337,6.7663,889.0000,0
949.10,9,0.0000,0,0,93.8227,6.1773,884.0000,0
950.10,0,46.0000,0,0,92.6188,7.3812,916.0000,0
950.10,1,0.0000,0,0,100.0000,0.0000,885.0000,0
950.10,2,0.0000,0,0,98.7212,1.2788,885.0000,0
950.10,3,80.5000,0,0,97.8350,2.1650,939.0000,0
950.10,4,88.0000,0,0,87.1667,12.8333,944.0000,0
950.10,5,95.5000,0,0,94.8449,5.1551,949.0000,0
950.10,6,0.0000,0,0,97.3224,2.6776,885.0000,0
950.10,7,0.0000,0,0,86.0986,13.9014,885.0000,0
950.10,8,7.0000,0,0,93.2337,6.7663,890.0000,0
950.10,9,0.0000,0,0,93.8227,6.1773,885.0000,0
951.10,0,46.0000,0,0,92.6188,7.3812,917.0000,0
951.10,1,0.0000,0,0,100.0000,0.0000,886.0000,0
951.10,2,0.0000,0,0,98.7212,1.2788,886.0000,0
951.10,3,80.5000,0,0,97.8350,2.1650,940.0000,0
951.10,4,88.0000,0,0,87.1667,12.8333,945.0000,0
951.10,5,95.5000,0,0,94.8449,5.1551,950.0000,0
951.10,6,0.0000,0,0,97.3224,2.6776,886.0000,0
951.10,7,0.0000,0,0,86.0986,13.9014,886.0000,0
951.10,8,7.0000,0,0,93.2337,6.7663,891.0000,0
951.10,9,0.0000,0,0,93.8227,6.1773,886.0000,0
952.10,0,46.0000,0,0,92.6188,7.3812,918.0000,0
952.10,1,0.0000,0,0,100.0000,0.0000,887.0000,0
952.10,2,0.0000,0,0,98.7212,1.2788,887.0000,0
952.10,3,80.5000,0,0,97.8350,2.1650,941.0000,0
952.10,4,88.0000,0,0,87.1667,12.8333,946.0000,0
952.10,5,95.5000,0,0,94.8449,5.1551,951.0000,0
952.10,6,0.0000,0,0,97.3224,2.6776,887.0000,0
952.10,7,0.0000,0,0,86.0986,13.9014,887.0000,0
952.10,8,7.0000,0,0,93.2337,6.7663,892.0000,0
952.10,9,0.0000,0,0,93.8227,6.1773,887.0000,0
953.10,0,46.0000,0,0,92.6188,7.3812,919.0000,0
953.10,1,0.0000,0,0,100.0000,0.0000,888.0000,0
953.10,2,0.0000,0,0,98.7212,1.2788,888.0000,0
953.10,3,80.5000,0,0,97.8350,2.1650,942.0000,0
953.10,4,88.0000,0,0,87.1667,12.8333,947.0000,0
953.10,5,95.5000,0,0,94.8449,5.1551,952.0000,0
953.10,6,0.0000,0,0,97.3224,2.6776,888.0000,0
953.10,7,0.0000,0,0,86.0986,13.9014,888.0000,0
953.10,8,7.0000,0,0,93.2337,6.7663,893.0000,0
953.10,9,0.0000,0,0,93.8227,6.1773,888.0000,0
954.10,0,46.0000,0,0,92.6188,7.3812,920.0000,0
954.10,1,0.0000,0,0,100.0000,0.0000,889.0000,0
954.10,2,0.0000,0,0,98.7212,1.2788,889.0000,0
954.10,3,80.5000,0,0,97.8350,2.1650,943.0000,0
954.10,4,88.0000,0,0,87.1667,12.8333,948.0000,0
954.10,5,95.5000,0,0,94.8449,5.1551,953.0000,0
954.10,6,0.0000,0,0,97.3224,2.6776,889.0000,0
954.10,7,0.0000,0,0,86.0986,13.9014,889.0000,0
954.10,8,7.0000,0,0,93.2337,6.7663,894.0000,0
954.10,9,0.0000,0,0,93.8227,6.1773,889.0000,0
955.10,0,46.0000,0,0,92.6188,7.3812,921.0000,0
955.10,1,0.0000,0,0,100.0000,0.0000,890.0000,0
955.10,2,0.0000,0,0,98.7212,1.2788,890.0000,0
955.10,3,80.5000,0,0,97.8350,2.1650,944.0000,0
955.10,4,88.0000,0,0,87.1667,12.8333,949.0000,0
955.10,5,95.5000,0,0,94.8449,5.1551,954.0000,0
955.10,6,0.0000,0,0,97.3224,2.6776,890.0000,0
955.10,7,0.0000,0,0,86.0986,13.9014,890.0000,0
955.10,8,7.0000,0,0,93.2337,6.7663,895.0000,0
955.10,9,0.0000,0,0,93.8227,6.1773,890.0000,0
956.10,0,46.0000,0,0,92.6188,7.3812,922.0000,0
956.10,1,0.0000,0,0,100.0000,0.0000,891.0000,0
956.10,2,0.0000,0,0,98.7212,1.2788,891.0000,0
956.10,3,80.5000,0,0,97.8350,2.1650,945.0000,0
956.10,4,88.0000,0,0,87.1667,12.8333,950.0000,0
956.10,5,95.5000,0,0,94.8449,5.1551,955.0000,0
956.10,6,0.0000,0,0,97.3224,2.6776,891.0000,0
956.10,7,0.0000,0,0,86.0986,13.9014,891.0000,0
956.10,8,7.0000,0,0,93.2337,6.7663,896.0000,0
956.10,9,0.0000,0,0,93.8227,6.1773,891.0000,0
957.10,0,46.0000,0,0,92.6188,7.3812,923.0000,0
957.10,1,0.0000,0,0,100.0000,0.0000,892.0000,0
957.10,2,0.0000,0,0,98.7212,1.2788,892.0000,0
957.10,3,80.5000,0,0,97.8350,2.1650,946.0000,0
957.10,4,88.0000,0,0,87.1667,12.8333,951.0000,0
957.10,5,95.5000,0,0,94.8449,5.1551,956.0000,0
957.10,6,0.0000,0,0,97.3224,2.6776,892.0000,0
957.10,7,0.0000,0,0,86.0986,13.9014,892.0000,0
957.10,8,7.0000,0,0,93.2337,6.7663,897.0000,0
957.10,9,0.0000,0,0,93.8227,6.1773,892.0000,0
958.10,0,46.0000,0,0,92.6188,7.3812,924.0000,0
958.10,1,0.0000,0,0,100.0000,0.0000,893.0000,0
958.10,2,0.0000,0,0,98.7212,1.2788,893.0000,0
958.10,3,80.5000,0,0,97.8350,2.1650,947.0000,0
958.10,4,88.0000,0,0,87.1667,12.8333,952.0000,0
958.10,5,95.5000,0,0,94.8449,5.1551,957.0000,0
958.10,6,0.0000,0,0,97.3224,2.6776,893.0000,0
958.10,7,0.0000,0,0,86.0986,13.9014,893.0000,0
958.10,8,7.0000,0,0,93.2337,6.7663,898.0000,0
958.10,9,0.0000,0,0,93.8227,6.1773,893.0000,0
959.10,0,46.0000,0,0,92.6188,7.3812,925.0000,0
959.10,1,0.0000,0,0,100.0000,0.0000,894.0000,0
959.10,2,0.0000,0,0,98.7212,1.2788,894.0000,0
959.10,3,80.5000,0,0,97.8350,2.1650,948.0000,0
959.10,4,88.0000,0,0,87.1667,12.8333,953.0000,0
959.10,5,95.5000,0,0,94.8449,5.1551,958.0000,0
959.10,6,0.0000,0,0,97.3224,2.6776,894.0000,0
959.10,7,0.0000,0,0,86.0986,13.9014,894.0000,0
959.10,8,7.0000,0,0,93.2337,6.7663,899.0000,0
959.10,9,0.0000,0,0,93.8227,6.1773,894.0000,0
960.10,0,46.0000,0,0,92.6188,7.3812,926.0000,0
960.10,1,0.0000,0,0,100.0000,0.0000,895.0000,0
960.10,2,0.0000,0,0,98.7212,1.2788,895.0000,0
960.10,3,80.5000,0,0,97.8350,2.1650,949.0000,0
960.10,4,88.0000,0,0,87.1667,12.8333,954.0000,0
960.10,5,95.5000,0,0,94.8449,5.1551,959.0000,0
960.10,6,0.0000,0,0,97.3224,2.6776,895.0000,0
960.10,7,0.0000,0,0,86.0986,13.9014,895.0000,0
960.10,8,7.0000,0,0,93.2337,6.7663,900.0000,0
960.10,9,0.0000,0,0,93.8227,6.1773,895.0000,0
961.10,0,46.0000,0,0,92.6188,7.3812,927.0000,0
961.10,1,0.0000,0,0,100.0000,0.0000,896.0000,0
961.10,2,0.0000,0,0,98.7212,1.2788,896.0000,0
961.10,3,80.5000,0,0,97.8350,2.1650,950.0000,0
961.10,4,88.0000,0,0,87.1667,12.8333,955.0000,0
961.10,5,95.5000,0,0,94.8449,5.1551,960.0000,0
961.10,6,0.0000,0,0,97.3224,2.6776,896.0000,0
961.10,7,0.0000,0,0,86.0986,13.9014,896.0000,0
961.10,8,7.0000,0,0,93.2337,6.7663,901.0000,0
961.10,9,0.0000,0,0,93.8227,6.1773,896.0000,0
962.10,0,46.0000,0,0,92.6188,7.3812,928.0000,0
962.10,1,0.0000,0,0,100.0000,0.0000,897.0000,0
962.10,2,0.0000,0,0,98.7212,1.2788,897.0000,0
962.10,3,80.5000,0,0,97.8350,2.1650,951.0000,0
962.10,4,88.0000,0,0,87.1667,12.8333,956.0000,0
962.10,5,95.5000,0,0,94.8449,5.1551,961.0000,0
962.10,6,0.0000,0,0,97.3224,2.6776,897.0000,0
962.10,7,0.0000,0,0,86.0986,13.9014,897.0000,0
962.10,8,7.0000,0,0,93.2337,6.7663,902.0000,0
962.10,9,0.0000,0,0,93.8227,6.1773,897.0000,0
963.10,0,46.0000,0,0,92.6188,7.3812,929.0000,0
963.10,1,0.0000,0,0,100.0000,0.0000,898.0000,0
963.10,2,0.0000,0,0,98.7212,1.2788,898.0000,0
963.10,3,80.5000,0,0,97.8350,2.1650,952.0000,0
963.10,4,88.0000,0,0,87.1667,12.8333,957.0000,0
963.10,5,95.5000,0,0,94.8449,5.1551,962.0000,0
963.10,6,0.0000,0,0,97.3224,2.6776,898.0000,0
963.10,7,0.0000,0,0,86.0986,13.9014,898.0000,0
963.10,8,7.0000,0,0,93.2337,6.7663,903.0000,0
963.10,9,0.0000,0,0,93.8227,6.1773,898.0000,0
964.10,0,46.0000,0,0,92.6188,7.3812,930.0000,0
964.10,1,0.0000,0,0,100.0000,0.0000,899.0000,0
964.10,2,0.0000,0,0,98.7212,1.2788,899.0000,0
964.10,3,80.5000,0,0,97.8350,2.1650,953.0000,0
964.10,4,88.0000,0,0,87.1667,12.8333,958.0000,0
964.10,5,95.5000,0,0,94.8449,5.1551,963.0000,0
964.10,6,0.0000,0,0,97.3224,2.6776,899.0000,0
964.10,7,0.0000,0,0,86.0986,13.9014,899.0000,0
964.10,8,7.0000,0,0,93.2337,6.7663,904.0000,0
964.10,9,0.0000,0,0,93.8227,6.1773,899.0000,0
965.10,0,46.0000,0,0,92.6188,7.3812,931.0000,0
965.10,1,0.0000,0,0,100.0000,0.0000,900.0000,0
965.10,2,0.0000,0,0,98.7212,1.2788,900.0000,0
965.10,3,80.5000,0,0,97.8350,2.1650,954.0000,0
965.10,4,88.0000,0,0,87.1667,12.8333,959.0000,0
965.10,5,95.5000,0,0,94.8449,5.1551,964.0000,0
965.10,6,0.0000,0,0,97.3224,2.6776,900.0000,0
965.10,7,0.0000,0,0,86.0986,13.9014,900.0000,0
965.10,8,7.0000,0,0,93.2337,6.7663,905.0000,0
965.10,9,0.0000,0,0,93.8227,6.1773,900.0000,0
966.10,0,46.0000,0,0,92.6188,7.3812,932.0000,0
966.10,1,0.0000,0,0,100.0000,0.0000,901.0000,0
966.10,2,0.0000,0,0,98.7212,1.2788,901.0000,0
966.10,3,80.5000,0,0,97.8350,2.1650,955.0000,0
966.10,4,88.0000,0,0,87.1667,12.8333,960.0000,0
966.10,5,95.5000,0,0,94.8449,5.1551,965.0000,0
966.10,6,0.0000,0,0,97.3224,2.6776,901.0000,0
966.10,7,0.0000,0,0,86.0986,13.9014,901.0000,0
966.10,8,7.0000,0,0,93.2337,6.7663,906.0000,0
966.10,9,0.0000,0,0,93.8227,6.1773,901.0000,0
967.10,0,46.0000,0,0,92.6188,7.3812,933.0000,0
967.10,1,0.0000,0,0,100.0000,0.0000,902.0000,0
967.10,2,0.0000,0,0,98.7212,1.2788,902.0000,0
967.10,3,80.5000,0,0,97.8350,2.1650,956.0000,0
967.10,4,88.0000,0,0,87.1667,12.8333,961.0000,0
967.10,5,95.5000,0,0,94.8449,5.1551,966.0000,0
967.10,6,0.0000,0,0,97.3224,2.6776,902.0000,0
967.10,7,0.0000,0,0,86.0986,13.9014,902.0000,0
967.10,8,7.0000,0,0,93.2337,6.7663,907.0000,0
967.10,9,0.0000,0,0,93.8227,6.1773,902.0000,0
968.10,0,46.0000,0,0,92.6188,7.3812,934.0000,0
968.10,1,0.0000,0,0,100.0000,0.0000,903.0000,0
968.10,2,0.0000,0,0,98.7212,1.2788,903.0000,0
968.10,3,80.5000,0,0,97.8350,2.1650,957.0000,0
968.10,4,88.0000,0,0,87.1667,12.8333,962.0000,0
968.10,5,95.5000,0,0,94.8449,5.1551,967.0000,0
968.10,6,0.0000,0,0,97.3224,2.6776,903.0000,0
968.10,7,0.0000,0,0,86.0986,13.9014,903.0000,0
968.10,8,7.0000,0,0,93.2337,6.7663,908.0000,0
968.10,9,0.0000,0,0,93.8227,6.1773,903.0000,0
969.10,0,46.0000,0,0,92.6188,7.3812,935.0000,0
969.10,1,0.0000,0,0,100.0000,0.0000,904.0000,0
969.10,2,0.0000,0,0,98.7212,1.2788,904.0000,0
969.10,3,80.5000,0,0,97.8350,2.1650,958.0000,0
969.10,4,88.0000,0,0,87.1667,12.8333,963.0000,0
969.10,5,95.5000,0,0,94.8449,5.1551,968.0000,0
969.10,6,0.0000,0,0,97.3224,2.6776,904.0000,0
969.10,7,0.0000,0,0,86.0986,13.9014,904.0000,0
969.10,8,7.0000,0,0,93.2337,6.7663,909.0000,0
969.10,9,0.0000,0,0,93.8227,6.1773,904.0000,0
970.10,0,46.0000,0,0,92.6188,7.3812,936.0000,0
970.10,1,0.0000,0,0,100.0000,0.0000,905.0000,0
970.10,2,0.0000,0,0,98.7212,1.2788,905.0000,0
970.10,3,80.5000,0,0,97.8350,2.1650,959.0000,0
970.10,4,88.0000,0,0,87.1667,12.8333,964.0000,0
970.10,5,95.5000,0,0,94.8449,5.1551,969.0000,0
970.10,6,0.0000,0,0,97.3224,2.6776,905.0000,0
970.10,7,0.0000,0,0,86.0986,13.9014,905.0000,0
970.10,8,7.0000,0,0,93.2337,6.7663,910.0000,0
970.10,9,0.0000,0,0,93.8227,6.1773,905.0000,0
971.10,0,46.0000,0,0,92.6188,7.3812,937.0000,0
971.10,1,0.0000,0,0,100.0000,0.0000,906.0000,0
971.10,2,0.0000,0,0,98.7212,1.2788,906.0000,0
971.10,3,80.5000,0,0,97.8350,2.1650,960.0000,0
971.10,4,88.0000,0,0,87.1667,12.8333,965.0000,0
971.10,5,95.5000,0,0,94.8449,5.1551,970.0000,0
971.10,6,0.0000,0,0,97.3224,2.6776,906.0000,0
971.10,7,0.0000,0,0,86.0986,13.9014,906.0000,0
971.10,8,7.0000,0,0,93.2337,6.7663,911.0000,0
971.10,9,0.0000,0,0,93.8227,6.1773,906.0000,0
972.10,0,46.0000,0,0,92.6188,7.3812,938.0000,0
972.10,1,0.0000,0,0,100.0000,0.0000,907.0000,0
972.10,2,0.0000,0,0,98.7212,1.2788,907.0000,0
972.10,3,80.5000,0,0,97.8350,2.1650,961.0000,0
972.10,4,88.0000,0,0,87.1667,12.8333,966.0000,0
972.10,5,95.5000,0,0,94.8449,5.1551,971.0000,0
972.10,6,0.0000,0,0,97.3224,2.6776,907.0000,0
972.10,7,0.0000,0,0,86.0986,13.9014,907.0000,0
972.10,8,7.0000,0,0,93.2337,6.7663,912.0000,0
972.10,9,0.0000,0,0,93.8227,6.1773,907.0000,0
973.10,0,46.0000,0,0,92.6188,7.3812,939.0000,0
973.10,1,0.0000,0,0,100.0000,0.0000,908.0000,0
973.10,2,0.0000,0,0,98.7212,1.2788,908.0000,0
973.10,3,80.5000,0,0,97.8350,2.1650,962.0000,0
973.10,4,88.0000,0,0,87.1667,12.8333,967.0000,0
973.10,5,95.5000,0,0,94.8449,5.1551,972.0000,0
973.10,6,0.0000,0,0,97.3224,2.6776,908.0000,0
973.10,7,0.0000,0,0,86.0986,13.9014,908.0000,0
973.10,8,7.0000,0,0,93.2337,6.7663,913.0000,0
973.10,9,0.0000,0,0,93.8227,6.1773,908.0000,0
974.10,0,46.0000,0,0,92.6188,7.3812,940.0000,0
974.10,1,0.0000,0,0,100.0000,0.0000,909.0000,0
974.10,2,0.0000,0,0,98.7212,1.2788,909.0000,0
974.10,3,80.5000,0,0,97.8350,2.1650,963.0000,0
974.10,4,88.0000,0,0,87.1667,12.8333,968.0000,0
974.10,5,95.5000,0,0,94.8449,5.1551,973.0000,0
974.10,6,0.0000,0,0,97.3224,2.6776,909.0000,0
974.10,7,0.0000,0,0,86.0986,13.9014,909.0000,0
974.10,8,7.0000,0,0,93.2337,6.7663,914.0000,0
974.10,9,0.0000,0,0,93.8227,6.1773,909.0000,0
975.10,0,46.0000,0,0,92.6188,7.3812,941.0000,0
975.10,1,0.0000,0,0,100.0000,0.0000,910.0000,0
975.10,2,0.0000,0,0,98.7212,1.2788,910.0000,0
975.10,3,80.5000,0,0,97.8350,2.1650,964.0000,0
975.10,4,88.0000,0,0,87.1667,12.8333,969.0000,0
975.10,5,95.5000,0,0,94.8449,5.1551,974.0000,0
975.10,6,0.0000,0,0,97.3224,2.6776,910.0000,0
975.10,7,0.0000,0,0,86.0986,13.9014,910.0000,0
975.10,8,7.0000,0,0,93.2337,6.7663,915.0000,0
975.10,9,0.0000,0,0,93.8227,6.1773,910.0000,0
976.10,0,46.0000,0,0,92.6188,7.3812,942.0000,0
976.10,1,0.0000,0,0,100.0000,0.0000,911.0000,0
976.10,2,0.0000,0,0,98.7212,1.2788,911.0000,0
976.10,3,80.5000,0,0,97.8350,2.1650,965.0000,0
976.10,4,88.0000,0,0,87.1667,12.8333,970.0000,0
976.10,5,95.5000,0,0,94.8449,5.1551,975.0000,0
976.10,6,0.0000,0,0,97.3224,2.6776,911.0000,0
976.10,7,0.0000,0,0,86.0986,13.9014,911.0000,0
976.10,8,7.0000,0,0,93.2337,6.7663,916.0000,0
976.10,9,0.0000,0,0,93.8227,6.1773,911.0000,0
977.10,0,46.0000,0,0,92.6188,7.3812,943.0000,0
977.10,1,0.0000,0,0,100.0000,0.0000,912.0000,0
977.10,2,0.0000,0,0,98.7212,1.2788,912.0000,0
977.10,3,80.5000,0,0,97.8350,2.1650,966.0000,0
977.10,4,88.0000,0,0,87.1667,12.8333,971.0000,0
977.10,5,95.5000,0,0,94.8449,5.1551,976.0000,0
977.10,6,0.0000,0,0,97.3224,2.6776,912.0000,0
977.10,7,0.0000,0,0,86.0986,13.9014,912.0000,0
977.10,8,7.0000,0,0,93.2337,6.7663,917.0000,0
977.10,9,0.0000,0,0,93.8227,6.1773,912.0000,0
978.10,0,46.0000,0,0,92.6188,7.3812,944.0000,0
978.10,1,0.0000,0,0,100.0000,0.0000,913.0000,0
978.10,2,0.0000,0,0,98.7212,1.2788,913.0000,0
978.10,3,80.5000,0,0,97.8350,2.1650,967.0000,0
978.10,4,88.0000,0,0,87.1667,12.8333,972.0000,0
978.10,5,95.5000,0,0,94.8449,5.1551,977.0000,0
978.10,6,0.0000,0,0,97.3224,2.6776,913.0000,0
978.10,7,0.0000,0,0,86.0986,13.9014,913.0000,0
978.10,8,7.0000,0,0,93.2337,6.7663,918.0000,0
978.10,9,0.0000,0,0,93.8227,6.1773,913.0000,0
979.10,0,46.0000,0,0,92.6188,7.3812,945.0000,0
979.10,1,0.0000,0,0,100.0000,0.0000,914.0000,0
979.10,2,0.0000,0,0,98.7212,1.2788,914.0000,0
979.10,3,80.5000,0,0,97.8350,2.1650,968.0000,0
979.10,4,88.0000,0,0,87.1667,12.8333,973.0000,0
979.10,5,95.5000,0,0,94.8449,5.1551,978.0000,0
979.10,6,0.0000,0,0,97.3224,2.6776,914.0000,0
979.10,7,0.0000,0,0,86.0986,13.9014,914.0000,0
979.10,8,7.0000,0,0,93.2337,6.7663,919.0000,0
979.10,9,0.0000,0,0,93.8227,6.1773,914.0000,0
980.10,0,46.0000,0,0,92.6188,7.3812,946.0000,0
980.10,1,0.0000,0,0,100.0000,0.0000,915.0000,0
980.10,2,0.0000,0,0,98.7212,1.2788,915.0000,0
980.10,3,80.5000,0,0,97.8350,2.1650,969.0000,0
980.10,4,88.0000,0,0,87.1667,12.8333,974.0000,0
980.10,5,95.5000,0,0,94.8449,5.1551,979.0000,0
980.10,6,0.0000,0,0,97.3224,2.6776,915.0000,0
980.10,7,0.0000,0,0,86.0986,13.9014,915.0000,0
980.10,8,7.0000,0,0,93.2337,6.7663,920.0000,0
980.10,9,0.0000,0,0,93.8227,6.1773,915.0000,0
981.10,0,46.0000,0,0,92.6188,7.3812,947.0000,0
981.10,1,0.0000,0,0,100.0000,0.0000,916.0000,0
981.10,2,0.0000,0,0,98.7212,1.2788,916.0000,0
981.10,3,80.5000,0,0,97.8350,2.1650,970.0000,0
981.10,4,88.0000,0,0,87.1667,12.8333,975.0000,0
981.10,5,95.5000,0,0,94.8449,5.1551,980.0000,0
981.10,6,0.0000,0,0,97.3224,2.6776,916.0000,0
981.10,7,0.0000,0,0,86.0986,13.9014,916.0000,0
981.10,8,7.0000,0,0,93.2337,6.7663,921.0000,0
981.10,9,0.0000,0,0,93.8227,6.1773,916.0000,0
982.10,0,46.0000,0,0,92.6188,7.3812,948.0000,0
982.10,1,0.0000,0,0,100.0000,0.0000,917.0000,0
982.10,2,0.0000,0,0,98.7212,1.2788,917.0000,0
982.10,3,80.5000,0,0,97.8350,2.1650,971.0000,0
982.10,4,88.0000,0,0,87.1667,12.8333,976.0000,0
982.10,5,95.5000,0,0,94.8449,5.1551,981.0000,0
982.10,6,0.0000,0,0,97.3224,2.6776,917.0000,0
982.10,7,0.0000,0,0,86.0986,13.9014,917.0000,0
982.10,8,7.0000,0,0,93.2337,6.7663,922.0000,0
982.10,9,0.0000,0,0,93.8227,6.1773,917.0000,0
983.10,0,46.0000,0,0,92.6188,7.3812,949.0000,0
983.10,1,0.0000,0,0,100.0000,0.0000,918.0000,0
983.10,2,0.0000,0,0,98.7212,1.2788,918.0000,0
983.10,3,80.5000,0,0,97.8350,2.1650,972.0000,0
983.10,4,88.0000,0,0,87.1667,12.8333,977.0000,0
983.10,5,95.5000,0,0,94.8449,5.1551,982.0000,0
983.10,6,0.0000,0,0,97.3224,2.6776,918.0000,0
983.10,7,0.0000,0,0,86.0986,13.9014,918.0000,0
983.10,8,7.0000,0,0,93.2337,6.7663,923.0000,0
983.10,9,0.0000,0,0,93.8227,6.1773,918.0000,0
984.10,0,46.0000,0,0,92.6188,7.3812,950.0000,0
984.10,1,0.0000,0,0,100.0000,0.0000,919.0000,0
984.10,2,0.0000,0,0,98.7212,1.2788,919.0000,0
984.10,3,80.5000,0,0,97.8350,2.1650,973.0000,0
984.10,4,88.0000,0,0,87.1667,12.8333,978.0000,0
984.10,5,95.5000,0,0,94.8449,5.1551,983.0000,0
984.10,6,0.0000,0,0,97.3224,2.6776,919.0000,0
984.10,7,0.0000,0,0,86.0986,13.9014,919.0000,0
984.10,8,7.0000,0,0,93.2337,6.7663,924.0000,0
984.10,9,0.0000,0,0,93.8227,6.1773,919.0000,0
985.10,0,46.0000,0,0,92.6188,7.3812,951.0000,0
985.10,1,0.0000,0,0,100.0000,0.0000,920.0000,0
985.10,2,0.0000,0,0,98.7212,1.2788,920.0000,0
985.10,3,80.5000,0,0,97.8350,2.1650,974.0000,0
985.10,4,88.0000,0,0,87.1667,12.8333,979.0000,0
985.10,5,95.5000,0,0,94.8449,5.1551,984.0000,0
985.10,6,0.0000,0,0,97.3224,2.6776,920.0000,0
985.10,7,0.0000,0,0,86.0986,13.9014,920.0000,0
985.10,8,7.0000,0,0,93.2337,6.7663,925.0000,0
985.10,9,0.0000,0,0,93.8227,6.1773,920.0000,0
986.10,0,46.0000,0,0,92.6188,7.3812,952.0000,0
986.10,1,0.0000,0,0,100.0000,0.0000,921.0000,0
986.10,2,0.0000,0,0,98.7212,1.2788,921.0000,0
986.10,3,80.5000,0,0,97.8350,2.1650,975.0000,0
986.10,4,88.0000,0,0,87.1667,12.8333,980.0000,0
986.10,5,95.5000,0,0,94.8449,5.1551,985.0000,0
986.10,6,0.0000,0,0,97.3224,2.6776,921.0000,0
986.10,7,0.0000,0,0,86.0986,13.9014,921.0000,0
986.10,8,7.0000,0,0,93.2337,6.7663,926.0000,0
986.10,9,0.0000,0,0,93.8227,6.1773,921.0000,0
987.10,0,46.0000,0,0,92.6188,7.3812,953.0000,0
987.10,1,0.0000,0,0,100.0000,0.0000,922.0000,0
987.10,2,0.0000,0,0,98.7212,1.2788,922.0000,0
987.10,3,80.5000,0,0,97.8350,2.1650,976.0000,0
987.10,4,88.0000,0,0,87.1667,12.8333,981.0000,0
987.10,5,95.5000,0,0,94.8449,5.1551,986.0000,0
987.10,6,0.0000,0,0,97.3224,2.6776,922.0000,0
987.10,7,0.0000,0,0,86.0986,13.9014,922.0000,0
987.10,8,7.0000,0,0,93.2337,6.7663,927.0000,0
987.10,9,0.0000,0,0,93.8227,6.1773,922.0000,0
988.10,0,46.0000,0,0,92.6188,7.3812,954.0000,0
988.10,1,0.0000,0,0,100.0000,0.0000,923.0000,0
988.10,2,0.0000,0,0,98.7212,1.2788,923.0000,0
988.10,3,80.5000,0,0,97.8350,2.1650,977.0000,0
988.10,4,88.0000,0,0,87.1667,12.8333,982.0000,0
988.10,5,95.5000,0,0,94.8449,5.1551,987.0000,0
988.10,6,0.0000,0,0,97.3224,2.6776,923.0000,0
988.10,7,0.0000,0,0,86.0986,13.9014,923.0000,0
988.10,8,7.0000,0,0,93.2337,6.7663,928.0000,0
988.10,9,0.0000,0,0,93.8227,6.1773,923.0000,0
989.10,0,46.0000,0,0,92.6188,7.3812,955.0000,0
989.10,1,0.0000,0,0,100.0000,0.0000,924.0000,0
989.10,2,0.0000,0,0,98.7212,1.2788,924.0000,0
989.10,3,80.5000,0,0,97.8350,2.1650,978.0000,0
989.10,4,88.0000,0,0,87.1667,12.8333,983.0000,0
989.10,5,95.5000,0,0,94.8449,5.1551,988.0000,0
989.10,6,0.0000,0,0,97.3224,2.6776,924.0000,0
989.10,7,0.0000,0,0,86.0986,13.9014,924.0000,0
989.10,8,7.0000,0,0,93.2337,6.7663,929.0000,0
989.10,9,0.0000,0,0,93.8227,6.1773,924.0000,0
990.10,0,46.0000,0,0,92.6188,7.3812,956.0000,0
990.10,1,0.0000,0,0,100.0000,0.0000,925.0000,0
990.10,2,0.0000,0,0,98.7212,1.2788,925.0000,0
990.10,3,80.5000,0,0,97.8350,2.1650,979.0000,0
990.10,4,88.0000,0,0,87.1667,12.8333,984.0000,0
990.10,5,95.5000,0,0,94.8449,5.1551,989.0000,0
990.10,6,0.0000,0,0,97.3224,2.6776,925.0000,0
990.10,7,0.0000,0,0,86.0986,13.9014,925.0000,0
990.10,8,7.0000,0,0,93.2337,6.7663,930.0000,0
990.10,9,0.0000,0,0,93.8227,6.1773,925.0000,0
991.10,0,46.0000,0,0,92.6188,7.3812,957.0000,0
991.10,1,0.0000,0,0,100.0000,0.0000,926.0000,0
991.10,2,0.0000,0,0,98.7212,1.2788,926.0000,0
991.10,3,80.5000,0,0,97.8350,2.1650,980.0000,0
991.10,4,88.0000,0,0,87.1667,12.8333,985.0000,0
991.10,5,95.5000,0,0,94.8449,5.1551,990.0000,0
991.10,6,0.0000,0,0,97.3224,2.6776,926.0000,0
991.10,7,0.0000,0,0,86.0986,13.9014,926.0000,0
991.10,8,7.0000,0,0,93.2337,6.7663,931.0000,0
991.10,9,0.0000,0,0,93.8227,6.1773,926.0000,0
992.10,0,46.0000,0,0,92.6188,7.3812,958.0000,0
992.10,1,0.0000,0,0,100.0000,0.0000,927.0000,0
992.10,2,0.0000,0,0,98.7212,1.2788,927.0000,0
992.10,3,80.5000,0,0,97.8350,2.1650,981.0000,0
992.10,4,88.0000,0,0,87.1667,12.8333,986.0000,0
992.10,5,95.5000,0,0,94.8449,5.1551,991.0000,0
992.10,6,0.0000,0,0,97.3224,2.6776,927.0000,0
992.10,7,0.0000,0,0,86.0986,13.9014,927.0000,0
992.10,8,7.0000,0,0,93.2337,6.7663,932.0000,0
992.10,9,0.0000,0,0,93.8227,6.1773,927.0000,0
993.10,0,46.0000,0,0,92.6188,7.3812,959.0000,0
993.10,1,0.0000,0,0,100.0000,0.0000,928.0000,0
993.10,2,0.0000,0,0,98.7212,1.2788,928.0000,0
993.10,3,80.5000,0,0,97.8350,2.1650,982.0000,0
993.10,4,88.0000,0,0,87.1667,12.8333,987.0000,0
993.10,5,95.5000,0,0,94.8449,5.1551,992.0000,0
993.10,6,0.0000,0,0,97.3224,2.6776,928.0000,0
993.10,7,0.0000,0,0,86.0986,13.9014,928.0000,0
993.10,8,7.0000,0,0,93.2337,6.7663,933.0000,0
993.10,9,0.0000,0,0,93.8227,6.1773,928.0000,0
994.10,0,46.0000,0,0,92.6188,7.3812,960.0000,0
994.10,1,0.0000,0,0,100.0000,0.0000,929.0000,0
994.10,2,0.0000,0,0,98.7212,1.2788,929.0000,0
994.10,3,80.5000,0,0,97.8350,2.1650,983.0000,0
994.10,4,88.0000,0,0,87.1667,12.8333,988.0000,0
994.10,5,95.5000,0,0,94.8449,5.1551,993.0000,0
994.10,6,0.0000,0,0,97.3224,2.6776,929.0000,0
994.10,7,0.0000,0,0,86.0986,13.9014,929.0000,0
994.10,8,7.0000,0,0,93.2337,6.7663,934.0000,0
994.10,9,0.0000,0,0,93.8227,6.1773,929.0000,0
995.10,0,46.0000,0,0,92.6188,7.3812,961.0000,0
995.10,1,0.0000,0,0,100.0000,0.0000,930.0000,0
995.10,2,0.0000,0,0,98.7212,1.2788,930.0000,0
995.10,3,80.5000,0,0,97.8350,2.1650,984.0000,0
995.10,4,88.0000,0,0,87.1667,12.8333,989.0000,0
995.10,5,95.5000,0,0,94.8449,5.1551,994.0000,0
995.10,6,0.0000,0,0,97.3224,2.6776,930.0000,0
995.10,7,0.0000,0,0,86.0986,13.9014,930.0000,0
995.10,8,7.0000,0,0,93.2337,6.7663,935.0000,0
995.10,9,0.0000,0,0,93.8227,6.1773,930.0000,0
996.10,0,46.0000,0,0,92.6188,7.3812,962.0000,0
996.10,1,0.0000,0,0,100.0000,0.0000,931.0000,0
996.10,2,0.0000,0,0,98.7212,1.2788,931.0000,0
996.10,3,80.5000,0,0,97.8350,2.1650,985.0000,0
996.10,4,88.0000,0,0,87.1667,12.8333,990.0000,0
996.10,5,95.5000,0,0,94.8449,5.1551,995.0000,0
996.10,6,0.0000,0,0,97.3224,2.6776,931.0000,0
996.10,7,0.0000,0,0,86.0986,13.9014,931.0000,0
996.10,8,7.0000,0,0,93.2337,6.7663,936.0000,0
996.10,9,0.0000,0,0,93.8227,6.1773,931.0000,0
997.10,0,46.0000,0,0,92.6188,7.3812,963.0000,0
997.10,1,0.0000,0,0,100.0000,0.0000,932.0000,0
997.10,2,0.0000,0,0,98.7212,1.2788,932.0000,0
997.10,3,80.5000,0,0,97.8350,2.1650,986.0000,0
997.10,4,88.0000,0,0,87.1667,12.8333,991.0000,0
997.10,5,95.5000,0,0,94.8449,5.1551,996.0000,0
997.10,6,0.0000,0,0,97.3224,2.6776,932.0000,0
997.10,7,0.0000,0,0,86.0986,13.9014,932.0000,0
997.10,8,7.0000,0,0,93.2337,6.7663,937.0000,0
997.10,9,0.0000,0,0,93.8227,6.1773,932.0000,0
998.10,0,46.0000,0,0,92.6188,7.3812,964.0000,0
998.10,1,0.0000,0,0,100.0000,0.0000,933.0000,0
998.10,2,0.0000,0,0,98.7212,1.2788,933.0000,0
998.10,3,80.5000,0,0,97.8350,2.1650,987.0000,0
998.10,4,88.0000,0,0,87.1667,12.8333,992.0000,0
998.10,5,95.5000,0,0,94.8449,5.1551,997.0000,0
998.10,6,0.0000,0,0,97.3224,2.6776,933.0000,0
998.10,7,0.0000,0,0,86.0986,13.9014,933.0000,0
998.10,8,7.0000,0,0,93.2337,6.7663,938.0000,0
998.10,9,0.0000,0,0,93.8227,6.1773,933.0000,0
999.10,0,46.0000,0,0,92.6188,7.3812,965.0000,0
999.10,1,0.0000,0,0,100.0000,0.0000,934.0000,0
999.10,2,0.0000,0,0,98.7212,1.2788,934.0000,0
999.10,3,80.5000,0,0,97.8350,2.1650,988.0000,0
999.10,4,88.0000,0,0,87.1667,12.8333,993.0000,0
999.10,5,95.5000,0,0,94.8449,5.1551,998.0000,0
999.10,6,0.0000,0,0,97.3224,2.6776,934.0000,0
999.10,7,0.0000,0,0,86.0986,13.9014,934.0000,0
999.10,8,7.0000,0,0,93.2337,6.7663,939.0000,0
999.10,9,0.0000,0,0,93.8227,6.1773,934.0000,0
1000.10,0,46.0000,0,0,92.6188,7.3812,966.0000,0
1000.10,1,0.0000,0,0,100.0000,0.0000,935.0000,0
1000.10,2,0.0000,0,0,98.7212,1.2788,935.0000,0
1000.10,3,80.5000,0,0,97.8350,2.1650,989.0000,0
1000.10,4,88.0000,0,0,87.1667,12.8333,994.0000,0
1000.10,5,95.5000,0,0,94.8449,5.1551,999.0000,0
1000.10,6,0.0000,0,0,97.3224,2.6776,935.0000,0
1000.10,7,0.0000,0,0,86.0986,13.9014,935.0000,0
1000.10,8,7.0000,0,0,93.2337,6.7663,940.0000,0
1000.10,9,0.0000,0,0,93.8227,6.1773,935.0000,0
1001.10,0,46.0000,0,0,92.6188,7.3812,967.0000,0
1001.10,1,0.0000,0,0,100.0000,0.0000,936.0000,0
1001.10,2,0.0000,0,0,98.7212,1.2788,936.0000,0
1001.10,3,80.5000,0,0,97.8350,2.1650,990.0000,0
1001.10,4,88.0000,0,0,87.1667,12.8333,995.0000,0
1001.10,5,95.5000,0,0,94.8449,5.1551,1000.0000,0
1001.10,6,0.0000,0,0,97.3224,2.6776,936.0000,0
1001.10,7,0.0000,0,0,86.0986,13.9014,936.0000,0
1001.10,8,7.0000,0,0,93.2337,6.7663,941.0000,0
1001.10,9,0.0000,0,0,93.8227,6.1773,936.0000,0
1002.10,0,46.0000,0,0,92.6188,7.3812,968.0000,0
1002.10,1,0.0000,0,0,100.0000,0.0000,937.0000,0
1002.10,2,0.0000,0,0,98.7212,1.2788,937.0000,0
1002.10,3,80.5000,0,0,97.8350,2.1650,991.0000,0
1002.10,4,88.0000,0,0,87.1667,12.8333,996.0000,0
1002.10,5,95.5000,0,0,94.8449,5.1551,1001.0000,0
1002.10,6,0.0000,0,0,97.3224,2.6776,937.0000,0
1002.10,7,0.0000,0,0,86.0986,13.9014,937.0000,0
1002.10,8,7.0000,0,0,93.2337,6.7663,942.0000,0
1002.10,9,0.0000,0,0,93.8227,6.1773,937.0000,0
1003.10,0,46.0000,0,0,92.6188,7.3812,969.0000,0
1003.10,1,0.0000,0,0,100.0000,0.0000,938.0000,0
1003.10,2,0.0000,0,0,98.7212,1.2788,938.0000,0
1003.10,3,80.5000,0,0,97.8350,2.1650,992.0000,0
1003.10,4,88.0000,0,0,87.1667,12.8333,997.0000,0
1003.10,5,95.5000,0,0,94.8449,5.1551,1002.0000,0
1003.10,6,0.0000,0,0,97.3224,2.6776,938.0000,0
1003.10,7,0.0000,0,0,86.0986,13.9014,938.0000,0
1003.10,8,7.0000,0,0,93.2337,6.7663,943.0000,0
1003.10,9,0.0000,0,0,93.8227,6.1773,938.0000,0
1004.10,0,46.0000,0,0,92.6188,7.3812,970.0000,0
1004.10,1,0.0000,0,0,100.0000,0.0000,939.0000,0
1004.10,2,0.0000,0,0,98.7212,1.2788,939.0000,0
1004.10,3,80.5000,0,0,97.8350,2.1650,993.0000,0
1004.10,4,88.0000,0,0,87.1667,12.8333,998.0000,0
1004.10,5,95.5000,0,0,94.8449,5.1551,1003.0000,0
1004.10,6,0.0000,0,0,97.3224,2.6776,939.0000,0
1004.10,7,0.0000,0,0,86.0986,13.9014,939.0000,0
1004.10,8,7.0000,0,0,93.2337,6.7663,944.0000,0
1004.10,9,0.0000,0,0,93.8227,6.1773,939.0000,0
1005.10,0,46.0000,0,0,92.6188,7.3812,971.0000,0
1005.10,1,0.0000,0,0,100.0000,0.0000,940.0000,0
1005.10,2,0.0000,0,0,98.7212,1.2788,940.0000,0
1005.10,3,80.5000,0,0,97.8350,2.1650,994.0000,0
1005.10,4,88.0000,0,0,87.1667,12.8333,999.0000,0
1005.10,5,95.5000,0,0,94.8449,5.1551,1004.0000,0
1005.10,6,0.0000,0,0,97.3224,2.6776,940.0000,0
1005.10,7,0.0000,0,0,86.0986,13.9014,940.0000,0
1005.10,8,7.0000,0,0,93.2337,6.7663,945.0000,0
1005.10,9,0.0000,0,0,93.8227,6.1773,940.0000,0
1006.10,0,46.0000,0,0,92.6188,7.3812,972.0000,0
1006.10,1,0.0000,0,0,100.0000,0.0000,941.0000,0
1006.10,2,0.0000,0,0,98.7212,1.2788,941.0000,0
1006.10,3,80.5000,0,0,97.8350,2.1650,995.0000,0
1006.10,4,88.0000,0,0,87.1667,12.8333,1000.0000,0
1006.10,5,95.5000,0,0,94.8449,5.1551,1005.0000,0
1006.10,6,0.0000,0,0,97.3224,2.6776,941.0000,0
1006.10,7,0.0000,0,0,86.0986,13.9014,941.0000,0
1006.10,8,7.0000,0,0,93.2337,6.7663,946.0000,0
1006.10,9,0.0000,0,0,93.8227,6.1773,941.0000,0
1007.10,0,46.0000,0,0,92.6188,7.3812,973.0000,0
1007.10,1,0.0000,0,0,100.0000,0.0000,942.0000,0
1007.10,2,0.0000,0,0,98.7212,1.2788,942.0000,0
1007.10,3,80.5000,0,0,97.8350,2.1650,996.0000,0
1007.10,4,88.0000,0,0,87.1667,12.8333,1001.0000,0
1007.10,5,95.5000,0,0,94.8449,5.1551,1006.0000,0
1007.10,6,0.0000,0,0,97.3224,2.6776,942.0000,0
1007.10,7,0.0000,0,0,86.0986,13.9014,942.0000,0
1007.10,8,7.0000,0,0,93.2337,6.7663,947.0000,0
1007.10,9,0.0000,0,0,93.8227,6.1773,942.0000,0
1008.10,0,46.0000,0,0,92.6188,7.3812,974.0000,0
1008.10,1,0.0000,0,0,100.0000,0.0000,943.0000,0
1008.10,2,0.0000,0,0,98.7212,1.2788,943.0000,0
1008.10,3,80.5000,0,0,97.8350,2.1650,997.0000,0
1008.10,4,88.0000,0,0,87.1667,12.8333,1002.0000,0
1008.10,5,95.5000,0,0,94.8449,5.1551,1007.0000,0
1008.10,6,0.0000,0,0,97.3224,2.6776,943.0000,0
1008.10,7,0.0000,0,0,86.0986,13.9014,943.0000,0
1008.10,8,7.0000,0,0,93.2337,6.7663,948.0000,0
1008.10,9,0.0000,0,0,93.8227,6.1773,943.0000,0
1009.10,0,46.0000,0,0,92.6188,7.3812,975.0000,0
1009.10,1,0.0000,0,0,100.0000,0.0000,944.0000,0
1009.10,2,0.0000,0,0,98.7212,1.2788,944.0000,0
1009.10,3,80.5000,0,0,97.8350,2.1650,998.0000,0
1009.10,4,88.0000,0,0,87.1667,12.8333,1003.0000,0
1009.10,5,95.5000,0,0,94.8449,5.1551,1008.0000,0
1009.10,6,0.0000,0,0,97.3224,2.6776,944.0000,0
1009.10,7,0.0000,0,0,86.0986,13.9014,944.0000,0
1009.10,8,7.0000,0,0,93.2337,6.7663,949.0000,0
1009.10,9,0.0000,0,0,93.8227,6.1773,944.0000,0
1010.10,0,46.0000,0,0,92.6188,7.3812,976.0000,0
1010.10,1,0.0000,0,0,100.0000,0.0000,945.0000,0
1010.10,2,0.0000,0,0,98.7212,1.2788,945.0000,0
1010.10,3,80.5000,0,0,97.8350,2.1650,999.0000,0
1010.10,4,88.0000,0,0,87.1667,12.8333,1004.0000,0
1010.10,5,95.5000,0,0,94.8449,5.1551,1009.0000,0
1010.10,6,0.0000,0,0,97.3224,2.6776,945.0000,0
1010.10,7,0.0000,0,0,86.0986,13.9014,945.0000,0
1010.10,8,7.0000,0,0,93.2337,6.7663,950.0000,0
1010.10,9,0.0000,0,0,93.8227,6.1773,945.0000,0
1011.10,0,46.0000,0,0,92.6188,7.3812,977.0000,0
1011.10,1,0.0000,0,0,100.0000,0.0000,946.0000,0
1011.10,2,0.0000,0,0,98.7212,1.2788,946.0000,0
1011.10,3,80.5000,0,0,97.8350,2.1650,1000.0000,0
1011.10,4,88.0000,0,0,87.1667,12.8333,1005.0000,0
1011.10,5,95.5000,0,0,94.8449,5.1551,1010.0000,0
1011.10,6,0.0000,0,0,97.3224,2.6776,946.0000,0
1011.10,7,0.0000,0,0,86.0986,13.9014,946.0000,0
1011.10,8,7.0000,0,0,93.2337,6.7663,951.0000,0
1011.10,9,0.0000,0,0,93.8227,6.1773,946.0000,0
1012.10,0,46.0000,0,0,92.6188,7.3812,978.0000,0
1012.10,1,0.0000,0,0,100.0000,0.0000,947.0000,0
1012.10,2,0.0000,0,0,98.7212,1.2788,947.0000,0
1012.10,3,80.5000,0,0,97.8350,2.1650,1001.0000,0
1012.10,4,88.0000,0,0,87.1667,12.8333,1006.0000,0
1012.10,5,95.5000,0,0,94.8449,5.1551,1011.0000,0
1012.10,6,0.0000,0,0,97.3224,2.6776,947.0000,0
1012.10,7,0.0000,0,0,86.0986,13.9014,947.0000,0
1012.10,8,7.0000,0,0,93.2337,6.7663,952.0000,0
1012.10,9,0.0000,0,0,93.8227,6.1773,947.0000,0
1013.10,0,46.0000,0,0,92.6188,7.3812,979.0000,0
1013.10,1,0.0000,0,0,100.0000,0.0000,948.0000,0
1013.10,2,0.0000,0,0,98.7212,1.2788,948.0000,0
1013.10,3,80.5000,0,0,97.8350,2.1650,1002.0000,0
1013.10,4,88.0000,0,0,87.1667,12.8333,1007.0000,0
1013.10,5,95.5000,0,0,94.8449,5.1551,1012.0000,0
1013.10,6,0.0000,0,0,97.3224,2.6776,948.0000,0
1013.10,7,0.0000,0,0,86.0986,13.9014,948.0000,0
1013.10,8,7.0000,0,0,93.2337,6.7663,953.0000,0
1013.10,9,0.0000,0,0,93.8227,6.1773,948.0000,0
1014.10,0,46.0000,0,0,92.6188,7.3812,980.0000,0
1014.10,1,0.0000,0,0,100.0000,0.0000,949.0000,0
1014.10,2,0.0000,0,0,98.7212,1.2788,949.0000,0
1014.10,3,80.5000,0,0,97.8350,2.1650,1003.0000,0
1014.10,4,88.0000,0,0,87.1667,12.8333,1008.0000,0
1014.10,5,95.5000,0,0,94.8449,5.1551,1013.0000,0
1014.10,6,0.0000,0,0,97.3224,2.6776,949.0000,0
1014.10,7,0.0000,0,0,86.0986,13.9014,949.0000,0
1014.10,8,7.0000,0,0,93.2337,6.7663,954.0000,0
1014.10,9,0.0000,0,0,93.8227,6.1773,949.0000,0
1015.10,0,46.0000,0,0,92.6188,7.3812,981.0000,0
1015.10,1,0.0000,0,0,100.0000,0.0000,950.0000,0
1015.10,2,0.0000,0,0,98.7212,1.2788,950.0000,0
1015.10,3,80.5000,0,0,97.8350,2.1650,1004.0000,0
1015.10,4,88.0000,0,0,87.1667,12.8333,1009.0000,0
1015.10,5,95.5000,0,0,94.8449,5.1551,1014.0000,0
1015.10,6,0.0000,0,0,97.3224,2.6776,950.0000,0
1015.10,7,0.0000,0,0,86.0986,13.9014,950.0000,0
1015.10,8,7.0000,0,0,93.2337,6.7663,955.0000,0
1015.10,9,0.0000,0,0,93.8227,6.1773,950.0000,0
1016.10,0,46.0000,0,0,92.6188,7.3812,982.0000,0
1016.10,1,0.0000,0,0,100.0000,0.0000,951.0000,0
1016.10,2,0.0000,0,0,98.7212,1.2788,951.0000,0
1016.10,3,80.5000,0,0,97.8350,2.1650,1005.0000,0
1016.10,4,88.0000,0,0,87.1667,12.8333,1010.0000,0
1016.10,5,95.5000,0,0,94.8449,5.1551,1015.0000,0
1016.10,6,0.0000,0,0,97.3224,2.6776,951.0000,0
1016.10,7,0.0000,0,0,86.0986,13.9014,951.0000,0
1016.10,8,7.0000,0,0,93.2337,6.7663,956.0000,0
1016.10,9,0.0000,0,0,93.8227,6.1773,951.0000,0
1017.10,0,46.0000,0,0,92.6188,7.3812,983.0000,0
1017.10,1,0.0000,0,0,100.0000,0.0000,952.0000,0
1017.10,2,0.0000,0,0,98.7212,1.2788,952.0000,0
1017.10,3,80.5000,0,0,97.8350,2.1650,1006.0000,0
1017.10,4,88.0000,0,0,87.1667,12.8333,1011.0000,0
1017.10,5,95.5000,0,0,94.8449,5.1551,1016.0000,0
1017.10,6,0.0000,0,0,97.3224,2.6776,952.0000,0
1017.10,7,0.0000,0,0,86.0986,13.9014,952.0000,0
1017.10,8,7.0000,0,0,93.2337,6.7663,957.0000,0
1017.10,9,0.0000,0,0,93.8227,6.1773,952.0000,0
1018.10,0,46.0000,0,0,92.6188,7.3812,984.0000,0
1018.10,1,0.0000,0,0,100.0000,0.0000,953.0000,0
1018.10,2,0.0000,0,0,98.7212,1.2788,953.0000,0
1018.10,3,80.5000,0,0,97.8350,2.1650,1007.0000,0
1018.10,4,88.0000,0,0,87.1667,12.8333,1012.0000,0
1018.10,5,95.5000,0,0,94.8449,5.1551,1017.0000,0
1018.10,6,0.0000,0,0,97.3224,2.6776,953.0000,0
1018.10,7,0.0000,0,0,86.0986,13.9014,953.0000,0
1018.10,8,7.0000,0,0,93.2337,6.7663,958.0000,0
1018.10,9,0.0000,0,0,93.8227,6.1773,953.0000,0
1019.10,0,46.0000,0,0,92.6188,7.3812,985.0000,0
1019.10,1,0.0000,0,0,100.0000,0.0000,954.0000,0
1019.10,2,0.0000,0,0,98.7212,1.2788,954.0000,0
1019.10,3,80.5000,0,0,97.8350,2.1650,1008.0000,0
1019.10,4,88.0000,0,0,87.1667,12.8333,1013.0000,0
1019.10,5,95.5000,0,0,94.8449,5.1551,1018.0000,0
1019.10,6,0.0000,0,0,97.3224,2.6776,954.0000,0
1019.10,7,0.0000,0,0,86.0986,13.9014,954.0000,0
1019.10,8,7.0000,0,0,93.2337,6.7663,959.0000,0
1019.10,9,0.0000,0,0,93.8227,6.1773,954.0000,0
1020.10,0,46.0000,0,0,92.6188,7.3812,986.0000,0
1020.10,1,0.0000,0,0,100.0000,0.0000,955.0000,0
1020.10,2,0.0000,0,0,98.7212,1.2788,955.0000,0
1020.10,3,80.5000,0,0,97.8350,2.1650,1009.0000,0
1020.10,4,88.0000,0,0,87.1667,12.8333,1014.0000,0
1020.10,5,95.5000,0,0,94.8449,5.1551,1019.0000,0
1020.10,6,0.0000,0,0,97.3224,2.6776,955.0000,0
1020.10,7,0.0000,0,0,86.0986,13.9014,955.0000,0
1020.10,8,7.0000,0,0,93.2337,6.7663,960.0000,0
1020.10,9,0.0000,0,0,93.8227,6.1773,955.0000,0
1021.10,0,46.0000,0,0,92.6188,7.3812,987.0000,0
1021.10,1,0.0000,0,0,100.0000,0.0000,956.0000,0
1021.10,2,0.0000,0,0,98.7212,1.2788,956.0000,0
1021.10,3,80.5000,0,0,97.8350,2.1650,1010.0000,0
1021.10,4,88.0000,0,0,87.1667,12.8333,1015.0000,0
1021.10,5,95.5000,0,0,94.8449,5.1551,1020.0000,0
1021.10,6,0.0000,0,0,97.3224,2.6776,956.0000,0
1021.10,7,0.0000,0,0,86.0986,13.9014,956.0000,0
1021.10,8,7.0000,0,0,93.2337,6.7663,961.0000,0
1021.10,9,0.0000,0,0,93.8227,6.1773,956.0000,0
1022.10,0,46.0000,0,0,92.6188,7.3812,988.0000,0
1022.10,1,0.0000,0,0,100.0000,0.0000,957.0000,0
1022.10,2,0.0000,0,0,98.7212,1.2788,957.0000,0
1022.10,3,80.5000,0,0,97.8350,2.1650,1011.0000,0
1022.10,4,88.0000,0,0,87.1667,12.8333,1016.0000,0
1022.10,5,95.5000,0,0,94.8449,5.1551,1021.0000,0
1022.10,6,0.0000,0,0,97.3224,2.6776,957.0000,0
1022.10,7,0.0000,0,0,86.0986,13.9014,957.0000,0
1022.10,8,7.0000,0,0,93.2337,6.7663,962.0000,0
1022.10,9,0.0000,0,0,93.8227,6.1773,957.0000,0
1023.10,0,46.0000,0,0,92.6188,7.3812,989.0000,0
1023.10,1,0.0000,0,0,100.0000,0.0000,958.0000,0
1023.10,2,0.0000,0,0,98.7212,1.2788,958.0000,0
1023.10,3,80.5000,0,0,97.8350,2.1650,1012.0000,0
1023.10,4,88.0000,0,0,87.1667,12.8333,1017.0000,0
1023.10,5,95.5000,0,0,94.8449,5.1551,1022.0000,0
1023.10,6,0.0000,0,0,97.3224,2.6776,958.0000,0
1023.10,7,0.0000,0,0,86.0986,13.9014,958.0000,0
1023.10,8,7.0000,0,0,93.2337,6.7663,963.0000,0
1023.10,9,0.0000,0,0,93.8227,6.1773,958.0000,0
1024.10,0,46.0000,0,0,92.6188,7.3812,990.0000,0
1024.10,1,0.0000,0,0,100.0000,0.0000,959.0000,0
1024.10,2,0.0000,0,0,98.7212,1.2788,959.0000,0
1024.10,3,80.5000,0,0,97.8350,2.1650,1013.0000,0
1024.10,4,88.0000,0,0,87.1667,12.8333,1018.0000,0
1024.10,5,95.5000,0,0,94.8449,5.1551,1023.0000,0
1024.10,6,0.0000,0,0,97.3224,2.6776,959.0000,0
1024.10,7,0.0000,0,0,86.0986,13.9014,959.0000,0
1024.10,8,7.0000,0,0,93.2337,6.7663,964.0000,0
1024.10,9,0.0000,0,0,93.8227,6.1773,959.0000,0
1025.10,0,46.0000,0,0,92.6188,7.3812,991.0000,0
1025.10,1,0.0000,0,0,100.0000,0.0000,960.0000,0
1025.10,2,0.0000,0,0,98.7212,1.2788,960.0000,0
1025.10,3,80.5000,0,0,97.8350,2.1650,1014.0000,0
1025.10,4,88.0000,0,0,87.1667,12.8333,1019.0000,0
1025.10,5,95.5000,0,0,94.8449,5.1551,1024.0000,0
1025.10,6,0.0000,0,0,97.3224,2.6776,960.0000,0
1025.10,7,0.0000,0,0,86.0986,13.9014,960.0000,0
1025.10,8,7.0000,0,0,93.2337,6.7663,965.0000,0
1025.10,9,0.0000,0,0,93.8227,6.1773,960.0000,0
1026.10,0,46.0000,0,0,92.6188,7.3812,992.0000,0
1026.10,1,0.0000,0,0,100.0000,0.0000,961.0000,0
1026.10,2,0.0000,0,0,98.7212,1.2788,961.0000,0
1026.10,3,80.5000,0,0,97.8350,2.1650,1015.0000,0
1026.10,4,88.0000,0,0,87.1667,12.8333,1020.0000,0
1026.10,5,95.5000,0,0,94.8449,5.1551,1025.0000,0
1026.10,6,0.0000,0,0,97.3224,2.6776,961.0000,0
1026.10,7,0.0000,0,0,86.0986,13.9014,961.0000,0
1026.10,8,7.0000,0,0,93.2337,6.7663,966.0000,0
1026.10,9,0.0000,0,0,93.8227,6.1773,961.0000,0
1027.10,0,46.0000,0,0,92.6188,7.3812,993.0000,0
1027.10,1,0.0000,0,0,100.0000,0.0000,962.0000,0
1027.10,2,0.0000,0,0,98.7212,1.2788,962.0000,0
1027.10,3,80.5000,0,0,97.8350,2.1650,1016.0000,0
1027.10,4,88.0000,0,0,87.1667,12.8333,1021.0000,0
1027.10,5,95.5000,0,0,94.8449,5.1551,1026.0000,0
1027.10,6,0.0000,0,0,97.3224,2.6776,962.0000,0
1027.10,7,0.0000,0,0,86.0986,13.9014,962.0000,0
1027.10,8,7.0000,0,0,93.2337,6.7663,967.0000,0
1027.10,9,0.0000,0,0,93.8227,6.1773,962.0000,0
1028.10,0,46.0000,0,0,92.6188,7.3812,994.0000,0
1028.10,1,0.0000,0,0,100.0000,0.0000,963.0000,0
1028.10,2,0.0000,0,0,98.7212,1.2788,963.0000,0
1028.10,3,80.5000,0,0,97.8350,2.1650,1017.0000,0
1028.10,4,88.0000,0,0,87.1667,12.8333,1022.0000,0
1028.10,5,95.5000,0,0,94.8449,5.1551,1027.0000,0
1028.10,6,0.0000,0,0,97.3224,2.6776,963.0000,0
1028.10,7,0.0000,0,0,86.0986,13.9014,963.0000,0
1028.10,8,7.0000,0,0,93.2337,6.7663,968.0000,0
1028.10,9,0.0000,0,0,93.8227,6.1773,963.0000,0
1029.10,0,46.0000,0,0,92.6188,7.3812,995.0000,0
1029.10,1,0.0000,0,0,100.0000,0.0000,964.0000,0
1029.10,2,0.0000,0,0,98.7212,1.2788,964.0000,0
1029.10,3,80.5000,0,0,97.8350,2.1650,1018.0000,0
1029.10,4,88.0000,0,0,87.1667,12.8333,1023.0000,0
1029.10,5,95.5000,0,0,94.8449,5.1551,1028.0000,0
1029.10,6,0.0000,0,0,97.3224,2.6776,964.0000,0
1029.10,7,0.0000,0,0,86.0986,13.9014,964.0000,0
1029.10,8,7.0000,0,0,93.2337,6.7663,969.0000,0
1029.10,9,0.0000,0,0,93.8227,6.1773,964.0000,0
1030.10,0,46.0000,0,0,92.6188,7.3812,996.0000,0
1030.10,1,0.0000,0,0,100.0000,0.0000,965.0000,0
1030.10,2,0.0000,0,0,98.7212,1.2788,965.0000,0
1030.10,3,80.5000,0,0,97.8350,2.1650,1019.0000,0
1030.10,4,88.0000,0,0,87.1667,12.8333,1024.0000,0
1030.10,5,95.5000,0,0,94.8449,5.1551,1029.0000,0
1030.10,6,0.0000,0,0,97.3224,2.6776,965.0000,0
1030.10,7,0.0000,0,0,86.0986,13.9014,965.0000,0
1030.10,8,7.0000,0,0,93.2337,6.7663,970.0000,0
1030.10,9,0.0000,0,0,93.8227,6.1773,965.0000,0
1031.10,0,46.0000,0,0,92.6188,7.3812,997.0000,0
1031.10,1,0.0000,0,0,100.0000,0.0000,966.0000,0
1031.10,2,0.0000,0,0,98.7212,1.2788,966.0000,0
1031.10,3,80.5000,0,0,97.8350,2.1650,1020.0000,0
1031.10,4,88.0000,0,0,87.1667,12.8333,1025.0000,0
1031.10,5,95.5000,0,0,94.8449,5.1551,1030.0000,0
1031.10,6,0.0000,0,0,97.3224,2.6776,966.0000,0
1031.10,7,0.0000,0,0,86.0986,13.9014,966.0000,0
1031.10,8,7.0000,0,0,93.2337,6.7663,971.0000,0
1031.10,9,0.0000,0,0,93.8227,6.1773,966.0000,0
1032.10,0,46.0000,0,0,92.6188,7.3812,998.0000,0
1032.10,1,0.0000,0,0,100.0000,0.0000,967.0000,0
1032.10,2,0.0000,0,0,98.7212,1.2788,967.0000,0
1032.10,3,80.5000,0,0,97.8350,2.1650,1021.0000,0
1032.10,4,88.0000,0,0,87.1667,12.8333,1026.0000,0
1032.10,5,95.5000,0,0,94.8449,5.1551,1031.0000,0
1032.10,6,0.0000,0,0,97.3224,2.6776,967.0000,0
1032.10,7,0.0000,0,0,86.0986,13.9014,967.0000,0
1032.10,8,7.0000,0,0,93.2337,6.7663,972.0000,0
1032.10,9,0.0000,0,0,93.8227,6.1773,967.0000,0
1033.10,0,46.0000,0,0,92.6188,7.3812,999.0000,0
1033.10,1,0.0000,0,0,100.0000,0.0000,968.0000,0
1033.10,2,0.0000,0,0,98.7212,1.2788,968.0000,0
1033.10,3,80.5000,0,0,97.8350,2.1650,1022.0000,0
1033.10,4,88.0000,0,0,87.1667,12.8333,1027.0000,0
1033.10,5,95.5000,0,0,94.8449,5.1551,1032.0000,0
1033.10,6,0.0000,0,0,97.3224,2.6776,968.0000,0
1033.10,7,0.0000,0,0,86.0986,13.9014,968.0000,0
1033.10,8,7.0000,0,0,93.2337,6.7663,973.0000,0
1033.10,9,0.0000,0,0,93.8227,6.1773,968.0000,0
1034.10,0,46.0000,0,0,92.6188,7.3812,1000.0000,0
1034.10,1,0.0000,0,0,100.0000,0.0000,969.0000,0
1034.10,2,0.0000,0,0,98.7212,1.2788,969.0000,0
1034.10,3,80.5000,0,0,97.8350,2.1650,1023.0000,0
1034.10,4,88.0000,0,0,87.1667,12.8333,1028.0000,0
1034.10,5,95.5000,0,0,94.8449,5.1551,1033.0000,0
1034.10,6,0.0000,0,0,97.3224,2.6776,969.0000,0
1034.10,7,0.0000,0,0,86.0986,13.9014,969.0000,0
1034.10,8,7.0000,0,0,93.2337,6.7663,974.0000,0
1034.10,9,0.0000,0,0,93.8227,6.1773,969.0000,0
1035.10,0,46.0000,0,0,92.6188,7.3812,1001.0000,0
1035.10,1,0.0000,0,0,100.0000,0.0000,970.0000,0
1035.10,2,0.0000,0,0,98.7212,1.2788,970.0000,0
1035.10,3,80.5000,0,0,97.8350,2.1650,1024.0000,0
1035.10,4,88.0000,0,0,87.1667,12.8333,1029.0000,0
1035.10,5,95.5000,0,0,94.8449,5.1551,1034.0000,0
1035.10,6,0.0000,0,0,97.3224,2.6776,970.0000,0
1035.10,7,0.0000,0,0,86.0986,13.9014,970.0000,0
1035.10,8,7.0000,0,0,93.2337,6.7663,975.0000,0
1035.10,9,0.0000,0,0,93.8227,6.1773,970.0000,0
1036.10,0,46.0000,0,0,92.6188,7.3812,1002.0000,0
1036.10,1,0.0000,0,0,100.0000,0.0000,971.0000,0
1036.10,2,0.0000,0,0,98.7212,1.2788,971.0000,0
1036.10,3,80.5000,0,0,97.8350,2.1650,1025.0000,0
1036.10,4,88.0000,0,0,87.1667,12.8333,1030.0000,0
1036.10,5,95.5000,0,0,94.8449,5.1551,1035.0000,0
1036.10,6,0.0000,0,0,97.3224,2.6776,971.0000,0
1036.10,7,0.0000,0,0,86.0986,13.9014,971.0000,0
1036.10,8,7.0000,0,0,93.2337,6.7663,976.0000,0
1036.10,9,0.0000,0,0,93.8227,6.1773,971.0000,0
1037.10,0,46.0000,0,0,92.6188,7.3812,1003.0000,0
1037.10,1,0.0000,0,0,100.0000,0.0000,972.0000,0
1037.10,2,0.0000,0,0,98.7212,1.2788,972.0000,0
1037.10,3,80.5000,0,0,97.8350,2.1650,1026.0000,0
1037.10,4,88.0000,0,0,87.1667,12.8333,1031.0000,0
1037.10,5,95.5000,0,0,94.8449,5.1551,1036.0000,0
1037.10,6,0.0000,0,0,97.3224,2.6776,972.0000,0
1037.10,7,0.0000,0,0,86.0986,13.9014,972.0000,0
1037.10,8,7.0000,0,0,93.2337,6.7663,977.0000,0
1037.10,9,0.0000,0,0,93.8227,6.1773,972.0000,0
1038.10,0,46.0000,0,0,92.6188,7.3812,1004.0000,0
1038.10,1,0.0000,0,0,100.0000,0.0000,973.0000,0
1038.10,2,0.0000,0,0,98.7212,1.2788,973.0000,0
1038.10,3,80.5000,0,0,97.8350,2.1650,1027.0000,0
1038.10,4,88.0000,0,0,87.1667,12.8333,1032.0000,0
1038.10,5,95.5000,0,0,94.8449,5.1551,1037.0000,0
1038.10,6,0.0000,0,0,97.3224,2.6776,973.0000,0
1038.10,7,0.0000,0,0,86.0986,13.9014,973.0000,0
1038.10,8,7.0000,0,0,93.2337,6.7663,978.0000,0
1038.10,9,0.0000,0,0,93.8227,6.1773,973.0000,0
1039.10,0,46.0000,0,0,92.6188,7.3812,1005.0000,0
1039.10,1,0.0000,0,0,100.0000,0.0000,974.0000,0
1039.10,2,0.0000,0,0,98.7212,1.2788,974.0000,0
1039.10,3,80.5000,0,0,97.8350,2.1650,1028.0000,0
1039.10,4,88.0000,0,0,87.1667,12.8333,1033.0000,0
1039.10,5,95.5000,0,0,94.8449,5.1551,1038.0000,0
1039.10,6,0.0000,0,0,97.3224,2.6776,974.0000,0
1039.10,7,0.0000,0,0,86.0986,13.9014,974.0000,0
1039.10,8,7.0000,0,0,93.2337,6.7663,979.0000,0
1039.10,9,0.0000,0,0,93.8227,6.1773,974.0000,0
1040.10,0,46.0000,0,0,92.6188,7.3812,1006.0000,0
1040.10,1,0.0000,0,0,100.0000,0.0000,975.0000,0
1040.10,2,0.0000,0,0,98.7212,1.2788,975.0000,0
1040.10,3,80.5000,0,0,97.8350,2.1650,1029.0000,0
1040.10,4,88.0000,0,0,87.1667,12.8333,1034.0000,0
1040.10,5,95.5000,0,0,94.8449,5.1551,1039.0000,0
1040.10,6,0.0000,0,0,97.3224,2.6776,975.0000,0
1040.10,7,0.0000,0,0,86.0986,13.9014,975.0000,0
1040.10,8,7.0000,0,0,93.2337,6.7663,980.0000,0
1040.10,9,0.0000,0,0,93.8227,6.1773,975.0000,0
1041.10,0,46.0000,0,0,92.6188,7.3812,1007.0000,0
1041.10,1,0.0000,0,0,100.0000,0.0000,976.0000,0
1041.10,2,0.0000,0,0,98.7212,1.2788,976.0000,0
1041.10,3,80.5000,0,0,97.8350,2.1650,1030.0000,0
1041.10,4,88.0000,0,0,87.1667,12.8333,1035.0000,0
1041.10,5,95.5000,0,0,94.8449,5.1551,1040.0000,0
1041.10,6,0.0000,0,0,97.3224,2.6776,976.0000,0
1041.10,7,0.0000,0,0,86.0986,13.9014,976.0000,0
1041.10,8,7.0000,0,0,93.2337,6.7663,981.0000,0
1041.10,9,0.0000,0,0,93.8227,6.1773,976.0000,0
1042.10,0,46.0000,0,0,92.6188,7.3812,1008.0000,0
1042.10,1,0.0000,0,0,100.0000,0.0000,977.0000,0
1042.10,2,0.0000,0,0,98.7212,1.2788,977.0000,0
1042.10,3,80.5000,0,0,97.8350,2.1650,1031.0000,0
1042.10,4,88.0000,0,0,87.1667,12.8333,1036.0000,0
1042.10,5,95.5000,0,0,94.8449,5.1551,1041.0000,0
1042.10,6,0.0000,0,0,97.3224,2.6776,977.0000,0
1042.10,7,0.0000,0,0,86.0986,13.9014,977.0000,0
1042.10,8,7.0000,0,0,93.2337,6.7663,982.0000,0
1042.10,9,0.0000,0,0,93.8227,6.1773,977.0000,0
1043.10,0,46.0000,0,0,92.6188,7.3812,1009.0000,0
1043.10,1,0.0000,0,0,100.0000,0.0000,978.0000,0
1043.10,2,0.0000,0,0,98.7212,1.2788,978.0000,0
1043.10,3,80.5000,0,0,97.8350,2.1650,1032.0000,0
1043.10,4,88.0000,0,0,87.1667,12.8333,1037.0000,0
1043.10,5,95.5000,0,0,94.8449,5.1551,1042.0000,0
1043.10,6,0.0000,0,0,97.3224,2.6776,978.0000,0
1043.10,7,0.0000,0,0,86.0986,13.9014,978.0000,0
1043.10,8,7.0000,0,0,93.2337,6.7663,983.0000,0
1043.10,9,0.0000,0,0,93.8227,6.1773,978.0000,0
1044.10,0,46.0000,0,0,92.6188,7.3812,1010.0000,0
1044.10,1,0.0000,0,0,100.0000,0.0000,979.0000,0
1044.10,2,0.0000,0,0,98.7212,1.2788,979.0000,0
1044.10,3,80.5000,0,0,97.8350,2.1650,1033.0000,0
1044.10,4,88.0000,0,0,87.1667,12.8333,1038.0000,0
1044.10,5,95.5000,0,0,94.8449,5.1551,1043.0000,0
1044.10,6,0.0000,0,0,97.3224,2.6776,979.0000,0
1044.10,7,0.0000,0,0,86.0986,13.9014,979.0000,0
1044.10,8,7.0000,0,0,93.2337,6.7663,984.0000,0
1044.10,9,0.0000,0,0,93.8227,6.1773,979.0000,0
1045.10,0,46.0000,0,0,92.6188,7.3812,1011.0000,0
1045.10,1,0.0000,0,0,100.0000,0.0000,980.0000,0
1045.10,2,0.0000,0,0,98.7212,1.2788,980.0000,0
1045.10,3,80.5000,0,0,97.8350,2.1650,1034.0000,0
1045.10,4,88.0000,0,0,87.1667,12.8333,1039.0000,0
1045.10,5,95.5000,0,0,94.8449,5.1551,1044.0000,0
1045.10,6,0.0000,0,0,97.3224,2.6776,980.0000,0
1045.10,7,0.0000,0,0,86.0986,13.9014,980.0000,0
1045.10,8,7.0000,0,0,93.2337,6.7663,985.0000,0
1045.10,9,0.0000,0,0,93.8227,6.1773,980.0000,0
1046.10,0,46.0000,0,0,92.6188,7.3812,1012.0000,0
1046.10,1,0.0000,0,0,100.0000,0.0000,981.0000,0
1046.10,2,0.0000,0,0,98.7212,1.2788,981.0000,0
1046.10,3,80.5000,0,0,97.8350,2.1650,1035.0000,0
1046.10,4,88.0000,0,0,87.1667,12.8333,1040.0000,0
1046.10,5,95.5000,0,0,94.8449,5.1551,1045.0000,0
1046.10,6,0.0000,0,0,97.3224,2.6776,981.0000,0
1046.10,7,0.0000,0,0,86.0986,13.9014,981.0000,0
1046.10,8,7.0000,0,0,93.2337,6.7663,986.0000,0
1046.10,9,0.0000,0,0,93.8227,6.1773,981.0000,0
1047.10,0,46.0000,0,0,92.6188,7.3812,1013.0000,0
1047.10,1,0.0000,0,0,100.0000,0.0000,982.0000,0
1047.10,2,0.0000,0,0,98.7212,1.2788,982.0000,0
1047.10,3,80.5000,0,0,97.8350,2.1650,1036.0000,0
1047.10,4,88.0000,0,0,87.1667,12.8333,1041.0000,0
1047.10,5,95.5000,0,0,94.8449,5.1551,1046.0000,0
1047.10,6,0.0000,0,0,97.3224,2.6776,982.0000,0
1047.10,7,0.0000,0,0,86.0986,13.9014,982.0000,0
1047.10,8,7.0000,0,0,93.2337,6.7663,987.0000,0
1047.10,9,0.0000,0,0,93.8227,6.1773,982.0000,0
1048.10,0,46.0000,0,0,92.6188,7.3812,1014.0000,0
1048.10,1,0.0000,0,0,100.0000,0.0000,983.0000,0
1048.10,2,0.0000,0,0,98.7212,1.2788,983.0000,0
1048.10,3,80.5000,0,0,97.8350,2.1650,1037.0000,0
1048.10,4,88.0000,0,0,87.1667,12.8333,1042.0000,0
1048.10,5,95.5000,0,0,94.8449,5.1551,1047.0000,0
1048.10,6,0.0000,0,0,97.3224,2.6776,983.0000,0
1048.10,7,0.0000,0,0,86.0986,13.9014,983.0000,0
1048.10,8,7.0000,0,0,93.2337,6.7663,988.0000,0
1048.10,9,0.0000,0,0,93.8227,6.1773,983.0000,0
1049.10,0,46.0000,0,0,92.6188,7.3812,1015.0000,0
1049.10,1,0.0000,0,0,100.0000,0.0000,984.0000,0
1049.10,2,0.0000,0,0,98.7212,1.2788,984.0000,0
1049.10,3,80.5000,0,0,97.8350,2.1650,1038.0000,0
1049.10,4,88.0000,0,0,87.1667,12.8333,1043.0000,0
1049.10,5,95.5000,0,0,94.8449,5.1551,1048.0000,0
1049.10,6,0.0000,0,0,97.3224,2.6776,984.0000,0
1049.10,7,0.0000,0,0,86.0986,13.9014,984.0000,0
1049.10,8,7.0000,0,0,93.2337,6.7663,989.0000,0
1049.10,9,0.0000,0,0,93.8227,6.1773,984.0000,0
1050.10,0,46.0000,0,0,92.6188,7.3812,1016.0000,0
1050.10,1,0.0000,0,0,100.0000,0.0000,985.0000,0
1050.10,2,0.0000,0,0,98.7212,1.2788,985.0000,0
1050.10,3,80.5000,0,0,97.8350,2.1650,1039.0000,0
1050.10,4,88.0000,0,0,87.1667,12.8333,1044.0000,0
1050.10,5,95.5000,0,0,94.8449,5.1551,1049.0000,0
1050.10,6,0.0000,0,0,97.3224,2.6776,985.0000,0
1050.10,7,0.0000,0,0,86.0986,13.9014,985.0000,0
1050.10,8,7.0000,0,0,93.2337,6.7663,990.0000,0
1050.10,9,0.0000,0,0,93.8227,6.1773,985.0000,0
1051.10,0,46.0000,0,0,92.6188,7.3812,1017.0000,0
1051.10,1,0.0000,0,0,100.0000,0.0000,986.0000,0
1051.10,2,0.0000,0,0,98.7212,1.2788,986.0000,0
1051.10,3,80.5000,0,0,97.8350,2.1650,1040.0000,0
1051.10,4,88.0000,0,0,87.1667,12.8333,1045.0000,0
1051.10,5,95.5000,0,0,94.8449,5.1551,1050.0000,0
1051.10,6,0.0000,0,0,97.3224,2.6776,986.0000,0
1051.10,7,0.0000,0,0,86.0986,13.9014,986.0000,0
1051.10,8,7.0000,0,0,93.2337,6.7663,991.0000,0
1051.10,9,0.0000,0,0,93.8227,6.1773,986.0000,0
1052.10,0,46.0000,0,0,92.6188,7.3812,1018.0000,0
1052.10,1,0.0000,0,0,100.0000,0.0000,987.0000,0
1052.10,2,0.0000,0,0,98.7212,1.2788,987.0000,0
1052.10,3,80.5000,0,0,97.8350,2.1650,1041.0000,0
1052.10,4,88.0000,0,0,87.1667,12.8333,1046.0000,0
1052.10,5,95.5000,0,0,94.8449,5.1551,1051.0000,0
1052.10,6,0.0000,0,0,97.3224,2.6776,987.0000,0
1052.10,7,0.0000,0,0,86.0986,13.9014,987.0000,0
1052.10,8,7.0000,0,0,93.2337,6.7663,992.0000,0
1052.10,9,0.0000,0,0,93.8227,6.1773,987.0000,0
1053.10,0,46.0000,0,0,92.6188,7.3812,1019.0000,0
1053.10,1,0.0000,0,0,100.0000,0.0000,988.0000,0
1053.10,2,0.0000,0,0,98.7212,1.2788,988.0000,0
1053.10,3,80.5000,0,0,97.8350,2.1650,1042.0000,0
1053.10,4,88.0000,0,0,87.1667,12.8333,1047.0000,0
1053.10,5,95.5000,0,0,94.8449,5.1551,1052.0000,0
1053.10,6,0.0000,0,0,97.3224,2.6776,988.0000,0
1053.10,7,0.0000,0,0,86.0986,13.9014,988.0000,0
1053.10,8,7.0000,0,0,93.2337,6.7663,993.0000,0
1053.10,9,0.0000,0,0,93.8227,6.1773,988.0000,0
1054.10,0,46.0000,0,0,92.6188,7.3812,1020.0000,0
1054.10,1,0.0000,0,0,100.0000,0.0000,989.0000,0
1054.10,2,0.0000,0,0,98.7212,1.2788,989.0000,0
1054.10,3,80.5000,0,0,97.8350,2.1650,1043.0000,0
1054.10,4,88.0000,0,0,87.1667,12.8333,1048.0000,0
1054.10,5,95.5000,0,0,94.8449,5.1551,1053.0000,0
1054.10,6,0.0000,0,0,97.3224,2.6776,989.0000,0
1054.10,7,0.0000,0,0,86.0986,13.9014,989.0000,0
1054.10,8,7.0000,0,0,93.2337,6.7663,994.0000,0
1054.10,9,0.0000,0,0,93.8227,6.1773,989.0000,0
1055.10,0,46.0000,0,0,92.6188,7.3812,1021.0000,0
1055.10,1,0.0000,0,0,100.0000,0.0000,990.0000,0
1055.10,2,0.0000,0,0,98.7212,1.2788,990.0000,0
1055.10,3,80.5000,0,0,97.8350,2.1650,1044.0000,0
1055.10,4,88.0000,0,0,87.1667,12.8333,1049.0000,0
1055.10,5,95.5000,0,0,94.8449,5.1551,1054.0000,0
1055.10,6,0.0000,0,0,97.3224,2.6776,990.0000,0
1055.10,7,0.0000,0,0,86.0986,13.9014,990.0000,0
1055.10,8,7.0000,0,0,93.2337,6.7663,995.0000,0
1055.10,9,0.0000,0,0,93.8227,6.1773,990.0000,0
1056.10,0,46.0000,0,0,92.6188,7.3812,1022.0000,0
1056.10,1,0.0000,0,0,100.0000,0.0000,991.0000,0
1056.10,2,0.0000,0,0,98.7212,1.2788,991.0000,0
1056.10,3,80.5000,0,0,97.8350,2.1650,1045.0000,0
1056.10,4,88.0000,0,0,87.1667,12.8333,1050.0000,0
1056.10,5,95.5000,0,0,94.8449,5.1551,1055.0000,0
1056.10,6,0.0000,0,0,97.3224,2.6776,991.0000,0
1056.10,7,0.0000,0,0,86.0986,13.9014,991.0000,0
1056.10,8,7.0000,0,0,93.2337,6.7663,996.0000,0
1056.10,9,0.0000,0,0,93.8227,6.1773,991.0000,0
1057.10,0,46.0000,0,0,92.6188,7.3812,1023.0000,0
1057.10,1,0.0000,0,0,100.0000,0.0000,992.0000,0
1057.10,2,0.0000,0,0,98.7212,1.2788,992.0000,0
1057.10,3,80.5000,0,0,97.8350,2.1650,1046.0000,0
1057.10,4,88.0000,0,0,87.1667,12.8333,1051.0000,0
1057.10,5,95.5000,0,0,94.8449,5.1551,1056.0000,0
1057.10,6,0.0000,0,0,97.3224,2.6776,992.0000,0
1057.10,7,0.0000,0,0,86.0986,13.9014,992.0000,0
1057.10,8,7.0000,0,0,93.2337,6.7663,997.0000,0
1057.10,9,0.0000,0,0,93.8227,6.1773,992.0000,0
1058.10,0,46.0000,0,0,92.6188,7.3812,1024.0000,0
1058.10,1,0.0000,0,0,100.0000,0.0000,993.0000,0
1058.10,2,0.0000,0,0,98.7212,1.2788,993.0000,0
1058.10,3,80.5000,0,0,97.8350,2.1650,1047.0000,0
1058.10,4,88.0000,0,0,87.1667,12.8333,1052.0000,0
1058.10,5,95.5000,0,0,94.8449,5.1551,1057.0000,0
1058.10,6,0.0000,0,0,97.3224,2.6776,993.0000,0
1058.10,7,0.0000,0,0,86.0986,13.9014,993.0000,0
1058.10,8,7.0000,0,0,93.2337,6.7663,998.0000,0
1058.10,9,0.0000,0,0,93.8227,6.1773,993.0000,0
1059.10,0,46.0000,0,0,92.6188,7.3812,1025.0000,0
1059.10,1,0.0000,0,0,100.0000,0.0000,994.0000,0
1059.10,2,0.0000,0,0,98.7212,1.2788,994.0000,0
1059.10,3,80.5000,0,0,97.8350,2.1650,1048.0000,0
1059.10,4,88.0000,0,0,87.1667,12.8333,1053.0000,0
1059.10,5,95.5000,0,0,94.8449,5.1551,1058.0000,0
1059.10,6,0.0000,0,0,97.3224,2.6776,994.0000,0
1059.10,7,0.0000,0,0,86.0986,13.9014,994.0000,0
1059.10,8,7.0000,0,0,93.2337,6.7663,999.0000,0
1059.10,9,0.0000,0,0,93.8227,6.1773,994.0000,0
1060.10,0,46.0000,0,0,92.6188,7.3812,1026.0000,0
1060.10,1,0.0000,0,0,100.0000,0.0000,995.0000,0
1060.10,2,0.0000,0,0,98.7212,1.2788,995.0000,0
1060.10,3,80.5000,0,0,97.8350,2.1650,1049.0000,0
1060.10,4,88.0000,0,0,87.1667,12.8333,1054.0000,0
1060.10,5,95.5000,0,0,94.8449,5.1551,1059.0000,0
1060.10,6,0.0000,0,0,97.3224,2.6776,995.0000,0
1060.10,7,0.0000,0,0,86.0986,13.9014,995.0000,0
1060.10,8,7.0000,0,0,93.2337,6.7663,1000.0000,0
1060.10,9,0.0000,0,0,93.8227,6.1773,995.0000,0
1061.10,0,46.0000,0,0,92.6188,7.3812,1027.0000,0
1061.10,1,0.0000,0,0,100.0000,0.0000,996.0000,0
1061.10,2,0.0000,0,0,98.7212,1.2788,996.0000,0
1061.10,3,80.5000,0,0,97.8350,2.1650,1050.0000,0
1061.10,4,88.0000,0,0,87.1667,12.8333,1055.0000,0
1061.10,5,95.5000,0,0,94.8449,5.1551,1060.0000,0
1061.10,6,0.0000,0,0,97.3224,2.6776,996.0000,0
1061.10,7,0.0000,0,0,86.0986,13.9014,996.0000,0
1061.10,8,7.0000,0,0,93.2337,6.7663,1001.0000,0
1061.10,9,0.0000,0,0,93.8227,6.1773,996.0000,0
1062.10,0,46.0000,0,0,92.6188,7.3812,1028.0000,0
1062.10,1,0.0000,0,0,100.0000,0.0000,997.0000,0
1062.10,2,0.0000,0,0,98.7212,1.2788,997.0000,0
1062.10,3,80.5000,0,0,97.8350,2.1650,1051.0000,0
1062.10,4,88.0000,0,0,87.1667,12.8333,1056.0000,0
1062.10,5,95.5000,0,0,94.8449,5.1551,1061.0000,0
1062.10,6,0.0000,0,0,97.3224,2.6776,997.0000,0
1062.10,7,0.0000,0,0,86.0986,13.9014,997.0000,0
1062.10,8,7.0000,0,0,93.2337,6.7663,1002.0000,0
1062.10,9,0.0000,0,0,93.8227,6.1773,997.0000,0
1063.10,0,46.0000,0,0,92.6188,7.3812,1029.0000,0
1063.10,1,0.0000,0,0,100.0000,0.0000,998.0000,0
1063.10,2,0.0000,0,0,98.7212,1.2788,998.0000,0
1063.10,3,80.5000,0,0,97.8350,2.1650,1052.0000,0
1063.10,4,88.0000,0,0,87.1667,12.8333,1057.0000,0
1063.10,5,95.5000,0,0,94.8449,5.1551,1062.0000,0
1063.10,6,0.0000,0,0,97.3224,2.6776,998.0000,0
1063.10,7,0.0000,0,0,86.0986,13.9014,998.0000,0
1063.10,8,7.0000,0,0,93.2337,6.7663,1003.0000,0
1063.10,9,0.0000,0,0,93.8227,6.1773,998.0000,0
1064.10,0,46.0000,0,0,92.6188,7.3812,1030.0000,0
1064.10,1,0.0000,0,0,100.0000,0.0000,999.0000,0
1064.10,2,0.0000,0,0,98.7212,1.2788,999.0000,0
1064.10,3,80.5000,0,0,97.8350,2.1650,1053.0000,0
1064.10,4,88.0000,0,0,87.1667,12.8333,1058.0000,0
1064.10,5,95.5000,0,0,94.8449,5.1551,1063.0000,0
1064.10,6,0.0000,0,0,97.3224,2.6776,999.0000,0
1064.10,7,0.0000,0,0,86.0986,13.9014,999.0000,0
1064.10,8,7.0000,0,0,93.2337,6.7663,1004.0000,0
1064.10,9,0.0000,0,0,93.8227,6.1773,999.0000,0
1065.10,0,46.0000,0,0,92.6188,7.3812,1031.0000,0
1065.10,1,0.0000,0,0,100.0000,0.0000,1000.0000,0
1065.10,2,0.0000,0,0,98.7212,1.2788,1000.0000,0
1065.10,3,80.5000,0,0,97.8350,2.1650,1054.0000,0
1065.10,4,88.0000,0,0,87.1667,12.8333,1059.0000,0
1065.10,5,95.5000,0,0,94.8449,5.1551,1064.0000,0
1065.10,6,0.0000,0,0,97.3224,2.6776,1000.0000,0
1065.10,7,0.0000,0,0,86.0986,13.9014,1000.0000,0
1065.10,8,7.0000,0,0,93.2337,6.7663,1005.0000,0
1065.10,9,0.0000,0,0,93.8227,6.1773,1000.0000,0
1066.10,0,46.0000,0,0,92.6188,7.3812,1032.0000,0
1066.10,1,0.0000,0,0,100.0000,0.0000,1001.0000,0
1066.10,2,0.0000,0,0,98.7212,1.2788,1001.0000,0
1066.10,3,80.5000,0,0,97.8350,2.1650,1055.0000,0
1066.10,4,88.0000,0,0,87.1667,12.8333,1060.0000,0
1066.10,5,95.5000,0,0,94.8449,5.1551,1065.0000,0
1066.10,6,0.0000,0,0,97.3224,2.6776,1001.0000,0
1066.10,7,0.0000,0,0,86.0986,13.9014,1001.0000,0
1066.10,8,7.0000,0,0,93.2337,6.7663,1006.0000,0
1066.10,9,0.0000,0,0,93.8227,6.1773,1001.0000,0
1067.10,0,46.0000,0,0,92.6188,7.3812,1033.0000,0
1067.10,1,0.0000,0,0,100.0000,0.0000,1002.0000,0
1067.10,2,0.0000,0,0,98.7212,1.2788,1002.0000,0
1067.10,3,80.5000,0,0,97.8350,2.1650,1056.0000,0
1067.10,4,88.0000,0,0,87.1667,12.8333,1061.0000,0
1067.10,5,95.5000,0,0,94.8449,5.1551,1066.0000,0
1067.10,6,0.0000,0,0,97.3224,2.6776,1002.0000,0
1067.10,7,0.0000,0,0,86.0986,13.9014,1002.0000,0
1067.10,8,7.0000,0,0,93.2337,6.7663,1007.0000,0
1067.10,9,0.0000,0,0,93.8227,6.1773,1002.0000,0
1068.10,0,46.0000,0,0,92.6188,7.3812,1034.0000,0
1068.10,1,0.0000,0,0,100.0000,0.0000,1003.0000,0
1068.10,2,0.0000,0,0,98.7212,1.2788,1003.0000,0
1068.10,3,80.5000,0,0,97.8350,2.1650,1057.0000,0
1068.10,4,88.0000,0,0,87.1667,12.8333,1062.0000,0
1068.10,5,95.5000,0,0,94.8449,5.1551,1067.0000,0
1068.10,6,0.0000,0,0,97.3224,2.6776,1003.0000,0
1068.10,7,0.0000,0,0,86.0986,13.9014,1003.0000,0
1068.10,8,7.0000,0,0,93.2337,6.7663,1008.0000,0
1068.10,9,0.0000,0,0,93.8227,6.1773,1003.0000,0
1069.10,0,46.0000,0,0,92.6188,7.3812,1035.0000,0
1069.10,1,0.0000,0,0,100.0000,0.0000,1004.0000,0
1069.10,2,0.0000,0,0,98.7212,1.2788,1004.0000,0
1069.10,3,80.5000,0,0,97.8350,2.1650,1058.0000,0
1069.10,4,88.0000,0,0,87.1667,12.8333,1063.0000,0
1069.10,5,95.5000,0,0,94.8449,5.1551,1068.0000,0
1069.10,6,0.0000,0,0,97.3224,2.6776,1004.0000,0
1069.10,7,0.0000,0,0,86.0986,13.9014,1004.0000,0
1069.10,8,7.0000,0,0,93.2337,6.7663,1009.0000,0
1069.10,9,0.0000,0,0,93.8227,6.1773,1004.0000,0
1070.10,0,46.0000,0,0,92.6188,7.3812,1036.0000,0
1070.10,1,0.0000,0,0,100.0000,0.0000,1005.0000,0
1070.10,2,0.0000,0,0,98.7212,1.2788,1005.0000,0
1070.10,3,80.5000,0,0,97.8350,2.1650,1059.0000,0
1070.10,4,88.0000,0,0,87.1667,12.8333,1064.0000,0
1070.10,5,95.5000,0,0,94.8449,5.1551,1069.0000,0
1070.10,6,0.0000,0,0,97.3224,2.6776,1005.0000,0
1070.10,7,0.0000,0,0,86.0986,13.9014,1005.0000,0
1070.10,8,7.0000,0,0,93.2337,6.7663,1010.0000,0
1070.10,9,0.0000,0,0,93.8227,6.1773,1005.0000,0
1071.10,0,46.0000,0,0,92.6188,7.3812,1037.0000,0
1071.10,1,0.0000,0,0,100.0000,0.0000,1006.0000,0
1071.10,2,0.0000,0,0,98.7212,1.2788,1006.0000,0
1071.10,3,80.5000,0,0,97.8350,2.1650,1060.0000,0
1071.10,4,88.0000,0,0,87.1667,12.8333,1065.0000,0
1071.10,5,95.5000,0,0,94.8449,5.1551,1070.0000,0
1071.10,6,0.0000,0,0,97.3224,2.6776,1006.0000,0
1071.10,7,0.0000,0,0,86.0986,13.9014,1006.0000,0
1071.10,8,7.0000,0,0,93.2337,6.7663,1011.0000,0
1071.10,9,0.0000,0,0,93.8227,6.1773,1006.0000,0
1072.10,0,46.0000,0,0,92.6188,7.3812,1038.0000,0
1072.10,1,0.0000,0,0,100.0000,0.0000,1007.0000,0
1072.10,2,0.0000,0,0,98.7212,1.2788,1007.0000,0
1072.10,3,80.5000,0,0,97.8350,2.1650,1061.0000,0
1072.10,4,88.0000,0,0,87.1667,12.8333,1066.0000,0
1072.10,5,95.5000,0,0,94.8449,5.1551,1071.0000,0
1072.10,6,0.0000,0,0,97.3224,2.6776,1007.0000,0
1072.10,7,0.0000,0,0,86.0986,13.9014,1007.0000,0
1072.10,8,7.0000,0,0,93.2337,6.7663,1012.0000,0
1072.10,9,0.0000,0,0,93.8227,6.1773,1007.0000,0
1073.10,0,46.0000,0,0,92.6188,7.3812,1039.0000,0
1073.10,1,0.0000,0,0,100.0000,0.0000,1008.0000,0
1073.10,2,0.0000,0,0,98.7212,1.2788,1008.0000,0
1073.10,3,80.5000,0,0,97.8350,2.1650,1062.0000,0
1073.10,4,88.0000,0,0,87.1667,12.8333,1067.0000,0
1073.10,5,95.5000,0,0,94.8449,5.1551,1072.0000,0
1073.10,6,0.0000,0,0,97.3224,2.6776,1008.0000,0
1073.10,7,0.0000,0,0,86.0986,13.9014,1008.0000,0
1073.10,8,7.0000,0,0,93.2337,6.7663,1013.0000,0
1073.10,9,0.0000,0,0,93.8227,6.1773,1008.0000,0
1074.10,0,46.0000,0,0,92.6188,7.3812,1040.0000,0
1074.10,1,0.0000,0,0,100.0000,0.0000,1009.0000,0
1074.10,2,0.0000,0,0,98.7212,1.2788,1009.0000,0
1074.10,3,80.5000,0,0,97.8350,2.1650,1063.0000,0
1074.10,4,88.0000,0,0,87.1667,12.8333,1068.0000,0
1074.10,5,95.5000,0,0,94.8449,5.1551,1073.0000,0
1074.10,6,0.0000,0,0,97.3224,2.6776,1009.0000,0
1074.10,7,0.0000,0,0,86.0986,13.9014,1009.0000,0
1074.10,8,7.0000,0,0,93.2337,6.7663,1014.0000,0
1074.10,9,0.0000,0,0,93.8227,6.1773,1009.0000,0
1075.10,0,46.0000,0,0,92.6188,7.3812,1041.0000,0
1075.10,1,0.0000,0,0,100.0000,0.0000,1010.0000,0
1075.10,2,0.0000,0,0,98.7212,1.2788,1010.0000,0
1075.10,3,80.5000,0,0,97.8350,2.1650,1064.0000,0
1075.10,4,88.0000,0,0,87.1667,12.8333,1069.0000,0
1075.10,5,95.5000,0,0,94.8449,5.1551,1074.0000,0
1075.10,6,0.0000,0,0,97.3224,2.6776,1010.0000,0
1075.10,7,0.0000,0,0,86.0986,13.9014,1010.0000,0
1075.10,8,7.0000,0,0,93.2337,6.7663,1015.0000,0
1075.10,9,0.0000,0,0,93.8227,6.1773,1010.0000,0
1076.10,0,46.0000,0,0,92.6188,7.3812,1042.0000,0
1076.10,1,0.0000,0,0,100.0000,0.0000,1011.0000,0
1076.10,2,0.0000,0,0,98.7212,1.2788,1011.0000,0
1076.10,3,80.5000,0,0,97.8350,2.1650,1065.0000,0
1076.10,4,88.0000,0,0,87.1667,12.8333,1070.0000,0
1076.10,5,95.5000,0,0,94.8449,5.1551,1075.0000,0
1076.10,6,0.0000,0,0,97.3224,2.6776,1011.0000,0
1076.10,7,0.0000,0,0,86.0986,13.9014,1011.0000,0
1076.10,8,7.0000,0,0,93.2337,6.7663,1016.0000,0
1076.10,9,0.0000,0,0,93.8227,6.1773,1011.0000,0
1077.10,0,46.0000,0,0,92.6188,7.3812,1043.0000,0
1077.10,1,0.0000,0,0,100.0000,0.0000,1012.0000,0
1077.10,2,0.0000,0,0,98.7212,1.2788,1012.0000,0
1077.10,3,80.5000,0,0,97.8350,2.1650,1066.0000,0
1077.10,4,88.0000,0,0,87.1667,12.8333,1071.0000,0
1077.10,5,95.5000,0,0,94.8449,5.1551,1076.0000,0
1077.10,6,0.0000,0,0,97.3224,2.6776,1012.0000,0
1077.10,7,0.0000,0,0,86.0986,13.9014,1012.0000,0
1077.10,8,7.0000,0,0,93.2337,6.7663,1017.0000,0
1077.10,9,0.0000,0,0,93.8227,6.1773,1012.0000,0
1078.10,0,46.0000,0,0,92.6188,7.3812,1044.0000,0
1078.10,1,0.0000,0,0,100.0000,0.0000,1013.0000,0
1078.10,2,0.0000,0,0,98.7212,1.2788,1013.0000,0
1078.10,3,80.5000,0,0,97.8350,2.1650,1067.0000,0
1078.10,4,88.0000,0,0,87.1667,12.8333,1072.0000,0
1078.10,5,95.5000,0,0,94.8449,5.1551,1077.0000,0
1078.10,6,0.0000,0,0,97.3224,2.6776,1013.0000,0
1078.10,7,0.0000,0,0,86.0986,13.9014,1013.0000,0
1078.10,8,7.0000,0,0,93.2337,6.7663,1018.0000,0
1078.10,9,0.0000,0,0,93.8227,6.1773,1013.0000,0
1079.10,0,46.0000,0,0,92.6188,7.3812,1045.0000,0
1079.10,1,0.0000,0,0,100.0000,0.0000,1014.0000,0
1079.10,2,0.0000,0,0,98.7212,1.2788,1014.0000,0
1079.10,3,80.5000,0,0,97.8350,2.1650,1068.0000,0
1079.10,4,88.0000,0,0,87.1667,12.8333,1073.0000,0
1079.10,5,95.5000,0,0,94.8449,5.1551,1078.0000,0
1079.10,6,0.0000,0,0,97.3224,2.6776,1014.0000,0
1079.10,7,0.0000,0,0,86.0986,13.9014,1014.0000,0
1079.10,8,7.0000,0,0,93.2337,6.7663,1019.0000,0
1079.10,9,0.0000,0,0,93.8227,6.1773,1014.0000,0
1080.10,0,46.0000,0,0,92.6188,7.3812,1046.0000,0
1080.10,1,0.0000,0,0,100.0000,0.0000,1015.0000,0
1080.10,2,0.0000,0,0,98.7212,1.2788,1015.0000,0
1080.10,3,80.5000,0,0,97.8350,2.1650,1069.0000,0
1080.10,4,88.0000,0,0,87.1667,12.8333,1074.0000,0
1080.10,5,95.5000,0,0,94.8449,5.1551,1079.0000,0
1080.10,6,0.0000,0,0,97.3224,2.6776,1015.0000,0
1080.10,7,0.0000,0,0,86.0986,13.9014,1015.0000,0
1080.10,8,7.0000,0,0,93.2337,6.7663,1020.0000,0
1080.10,9,0.0000,0,0,93.8227,6.1773,1015.0000,0
1081.10,0,46.0000,0,0,92.6188,7.3812,1047.0000,0
1081.10,1,0.0000,0,0,100.0000,0.0000,1016.0000,0
1081.10,2,0.0000,0,0,98.7212,1.2788,1016.0000,0
1081.10,3,80.5000,0,0,97.8350,2.1650,1070.0000,0
1081.10,4,88.0000,0,0,87.1667,12.8333,1075.0000,0
1081.10,5,95.5000,0,0,94.8449,5.1551,1080.0000,0
1081.10,6,0.0000,0,0,97.3224,2.6776,1016.0000,0
1081.10,7,0.0000,0,0,86.0986,13.9014,1016.0000,0
1081.10,8,7.0000,0,0,93.2337,6.7663,1021.0000,0
1081.10,9,0.0000,0,0,93.8227,6.1773,1016.0000,0
1082.10,0,46.0000,0,0,92.6188,7.3812,1048.0000,0
1082.10,1,0.0000,0,0,100.0000,0.0000,1017.0000,0
1082.10,2,0.0000,0,0,98.7212,1.2788,1017.0000,0
1082.10,3,80.5000,0,0,97.8350,2.1650,1071.0000,0
1082.10,4,88.0000,0,0,87.1667,12.8333,1076.0000,0
1082.10,5,95.5000,0,0,94.8449,5.1551,1081.0000,0
1082.10,6,0.0000,0,0,97.3224,2.6776,1017.0000,0
1082.10,7,0.0000,0,0,86.0986,13.9014,1017.0000,0
1082.10,8,7.0000,0,0,93.2337,6.7663,1022.0000,0
1082.10,9,0.0000,0,0,93.8227,6.1773,1017.0000,0
1083.10,0,46.0000,0,0,92.6188,7.3812,1049.0000,0
1083.10,1,0.0000,0,0,100.0000,0.0000,1018.0000,0
1083.10,2,0.0000,0,0,98.7212,1.2788,1018.0000,0
1083.10,3,80.5000,0,0,97.8350,2.1650,1072.0000,0
1083.10,4,88.0000,0,0,87.1667,12.8333,1077.0000,0
1083.10,5,95.5000,0,0,94.8449,5.1551,1082.0000,0
1083.10,6,0.0000,0,0,97.3224,2.6776,1018.0000,0
1083.10,7,0.0000,0,0,86.0986,13.9014,1018.0000,0
1083.10,8,7.0000,0,0,93.2337,6.7663,1023.0000,0
1083.10,9,0.0000,0,0,93.8227,6.1773,1018.0000,0
1084.10,0,46.0000,0,0,92.6188,7.3812,1050.0000,0
1084.10,1,0.0000,0,0,100.0000,0.0000,1019.0000,0
1084.10,2,0.0000,0,0,98.7212,1.2788,1019.0000,0
1084.10,3,80.5000,0,0,97.8350,2.1650,1073.0000,0
1084.10,4,88.0000,0,0,87.1667,12.8333,1078.0000,0
1084.10,5,95.5000,0,0,94.8449,5.1551,1083.0000,0
1084.10,6,0.0000,0,0,97.3224,2.6776,1019.0000,0
1084.10,7,0.0000,0,0,86.0986,13.9014,1019.0000,0
1084.10,8,7.0000,0,0,93.2337,6.7663,1024.0000,0
1084.10,9,0.0000,0,0,93.8227,6.1773,1019.0000,0
1085.10,0,46.0000,0,0,92.6188,7.3812,1051.0000,0
1085.10,1,0.0000,0,0,100.0000,0.0000,1020.0000,0
1085.10,2,0.0000,0,0,98.7212,1.2788,1020.0000,0
1085.10,3,80.5000,0,0,97.8350,2.1650,1074.0000,0
1085.10,4,88.0000,0,0,87.1667,12.8333,1079.0000,0
1085.10,5,95.5000,0,0,94.8449,5.1551,1084.0000,0
1085.10,6,0.0000,0,0,97.3224,2.6776,1020.0000,0
1085.10,7,0.0000,0,0,86.0986,13.9014,1020.0000,0
1085.10,8,7.0000,0,0,93.2337,6.7663,1025.0000,0
1085.10,9,0.0000,0,0,93.8227,6.1773,1020.0000,0
1086.10,0,46.0000,0,0,92.6188,7.3812,1052.0000,0
1086.10,1,0.0000,0,0,100.0000,0.0000,1021.0000,0
1086.10,2,0.0000,0,0,98.7212,1.2788,1021.0000,0
1086.10,3,80.5000,0,0,97.8350,2.1650,1075.0000,0
1086.10,4,88.0000,0,0,87.1667,12.8333,1080.0000,0
1086.10,5,95.5000,0,0,94.8449,5.1551,1085.0000,0
1086.10,6,0.0000,0,0,97.3224,2.6776,1021.0000,0
1086.10,7,0.0000,0,0,86.0986,13.9014,1021.0000,0
1086.10,8,7.0000,0,0,93.2337,6.7663,1026.0000,0
1086.10,9,0.0000,0,0,93.8227,6.1773,1021.0000,0
1087.10,0,46.0000,0,0,92.6188,7.3812,1053.0000,0
1087.10,1,0.0000,0,0,100.0000,0.0000,1022.0000,0
1087.10,2,0.0000,0,0,98.7212,1.2788,1022.0000,0
1087.10,3,80.5000,0,0,97.8350,2.1650,1076.0000,0
1087.10,4,88.0000,0,0,87.1667,12.8333,1081.0000,0
1087.10,5,95.5000,0,0,94.8449,5.1551,1086.0000,0
1087.10,6,0.0000,0,0,97.3224,2.6776,1022.0000,0
1087.10,7,0.0000,0,0,86.0986,13.9014,1022.0000,0
1087.10,8,7.0000,0,0,93.2337,6.7663,1027.0000,0
1087.10,9,0.0000,0,0,93.8227,6.1773,1022.0000,0
1088.10,0,46.0000,0,0,92.6188,7.3812,1054.0000,0
1088.10,1,0.0000,0,0,100.0000,0.0000,1023.0000,0
1088.10,2,0.0000,0,0,98.7212,1.2788,1023.0000,0
1088.10,3,80.5000,0,0,97.8350,2.1650,1077.0000,0
1088.10,4,88.0000,0,0,87.1667,12.8333,1082.0000,0
1088.10,5,95.5000,0,0,94.8449,5.1551,1087.0000,0
1088.10,6,0.0000,0,0,97.3224,2.6776,1023.0000,0
1088.10,7,0.0000,0,0,86.0986,13.9014,1023.0000,0
1088.10,8,7.0000,0,0,93.2337,6.7663,1028.0000,0
1088.10,9,0.0000,0,0,93.8227,6.1773,1023.0000,0
1089.10,0,46.0000,0,0,92.6188,7.3812,1055.0000,0
1089.10,1,0.0000,0,0,100.0000,0.0000,1024.0000,0
1089.10,2,0.0000,0,0,98.7212,1.2788,1024.0000,0
1089.10,3,80.5000,0,0,97.8350,2.1650,1078.0000,0
1089.10,4,88.0000,0,0,87.1667,12.8333,1083.0000,0
1089.10,5,95.5000,0,0,94.8449,5.1551,1088.0000,0
1089.10,6,0.0000,0,0,97.3224,2.6776,1024.0000,0
1089.10,7,0.0000,0,0,86.0986,13.9014,1024.0000,0
1089.10,8,7.0000,0,0,93.2337,6.7663,1029.0000,0
1089.10,9,0.0000,0,0,93.8227,6.1773,1024.0000,0
1090.10,0,46.0000,0,0,92.6188,7.3812,1056.0000,0
1090.10,1,0.0000,0,0,100.0000,0.0000,1025.0000,0
1090.10,2,0.0000,0,0,98.7212,1.2788,1025.0000,0
1090.10,3,80.5000,0,0,97.8350,2.1650,1079.0000,0
1090.10,4,88.0000,0,0,87.1667,12.8333,1084.0000,0
1090.10,5,95.5000,0,0,94.8449,5.1551,1089.0000,0
1090.10,6,0.0000,0,0,97.3224,2.6776,1025.0000,0
1090.10,7,0.0000,0,0,86.0986,13.9014,1025.0000,0
1090.10,8,7.0000,0,0,93.2337,6.7663,1030.0000,0
1090.10,9,0.0000,0,0,93.8227,6.1773,1025.0000,0
1091.10,0,46.0000,0,0,92.6188,7.3812,1057.0000,0
1091.10,1,0.0000,0,0,100.0000,0.0000,1026.0000,0
1091.10,2,0.0000,0,0,98.7212,1.2788,1026.0000,0
1091.10,3,80.5000,0,0,97.8350,2.1650,1080.0000,0
1091.10,4,88.0000,0,0,87.1667,12.8333,1085.0000,0
1091.10,5,95.5000,0,0,94.8449,5.1551,1090.0000,0
1091.10,6,0.0000,0,0,97.3224,2.6776,1026.0000,0
1091.10,7,0.0000,0,0,86.0986,13.9014,1026.0000,0
1091.10,8,7.0000,0,0,93.2337,6.7663,1031.0000,0
1091.10,9,0.0000,0,0,93.8227,6.1773,1026.0000,0
1092.10,0,46.0000,0,0,92.6188,7.3812,1058.0000,0
1092.10,1,0.0000,0,0,100.0000,0.0000,1027.0000,0
1092.10,2,0.0000,0,0,98.7212,1.2788,1027.0000,0
1092.10,3,80.5000,0,0,97.8350,2.1650,1081.0000,0
1092.10,4,88.0000,0,0,87.1667,12.8333,1086.0000,0
1092.10,5,95.5000,0,0,94.8449,5.1551,1091.0000,0
1092.10,6,0.0000,0,0,97.3224,2.6776,1027.0000,0
1092.10,7,0.0000,0,0,86.0986,13.9014,1027.0000,0
1092.10,8,7.0000,0,0,93.2337,6.7663,1032.0000,0
1092.10,9,0.0000,0,0,93.8227,6.1773,1027.0000,0
1093.10,0,46.0000,0,0,92.6188,7.3812,1059.0000,0
1093.10,1,0.0000,0,0,100.0000,0.0000,1028.0000,0
1093.10,2,0.0000,0,0,98.7212,1.2788,1028.0000,0
1093.10,3,80.5000,0,0,97.8350,2.1650,1082.0000,0
1093.10,4,88.0000,0,0,87.1667,12.8333,1087.0000,0
1093.10,5,95.5000,0,0,94.8449,5.1551,1092.0000,0
1093.10,6,0.0000,0,0,97.3224,2.6776,1028.0000,0
1093.10,7,0.0000,0,0,86.0986,13.9014,1028.0000,0
1093.10,8,7.0000,0,0,93.2337,6.7663,1033.0000,0
1093.10,9,0.0000,0,0,93.8227,6.1773,1028.0000,0
1094.10,0,46.0000,0,0,92.6188,7.3812,1060.0000,0
1094.10,1,0.0000,0,0,100.0000,0.0000,1029.0000,0
1094.10,2,0.0000,0,0,98.7212,1.2788,1029.0000,0
1094.10,3,80.5000,0,0,97.8350,2.1650,1083.0000,0
1094.10,4,88.0000,0,0,87.1667,12.8333,1088.0000,0
1094.10,5,95.5000,0,0,94.8449,5.1551,1093.0000,0
1094.10,6,0.0000,0,0,97.3224,2.6776,1029.0000,0
1094.10,7,0.0000,0,0,86.0986,13.9014,1029.0000,0
1094.10,8,7.0000,0,0,93.2337,6.7663,1034.0000,0
1094.10,9,0.0000,0,0,93.8227,6.1773,1029.0000,0
1095.10,0,46.0000,0,0,92.6188,7.3812,1061.0000,0
1095.10,1,0.0000,0,0,100.0000,0.0000,1030.0000,0
1095.10,2,0.0000,0,0,98.7212,1.2788,1030.0000,0
1095.10,3,80.5000,0,0,97.8350,2.1650,1084.0000,0
1095.10,4,88.0000,0,0,87.1667,12.8333,1089.0000,0
1095.10,5,95.5000,0,0,94.8449,5.1551,1094.0000,0
1095.10,6,0.0000,0,0,97.3224,2.6776,1030.0000,0
1095.10,7,0.0000,0,0,86.0986,13.9014,1030.0000,0
1095.10,8,7.0000,0,0,93.2337,6.7663,1035.0000,0
1095.10,9,0.0000,0,0,93.8227,6.1773,1030.0000,0
1096.10,0,46.0000,0,0,92.6188,7.3812,1062.0000,0
1096.10,1,0.0000,0,0,100.0000,0.0000,1031.0000,0
1096.10,2,0.0000,0,0,98.7212,1.2788,1031.0000,0
1096.10,3,80.5000,0,0,97.8350,2.1650,1085.0000,0
1096.10,4,88.0000,0,0,87.1667,12.8333,1090.0000,0
1096.10,5,95.5000,0,0,94.8449,5.1551,1095.0000,0
1096.10,6,0.0000,0,0,97.3224,2.6776,1031.0000,0
1096.10,7,0.0000,0,0,86.0986,13.9014,1031.0000,0
1096.10,8,7.0000,0,0,93.2337,6.7663,1036.0000,0
1096.10,9,0.0000,0,0,93.8227,6.1773,1031.0000,0
1097.10,0,46.0000,0,0,92.6188,7.3812,1063.0000,0
1097.10,1,0.0000,0,0,100.0000,0.0000,1032.0000,0
1097.10,2,0.0000,0,0,98.7212,1.2788,1032.0000,0
1097.10,3,80.5000,0,0,97.8350,2.1650,1086.0000,0
1097.10,4,88.0000,0,0,87.1667,12.8333,1091.0000,0
1097.10,5,95.5000,0,0,94.8449,5.1551,1096.0000,0
1097.10,6,0.0000,0,0,97.3224,2.6776,1032.0000,0
1097.10,7,0.0000,0,0,86.0986,13.9014,1032.0000,0
1097.10,8,7.0000,0,0,93.2337,6.7663,1037.0000,0
1097.10,9,0.0000,0,0,93.8227,6.1773,1032.0000,0
1098.10,0,46.0000,0,0,92.6188,7.3812,1064.0000,0
1098.10,1,0.0000,0,0,100.0000,0.0000,1033.0000,0
1098.10,2,0.0000,0,0,98.7212,1.2788,1033.0000,0
1098.10,3,80.5000,0,0,97.8350,2.1650,1087.0000,0
1098.10,4,88.0000,0,0,87.1667,12.8333,1092.0000,0
1098.10,5,95.5000,0,0,94.8449,5.1551,1097.0000,0
1098.10,6,0.0000,0,0,97.3224,2.6776,1033.0000,0
1098.10,7,0.0000,0,0,86.0986,13.9014,1033.0000,0
1098.10,8,7.0000,0,0,93.2337,6.7663,1038.0000,0
1098.10,9,0.0000,0,0,93.8227,6.1773,1033.0000,0
1099.10,0,46.0000,0,0,92.6188,7.3812,1065.0000,0
1099.10,1,0.0000,0,0,100.0000,0.0000,1034.0000,0
1099.10,2,0.0000,0,0,98.7212,1.2788,1034.0000,0
1099.10,3,80.5000,0,0,97.8350,2.1650,1088.0000,0
1099.10,4,88.0000,0,0,87.1667,12.8333,1093.0000,0
1099.10,5,95.5000,0,0,94.8449,5.1551,1098.0000,0
1099.10,6,0.0000,0,0,97.3224,2.6776,1034.0000,0
1099.10,7,0.0000,0,0,86.0986,13.9014,1034.0000,0
1099.10,8,7.0000,0,0,93.2337,6.7663,1039.0000,0
1099.10,9,0.0000,0,0,93.8227,6.1773,1034.0000,0
1100.10,0,46.0000,0,0,92.6188,7.3812,1066.0000,0
1100.10,1,0.0000,0,0,100.0000,0.0000,1035.0000,0
1100.10,2,0.0000,0,0,98.7212,1.2788,1035.0000,0
1100.10,3,80.5000,0,0,97.8350,2.1650,1089.0000,0
1100.10,4,88.0000,0,0,87.1667,12.8333,1094.0000,0
1100.10,5,95.5000,0,0,94.8449,5.1551,1099.0000,0
1100.10,6,0.0000,0,0,97.3224,2.6776,1035.0000,0
1100.10,7,0.0000,0,0,86.0986,13.9014,1035.0000,0
1100.10,8,7.0000,0,0,93.2337,6.7663,1040.0000,0
1100.10,9,0.0000,0,0,93.8227,6.1773,1035.0000,0
1101.10,0,46.0000,0,0,92.6188,7.3812,1067.0000,0
1101.10,1,0.0000,0,0,100.0000,0.0000,1036.0000,0
1101.10,2,0.0000,0,0,98.7212,1.2788,1036.0000,0
1101.10,3,80.5000,0,0,97.8350,2.1650,1090.0000,0
1101.10,4,88.0000,0,0,87.1667,12.8333,1095.0000,0
1101.10,5,95.5000,0,0,94.8449,5.1551,1100.0000,0
1101.10,6,0.0000,0,0,97.3224,2.6776,1036.0000,0
1101.10,7,0.0000,0,0,86.0986,13.9014,1036.0000,0
1101.10,8,7.0000,0,0,93.2337,6.7663,1041.0000,0
1101.10,9,0.0000,0,0,93.8227,6.1773,1036.0000,0
1102.10,0,46.0000,0,0,92.6188,7.3812,1068.0000,0
1102.10,1,0.0000,0,0,100.0000,0.0000,1037.0000,0
1102.10,2,0.0000,0,0,98.7212,1.2788,1037.0000,0
1102.10,3,80.5000,0,0,97.8350,2.1650,1091.0000,0
1102.10,4,88.0000,0,0,87.1667,12.8333,1096.0000,0
1102.10,5,95.5000,0,0,94.8449,5.1551,1101.0000,0
1102.10,6,0.0000,0,0,97.3224,2.6776,1037.0000,0
1102.10,7,0.0000,0,0,86.0986,13.9014,1037.0000,0
1102.10,8,7.0000,0,0,93.2337,6.7663,1042.0000,0
1102.10,9,0.0000,0,0,93.8227,6.1773,1037.0000,0
1103.10,0,46.0000,0,0,92.6188,7.3812,1069.0000,0
1103.10,1,0.0000,0,0,100.0000,0.0000,1038.0000,0
1103.10,2,0.0000,0,0,98.7212,1.2788,1038.0000,0
1103.10,3,80.5000,0,0,97.8350,2.1650,1092.0000,0
1103.10,4,88.0000,0,0,87.1667,12.8333,1097.0000,0
1103.10,5,95.5000,0,0,94.8449,5.1551,1102.0000,0
1103.10,6,0.0000,0,0,97.3224,2.6776,1038.0000,0
1103.10,7,0.0000,0,0,86.0986,13.9014,1038.0000,0
1103.10,8,7.0000,0,0,93.2337,6.7663,1043.0000,0
1103.10,9,0.0000,0,0,93.8227,6.1773,1038.0000,0
1104.10,0,46.0000,0,0,92.6188,7.3812,1070.0000,0
1104.10,1,0.0000,0,0,100.0000,0.0000,1039.0000,0
1104.10,2,0.0000,0,0,98.7212,1.2788,1039.0000,0
1104.10,3,80.5000,0,0,97.8350,2.1650,1093.0000,0
1104.10,4,88.0000,0,0,87.1667,12.8333,1098.0000,0
1104.10,5,95.5000,0,0,94.8449,5.1551,1103.0000,0
1104.10,6,0.0000,0,0,97.3224,2.6776,1039.0000,0
1104.10,7,0.0000,0,0,86.0986,13.9014,1039.0000,0
1104.10,8,7.0000,0,0,93.2337,6.7663,1044.0000,0
1104.10,9,0.0000,0,0,93.8227,6.1773,1039.0000,0
1105.10,0,46.0000,0,0,92.6188,7.3812,1071.0000,0
1105.10,1,0.0000,0,0,100.0000,0.0000,1040.0000,0
1105.10,2,0.0000,0,0,98.7212,1.2788,1040.0000,0
1105.10,3,80.5000,0,0,97.8350,2.1650,1094.0000,0
1105.10,4,88.0000,0,0,87.1667,12.8333,1099.0000,0
1105.10,5,95.5000,0,0,94.8449,5.1551,1104.0000,0
1105.10,6,0.0000,0,0,97.3224,2.6776,1040.0000,0
1105.10,7,0.0000,0,0,86.0986,13.9014,1040.0000,0
1105.10,8,7.0000,0,0,93.2337,6.7663,1045.0000,0
1105.10,9,0.0000,0,0,93.8227,6.1773,1040.0000,0
1106.10,0,46.0000,0,0,92.6188,7.3812,1072.0000,0
1106.10,1,0.0000,0,0,100.0000,0.0000,1041.0000,0
1106.10,2,0.0000,0,0,98.7212,1.2788,1041.0000,0
1106.10,3,80.5000,0,0,97.8350,2.1650,1095.0000,0
1106.10,4,88.0000,0,0,87.1667,12.8333,1100.0000,0
1106.10,5,95.5000,0,0,94.8449,5.1551,1105.0000,0
1106.10,6,0.0000,0,0,97.3224,2.6776,1041.0000,0
1106.10,7,0.0000,0,0,86.0986,13.9014,1041.0000,0
1106.10,8,7.0000,0,0,93.2337,6.7663,1046.0000,0
1106.10,9,0.0000,0,0,93.8227,6.1773,1041.0000,0
1107.10,0,46.0000,0,0,92.6188,7.3812,1073.0000,0
1107.10,1,0.0000,0,0,100.0000,0.0000,1042.0000,0
1107.10,2,0.0000,0,0,98.7212,1.2788,1042.0000,0
1107.10,3,80.5000,0,0,97.8350,2.1650,1096.0000,0
1107.10,4,88.0000,0,0,87.1667,12.8333,1101.0000,0
1107.10,5,95.5000,0,0,94.8449,5.1551,1106.0000,0
1107.10,6,0.0000,0,0,97.3224,2.6776,1042.0000,0
1107.10,7,0.0000,0,0,86.0986,13.9014,1042.0000,0
1107.10,8,7.0000,0,0,93.2337,6.7663,1047.0000,0
1107.10,9,0.0000,0,0,93.8227,6.1773,1042.0000,0
1108.10,0,46.0000,0,0,92.6188,7.3812,1074.0000,0
1108.10,1,0.0000,0,0,100.0000,0.0000,1043.0000,0
1108.10,2,0.0000,0,0,98.7212,1.2788,1043.0000,0
1108.10,3,80.5000,0,0,97.8350,2.1650,1097.0000,0
1108.10,4,88.0000,0,0,87.1667,12.8333,1102.0000,0
1108.10,5,95.5000,0,0,94.8449,5.1551,1107.0000,0
1108.10,6,0.0000,0,0,97.3224,2.6776,1043.0000,0
1108.10,7,0.0000,0,0,86.0986,13.9014,1043.0000,0
1108.10,8,7.0000,0,0,93.2337,6.7663,1048.0000,0
1108.10,9,0.0000,0,0,93.8227,6.1773,1043.0000,0
1109.10,0,46.0000,0,0,92.6188,7.3812,1075.0000,0
1109.10,1,0.0000,0,0,100.0000,0.0000,1044.0000,0
1109.10,2,0.0000,0,0,98.7212,1.2788,1044.0000,0
1109.10,3,80.5000,0,0,97.8350,2.1650,1098.0000,0
1109.10,4,88.0000,0,0,87.1667,12.8333,1103.0000,0
1109.10,5,95.5000,0,0,94.8449,5.1551,1108.0000,0
1109.10,6,0.0000,0,0,97.3224,2.6776,1044.0000,0
1109.10,7,0.0000,0,0,86.0986,13.9014,1044.0000,0
1109.10,8,7.0000,0,0,93.2337,6.7663,1049.0000,0
1109.10,9,0.0000,0,0,93.8227,6.1773,1044.0000,0
1110.10,0,46.0000,0,0,92.6188,7.3812,1076.0000,0
1110.10,1,0.0000,0,0,100.0000,0.0000,1045.0000,0
1110.10,2,0.0000,0,0,98.7212,1.2788,1045.0000,0
1110.10,3,80.5000,0,0,97.8350,2.1650,1099.0000,0
1110.10,4,88.0000,0,0,87.1667,12.8333,1104.0000,0
1110.10,5,95.5000,0,0,94.8449,5.1551,1109.0000,0
1110.10,6,0.0000,0,0,97.3224,2.6776,1045.0000,0
1110.10,7,0.0000,0,0,86.0986,13.9014,1045.0000,0
1110.10,8,7.0000,0,0,93.2337,6.7663,1050.0000,0
1110.10,9,0.0000,0,0,93.8227,6.1773,1045.0000,0
1111.10,0,46.0000,0,0,92.6188,7.3812,1077.0000,0
1111.10,1,0.0000,0,0,100.0000,0.0000,1046.0000,0
1111.10,2,0.0000,0,0,98.7212,1.2788,1046.0000,0
1111.10,3,80.5000,0,0,97.8350,2.1650,1100.0000,0
1111.10,4,88.0000,0,0,87.1667,12.8333,1105.0000,0
1111.10,5,95.5000,0,0,94.8449,5.1551,1110.0000,0
1111.10,6,0.0000,0,0,97.3224,2.6776,1046.0000,0
1111.10,7,0.0000,0,0,86.0986,13.9014,1046.0000,0
1111.10,8,7.0000,0,0,93.2337,6.7663,1051.0000,0
1111.10,9,0.0000,0,0,93.8227,6.1773,1046.0000,0
1112.10,0,46.0000,0,0,92.6188,7.3812,1078.0000,0
1112.10,1,0.0000,0,0,100.0000,0.0000,1047.0000,0
1112.10,2,0.0000,0,0,98.7212,1.2788,1047.0000,0
1112.10,3,80.5000,0,0,97.8350,2.1650,1101.0000,0
1112.10,4,88.0000,0,0,87.1667,12.8333,1106.0000,0
1112.10,5,95.5000,0,0,94.8449,5.1551,1111.0000,0
1112.10,6,0.0000,0,0,97.3224,2.6776,1047.0000,0
1112.10,7,0.0000,0,0,86.0986,13.9014,1047.0000,0
1112.10,8,7.0000,0,0,93.2337,6.7663,1052.0000,0
1112.10,9,0.0000,0,0,93.8227,6.1773,1047.0000,0
1113.10,0,46.0000,0,0,92.6188,7.3812,1079.0000,0
1113.10,1,0.0000,0,0,100.0000,0.0000,1048.0000,0
1113.10,2,0.0000,0,0,98.7212,1.2788,1048.0000,0
1113.10,3,80.5000,0,0,97.8350,2.1650,1102.0000,0
1113.10,4,88.0000,0,0,87.1667,12.8333,1107.0000,0
1113.10,5,95.5000,0,0,94.8449,5.1551,1112.0000,0
1113.10,6,0.0000,0,0,97.3224,2.6776,1048.0000,0
1113.10,7,0.0000,0,0,86.0986,13.9014,1048.0000,0
1113.10,8,7.0000,0,0,93.2337,6.7663,1053.0000,0
1113.10,9,0.0000,0,0,93.8227,6.1773,1048.0000,0
1114.10,0,46.0000,0,0,92.6188,7.3812,1080.0000,0
1114.10,1,0.0000,0,0,100.0000,0.0000,1049.0000,0
1114.10,2,0.0000,0,0,98.7212,1.2788,1049.0000,0
1114.10,3,80.5000,0,0,97.8350,2.1650,1103.0000,0
1114.10,4,88.0000,0,0,87.1667,12.8333,1108.0000,0
1114.10,5,95.5000,0,0,94.8449,5.1551,1113.0000,0
1114.10,6,0.0000,0,0,97.3224,2.6776,1049.0000,0
1114.10,7,0.0000,0,0,86.0986,13.9014,1049.0000,0
1114.10,8,7.0000,0,0,93.2337,6.7663,1054.0000,0
1114.10,9,0.0000,0,0,93.8227,6.1773,1049.0000,0
1115.10,0,46.0000,0,0,92.6188,7.3812,1081.0000,0
1115.10,1,0.0000,0,0,100.0000,0.0000,1050.0000,0
1115.10,2,0.0000,0,0,98.7212,1.2788,1050.0000,0
1115.10,3,80.5000,0,0,97.8350,2.1650,1104.0000,0
1115.10,4,88.0000,0,0,87.1667,12.8333,1109.0000,0
1115.10,5,95.5000,0,0,94.8449,5.1551,1114.0000,0
1115.10,6,0.0000,0,0,97.3224,2.6776,1050.0000,0
1115.10,7,0.0000,0,0,86.0986,13.9014,1050.0000,0
1115.10,8,7.0000,0,0,93.2337,6.7663,1055.0000,0
1115.10,9,0.0000,0,0,93.8227,6.1773,1050.0000,0
1116.10,0,46.0000,0,0,92.6188,7.3812,1082.0000,0
1116.10,1,0.0000,0,0,100.0000,0.0000,1051.0000,0
1116.10,2,0.0000,0,0,98.7212,1.2788,1051.0000,0
1116.10,3,80.5000,0,0,97.8350,2.1650,1105.0000,0
1116.10,4,88.0000,0,0,87.1667,12.8333,1110.0000,0
1116.10,5,95.5000,0,0,94.8449,5.1551,1115.0000,0
1116.10,6,0.0000,0,0,97.3224,2.6776,1051.0000,0
1116.10,7,0.0000,0,0,86.0986,13.9014,1051.0000,0
1116.10,8,7.0000,0,0,93.2337,6.7663,1056.0000,0
1116.10,9,0.0000,0,0,93.8227,6.1773,1051.0000,0
1117.10,0,46.0000,0,0,92.6188,7.3812,1083.0000,0
1117.10,1,0.0000,0,0,100.0000,0.0000,1052.0000,0
1117.10,2,0.0000,0,0,98.7212,1.2788,1052.0000,0
1117.10,3,80.5000,0,0,97.8350,2.1650,1106.0000,0
1117.10,4,88.0000,0,0,87.1667,12.8333,1111.0000,0
1117.10,5,95.5000,0,0,94.8449,5.1551,1116.0000,0
1117.10,6,0.0000,0,0,97.3224,2.6776,1052.0000,0
1117.10,7,0.0000,0,0,86.0986,13.9014,1052.0000,0
1117.10,8,7.0000,0,0,93.2337,6.7663,1057.0000,0
1117.10,9,0.0000,0,0,93.8227,6.1773,1052.0000,0
1118.10,0,46.0000,0,0,92.6188,7.3812,1084.0000,0
1118.10,1,0.0000,0,0,100.0000,0.0000,1053.0000,0
1118.10,2,0.0000,0,0,98.7212,1.2788,1053.0000,0
1118.10,3,80.5000,0,0,97.8350,2.1650,1107.0000,0
1118.10,4,88.0000,0,0,87.1667,12.8333,1112.0000,0
1118.10,5,95.5000,0,0,94.8449,5.1551,1117.0000,0
1118.10,6,0.0000,0,0,97.3224,2.6776,1053.0000,0
1118.10,7,0.0000,0,0,86.0986,13.9014,1053.0000,0
1118.10,8,7.0000,0,0,93.2337,6.7663,1058.0000,0
1118.10,9,0.0000,0,0,93.8227,6.1773,1053.0000,0
1119.10,0,46.0000,0,0,92.6188,7.3812,1085.0000,0
1119.10,1,0.0000,0,0,100.0000,0.0000,1054.0000,0
1119.10,2,0.0000,0,0,98.7212,1.2788,1054.0000,0
1119.10,3,80.5000,0,0,97.8350,2.1650,1108.0000,0
1119.10,4,88.0000,0,0,87.1667,12.8333,1113.0000,0
1119.10,5,95.5000,0,0,94.8449,5.1551,1118.0000,0
1119.10,6,0.0000,0,0,97.3224,2.6776,1054.0000,0
1119.10,7,0.0000,0,0,86.0986,13.9014,1054.0000,0
1119.10,8,7.0000,0,0,93.2337,6.7663,1059.0000,0
1119.10,9,0.0000,0,0,93.8227,6.1773,1054.0000,0
1120.10,0,46.0000,0,0,92.6188,7.3812,1086.0000,0
1120.10,1,0.0000,0,0,100.0000,0.0000,1055.0000,0
1120.10,2,0.0000,0,0,98.7212,1.2788,1055.0000,0
1120.10,3,80.5000,0,0,97.8350,2.1650,1109.0000,0
1120.10,4,88.0000,0,0,87.1667,12.8333,1114.0000,0
1120.10,5,95.5000,0,0,94.8449,5.1551,1119.0000,0
1120.10,6,0.0000,0,0,97.3224,2.6776,1055.0000,0
1120.10,7,0.0000,0,0,86.0986,13.9014,1055.0000,0
1120.10,8,7.0000,0,0,93.2337,6.7663,1060.0000,0
1120.10,9,0.0000,0,0,93.8227,6.1773,1055.0000,0
1121.10,0,46.0000,0,0,92.6188,7.3812,1087.0000,0
1121.10,1,0.0000,0,0,100.0000,0.0000,1056.0000,0
1121.10,2,0.0000,0,0,98.7212,1.2788,1056.0000,0
1121.10,3,80.5000,0,0,97.8350,2.1650,1110.0000,0
1121.10,4,88.0000,0,0,87.1667,12.8333,1115.0000,0
1121.10,5,95.5000,0,0,94.8449,5.1551,1120.0000,0
1121.10,6,0.0000,0,0,97.3224,2.6776,1056.0000,0
1121.10,7,0.0000,0,0,86.0986,13.9014,1056.0000,0
1121.10,8,7.0000,0,0,93.2337,6.7663,1061.0000,0
1121.10,9,0.0000,0,0,93.8227,6.1773,1056.0000,0
1122.10,0,46.0000,0,0,92.6188,7.3812,1088.0000,0
1122.10,1,0.0000,0,0,100.0000,0.0000,1057.0000,0
1122.10,2,0.0000,0,0,98.7212,1.2788,1057.0000,0
1122.10,3,80.5000,0,0,97.8350,2.1650,1111.0000,0
1122.10,4,88.0000,0,0,87.1667,12.8333,1116.0000,0
1122.10,5,95.5000,0,0,94.8449,5.1551,1121.0000,0
1122.10,6,0.0000,0,0,97.3224,2.6776,1057.0000,0
1122.10,7,0.0000,0,0,86.0986,13.9014,1057.0000,0
1122.10,8,7.0000,0,0,93.2337,6.7663,1062.0000,0
1122.10,9,0.0000,0,0,93.8227,6.1773,1057.0000,0
1123.10,0,46.0000,0,0,92.6188,7.3812,1089.0000,0
1123.10,1,0.0000,0,0,100.0000,0.0000,1058.0000,0
1123.10,2,0.0000,0,0,98.7212,1.2788,1058.0000,0
1123.10,3,80.5000,0,0,97.8350,2.1650,1112.0000,0
1123.10,4,88.0000,0,0,87.1667,12.8333,1117.0000,0
1123.10,5,95.5000,0,0,94.8449,5.1551,1122.0000,0
1123.10,6,0.0000,0,0,97.3224,2.6776,1058.0000,0
1123.10,7,0.0000,0,0,86.0986,13.9014,1058.0000,0
1123.10,8,7.0000,0,0,93.2337,6.7663,1063.0000,0
1123.10,9,0.0000,0,0,93.8227,6.1773,1058.0000,0
1124.10,0,46.0000,0,0,92.6188,7.3812,1090.0000,0
1124.10,1,0.0000,0,0,100.0000,0.0000,1059.0000,0
1124.10,2,0.0000,0,0,98.7212,1.2788,1059.0000,0
1124.10,3,80.5000,0,0,97.8350,2.1650,1113.0000,0
1124.10,4,88.0000,0,0,87.1667,12.8333,1118.0000,0
1124.10,5,95.5000,0,0,94.8449,5.1551,1123.0000,0
1124.10,6,0.0000,0,0,97.3224,2.6776,1059.0000,0
1124.10,7,0.0000,0,0,86.0986,13.9014,1059.0000,0
1124.10,8,7.0000,0,0,93.2337,6.7663,1064.0000,0
1124.10,9,0.0000,0,0,93.8227,6.1773,1059.0000,0
1125.10,0,46.0000,0,0,92.6188,7.3812,1091.0000,0
1125.10,1,0.0000,0,0,100.0000,0.0000,1060.0000,0
1125.10,2,0.0000,0,0,98.7212,1.2788,1060.0000,0
1125.10,3,80.5000,0,0,97.8350,2.1650,1114.0000,0
1125.10,4,88.0000,0,0,87.1667,12.8333,1119.0000,0
1125.10,5,95.5000,0,0,94.8449,5.1551,1124.0000,0
1125.10,6,0.0000,0,0,97.3224,2.6776,1060.0000,0
1125.10,7,0.0000,0,0,86.0986,13.9014,1060.0000,0
1125.10,8,7.0000,0,0,93.2337,6.7663,1065.0000,0
1125.10,9,0.0000,0,0,93.8227,6.1773,1060.0000,0
1126.10,0,46.0000,0,0,92.6188,7.3812,1092.0000,0
1126.10,1,0.0000,0,0,100.0000,0.0000,1061.0000,0
1126.10,2,0.0000,0,0,98.7212,1.2788,1061.0000,0
1126.10,3,80.5000,0,0,97.8350,2.1650,1115.0000,0
1126.10,4,88.0000,0,0,87.1667,12.8333,1120.0000,0
1126.10,5,95.5000,0,0,94.8449,5.1551,1125.0000,0
1126.10,6,0.0000,0,0,97.3224,2.6776,1061.0000,0
1126.10,7,0.0000,0,0,86.0986,13.9014,1061.0000,0
1126.10,8,7.0000,0,0,93.2337,6.7663,1066.0000,0
1126.10,9,0.0000,0,0,93.8227,6.1773,1061.0000,0
1127.10,0,46.0000,0,0,92.6188,7.3812,1093.0000,0
1127.10,1,0.0000,0,0,100.0000,0.0000,1062.0000,0
1127.10,2,0.0000,0,0,98.7212,1.2788,1062.0000,0
1127.10,3,80.5000,0,0,97.8350,2.1650,1116.0000,0
1127.10,4,88.0000,0,0,87.1667,12.8333,1121.0000,0
1127.10,5,95.5000,0,0,94.8449,5.1551,1126.0000,0
1127.10,6,0.0000,0,0,97.3224,2.6776,1062.0000,0
1127.10,7,0.0000,0,0,86.0986,13.9014,1062.0000,0
1127.10,8,7.0000,0,0,93.2337,6.7663,1067.0000,0
1127.10,9,0.0000,0,0,93.8227,6.1773,1062.0000,0
1128.10,0,46.0000,0,0,92.6188,7.3812,1094.0000,0
1128.10,1,0.0000,0,0,100.0000,0.0000,1063.0000,0
1128.10,2,0.0000,0,0,98.7212,1.2788,1063.0000,0
1128.10,3,80.5000,0,0,97.8350,2.1650,1117.0000,0
1128.10,4,88.0000,0,0,87.1667,12.8333,1122.0000,0
1128.10,5,95.5000,0,0,94.8449,5.1551,1127.0000,0
1128.10,6,0.0000,0,0,97.3224,2.6776,1063.0000,0
1128.10,7,0.0000,0,0,86.0986,13.9014,1063.0000,0
1128.10,8,7.0000,0,0,93.2337,6.7663,1068.0000,0
1128.10,9,0.0000,0,0,93.8227,6.1773,1063.0000,0
1129.10,0,46.0000,0,0,92.6188,7.3812,1095.0000,0
1129.10,1,0.0000,0,0,100.0000,0.0000,1064.0000,0
1129.10,2,0.0000,0,0,98.7212,1.2788,1064.0000,0
1129.10,3,80.5000,0,0,97.8350,2.1650,1118.0000,0
1129.10,4,88.0000,0,0,87.1667,12.8333,1123.0000,0
1129.10,5,95.5000,0,0,94.8449,5.1551,1128.0000,0
1129.10,6,0.0000,0,0,97.3224,2.6776,1064.0000,0
1129.10,7,0.0000,0,0,86.0986,13.9014,1064.0000,0
1129.10,8,7.0000,0,0,93.2337,6.7663,1069.0000,0
1129.10,9,0.0000,0,0,93.8227,6.1773,1064.0000,0
1130.10,0,46.0000,0,0,92.6188,7.3812,1096.0000,0
1130.10,1,0.0000,0,0,100.0000,0.0000,1065.0000,0
1130.10,2,0.0000,0,0,98.7212,1.2788,1065.0000,0
1130.10,3,80.5000,0,0,97.8350,2.1650,1119.0000,0
1130.10,4,88.0000,0,0,87.1667,12.8333,1124.0000,0
1130.10,5,95.5000,0,0,94.8449,5.1551,1129.0000,0
1130.10,6,0.0000,0,0,97.3224,2.6776,1065.0000,0
1130.10,7,0.0000,0,0,86.0986,13.9014,1065.0000,0
1130.10,8,7.0000,0,0,93.2337,6.7663,1070.0000,0
1130.10,9,0.0000,0,0,93.8227,6.1773,1065.0000,0
1131.10,0,46.0000,0,0,92.6188,7.3812,1097.0000,0
1131.10,1,0.0000,0,0,100.0000,0.0000,1066.0000,0
1131.10,2,0.0000,0,0,98.7212,1.2788,1066.0000,0
1131.10,3,80.5000,0,0,97.8350,2.1650,1120.0000,0
1131.10,4,88.0000,0,0,87.1667,12.8333,1125.0000,0
1131.10,5,95.5000,0,0,94.8449,5.1551,1130.0000,0
1131.10,6,0.0000,0,0,97.3224,2.6776,1066.0000,0
1131.10,7,0.0000,0,0,86.0986,13.9014,1066.0000,0
1131.10,8,7.0000,0,0,93.2337,6.7663,1071.0000,0
1131.10,9,0.0000,0,0,93.8227,6.1773,1066.0000,0
1132.10,0,46.0000,0,0,92.6188,7.3812,1098.0000,0
1132.10,1,0.0000,0,0,100.0000,0.0000,1067.0000,0
1132.10,2,0.0000,0,0,98.7212,1.2788,1067.0000,0
1132.10,3,80.5000,0,0,97.8350,2.1650,1121.0000,0
1132.10,4,88.0000,0,0,87.1667,12.8333,1126.0000,0
1132.10,5,95.5000,0,0,94.8449,5.1551,1131.0000,0
1132.10,6,0.0000,0,0,97.3224,2.6776,1067.0000,0
1132.10,7,0.0000,0,0,86.0986,13.9014,1067.0000,0
1132.10,8,7.0000,0,0,93.2337,6.7663,1072.0000,0
1132.10,9,0.0000,0,0,93.8227,6.1773,1067.0000,0
1133.10,0,46.0000,0,0,92.6188,7.3812,1099.0000,0
1133.10,1,0.0000,0,0,100.0000,0.0000,1068.0000,0
1133.10,2,0.0000,0,0,98.7212,1.2788,1068.0000,0
1133.10,3,80.5000,0,0,97.8350,2.1650,1122.0000,0
1133.10,4,88.0000,0,0,87.1667,12.8333,1127.0000,0
1133.10,5,95.5000,0,0,94.8449,5.1551,1132.0000,0
1133.10,6,0.0000,0,0,97.3224,2.6776,1068.0000,0
1133.10,7,0.0000,0,0,86.0986,13.9014,1068.0000,0
1133.10,8,7.0000,0,0,93.2337,6.7663,1073.0000,0
1133.10,9,0.0000,0,0,93.8227,6.1773,1068.0000,0
1134.10,0,46.0000,0,0,92.6188,7.3812,1100.0000,0
1134.10,1,0.0000,0,0,100.0000,0.0000,1069.0000,0
1134.10,2,0.0000,0,0,98.7212,1.2788,1069.0000,0
1134.10,3,80.5000,0,0,97.8350,2.1650,1123.0000,0
1134.10,4,88.0000,0,0,87.1667,12.8333,1128.0000,0
1134.10,5,95.5000,0,0,94.8449,5.1551,1133.0000,0
1134.10,6,0.0000,0,0,97.3224,2.6776,1069.0000,0
1134.10,7,0.0000,0,0,86.0986,13.9014,1069.0000,0
1134.10,8,7.0000,0,0,93.2337,6.7663,1074.0000,0
1134.10,9,0.0000,0,0,93.8227,6.1773,1069.0000,0
1135.10,0,46.0000,0,0,92.6188,7.3812,1101.0000,0
1135.10,1,0.0000,0,0,100.0000,0.0000,1070.0000,0
1135.10,2,0.0000,0,0,98.7212,1.2788,1070.0000,0
1135.10,3,80.5000,0,0,97.8350,2.1650,1124.0000,0
1135.10,4,88.0000,0,0,87.1667,12.8333,1129.0000,0
1135.10,5,95.5000,0,0,94.8449,5.1551,1134.0000,0
1135.10,6,0.0000,0,0,97.3224,2.6776,1070.0000,0
1135.10,7,0.0000,0,0,86.0986,13.9014,1070.0000,0
1135.10,8,7.0000,0,0,93.2337,6.7663,1075.0000,0
1135.10,9,0.0000,0,0,93.8227,6.1773,1070.0000,0
1136.10,0,46.0000,0,0,92.6188,7.3812,1102.0000,0
1136.10,1,0.0000,0,0,100.0000,0.0000,1071.0000,0
1136.10,2,0.0000,0,0,98.7212,1.2788,1071.0000,0
1136.10,3,80.5000,0,0,97.8350,2.1650,1125.0000,0
1136.10,4,88.0000,0,0,87.1667,12.8333,1130.0000,0
1136.10,5,95.5000,0,0,94.8449,5.1551,1135.0000,0
1136.10,6,0.0000,0,0,97.3224,2.6776,1071.0000,0
1136.10,7,0.0000,0,0,86.0986,13.9014,1071.0000,0
1136.10,8,7.0000,0,0,93.2337,6.7663,1076.0000,0
1136.10,9,0.0000,0,0,93.8227,6.1773,1071.0000,0
1137.10,0,46.0000,0,0,92.6188,7.3812,1103.0000,0
1137.10,1,0.0000,0,0,100.0000,0.0000,1072.0000,0
1137.10,2,0.0000,0,0,98.7212,1.2788,1072.0000,0
1137.10,3,80.5000,0,0,97.8350,2.1650,1126.0000,0
1137.10,4,88.0000,0,0,87.1667,12.8333,1131.0000,0
1137.10,5,95.5000,0,0,94.8449,5.1551,1136.0000,0
1137.10,6,0.0000,0,0,97.3224,2.6776,1072.0000,0
1137.10,7,0.0000,0,0,86.0986,13.9014,1072.0000,0
1137.10,8,7.0000,0,0,93.2337,6.7663,1077.0000,0
1137.10,9,0.0000,0,0,93.8227,6.1773,1072.0000,0
1138.10,0,46.0000,0,0,92.6188,7.3812,1104.0000,0
1138.10,1,0.0000,0,0,100.0000,0.0000,1073.0000,0
1138.10,2,0.0000,0,0,98.7212,1.2788,1073.0000,0
1138.10,3,80.5000,0,0,97.8350,2.1650,1127.0000,0
1138.10,4,88.0000,0,0,87.1667,12.8333,1132.0000,0
1138.10,5,95.5000,0,0,94.8449,5.1551,1137.0000,0
1138.10,6,0.0000,0,0,97.3224,2.6776,1073.0000,0
1138.10,7,0.0000,0,0,86.0986,13.9014,1073.0000,0
1138.10,8,7.0000,0,0,93.2337,6.7663,1078.0000,0
1138.10,9,0.0000,0,0,93.8227,6.1773,1073.0000,0
1139.10,0,46.0000,0,0,92.6188,7.3812,1105.0000,0
1139.10,1,0.0000,0,0,100.0000,0.0000,1074.0000,0
1139.10,2,0.0000,0,0,98.7212,1.2788,1074.0000,0
1139.10,3,80.5000,0,0,97.8350,2.1650,1128.0000,0
1139.10,4,88.0000,0,0,87.1667,12.8333,1133.0000,0
1139.10,5,95.5000,0,0,94.8449,5.1551,1138.0000,0
1139.10,6,0.0000,0,0,97.3224,2.6776,1074.0000,0
1139.10,7,0.0000,0,0,86.0986,13.9014,1074.0000,0
1139.10,8,7.0000,0,0,93.2337,6.7663,1079.0000,0
1139.10,9,0.0000,0,0,93.8227,6.1773,1074.0000,0
1140.10,0,46.0000,0,0,92.6188,7.3812,1106.0000,0
1140.10,1,0.0000,0,0,100.0000,0.0000,1075.0000,0
1140.10,2,0.0000,0,0,98.7212,1.2788,1075.0000,0
1140.10,3,80.5000,0,0,97.8350,2.1650,1129.0000,0
1140.10,4,88.0000,0,0,87.1667,12.8333,1134.0000,0
1140.10,5,95.5000,0,0,94.8449,5.1551,1139.0000,0
1140.10,6,0.0000,0,0,97.3224,2.6776,1075.0000,0
1140.10,7,0.0000,0,0,86.0986,13.9014,1075.0000,0
1140.10,8,7.0000,0,0,93.2337,6.7663,1080.0000,0
1140.10,9,0.0000,0,0,93.8227,6.1773,1075.0000,0
1141.10,0,46.0000,0,0,92.6188,7.3812,1107.0000,0
1141.10,1,0.0000,0,0,100.0000,0.0000,1076.0000,0
1141.10,2,0.0000,0,0,98.7212,1.2788,1076.0000,0
1141.10,3,80.5000,0,0,97.8350,2.1650,1130.0000,0
1141.10,4,88.0000,0,0,87.1667,12.8333,1135.0000,0
1141.10,5,95.5000,0,0,94.8449,5.1551,1140.0000,0
1141.10,6,0.0000,0,0,97.3224,2.6776,1076.0000,0
1141.10,7,0.0000,0,0,86.0986,13.9014,1076.0000,0
1141.10,8,7.0000,0,0,93.2337,6.7663,1081.0000,0
1141.10,9,0.0000,0,0,93.8227,6.1773,1076.0000,0
1142.10,0,46.0000,0,0,92.6188,7.3812,1108.0000,0
1142.10,1,0.0000,0,0,100.0000,0.0000,1077.0000,0
1142.10,2,0.0000,0,0,98.7212,1.2788,1077.0000,0
1142.10,3,80.5000,0,0,97.8350,2.1650,1131.0000,0
1142.10,4,88.0000,0,0,87.1667,12.8333,1136.0000,0
1142.10,5,95.5000,0,0,94.8449,5.1551,1141.0000,0
1142.10,6,0.0000,0,0,97.3224,2.6776,1077.0000,0
1142.10,7,0.0000,0,0,86.0986,13.9014,1077.0000,0
1142.10,8,7.0000,0,0,93.2337,6.7663,1082.0000,0
1142.10,9,0.0000,0,0,93.8227,6.1773,1077.0000,0
1143.10,0,46.0000,0,0,92.6188,7.3812,1109.0000,0
1143.10,1,0.0000,0,0,100.0000,0.0000,1078.0000,0
1143.10,2,0.0000,0,0,98.7212,1.2788,1078.0000,0
1143.10,3,80.5000,0,0,97.8350,2.1650,1132.0000,0
1143.10,4,88.0000,0,0,87.1667,12.8333,1137.0000,0
1143.10,5,95.5000,0,0,94.8449,5.1551,1142.0000,0
1143.10,6,0.0000,0,0,97.3224,2.6776,1078.0000,0
1143.10,7,0.0000,0,0,86.0986,13.9014,1078.0000,0
1143.10,8,7.0000,0,0,93.2337,6.7663,1083.0000,0
1143.10,9,0.0000,0,0,93.8227,6.1773,1078.0000,0
1144.10,0,46.0000,0,0,92.6188,7.3812,1110.0000,0
1144.10,1,0.0000,0,0,100.0000,0.0000,1079.0000,0
1144.10,2,0.0000,0,0,98.7212,1.2788,1079.0000,0
1144.10,3,80.5000,0,0,97.8350,2.1650,1133.0000,0
1144.10,4,88.0000,0,0,87.1667,12.8333,1138.0000,0
1144.10,5,95.5000,0,0,94.8449,5.1551,1143.0000,0
1144.10,6,0.0000,0,0,97.3224,2.6776,1079.0000,0
1144.10,7,0.0000,0,0,86.0986,13.9014,1079.0000,0
1144.10,8,7.0000,0,0,93.2337,6.7663,1084.0000,0
1144.10,9,0.0000,0,0,93.8227,6.1773,1079.0000,0
1145.10,0,46.0000,0,0,92.6188,7.3812,1111.0000,0
1145.10,1,0.0000,0,0,100.0000,0.0000,1080.0000,0
1145.10,2,0.0000,0,0,98.7212,1.2788,1080.0000,0
1145.10,3,80.5000,0,0,97.8350,2.1650,1134.0000,0
1145.10,4,88.0000,0,0,87.1667,12.8333,1139.0000,0
1145.10,5,95.5000,0,0,94.8449,5.1551,1144.0000,0
1145.10,6,0.0000,0,0,97.3224,2.6776,1080.0000,0
1145.10,7,0.0000,0,0,86.0986,13.9014,1080.0000,0
1145.10,8,7.0000,0,0,93.2337,6.7663,1085.0000,0
1145.10,9,0.0000,0,0,93.8227,6.1773,1080.0000,0
1146.10,0,46.0000,0,0,92.6188,7.3812,1112.0000,0
1146.10,1,0.0000,0,0,100.0000,0.0000,1081.0000,0
1146.10,2,0.0000,0,0,98.7212,1.2788,1081.0000,0
1146.10,3,80.5000,0,0,97.8350,2.1650,1135.0000,0
1146.10,4,88.0000,0,0,87.1667,12.8333,1140.0000,0
1146.10,5,95.5000,0,0,94.8449,5.1551,1145.0000,0
1146.10,6,0.0000,0,0,97.3224,2.6776,1081.0000,0
1146.10,7,0.0000,0,0,86.0986,13.9014,1081.0000,0
1146.10,8,7.0000,0,0,93.2337,6.7663,1086.0000,0
1146.10,9,0.0000,0,0,93.8227,6.1773,1081.0000,0
1147.10,0,46.0000,0,0,92.6188,7.3812,1113.0000,0
1147.10,1,0.0000,0,0,100.0000,0.0000,1082.0000,0
1147.10,2,0.0000,0,0,98.7212,1.2788,1082.0000,0
1147.10,3,80.5000,0,0,97.8350,2.1650,1136.0000,0
1147.10,4,88.0000,0,0,87.1667,12.8333,1141.0000,0
1147.10,5,95.5000,0,0,94.8449,5.1551,1146.0000,0
1147.10,6,0.0000,0,0,97.3224,2.6776,1082.0000,0
1147.10,7,0.0000,0,0,86.0986,13.9014,1082.0000,0
1147.10,8,7.0000,0,0,93.2337,6.7663,1087.0000,0
1147.10,9,0.0000,0,0,93.8227,6.1773,1082.0000,0
1148.10,0,46.0000,0,0,92.6188,7.3812,1114.0000,0
1148.10,1,0.0000,0,0,100.0000,0.0000,1083.0000,0
1148.10,2,0.0000,0,0,98.7212,1.2788,1083.0000,0
1148.10,3,80.5000,0,0,97.8350,2.1650,1137.0000,0
1148.10,4,88.0000,0,0,87.1667,12.8333,1142.0000,0
1148.10,5,95.5000,0,0,94.8449,5.1551,1147.0000,0
1148.10,6,0.0000,0,0,97.3224,2.6776,1083.0000,0
1148.10,7,0.0000,0,0,86.0986,13.9014,1083.0000,0
1148.10,8,7.0000,0,0,93.2337,6.7663,1088.0000,0
1148.10,9,0.0000,0,0,93.8227,6.1773,1083.0000,0
1149.10,0,46.0000,0,0,92.6188,7.3812,1115.0000,0
1149.10,1,0.0000,0,0,100.0000,0.0000,1084.0000,0
1149.10,2,0.0000,0,0,98.7212,1.2788,1084.0000,0
1149.10,3,80.5000,0,0,97.8350,2.1650,1138.0000,0
1149.10,4,88.0000,0,0,87.1667,12.8333,1143.0000,0
1149.10,5,95.5000,0,0,94.8449,5.1551,1148.0000,0
1149.10,6,0.0000,0,0,97.3224,2.6776,1084.0000,0
1149.10,7,0.0000,0,0,86.0986,13.9014,1084.0000,0
1149.10,8,7.0000,0,0,93.2337,6.7663,1089.0000,0
1149.10,9,0.0000,0,0,93.8227,6.1773,1084.0000,0
1150.10,0,46.0000,0,0,92.6188,7.3812,1116.0000,0
1150.10,1,0.0000,0,0,100.0000,0.0000,1085.0000,0
1150.10,2,0.0000,0,0,98.7212,1.2788,1085.0000,0
1150.10,3,80.5000,0,0,97.8350,2.1650,1139.0000,0
1150.10,4,88.0000,0,0,87.1667,12.8333,1144.0000,0
1150.10,5,95.5000,0,0,94.8449,5.1551,1149.0000,0
1150.10,6,0.0000,0,0,97.3224,2.6776,1085.0000,0
1150.10,7,0.0000,0,0,86.0986,13.9014,1085.0000,0
1150.10,8,7.0000,0,0,93.2337,6.7663,1090.0000,0
1150.10,9,0.0000,0,0,93.8227,6.1773,1085.0000,0
1151.10,0,46.0000,0,0,92.6188,7.3812,1117.0000,0
1151.10,1,0.0000,0,0,100.0000,0.0000,1086.0000,0
1151.10,2,0.0000,0,0,98.7212,1.2788,1086.0000,0
1151.10,3,80.5000,0,0,97.8350,2.1650,1140.0000,0
1151.10,4,88.0000,0,0,87.1667,12.8333,1145.0000,0
1151.10,5,95.5000,0,0,94.8449,5.1551,1150.0000,0
1151.10,6,0.0000,0,0,97.3224,2.6776,1086.0000,0
1151.10,7,0.0000,0,0,86.0986,13.9014,1086.0000,0
1151.10,8,7.0000,0,0,93.2337,6.7663,1091.0000,0
1151.10,9,0.0000,0,0,93.8227,6.1773,1086.0000,0
1152.10,0,46.0000,0,0,92.6188,7.3812,1118.0000,0
1152.10,1,0.0000,0,0,100.0000,0.0000,1087.0000,0
1152.10,2,0.0000,0,0,98.7212,1.2788,1087.0000,0
1152.10,3,80.5000,0,0,97.8350,2.1650,1141.0000,0
1152.10,4,88.0000,0,0,87.1667,12.8333,1146.0000,0
1152.10,5,95.5000,0,0,94.8449,5.1551,1151.0000,0
1152.10,6,0.0000,0,0,97.3224,2.6776,1087.0000,0
1152.10,7,0.0000,0,0,86.0986,13.9014,1087.0000,0
1152.10,8,7.0000,0,0,93.2337,6.7663,1092.0000,0
1152.10,9,0.0000,0,0,93.8227,6.1773,1087.0000,0
1153.10,0,46.0000,0,0,92.6188,7.3812,1119.0000,0
1153.10,1,0.0000,0,0,100.0000,0.0000,1088.0000,0
1153.10,2,0.0000,0,0,98.7212,1.2788,1088.0000,0
1153.10,3,80.5000,0,0,97.8350,2.1650,1142.0000,0
1153.10,4,88.0000,0,0,87.1667,12.8333,1147.0000,0
1153.10,5,95.5000,0,0,94.8449,5.1551,1152.0000,0
1153.10,6,0.0000,0,0,97.3224,2.6776,1088.0000,0
1153.10,7,0.0000,0,0,86.0986,13.9014,1088.0000,0
1153.10,8,7.0000,0,0,93.2337,6.7663,1093.0000,0
1153.10,9,0.0000,0,0,93.8227,6.1773,1088.0000,0
1154.10,0,46.0000,0,0,92.6188,7.3812,1120.0000,0
1154.10,1,0.0000,0,0,100.0000,0.0000,1089.0000,0
1154.10,2,0.0000,0,0,98.7212,1.2788,1089.0000,0
1154.10,3,80.5000,0,0,97.8350,2.1650,1143.0000,0
1154.10,4,88.0000,0,0,87.1667,12.8333,1148.0000,0
1154.10,5,95.5000,0,0,94.8449,5.1551,1153.0000,0
1154.10,6,0.0000,0,0,97.3224,2.6776,1089.0000,0
1154.10,7,0.0000,0,0,86.0986,13.9014,1089.0000,0
1154.10,8,7.0000,0,0,93.2337,6.7663,1094.0000,0
1154.10,9,0.0000,0,0,93.8227,6.1773,1089.0000,0
1155.10,0,46.0000,0,0,92.6188,7.3812,1121.0000,0
1155.10,1,0.0000,0,0,100.0000,0.0000,1090.0000,0
1155.10,2,0.0000,0,0,98.7212,1.2788,1090.0000,0
1155.10,3,80.5000,0,0,97.8350,2.1650,1144.0000,0
1155.10,4,88.0000,0,0,87.1667,12.8333,1149.0000,0
1155.10,5,95.5000,0,0,94.8449,5.1551,1154.0000,0
1155.10,6,0.0000,0,0,97.3224,2.6776,1090.0000,0
1155.10,7,0.0000,0,0,86.0986,13.9014,1090.0000,0
1155.10,8,7.0000,0,0,93.2337,6.7663,1095.0000,0
1155.10,9,0.0000,0,0,93.8227,6.1773,1090.0000,0
1156.10,0,46.0000,0,0,92.6188,7.3812,1122.0000,0
1156.10,1,0.0000,0,0,100.0000,0.0000,1091.0000,0
1156.10,2,0.0000,0,0,98.7212,1.2788,1091.0000,0
1156.10,3,80.5000,0,0,97.8350,2.1650,1145.0000,0
1156.10,4,88.0000,0,0,87.1667,12.8333,1150.0000,0
1156.10,5,95.5000,0,0,94.8449,5.1551,1155.0000,0
1156.10,6,0.0000,0,0,97.3224,2.6776,1091.0000,0
1156.10,7,0.0000,0,0,86.0986,13.9014,1091.0000,0
1156.10,8,7.0000,0,0,93.2337,6.7663,1096.0000,0
1156.10,9,0.0000,0,0,93.8227,6.1773,1091.0000,0
1157.10,0,46.0000,0,0,92.6188,7.3812,1123.0000,0
1157.10,1,0.0000,0,0,100.0000,0.0000,1092.0000,0
1157.10,2,0.0000,0,0,98.7212,1.2788,1092.0000,0
1157.10,3,80.5000,0,0,97.8350,2.1650,1146.0000,0
1157.10,4,88.0000,0,0,87.1667,12.8333,1151.0000,0
1157.10,5,95.5000,0,0,94.8449,5.1551,1156.0000,0
1157.10,6,0.0000,0,0,97.3224,2.6776,1092.0000,0
1157.10,7,0.0000,0,0,86.0986,13.9014,1092.0000,0
1157.10,8,7.0000,0,0,93.2337,6.7663,1097.0000,0
1157.10,9,0.0000,0,0,93.8227,6.1773,1092.0000,0
1158.10,0,46.0000,0,0,92.6188,7.3812,1124.0000,0
1158.10,1,0.0000,0,0,100.0000,0.0000,1093.0000,0
1158.10,2,0.0000,0,0,98.7212,1.2788,1093.0000,0
1158.10,3,80.5000,0,0,97.8350,2.1650,1147.0000,0
1158.10,4,88.0000,0,0,87.1667,12.8333,1152.0000,0
1158.10,5,95.5000,0,0,94.8449,5.1551,1157.0000,0
1158.10,6,0.0000,0,0,97.3224,2.6776,1093.0000,0
1158.10,7,0.0000,0,0,86.0986,13.9014,1093.0000,0
1158.10,8,7.0000,0,0,93.2337,6.7663,1098.0000,0
1158.10,9,0.0000,0,0,93.8227,6.1773,1093.0000,0
1159.10,0,46.0000,0,0,92.6188,7.3812,1125.0000,0
1159.10,1,0.0000,0,0,100.0000,0.0000,1094.0000,0
1159.10,2,0.0000,0,0,98.7212,1.2788,1094.0000,0
1159.10,3,80.5000,0,0,97.8350,2.1650,1148.0000,0
1159.10,4,88.0000,0,0,87.1667,12.8333,1153.0000,0
1159.10,5,95.5000,0,0,94.8449,5.1551,1158.0000,0
1159.10,6,0.0000,0,0,97.3224,2.6776,1094.0000,0
1159.10,7,0.0000,0,0,86.0986,13.9014,1094.0000,0
1159.10,8,7.0000,0,0,93.2337,6.7663,1099.0000,0
1159.10,9,0.0000,0,0,93.8227,6.1773,1094.0000,0
1160.10,0,46.0000,0,0,92.6188,7.3812,1126.0000,0
1160.10,1,0.0000,0,0,100.0000,0.0000,1095.0000,0
1160.10,2,0.0000,0,0,98.7212,1.2788,1095.0000,0
1160.10,3,80.5000,0,0,97.8350,2.1650,1149.0000,0
1160.10,4,88.0000,0,0,87.1667,12.8333,1154.0000,0
1160.10,5,95.5000,0,0,94.8449,5.1551,1159.0000,0
1160.10,6,0.0000,0,0,97.3224,2.6776,1095.0000,0
1160.10,7,0.0000,0,0,86.0986,13.9014,1095.0000,0
1160.10,8,7.0000,0,0,93.2337,6.7663,1100.0000,0
1160.10,9,0.0000,0,0,93.8227,6.1773,1095.0000,0
1161.10,0,46.0000,0,0,92.6188,7.3812,1127.0000,0
1161.10,1,0.0000,0,0,100.0000,0.0000,1096.0000,0
1161.10,2,0.0000,0,0,98.7212,1.2788,1096.0000,0
1161.10,3,80.5000,0,0,97.8350,2.1650,1150.0000,0
1161.10,4,88.0000,0,0,87.1667,12.8333,1155.0000,0
1161.10,5,95.5000,0,0,94.8449,5.1551,1160.0000,0
1161.10,6,0.0000,0,0,97.3224,2.6776,1096.0000,0
1161.10,7,0.0000,0,0,86.0986,13.9014,1096.0000,0
1161.10,8,7.0000,0,0,93.2337,6.7663,1101.0000,0
1161.10,9,0.0000,0,0,93.8227,6.1773,1096.0000,0
1162.10,0,46.0000,0,0,92.6188,7.3812,1128.0000,0
1162.10,1,0.0000,0,0,100.0000,0.0000,1097.0000,0
1162.10,2,0.0000,0,0,98.7212,1.2788,1097.0000,0
1162.10,3,80.5000,0,0,97.8350,2.1650,1151.0000,0
1162.10,4,88.0000,0,0,87.1667,12.8333,1156.0000,0
1162.10,5,95.5000,0,0,94.8449,5.1551,1161.0000,0
1162.10,6,0.0000,0,0,97.3224,2.6776,1097.0000,0
1162.10,7,0.0000,0,0,86.0986,13.9014,1097.0000,0
1162.10,8,7.0000,0,0,93.2337,6.7663,1102.0000,0
1162.10,9,0.0000,0,0,93.8227,6.1773,1097.0000,0
1163.10,0,46.0000,0,0,92.6188,7.3812,1129.0000,0
1163.10,1,0.0000,0,0,100.0000,0.0000,1098.0000,0
1163.10,2,0.0000,0,0,98.7212,1.2788,1098.0000,0
1163.10,3,80.5000,0,0,97.8350,2.1650,1152.0000,0
1163.10,4,88.0000,0,0,87.1667,12.8333,1157.0000,0
1163.10,5,95.5000,0,0,94.8449,5.1551,1162.0000,0
1163.10,6,0.0000,0,0,97.3224,2.6776,1098.0000,0
1163.10,7,0.0000,0,0,86.0986,13.9014,1098.0000,0
1163.10,8,7.0000,0,0,93.2337,6.7663,1103.0000,0
1163.10,9,0.0000,0,0,93.8227,6.1773,1098.0000,0
1164.10,0,46.0000,0,0,92.6188,7.3812,1130.0000,0
1164.10,1,0.0000,0,0,100.0000,0.0000,1099.0000,0
1164.10,2,0.0000,0,0,98.7212,1.2788,1099.0000,0
1164.10,3,80.5000,0,0,97.8350,2.1650,1153.0000,0
1164.10,4,88.0000,0,0,87.1667,12.8333,1158.0000,0
1164.10,5,95.5000,0,0,94.8449,5.1551,1163.0000,0
1164.10,6,0.0000,0,0,97.3224,2.6776,1099.0000,0
1164.10,7,0.0000,0,0,86.0986,13.9014,1099.0000,0
1164.10,8,7.0000,0,0,93.2337,6.7663,1104.0000,0
1164.10,9,0.0000,0,0,93.8227,6.1773,1099.0000,0
1165.10,0,46.0000,0,0,92.6188,7.3812,1131.0000,0
1165.10,1,0.0000,0,0,100.0000,0.0000,1100.0000,0
1165.10,2,0.0000,0,0,98.7212,1.2788,1100.0000,0
1165.10,3,80.5000,0,0,97.8350,2.1650,1154.0000,0
1165.10,4,88.0000,0,0,87.1667,12.8333,1159.0000,0
1165.10,5,95.5000,0,0,94.8449,5.1551,1164.0000,0
1165.10,6,0.0000,0,0,97.3224,2.6776,1100.0000,0
1165.10,7,0.0000,0,0,86.0986,13.9014,1100.0000,0
1165.10,8,7.0000,0,0,93.2337,6.7663,1105.0000,0
1165.10,9,0.0000,0,0,93.8227,6.1773,1100.0000,0
1166.10,0,46.0000,0,0,92.6188,7.3812,1132.0000,0
1166.10,1,0.0000,0,0,100.0000,0.0000,1101.0000,0
1166.10,2,0.0000,0,0,98.7212,1.2788,1101.0000,0
1166.10,3,80.5000,0,0,97.8350,2.1650,1155.0000,0
1166.10,4,88.0000,0,0,87.1667,12.8333,1160.0000,0
1166.10,5,95.5000,0,0,94.8449,5.1551,1165.0000,0
1166.10,6,0.0000,0,0,97.3224,2.6776,1101.0000,0
1166.10,7,0.0000,0,0,86.0986,13.9014,1101.0000,0
1166.10,8,7.0000,0,0,93.2337,6.7663,1106.0000,0
1166.10,9,0.0000,0,0,93.8227,6.1773,1101.0000,0
1167.10,0,46.0000,0,0,92.6188,7.3812,1133.0000,0
1167.10,1,0.0000,0,0,100.0000,0.0000,1102.0000,0
1167.10,2,0.0000,0,0,98.7212,1.2788,1102.0000,0
1167.10,3,80.5000,0,0,97.8350,2.1650,1156.0000,0
1167.10,4,88.0000,0,0,87.1667,12.8333,1161.0000,0
1167.10,5,95.5000,0,0,94.8449,5.1551,1166.0000,0
1167.10,6,0.0000,0,0,97.3224,2.6776,1102.0000,0
1167.10,7,0.0000,0,0,86.0986,13.9014,1102.0000,0
1167.10,8,7.0000,0,0,93.2337,6.7663,1107.0000,0
1167.10,9,0.0000,0,0,93.8227,6.1773,1102.0000,0
1168.10,0,46.0000,0,0,92.6188,7.3812,1134.0000,0
1168.10,1,0.0000,0,0,100.0000,0.0000,1103.0000,0
1168.10,2,0.0000,0,0,98.7212,1.2788,1103.0000,0
1168.10,3,80.5000,0,0,97.8350,2.1650,1157.0000,0
1168.10,4,88.0000,0,0,87.1667,12.8333,1162.0000,0
1168.10,5,95.5000,0,0,94.8449,5.1551,1167.0000,0
1168.10,6,0.0000,0,0,97.3224,2.6776,1103.0000,0
1168.10,7,0.0000,0,0,86.0986,13.9014,1103.0000,0
1168.10,8,7.0000,0,0,93.2337,6.7663,1108.0000,0
1168.10,9,0.0000,0,0,93.8227,6.1773,1103.0000,0
1169.10,0,46.0000,0,0,92.6188,7.3812,1135.0000,0
1169.10,1,0.0000,0,0,100.0000,0.0000,1104.0000,0
1169.10,2,0.0000,0,0,98.7212,1.2788,1104.0000,0
1169.10,3,80.5000,0,0,97.8350,2.1650,1158.0000,0
1169.10,4,88.0000,0,0,87.1667,12.8333,1163.0000,0
1169.10,5,95.5000,0,0,94.8449,5.1551,1168.0000,0
1169.10,6,0.0000,0,0,97.3224,2.6776,1104.0000,0
1169.10,7,0.0000,0,0,86.0986,13.9014,1104.0000,0
1169.10,8,7.0000,0,0,93.2337,6.7663,1109.0000,0
1169.10,9,0.0000,0,0,93.8227,6.1773,1104.0000,0
1170.10,0,46.0000,0,0,92.6188,7.3812,1136.0000,0
1170.10,1,0.0000,0,0,100.0000,0.0000,1105.0000,0
1170.10,2,0.0000,0,0,98.7212,1.2788,1105.0000,0
1170.10,3,80.5000,0,0,97.8350,2.1650,1159.0000,0
1170.10,4,88.0000,0,0,87.1667,12.8333,1164.0000,0
1170.10,5,95.5000,0,0,94.8449,5.1551,1169.0000,0
1170.10,6,0.0000,0,0,97.3224,2.6776,1105.0000,0
1170.10,7,0.0000,0,0,86.0986,13.9014,1105.0000,0
1170.10,8,7.0000,0,0,93.2337,6.7663,1110.0000,0
1170.10,9,0.0000,0,0,93.8227,6.1773,1105.0000,0
1171.10,0,46.0000,0,0,92.6188,7.3812,1137.0000,0
1171.10,1,0.0000,0,0,100.0000,0.0000,1106.0000,0
1171.10,2,0.0000,0,0,98.7212,1.2788,1106.0000,0
1171.10,3,80.5000,0,0,97.8350,2.1650,1160.0000,0
1171.10,4,88.0000,0,0,87.1667,12.8333,1165.0000,0
1171.10,5,95.5000,0,0,94.8449,5.1551,1170.0000,0
1171.10,6,0.0000,0,0,97.3224,2.6776,1106.0000,0
1171.10,7,0.0000,0,0,86.0986,13.9014,1106.0000,0
1171.10,8,7.0000,0,0,93.2337,6.7663,1111.0000,0
1171.10,9,0.0000,0,0,93.8227,6.1773,1106.0000,0
1172.10,0,46.0000,0,0,92.6188,7.3812,1138.0000,0
1172.10,1,0.0000,0,0,100.0000,0.0000,1107.0000,0
1172.10,2,0.0000,0,0,98.7212,1.2788,1107.0000,0
1172.10,3,80.5000,0,0,97.8350,2.1650,1161.0000,0
1172.10,4,88.0000,0,0,87.1667,12.8333,1166.0000,0
1172.10,5,95.5000,0,0,94.8449,5.1551,1171.0000,0
1172.10,6,0.0000,0,0,97.3224,2.6776,1107.0000,0
1172.10,7,0.0000,0,0,86.0986,13.9014,1107.0000,0
1172.10,8,7.0000,0,0,93.2337,6.7663,1112.0000,0
1172.10,9,0.0000,0,0,93.8227,6.1773,1107.0000,0
1173.10,0,46.0000,0,0,92.6188,7.3812,1139.0000,0
1173.10,1,0.0000,0,0,100.0000,0.0000,1108.0000,0
1173.10,2,0.0000,0,0,98.7212,1.2788,1108.0000,0
1173.10,3,80.5000,0,0,97.8350,2.1650,1162.0000,0
1173.10,4,88.0000,0,0,87.1667,12.8333,1167.0000,0
1173.10,5,95.5000,0,0,94.8449,5.1551,1172.0000,0
1173.10,6,0.0000,0,0,97.3224,2.6776,1108.0000,0
1173.10,7,0.0000,0,0,86.0986,13.9014,1108.0000,0
1173.10,8,7.0000,0,0,93.2337,6.7663,1113.0000,0
1173.10,9,0.0000,0,0,93.8227,6.1773,1108.0000,0
1174.10,0,46.0000,0,0,92.6188,7.3812,1140.0000,0
1174.10,1,0.0000,0,0,100.0000,0.0000,1109.0000,0
1174.10,2,0.0000,0,0,98.7212,1.2788,1109.0000,0
1174.10,3,80.5000,0,0,97.8350,2.1650,1163.0000,0
1174.10,4,88.0000,0,0,87.1667,12.8333,1168.0000,0
1174.10,5,95.5000,0,0,94.8449,5.1551,1173.0000,0
1174.10,6,0.0000,0,0,97.3224,2.6776,1109.0000,0
1174.10,7,0.0000,0,0,86.0986,13.9014,1109.0000,0
1174.10,8,7.0000,0,0,93.2337,6.7663,1114.0000,0
1174.10,9,0.0000,0,0,93.8227,6.1773,1109.0000,0
1175.10,0,46.0000,0,0,92.6188,7.3812,1141.0000,0
1175.10,1,0.0000,0,0,100.0000,0.0000,1110.0000,0
1175.10,2,0.0000,0,0,98.7212,1.2788,1110.0000,0
1175.10,3,80.5000,0,0,97.8350,2.1650,1164.0000,0
1175.10,4,88.0000,0,0,87.1667,12.8333,1169.0000,0
1175.10,5,95.5000,0,0,94.8449,5.1551,1174.0000,0
1175.10,6,0.0000,0,0,97.3224,2.6776,1110.0000,0
1175.10,7,0.0000,0,0,86.0986,13.9014,1110.0000,0
1175.10,8,7.0000,0,0,93.2337,6.7663,1115.0000,0
1175.10,9,0.0000,0,0,93.8227,6.1773,1110.0000,0
1176.10,0,46.0000,0,0,92.6188,7.3812,1142.0000,0
1176.10,1,0.0000,0,0,100.0000,0.0000,1111.0000,0
1176.10,2,0.0000,0,0,98.7212,1.2788,1111.0000,0
1176.10,3,80.5000,0,0,97.8350,2.1650,1165.0000,0
1176.10,4,88.0000,0,0,87.1667,12.8333,1170.0000,0
1176.10,5,95.5000,0,0,94.8449,5.1551,1175.0000,0
1176.10,6,0.0000,0,0,97.3224,2.6776,1111.0000,0
1176.10,7,0.0000,0,0,86.0986,13.9014,1111.0000,0
1176.10,8,7.0000,0,0,93.2337,6.7663,1116.0000,0
1176.10,9,0.0000,0,0,93.8227,6.1773,1111.0000,0
1177.10,0,46.0000,0,0,92.6188,7.3812,1143.0000,0
1177.10,1,0.0000,0,0,100.0000,0.0000,1112.0000,0
1177.10,2,0.0000,0,0,98.7212,1.2788,1112.0000,0
1177.10,3,80.5000,0,0,97.8350,2.1650,1166.0000,0
1177.10,4,88.0000,0,0,87.1667,12.8333,1171.0000,0
1177.10,5,95.5000,0,0,94.8449,5.1551,1176.0000,0
1177.10,6,0.0000,0,0,97.3224,2.6776,1112.0000,0
1177.10,7,0.0000,0,0,86.0986,13.9014,1112.0000,0
1177.10,8,7.0000,0,0,93.2337,6.7663,1117.0000,0
1177.10,9,0.0000,0,0,93.8227,6.1773,1112.0000,0
1178.10,0,46.0000,0,0,92.6188,7.3812,1144.0000,0
1178.10,1,0.0000,0,0,100.0000,0.0000,1113.0000,0
1178.10,2,0.0000,0,0,98.7212,1.2788,1113.0000,0
1178.10,3,80.5000,0,0,97.8350,2.1650,1167.0000,0
1178.10,4,88.0000,0,0,87.1667,12.8333,1172.0000,0
1178.10,5,95.5000,0,0,94.8449,5.1551,1177.0000,0
1178.10,6,0.0000,0,0,97.3224,2.6776,1113.0000,0
1178.10,7,0.0000,0,0,86.0986,13.9014,1113.0000,0
1178.10,8,7.0000,0,0,93.2337,6.7663,1118.0000,0
1178.10,9,0.0000,0,0,93.8227,6.1773,1113.0000,0
1179.10,0,46.0000,0,0,92.6188,7.3812,1145.0000,0
1179.10,1,0.0000,0,0,100.0000,0.0000,1114.0000,0
1179.10,2,0.0000,0,0,98.7212,1.2788,1114.0000,0
1179.10,3,80.5000,0,0,97.8350,2.1650,1168.0000,0
1179.10,4,88.0000,0,0,87.1667,12.8333,1173.0000,0
1179.10,5,95.5000,0,0,94.8449,5.1551,1178.0000,0
1179.10,6,0.0000,0,0,97.3224,2.6776,1114.0000,0
1179.10,7,0.0000,0,0,86.0986,13.9014,1114.0000,0
1179.10,8,7.0000,0,0,93.2337,6.7663,1119.0000,0
1179.10,9,0.0000,0,0,93.8227,6.1773,1114.0000,0
1180.10,0,46.0000,0,0,92.6188,7.3812,1146.0000,0
1180.10,1,0.0000,0,0,100.0000,0.0000,1115.0000,0
1180.10,2,0.0000,0,0,98.7212,1.2788,1115.0000,0
1180.10,3,80.5000,0,0,97.8350,2.1650,1169.0000,0
1180.10,4,88.0000,0,0,87.1667,12.8333,1174.0000,0
1180.10,5,95.5000,0,0,94.8449,5.1551,1179.0000,0
1180.10,6,0.0000,0,0,97.3224,2.6776,1115.0000,0
1180.10,7,0.0000,0,0,86.0986,13.9014,1115.0000,0
1180.10,8,7.0000,0,0,93.2337,6.7663,1120.0000,0
1180.10,9,0.0000,0,0,93.8227,6.1773,1115.0000,0
1181.10,0,46.0000,0,0,92.6188,7.3812,1147.0000,0
1181.10,1,0.0000,0,0,100.0000,0.0000,1116.0000,0
1181.10,2,0.0000,0,0,98.7212,1.2788,1116.0000,0
1181.10,3,80.5000,0,0,97.8350,2.1650,1170.0000,0
1181.10,4,88.0000,0,0,87.1667,12.8333,1175.0000,0
1181.10,5,95.5000,0,0,94.8449,5.1551,1180.0000,0
1181.10,6,0.0000,0,0,97.3224,2.6776,1116.0000,0
1181.10,7,0.0000,0,0,86.0986,13.9014,1116.0000,0
1181.10,8,7.0000,0,0,93.2337,6.7663,1121.0000,0
1181.10,9,0.0000,0,0,93.8227,6.1773,1116.0000,0
1182.10,0,46.0000,0,0,92.6188,7.3812,1148.0000,0
1182.10,1,0.0000,0,0,100.0000,0.0000,1117.0000,0
1182.10,2,0.0000,0,0,98.7212,1.2788,1117.0000,0
1182.10,3,80.5000,0,0,97.8350,2.1650,1171.0000,0
1182.10,4,88.0000,0,0,87.1667,12.8333,1176.0000,0
1182.10,5,95.5000,0,0,94.8449,5.1551,1181.0000,0
1182.10,6,0.0000,0,0,97.3224,2.6776,1117.0000,0
1182.10,7,0.0000,0,0,86.0986,13.9014,1117.0000,0
1182.10,8,7.0000,0,0,93.2337,6.7663,1122.0000,0
1182.10,9,0.0000,0,0,93.8227,6.1773,1117.0000,0
1183.10,0,46.0000,0,0,92.6188,7.3812,1149.0000,0
1183.10,1,0.0000,0,0,100.0000,0.0000,1118.0000,0
1183.10,2,0.0000,0,0,98.7212,1.2788,1118.0000,0
1183.10,3,80.5000,0,0,97.8350,2.1650,1172.0000,0
1183.10,4,88.0000,0,0,87.1667,12.8333,1177.0000,0
1183.10,5,95.5000,0,0,94.8449,5.1551,1182.0000,0
1183.10,6,0.0000,0,0,97.3224,2.6776,1118.0000,0
1183.10,7,0.0000,0,0,86.0986,13.9014,1118.0000,0
1183.10,8,7.0000,0,0,93.2337,6.7663,1123.0000,0
1183.10,9,0.0000,0,0,93.8227,6.1773,1118.0000,0
1184.10,0,46.0000,0,0,92.6188,7.3812,1150.0000,0
1184.10,1,0.0000,0,0,100.0000,0.0000,1119.0000,0
1184.10,2,0.0000,0,0,98.7212,1.2788,1119.0000,0
1184.10,3,80.5000,0,0,97.8350,2.1650,1173.0000,0
1184.10,4,88.0000,0,0,87.1667,12.8333,1178.0000,0
1184.10,5,95.5000,0,0,94.8449,5.1551,1183.0000,0
1184.10,6,0.0000,0,0,97.3224,2.6776,1119.0000,0
1184.10,7,0.0000,0,0,86.0986,13.9014,1119.0000,0
1184.10,8,7.0000,0,0,93.2337,6.7663,1124.0000,0
1184.10,9,0.0000,0,0,93.8227,6.1773,1119.0000,0
1185.10,0,46.0000,0,0,92.6188,7.3812,1151.0000,0
1185.10,1,0.0000,0,0,100.0000,0.0000,1120.0000,0
1185.10,2,0.0000,0,0,98.7212,1.2788,1120.0000,0
1185.10,3,80.5000,0,0,97.8350,2.1650,1174.0000,0
1185.10,4,88.0000,0,0,87.1667,12.8333,1179.0000,0
1185.10,5,95.5000,0,0,94.8449,5.1551,1184.0000,0
1185.10,6,0.0000,0,0,97.3224,2.6776,1120.0000,0
1185.10,7,0.0000,0,0,86.0986,13.9014,1120.0000,0
1185.10,8,7.0000,0,0,93.2337,6.7663,1125.0000,0
1185.10,9,0.0000,0,0,93.8227,6.1773,1120.0000,0
1186.10,0,46.0000,0,0,92.6188,7.3812,1152.0000,0
1186.10,1,0.0000,0,0,100.0000,0.0000,1121.0000,0
1186.10,2,0.0000,0,0,98.7212,1.2788,1121.0000,0
1186.10,3,80.5000,0,0,97.8350,2.1650,1175.0000,0
1186.10,4,88.0000,0,0,87.1667,12.8333,1180.0000,0
1186.10,5,95.5000,0,0,94.8449,5.1551,1185.0000,0
1186.10,6,0.0000,0,0,97.3224,2.6776,1121.0000,0
1186.10,7,0.0000,0,0,86.0986,13.9014,1121.0000,0
1186.10,8,7.0000,0,0,93.2337,6.7663,1126.0000,0
1186.10,9,0.0000,0,0,93.8227,6.1773,1121.0000,0
1187.10,0,46.0000,0,0,92.6188,7.3812,1153.0000,0
1187.10,1,0.0000,0,0,100.0000,0.0000,1122.0000,0
1187.10,2,0.0000,0,0,98.7212,1.2788,1122.0000,0
1187.10,3,80.5000,0,0,97.8350,2.1650,1176.0000,0
1187.10,4,88.0000,0,0,87.1667,12.8333,1181.0000,0
1187.10,5,95.5000,0,0,94.8449,5.1551,1186.0000,0
1187.10,6,0.0000,0,0,97.3224,2.6776,1122.0000,0
1187.10,7,0.0000,0,0,86.0986,13.9014,1122.0000,0
1187.10,8,7.0000,0,0,93.2337,6.7663,1127.0000,0
1187.10,9,0.0000,0,0,93.8227,6.1773,1122.0000,0
1188.10,0,46.0000,0,0,92.6188,7.3812,1154.0000,0
1188.10,1,0.0000,0,0,100.0000,0.0000,1123.0000,0
1188.10,2,0.0000,0,0,98.7212,1.2788,1123.0000,0
1188.10,3,80.5000,0,0,97.8350,2.1650,1177.0000,0
1188.10,4,88.0000,0,0,87.1667,12.8333,1182.0000,0
1188.10,5,95.5000,0,0,94.8449,5.1551,1187.0000,0
1188.10,6,0.0000,0,0,97.3224,2.6776,1123.0000,0
1188.10,7,0.0000,0,0,86.0986,13.9014,1123.0000,0
1188.10,8,7.0000,0,0,93.2337,6.7663,1128.0000,0
1188.10,9,0.0000,0,0,93.8227,6.1773,1123.0000,0
1189.10,0,46.0000,0,0,92.6188,7.3812,1155.0000,0
1189.10,1,0.0000,0,0,100.0000,0.0000,1124.0000,0
1189.10,2,0.0000,0,0,98.7212,1.2788,1124.0000,0
1189.10,3,80.5000,0,0,97.8350,2.1650,1178.0000,0
1189.10,4,88.0000,0,0,87.1667,12.8333,1183.0000,0
1189.10,5,95.5000,0,0,94.8449,5.1551,1188.0000,0
1189.10,6,0.0000,0,0,97.3224,2.6776,1124.0000,0
1189.10,7,0.0000,0,0,86.0986,13.9014,1124.0000,0
1189.10,8,7.0000,0,0,93.2337,6.7663,1129.0000,0
1189.10,9,0.0000,0,0,93.8227,6.1773,1124.0000,0
1190.10,0,46.0000,0,0,92.6188,7.3812,1156.0000,0
1190.10,1,0.0000,0,0,100.0000,0.0000,1125.0000,0
1190.10,2,0.0000,0,0,98.7212,1.2788,1125.0000,0
1190.10,3,80.5000,0,0,97.8350,2.1650,1179.0000,0
1190.10,4,88.0000,0,0,87.1667,12.8333,1184.0000,0
1190.10,5,95.5000,0,0,94.8449,5.1551,1189.0000,0
1190.10,6,0.0000,0,0,97.3224,2.6776,1125.0000,0
1190.10,7,0.0000,0,0,86.0986,13.9014,1125.0000,0
1190.10,8,7.0000,0,0,93.2337,6.7663,1130.0000,0
1190.10,9,0.0000,0,0,93.8227,6.1773,1125.0000,0
1191.10,0,46.0000,0,0,92.6188,7.3812,1157.0000,0
1191.10,1,0.0000,0,0,100.0000,0.0000,1126.0000,0
1191.10,2,0.0000,0,0,98.7212,1.2788,1126.0000,0
1191.10,3,80.5000,0,0,97.8350,2.1650,1180.0000,0
1191.10,4,88.0000,0,0,87.1667,12.8333,1185.0000,0
1191.10,5,95.5000,0,0,94.8449,5.1551,1190.0000,0
1191.10,6,0.0000,0,0,97.3224,2.6776,1126.0000,0
1191.10,7,0.0000,0,0,86.0986,13.9014,1126.0000,0
1191.10,8,7.0000,0,0,93.2337,6.7663,1131.0000,0
1191.10,9,0.0000,0,0,93.8227,6.1773,1126.0000,0
1192.10,0,46.0000,0,0,92.6188,7.3812,1158.0000,0
1192.10,1,0.0000,0,0,100.0000,0.0000,1127.0000,0
1192.10,2,0.0000,0,0,98.7212,1.2788,1127.0000,0
1192.10,3,80.5000,0,0,97.8350,2.1650,1181.0000,0
1192.10,4,88.0000,0,0,87.1667,12.8333,1186.0000,0
1192.10,5,95.5000,0,0,94.8449,5.1551,1191.0000,0
1192.10,6,0.0000,0,0,97.3224,2.6776,1127.0000,0
1192.10,7,0.0000,0,0,86.0986,13.9014,1127.0000,0
1192.10,8,7.0000,0,0,93.2337,6.7663,1132.0000,0
1192.10,9,0.0000,0,0,93.8227,6.1773,1127.0000,0
1193.10,0,46.0000,0,0,92.6188,7.3812,1159.0000,0
1193.10,1,0.0000,0,0,100.0000,0.0000,1128.0000,0
1193.10,2,0.0000,0,0,98.7212,1.2788,1128.0000,0
1193.10,3,80.5000,0,0,97.8350,2.1650,1182.0000,0
1193.10,4,88.0000,0,0,87.1667,12.8333,1187.0000,0
1193.10,5,95.5000,0,0,94.8449,5.1551,1192.0000,0
1193.10,6,0.0000,0,0,97.3224,2.6776,1128.0000,0
1193.10,7,0.0000,0,0,86.0986,13.9014,1128.0000,0
1193.10,8,7.0000,0,0,93.2337,6.7663,1133.0000,0
1193.10,9,0.0000,0,0,93.8227,6.1773,1128.0000,0
1194.10,0,46.0000,0,0,92.6188,7.3812,1160.0000,0
1194.10,1,0.0000,0,0,100.0000,0.0000,1129.0000,0
1194.10,2,0.0000,0,0,98.7212,1.2788,1129.0000,0
1194.10,3,80.5000,0,0,97.8350,2.1650,1183.0000,0
1194.10,4,88.0000,0,0,87.1667,12.8333,1188.0000,0
1194.10,5,95.5000,0,0,94.8449,5.1551,1193.0000,0
1194.10,6,0.0000,0,0,97.3224,2.6776,1129.0000,0
1194.10,7,0.0000,0,0,86.0986,13.9014,1129.0000,0
1194.10,8,7.0000,0,0,93.2337,6.7663,1134.0000,0
1194.10,9,0.0000,0,0,93.8227,6.1773,1129.0000,0
1195.10,0,46.0000,0,0,92.6188,7.3812,1161.0000,0
1195.10,1,0.0000,0,0,100.0000,0.0000,1130.0000,0
1195.10,2,0.0000,0,0,98.7212,1.2788,1130.0000,0
1195.10,3,80.5000,0,0,97.8350,2.1650,1184.0000,0
1195.10,4,88.0000,0,0,87.1667,12.8333,1189.0000,0
1195.10,5,95.5000,0,0,94.8449,5.1551,1194.0000,0
1195.10,6,0.0000,0,0,97.3224,2.6776,1130.0000,0
1195.10,7,0.0000,0,0,86.0986,13.9014,1130.0000,0
1195.10,8,7.0000,0,0,93.2337,6.7663,1135.0000,0
1195.10,9,0.0000,0,0,93.8227,6.1773,1130.0000,0
1196.10,0,46.0000,0,0,92.6188,7.3812,1162.0000,0
1196.10,1,0.0000,0,0,100.0000,0.0000,1131.0000,0
1196.10,2,0.0000,0,0,98.7212,1.2788,1131.0000,0
1196.10,3,80.5000,0,0,97.8350,2.1650,1185.0000,0
1196.10,4,88.0000,0,0,87.1667,12.8333,1190.0000,0
1196.10,5,95.5000,0,0,94.8449,5.1551,1195.0000,0
1196.10,6,0.0000,0,0,97.3224,2.6776,1131.0000,0
1196.10,7,0.0000,0,0,86.0986,13.9014,1131.0000,0
1196.10,8,7.0000,0,0,93.2337,6.7663,1136.0000,0
1196.10,9,0.0000,0,0,93.8227,6.1773,1131.0000,0
1197.10,0,46.0000,0,0,92.6188,7.3812,1163.0000,0
1197.10,1,0.0000,0,0,100.0000,0.0000,1132.0000,0
1197.10,2,0.0000,0,0,98.7212,1.2788,1132.0000,0
1197.10,3,80.5000,0,0,97.8350,2.1650,1186.0000,0
1197.10,4,88.0000,0,0,87.1667,12.8333,1191.0000,0
1197.10,5,95.5000,0,0,94.8449,5.1551,1196.0000,0
1197.10,6,0.0000,0,0,97.3224,2.6776,1132.0000,0
1197.10,7,0.0000,0,0,86.0986,13.9014,1132.0000,0
1197.10,8,7.0000,0,0,93.2337,6.7663,1137.0000,0
1197.10,9,0.0000,0,0,93.8227,6.1773,1132.0000,0
1198.10,0,46.0000,0,0,92.6188,7.3812,1164.0000,0
1198.10,1,0.0000,0,0,100.0000,0.0000,1133.0000,0
1198.10,2,0.0000,0,0,98.7212,1.2788,1133.0000,0
1198.10,3,80.5000,0,0,97.8350,2.1650,1187.0000,0
1198.10,4,88.0000,0,0,87.1667,12.8333,1192.0000,0
1198.10,5,95.5000,0,0,94.8449,5.1551,1197.0000,0
1198.10,6,0.0000,0,0,97.3224,2.6776,1133.0000,0
1198.10,7,0.0000,0,0,86.0986,13.9014,1133.0000,0
1198.10,8,7.0000,0,0,93.2337,6.7663,1138.0000,0
1198.10,9,0.0000,0,0,93.8227,6.1773,1133.0000,0
1199.10,0,46.0000,0,0,92.6188,7.3812,1165.0000,0
1199.10,1,0.0000,0,0,100.0000,0.0000,1134.0000,0
1199.10,2,0.0000,0,0,98.7212,1.2788,1134.0000,0
1199.10,3,80.5000,0,0,97.8350,2.1650,1188.0000,0
1199.10,4,88.0000,0,0,87.1667,12.8333,1193.0000,0
1199.10,5,95.5000,0,0,94.8449,5.1551,1198.0000,0
1199.10,6,0.0000,0,0,97.3224,2.6776,1134.0000,0
1199.10,7,0.0000,0,0,86.0986,13.9014,1134.0000,0
1199.10,8,7.0000,0,0,93.2337,6.7663,1139.0000,0
1199.10,9,0.0000,0,0,93.8227,6.1773,1134.0000,0
1200.10,0,46.0000,0,0,92.6188,7.3812,1166.0000,0
1200.10,1,0.0000,0,0,100.0000,0.0000,1135.0000,0
1200.10,2,0.0000,0,0,98.7212,1.2788,1135.0000,0
1200.10,3,80.5000,0,0,97.8350,2.1650,1189.0000,0
1200.10,4,88.0000,0,0,87.1667,12.8333,1194.0000,0
1200.10,5,95.5000,0,0,94.8449,5.1551,1199.0000,0
1200.10,6,0.0000,0,0,97.3224,2.6776,1135.0000,0
1200.10,7,0.0000,0,0,86.0986,13.9014,1135.0000,0
1200.10,8,7.0000,0,0,93.2337,6.7663,1140.0000,0
1200.10,9,0.0000,0,0,93.8227,6.1773,1135.0000,0
1201.10,0,46.0000,0,0,92.6188,7.3812,1167.0000,0
1201.10,1,0.0000,0,0,100.0000,0.0000,1136.0000,0
1201.10,2,0.0000,0,0,98.7212,1.2788,1136.0000,0
1201.10,3,80.5000,0,0,97.8350,2.1650,1190.0000,0
1201.10,4,88.0000,0,0,87.1667,12.8333,1195.0000,0
1201.10,5,95.5000,0,0,94.8449,5.1551,1200.0000,0
1201.10,6,0.0000,0,0,97.3224,2.6776,1136.0000,0
1201.10,7,0.0000,0,0,86.0986,13.9014,1136.0000,0
1201.10,8,7.0000,0,0,93.2337,6.7663,1141.0000,0
1201.10,9,0.0000,0,0,93.8227,6.1773,1136.0000,0
1202.10,0,46.0000,0,0,92.6188,7.3812,1168.0000,0
1202.10,1,0.0000,0,0,100.0000,0.0000,1137.0000,0
1202.10,2,0.0000,0,0,98.7212,1.2788,1137.0000,0
1202.10,3,80.5000,0,0,97.8350,2.1650,1191.0000,0
1202.10,4,88.0000,0,0,87.1667,12.8333,1196.0000,0
1202.10,5,95.5000,0,0,94.8449,5.1551,1201.0000,0
1202.10,6,0.0000,0,0,97.3224,2.6776,1137.0000,0
1202.10,7,0.0000,0,0,86.0986,13.9014,1137.0000,0
1202.10,8,7.0000,0,0,93.2337,6.7663,1142.0000,0
1202.10,9,0.0000,0,0,93.8227,6.1773,1137.0000,0
1203.10,0,46.0000,0,0,92.6188,7.3812,1169.0000,0
1203.10,1,0.0000,0,0,100.0000,0.0000,1138.0000,0
1203.10,2,0.0000,0,0,98.7212,1.2788,1138.0000,0
1203.10,3,80.5000,0,0,97.8350,2.1650,1192.0000,0
1203.10,4,88.0000,0,0,87.1667,12.8333,1197.0000,0
1203.10,5,95.5000,0,0,94.8449,5.1551,1202.0000,0
1203.10,6,0.0000,0,0,97.3224,2.6776,1138.0000,0
1203.10,7,0.0000,0,0,86.0986,13.9014,1138.0000,0
1203.10,8,7.0000,0,0,93.2337,6.7663,1143.0000,0
1203.10,9,0.0000,0,0,93.8227,6.1773,1138.0000,0
1204.10,0,46.0000,0,0,92.6188,7.3812,1170.0000,0
1204.10,1,0.0000,0,0,100.0000,0.0000,1139.0000,0
1204.10,2,0.0000,0,0,98.7212,1.2788,1139.0000,0
1204.10,3,80.5000,0,0,97.8350,2.1650,1193.0000,0
1204.10,4,88.0000,0,0,87.1667,12.8333,1198.0000,0
1204.10,5,95.5000,0,0,94.8449,5.1551,1203.0000,0
1204.10,6,0.0000,0,0,97.3224,2.6776,1139.0000,0
1204.10,7,0.0000,0,0,86.0986,13.9014,1139.0000,0
1204.10,8,7.0000,0,0,93.2337,6.7663,1144.0000,0
1204.10,9,0.0000,0,0,93.8227,6.1773,1139.0000,0
1205.10,0,46.0000,0,0,92.6188,7.3812,1171.0000,0
1205.10,1,0.0000,0,0,100.0000,0.0000,1140.0000,0
1205.10,2,0.0000,0,0,98.7212,1.2788,1140.0000,0
1205.10,3,80.5000,0,0,97.8350,2.1650,1194.0000,0
1205.10,4,88.0000,0,0,87.1667,12.8333,1199.0000,0
1205.10,5,95.5000,0,0,94.8449,5.1551,1204.0000,0
1205.10,6,0.0000,0,0,97.3224,2.6776,1140.0000,0
1205.10,7,0.0000,0,0,86.0986,13.9014,1140.0000,0
1205.10,8,7.0000,0,0,93.2337,6.7663,1145.0000,0
1205.10,9,0.0000,0,0,93.8227,6.1773,1140.0000,0
1206.10,0,46.0000,0,0,92.6188,7.3812,1172.0000,0
1206.10,1,0.0000,0,0,100.0000,0.0000,1141.0000,0
1206.10,2,0.0000,0,0,98.7212,1.2788,1141.0000,0
1206.10,3,80.5000,0,0,97.8350,2.1650,1195.0000,0
1206.10,4,88.0000,0,0,87.1667,12.8333,1200.0000,0
1206.10,5,95.5000,0,0,94.8449,5.1551,1205.0000,0
1206.10,6,0.0000,0,0,97.3224,2.6776,1141.0000,0
1206.10,7,0.0000,0,0,86.0986,13.9014,1141.0000,0
1206.10,8,7.0000,0,0,93.2337,6.7663,1146.0000,0
1206.10,9,0.0000,0,0,93.8227,6.1773,1141.0000,0
1207.10,0,46.0000,0,0,92.6188,7.3812,1173.0000,0
1207.10,1,0.0000,0,0,100.0000,0.0000,1142.0000,0
1207.10,2,0.0000,0,0,98.7212,1.2788,1142.0000,0
1207.10,3,80.5000,0,0,97.8350,2.1650,1196.0000,0
1207.10,4,88.0000,0,0,87.1667,12.8333,1201.0000,0
1207.10,5,95.5000,0,0,94.8449,5.1551,1206.0000,0
1207.10,6,0.0000,0,0,97.3224,2.6776,1142.0000,0
1207.10,7,0.0000,0,0,86.0986,13.9014,1142.0000,0
1207.10,8,7.0000,0,0,93.2337,6.7663,1147.0000,0
1207.10,9,0.0000,0,0,93.8227,6.1773,1142.0000,0
1208.10,0,46.0000,0,0,92.6188,7.3812,1174.0000,0
1208.10,1,0.0000,0,0,100.0000,0.0000,1143.0000,0
1208.10,2,0.0000,0,0,98.7212,1.2788,1143.0000,0
1208.10,3,80.5000,0,0,97.8350,2.1650,1197.0000,0
1208.10,4,88.0000,0,0,87.1667,12.8333,1202.0000,0
1208.10,5,95.5000,0,0,94.8449,5.1551,1207.0000,0
1208.10,6,0.0000,0,0,97.3224,2.6776,1143.0000,0
1208.10,7,0.0000,0,0,86.0986,13.9014,1143.0000,0
1208.10,8,7.0000,0,0,93.2337,6.7663,1148.0000,0
1208.10,9,0.0000,0,0,93.8227,6.1773,1143.0000,0
1209.10,0,46.0000,0,0,92.6188,7.3812,1175.0000,0
1209.10,1,0.0000,0,0,100.0000,0.0000,1144.0000,0
1209.10,2,0.0000,0,0,98.7212,1.2788,1144.0000,0
1209.10,3,80.5000,0,0,97.8350,2.1650,1198.0000,0
1209.10,4,88.0000,0,0,87.1667,12.8333,1203.0000,0
1209.10,5,95.5000,0,0,94.8449,5.1551,1208.0000,0
1209.10,6,0.0000,0,0,97.3224,2.6776,1144.0000,0
1209.10,7,0.0000,0,0,86.0986,13.9014,1144.0000,0
1209.10,8,7.0000,0,0,93.2337,6.7663,1149.0000,0
1209.10,9,0.0000,0,0,93.8227,6.1773,1144.0000,0
1210.10,0,46.0000,0,0,92.6188,7.3812,1176.0000,0
1210.10,1,0.0000,0,0,100.0000,0.0000,1145.0000,0
1210.10,2,0.0000,0,0,98.7212,1.2788,1145.0000,0
1210.10,3,80.5000,0,0,97.8350,2.1650,1199.0000,0
1210.10,4,88.0000,0,0,87.1667,12.8333,1204.0000,0
1210.10,5,95.5000,0,0,94.8449,5.1551,1209.0000,0
1210.10,6,0.0000,0,0,97.3224,2.6776,1145.0000,0
1210.10,7,0.0000,0,0,86.0986,13.9014,1145.0000,0
1210.10,8,7.0000,0,0,93.2337,6.7663,1150.0000,0
1210.10,9,0.0000,0,0,93.8227,6.1773,1145.0000,0
1211.10,0,46.0000,0,0,92.6188,7.3812,1177.0000,0
1211.10,1,0.0000,0,0,100.0000,0.0000,1146.0000,0
1211.10,2,0.0000,0,0,98.7212,1.2788,1146.0000,0
1211.10,3,80.5000,0,0,97.8350,2.1650,1200.0000,0
1211.10,4,88.0000,0,0,87.1667,12.8333,1205.0000,0
1211.10,5,95.5000,0,0,94.8449,5.1551,1210.0000,0
1211.10,6,0.0000,0,0,97.3224,2.6776,1146.0000,0
1211.10,7,0.0000,0,0,86.0986,13.9014,1146.0000,0
1211.10,8,7.0000,0,0,93.2337,6.7663,1151.0000,0
1211.10,9,0.0000,0,0,93.8227,6.1773,1146.0000,0
1212.10,0,46.0000,0,0,92.6188,7.3812,1178.0000,0
1212.10,1,0.0000,0,0,100.0000,0.0000,1147.0000,0
1212.10,2,0.0000,0,0,98.7212,1.2788,1147.0000,0
1212.10,3,80.5000,0,0,97.8350,2.1650,1201.0000,0
1212.10,4,88.0000,0,0,87.1667,12.8333,1206.0000,0
1212.10,5,95.5000,0,0,94.8449,5.1551,1211.0000,0
1212.10,6,0.0000,0,0,97.3224,2.6776,1147.0000,0
1212.10,7,0.0000,0,0,86.0986,13.9014,1147.0000,0
1212.10,8,7.0000,0,0,93.2337,6.7663,1152.0000,0
1212.10,9,0.0000,0,0,93.8227,6.1773,1147.0000,0
1213.10,0,46.0000,0,0,92.6188,7.3812,1179.0000,0
1213.10,1,0.0000,0,0,100.0000,0.0000,1148.0000,0
1213.10,2,0.0000,0,0,98.7212,1.2788,1148.0000,0
1213.10,3,80.5000,0,0,97.8350,2.1650,1202.0000,0
1213.10,4,88.0000,0,0,87.1667,12.8333,1207.0000,0
1213.10,5,95.5000,0,0,94.8449,5.1551,1212.0000,0
1213.10,6,0.0000,0,0,97.3224,2.6776,1148.0000,0
1213.10,7,0.0000,0,0,86.0986,13.9014,1148.0000,0
1213.10,8,7.0000,0,0,93.2337,6.7663,1153.0000,0
1213.10,9,0.0000,0,0,93.8227,6.1773,1148.0000,0
1214.10,0,46.0000,0,0,92.6188,7.3812,1180.0000,0
1214.10,1,0.0000,0,0,100.0000,0.0000,1149.0000,0
1214.10,2,0.0000,0,0,98.7212,1.2788,1149.0000,0
1214.10,3,80.5000,0,0,97.8350,2.1650,1203.0000,0
1214.10,4,88.0000,0,0,87.1667,12.8333,1208.0000,0
1214.10,5,95.5000,0,0,94.8449,5.1551,1213.0000,0
1214.10,6,0.0000,0,0,97.3224,2.6776,1149.0000,0
1214.10,7,0.0000,0,0,86.0986,13.9014,1149.0000,0
1214.10,8,7.0000,0,0,93.2337,6.7663,1154.0000,0
1214.10,9,0.0000,0,0,93.8227,6.1773,1149.0000,0
1215.10,0,46.0000,0,0,92.6188,7.3812,1181.0000,0
1215.10,1,0.0000,0,0,100.0000,0.0000,1150.0000,0
1215.10,2,0.0000,0,0,98.7212,1.2788,1150.0000,0
1215.10,3,80.5000,0,0,97.8350,2.1650,1204.0000,0
1215.10,4,88.0000,0,0,87.1667,12.8333,1209.0000,0
1215.10,5,95.5000,0,0,94.8449,5.1551,1214.0000,0
1215.10,6,0.0000,0,0,97.3224,2.6776,1150.0000,0
1215.10,7,0.0000,0,0,86.0986,13.9014,1150.0000,0
1215.10,8,7.0000,0,0,93.2337,6.7663,1155.0000,0
1215.10,9,0.0000,0,0,93.8227,6.1773,1150.0000,0
1216.10,0,46.0000,0,0,92.6188,7.3812,1182.0000,0
1216.10,1,0.0000,0,0,100.0000,0.0000,1151.0000,0
1216.10,2,0.0000,0,0,98.7212,1.2788,1151.0000,0
1216.10,3,80.5000,0,0,97.8350,2.1650,1205.0000,0
1216.10,4,88.0000,0,0,87.1667,12.8333,1210.0000,0
1216.10,5,95.5000,0,0,94.8449,5.1551,1215.0000,0
1216.10,6,0.0000,0,0,97.3224,2.6776,1151.0000,0
1216.10,7,0.0000,0,0,86.0986,13.9014,1151.0000,0
1216.10,8,7.0000,0,0,93.2337,6.7663,1156.0000,0
1216.10,9,0.0000,0,0,93.8227,6.1773,1151.0000,0
1217.10,0,46.0000,0,0,92.6188,7.3812,1183.0000,0
1217.10,1,0.0000,0,0,100.0000,0.0000,1152.0000,0
1217.10,2,0.0000,0,0,98.7212,1.2788,1152.0000,0
1217.10,3,80.5000,0,0,97.8350,2.1650,1206.0000,0
1217.10,4,88.0000,0,0,87.1667,12.8333,1211.0000,0
1217.10,5,95.5000,0,0,94.8449,5.1551,1216.0000,0
1217.10,6,0.0000,0,0,97.3224,2.6776,1152.0000,0
1217.10,7,0.0000,0,0,86.0986,13.9014,1152.0000,0
1217.10,8,7.0000,0,0,93.2337,6.7663,1157.0000,0
1217.10,9,0.0000,0,0,93.8227,6.1773,1152.0000,0
1218.10,0,46.0000,0,0,92.6188,7.3812,1184.0000,0
1218.10,1,0.0000,0,0,100.0000,0.0000,1153.0000,0
1218.10,2,0.0000,0,0,98.7212,1.2788,1153.0000,0
1218.10,3,80.5000,0,0,97.8350,2.1650,1207.0000,0
1218.10,4,88.0000,0,0,87.1667,12.8333,1212.0000,0
1218.10,5,95.5000,0,0,94.8449,5.1551,1217.0000,0
1218.10,6,0.0000,0,0,97.3224,2.6776,1153.0000,0
1218.10,7,0.0000,0,0,86.0986,13.9014,1153.0000,0
1218.10,8,7.0000,0,0,93.2337,6.7663,1158.0000,0
1218.10,9,0.0000,0,0,93.8227,6.1773,1153.0000,0
1219.10,0,46.0000,0,0,92.6188,7.3812,1185.0000,0
1219.10,1,0.0000,0,0,100.0000,0.0000,1154.0000,0
1219.10,2,0.0000,0,0,98.7212,1.2788,1154.0000,0
1219.10,3,80.5000,0,0,97.8350,2.1650,1208.0000,0
1219.10,4,88.0000,0,0,87.1667,12.8333,1213.0000,0
1219.10,5,95.5000,0,0,94.8449,5.1551,1218.0000,0
1219.10,6,0.0000,0,0,97.3224,2.6776,1154.0000,0
1219.10,7,0.0000,0,0,86.0986,13.9014,1154.0000,0
1219.10,8,7.0000,0,0,93.2337,6.7663,1159.0000,0
1219.10,9,0.0000,0,0,93.8227,6.1773,1154.0000,0
1220.10,0,46.0000,0,0,92.6188,7.3812,1186.0000,0
1220.10,1,0.0000,0,0,100.0000,0.0000,1155.0000,0
1220.10,2,0.0000,0,0,98.7212,1.2788,1155.0000,0
1220.10,3,80.5000,0,0,97.8350,2.1650,1209.0000,0
1220.10,4,88.0000,0,0,87.1667,12.8333,1214.0000,0
1220.10,5,95.5000,0,0,94.8449,5.1551,1219.0000,0
1220.10,6,0.0000,0,0,97.3224,2.6776,1155.0000,0
1220.10,7,0.0000,0,0,86.0986,13.9014,1155.0000,0
1220.10,8,7.0000,0,0,93.2337,6.7663,1160.0000,0
1220.10,9,0.0000,0,0,93.8227,6.1773,1155.0000,0
1221.10,0,46.0000,0,0,92.6188,7.3812,1187.0000,0
1221.10,1,0.0000,0,0,100.0000,0.0000,1156.0000,0
1221.10,2,0.0000,0,0,98.7212,1.2788,1156.0000,0
1221.10,3,80.5000,0,0,97.8350,2.1650,1210.0000,0
1221.10,4,88.0000,0,0,87.1667,12.8333,1215.0000,0
1221.10,5,95.5000,0,0,94.8449,5.1551,1220.0000,0
1221.10,6,0.0000,0,0,97.3224,2.6776,1156.0000,0
1221.10,7,0.0000,0,0,86.0986,13.9014,1156.0000,0
1221.10,8,7.0000,0,0,93.2337,6.7663,1161.0000,0
1221.10,9,0.0000,0,0,93.8227,6.1773,1156.0000,0
1222.10,0,46.0000,0,0,92.6188,7.3812,1188.0000,0
1222.10,1,0.0000,0,0,100.0000,0.0000,1157.0000,0
1222.10,2,0.0000,0,0,98.7212,1.2788,1157.0000,0
1222.10,3,80.5000,0,0,97.8350,2.1650,1211.0000,0
1222.10,4,88.0000,0,0,87.1667,12.8333,1216.0000,0
1222.10,5,95.5000,0,0,94.8449,5.1551,1221.0000,0
1222.10,6,0.0000,0,0,97.3224,2.6776,1157.0000,0
1222.10,7,0.0000,0,0,86.0986,13.9014,1157.0000,0
1222.10,8,7.0000,0,0,93.2337,6.7663,1162.0000,0
1222.10,9,0.0000,0,0,93.8227,6.1773,1157.0000,0
1223.10,0,46.0000,0,0,92.6188,7.3812,1189.0000,0
1223.10,1,0.0000,0,0,100.0000,0.0000,1158.0000,0
1223.10,2,0.0000,0,0,98.7212,1.2788,1158.0000,0
1223.10,3,80.5000,0,0,97.8350,2.1650,1212.0000,0
1223.10,4,88.0000,0,0,87.1667,12.8333,1217.0000,0
1223.10,5,95.5000,0,0,94.8449,5.1551,1222.0000,0
1223.10,6,0.0000,0,0,97.3224,2.6776,1158.0000,0
1223.10,7,0.0000,0,0,86.0986,13.9014,1158.0000,0
1223.10,8,7.0000,0,0,93.2337,6.7663,1163.0000,0
1223.10,9,0.0000,0,0,93.8227,6.1773,1158.0000,0
1224.10,0,46.0000,0,0,92.6188,7.3812,1190.0000,0
1224.10,1,0.0000,0,0,100.0000,0.0000,1159.0000,0
1224.10,2,0.0000,0,0,98.7212,1.2788,1159.0000,0
1224.10,3,80.5000,0,0,97.8350,2.1650,1213.0000,0
1224.10,4,88.0000,0,0,87.1667,12.8333,1218.0000,0
1224.10,5,95.5000,0,0,94.8449,5.1551,1223.0000,0
1224.10,6,0.0000,0,0,97.3224,2.6776,1159.0000,0
1224.10,7,0.0000,0,0,86.0986,13.9014,1159.0000,0
1224.10,8,7.0000,0,0,93.2337,6.7663,1164.0000,0
1224.10,9,0.0000,0,0,93.8227,6.1773,1159.0000,0
1225.10,0,46.0000,0,0,92.6188,7.3812,1191.0000,0
1225.10,1,0.0000,0,0,100.0000,0.0000,1160.0000,0
1225.10,2,0.0000,0,0,98.7212,1.2788,1160.0000,0
1225.10,3,80.5000,0,0,97.8350,2.1650,1214.0000,0
1225.10,4,88.0000,0,0,87.1667,12.8333,1219.0000,0
1225.10,5,95.5000,0,0,94.8449,5.1551,1224.0000,0
1225.10,6,0.0000,0,0,97.3224,2.6776,1160.0000,0
1225.10,7,0.0000,0,0,86.0986,13.9014,1160.0000,0
1225.10,8,7.0000,0,0,93.2337,6.7663,1165.0000,0
1225.10,9,0.0000,0,0,93.8227,6.1773,1160.0000,0
1226.10,0,46.0000,0,0,92.6188,7.3812,1192.0000,0
1226.10,1,0.0000,0,0,100.0000,0.0000,1161.0000,0
1226.10,2,0.0000,0,0,98.7212,1.2788,1161.0000,0
1226.10,3,80.5000,0,0,97.8350,2.1650,1215.0000,0
1226.10,4,88.0000,0,0,87.1667,12.8333,1220.0000,0
1226.10,5,95.5000,0,0,94.8449,5.1551,1225.0000,0
1226.10,6,0.0000,0,0,97.3224,2.6776,1161.0000,0
1226.10,7,0.0000,0,0,86.0986,13.9014,1161.0000,0
1226.10,8,7.0000,0,0,93.2337,6.7663,1166.0000,0
1226.10,9,0.0000,0,0,93.8227,6.1773,1161.0000,0
1227.10,0,46.0000,0,0,92.6188,7.3812,1193.0000,0
1227.10,1,0.0000,0,0,100.0000,0.0000,1162.0000,0
1227.10,2,0.0000,0,0,98.7212,1.2788,1162.0000,0
1227.10,3,80.5000,0,0,97.8350,2.1650,1216.0000,0
1227.10,4,88.0000,0,0,87.1667,12.8333,1221.0000,0
1227.10,5,95.5000,0,0,94.8449,5.1551,1226.0000,0
1227.10,6,0.0000,0,0,97.3224,2.6776,1162.0000,0
1227.10,7,0.0000,0,0,86.0986,13.9014,1162.0000,0
1227.10,8,7.0000,0,0,93.2337,6.7663,1167.0000,0
1227.10,9,0.0000,0,0,93.8227,6.1773,1162.0000,0
1228.10,0,46.0000,0,0,92.6188,7.3812,1194.0000,0
1228.10,1,0.0000,0,0,100.0000,0.0000,1163.0000,0
1228.10,2,0.0000,0,0,98.7212,1.2788,1163.0000,0
1228.10,3,80.5000,0,0,97.8350,2.1650,1217.0000,0
1228.10,4,88.0000,0,0,87.1667,12.8333,1222.0000,0
1228.10,5,95.5000,0,0,94.8449,5.1551,1227.0000,0
1228.10,6,0.0000,0,0,97.3224,2.6776,1163.0000,0
1228.10,7,0.0000,0,0,86.0986,13.9014,1163.0000,0
1228.10,8,7.0000,0,0,93.2337,6.7663,1168.0000,0
1228.10,9,0.0000,0,0,93.8227,6.1773,1163.0000,0
1229.10,0,46.0000,0,0,92.6188,7.3812,1195.0000,0
1229.10,1,0.0000,0,0,100.0000,0.0000,1164.0000,0
1229.10,2,0.0000,0,0,98.7212,1.2788,1164.0000,0
1229.10,3,80.5000,0,0,97.8350,2.1650,1218.0000,0
1229.10,4,88.0000,0,0,87.1667,12.8333,1223.0000,0
1229.10,5,95.5000,0,0,94.8449,5.1551,1228.0000,0
1229.10,6,0.0000,0,0,97.3224,2.6776,1164.0000,0
1229.10,7,0.0000,0,0,86.0986,13.9014,1164.0000,0
1229.10,8,7.0000,0,0,93.2337,6.7663,1169.0000,0
1229.10,9,0.0000,0,0,93.8227,6.1773,1164.0000,0
1230.10,0,46.0000,0,0,92.6188,7.3812,1196.0000,0
1230.10,1,0.0000,0,0,100.0000,0.0000,1165.0000,0
1230.10,2,0.0000,0,0,98.7212,1.2788,1165.0000,0
1230.10,3,80.5000,0,0,97.8350,2.1650,1219.0000,0
1230.10,4,88.0000,0,0,87.1667,12.8333,1224.0000,0
1230.10,5,95.5000,0,0,94.8449,5.1551,1229.0000,0
1230.10,6,0.0000,0,0,97.3224,2.6776,1165.0000,0
1230.10,7,0.0000,0,0,86.0986,13.9014,1165.0000,0
1230.10,8,7.0000,0,0,93.2337,6.7663,1170.0000,0
1230.10,9,0.0000,0,0,93.8227,6.1773,1165.0000,0
1231.10,0,46.0000,0,0,92.6188,7.3812,1197.0000,0
1231.10,1,0.0000,0,0,100.0000,0.0000,1166.0000,0
1231.10,2,0.0000,0,0,98.7212,1.2788,1166.0000,0
1231.10,3,80.5000,0,0,97.8350,2.1650,1220.0000,0
1231.10,4,88.0000,0,0,87.1667,12.8333,1225.0000,0
1231.10,5,95.5000,0,0,94.8449,5.1551,1230.0000,0
1231.10,6,0.0000,0,0,97.3224,2.6776,1166.0000,0
1231.10,7,0.0000,0,0,86.0986,13.9014,1166.0000,0
1231.10,8,7.0000,0,0,93.2337,6.7663,1171.0000,0
1231.10,9,0.0000,0,0,93.8227,6.1773,1166.0000,0
1232.10,0,46.0000,0,0,92.6188,7.3812,1198.0000,0
1232.10,1,0.0000,0,0,100.0000,0.0000,1167.0000,0
1232.10,2,0.0000,0,0,98.7212,1.2788,1167.0000,0
1232.10,3,80.5000,0,0,97.8350,2.1650,1221.0000,0
1232.10,4,88.0000,0,0,87.1667,12.8333,1226.0000,0
1232.10,5,95.5000,0,0,94.8449,5.1551,1231.0000,0
1232.10,6,0.0000,0,0,97.3224,2.6776,1167.0000,0
1232.10,7,0.0000,0,0,86.0986,13.9014,1167.0000,0
1232.10,8,7.0000,0,0,93.2337,6.7663,1172.0000,0
1232.10,9,0.0000,0,0,93.8227,6.1773,1167.0000,0
1233.10,0,46.0000,0,0,92.6188,7.3812,1199.0000,0
1233.10,1,0.0000,0,0,100.0000,0.0000,1168.0000,0
1233.10,2,0.0000,0,0,98.7212,1.2788,1168.0000,0
1233.10,3,80.5000,0,0,97.8350,2.1650,1222.0000,0
1233.10,4,88.0000,0,0,87.1667,12.8333,1227.0000,0
1233.10,5,95.5000,0,0,94.8449,5.1551,1232.0000,0
1233.10,6,0.0000,0,0,97.3224,2.6776,1168.0000,0
1233.10,7,0.0000,0,0,86.0986,13.9014,1168.0000,0
1233.10,8,7.0000,0,0,93.2337,6.7663,1173.0000,0
1233.10,9,0.0000,0,0,93.8227,6.1773,1168.0000,0
1234.10,0,46.0000,0,0,92.6188,7.3812,1200.0000,0
1234.10,1,0.0000,0,0,100.0000,0.0000,1169.0000,0
1234.10,2,0.0000,0,0,98.7212,1.2788,1169.0000,0
1234.10,3,80.5000,0,0,97.8350,2.1650,1223.0000,0
1234.10,4,88.0000,0,0,87.1667,12.8333,1228.0000,0
1234.10,5,95.5000,0,0,94.8449,5.1551,1233.0000,0
1234.10,6,0.0000,0,0,97.3224,2.6776,1169.0000,0
1234.10,7,0.0000,0,0,86.0986,13.9014,1169.0000,0
1234.10,8,7.0000,0,0,93.2337,6.7663,1174.0000,0
1234.10,9,0.0000,0,0,93.8227,6.1773,1169.0000,0
1235.10,0,46.0000,0,0,92.6188,7.3812,1201.0000,0
1235.10,1,0.0000,0,0,100.0000,0.0000,1170.0000,0
1235.10,2,0.0000,0,0,98.7212,1.2788,1170.0000,0
1235.10,3,80.5000,0,0,97.8350,2.1650,1224.0000,0
1235.10,4,88.0000,0,0,87.1667,12.8333,1229.0000,0
1235.10,5,95.5000,0,0,94.8449,5.1551,1234.0000,0
1235.10,6,0.0000,0,0,97.3224,2.6776,1170.0000,0
1235.10,7,0.0000,0,0,86.0986,13.9014,1170.0000,0
1235.10,8,7.0000,0,0,93.2337,6.7663,1175.0000,0
1235.10,9,0.0000,0,0,93.8227,6.1773,1170.0000,0
1236.10,0,46.0000,0,0,92.6188,7.3812,1202.0000,0
1236.10,1,0.0000,0,0,100.0000,0.0000,1171.0000,0
1236.10,2,0.0000,0,0,98.7212,1.2788,1171.0000,0
1236.10,3,80.5000,0,0,97.8350,2.1650,1225.0000,0
1236.10,4,88.0000,0,0,87.1667,12.8333,1230.0000,0
1236.10,5,95.5000,0,0,94.8449,5.1551,1235.0000,0
1236.10,6,0.0000,0,0,97.3224,2.6776,1171.0000,0
1236.10,7,0.0000,0,0,86.0986,13.9014,1171.0000,0
1236.10,8,7.0000,0,0,93.2337,6.7663,1176.0000,0
1236.10,9,0.0000,0,0,93.8227,6.1773,1171.0000,0
1237.10,0,46.0000,0,0,92.6188,7.3812,1203.0000,0
1237.10,1,0.0000,0,0,100.0000,0.0000,1172.0000,0
1237.10,2,0.0000,0,0,98.7212,1.2788,1172.0000,0
1237.10,3,80.5000,0,0,97.8350,2.1650,1226.0000,0
1237.10,4,88.0000,0,0,87.1667,12.8333,1231.0000,0
1237.10,5,95.5000,0,0,94.8449,5.1551,1236.0000,0
1237.10,6,0.0000,0,0,97.3224,2.6776,1172.0000,0
1237.10,7,0.0000,0,0,86.0986,13.9014,1172.0000,0
1237.10,8,7.0000,0,0,93.2337,6.7663,1177.0000,0
1237.10,9,0.0000,0,0,93.8227,6.1773,1172.0000,0
1238.10,0,46.0000,0,0,92.6188,7.3812,1204.0000,0
1238.10,1,0.0000,0,0,100.0000,0.0000,1173.0000,0
1238.10,2,0.0000,0,0,98.7212,1.2788,1173.0000,0
1238.10,3,80.5000,0,0,97.8350,2.1650,1227.0000,0
1238.10,4,88.0000,0,0,87.1667,12.8333,1232.0000,0
1238.10,5,95.5000,0,0,94.8449,5.1551,1237.0000,0
1238.10,6,0.0000,0,0,97.3224,2.6776,1173.0000,0
1238.10,7,0.0000,0,0,86.0986,13.9014,1173.0000,0
1238.10,8,7.0000,0,0,93.2337,6.7663,1178.0000,0
1238.10,9,0.0000,0,0,93.8227,6.1773,1173.0000,0
1239.10,0,46.0000,0,0,92.6188,7.3812,1205.0000,0
1239.10,1,0.0000,0,0,100.0000,0.0000,1174.0000,0
1239.10,2,0.0000,0,0,98.7212,1.2788,1174.0000,0
1239.10,3,80.5000,0,0,97.8350,2.1650,1228.0000,0
1239.10,4,88.0000,0,0,87.1667,12.8333,1233.0000,0
1239.10,5,95.5000,0,0,94.8449,5.1551,1238.0000,0
1239.10,6,0.0000,0,0,97.3224,2.6776,1174.0000,0
1239.10,7,0.0000,0,0,86.0986,13.9014,1174.0000,0
1239.10,8,7.0000,0,0,93.2337,6.7663,1179.0000,0
1239.10,9,0.0000,0,0,93.8227,6.1773,1174.0000,0
1240.10,0,46.0000,0,0,92.6188,7.3812,1206.0000,0
1240.10,1,0.0000,0,0,100.0000,0.0000,1175.0000,0
1240.10,2,0.0000,0,0,98.7212,1.2788,1175.0000,0
1240.10,3,80.5000,0,0,97.8350,2.1650,1229.0000,0
1240.10,4,88.0000,0,0,87.1667,12.8333,1234.0000,0
1240.10,5,95.5000,0,0,94.8449,5.1551,1239.0000,0
1240.10,6,0.0000,0,0,97.3224,2.6776,1175.0000,0
1240.10,7,0.0000,0,0,86.0986,13.9014,1175.0000,0
1240.10,8,7.0000,0,0,93.2337,6.7663,1180.0000,0
1240.10,9,0.0000,0,0,93.8227,6.1773,1175.0000,0
1241.10,0,46.0000,0,0,92.6188,7.3812,1207.0000,0
1241.10,1,0.0000,0,0,100.0000,0.0000,1176.0000,0
1241.10,2,0.0000,0,0,98.7212,1.2788,1176.0000,0
1241.10,3,80.5000,0,0,97.8350,2.1650,1230.0000,0
1241.10,4,88.0000,0,0,87.1667,12.8333,1235.0000,0
1241.10,5,95.5000,0,0,94.8449,5.1551,1240.0000,0
1241.10,6,0.0000,0,0,97.3224,2.6776,1176.0000,0
1241.10,7,0.0000,0,0,86.0986,13.9014,1176.0000,0
1241.10,8,7.0000,0,0,93.2337,6.7663,1181.0000,0
1241.10,9,0.0000,0,0,93.8227,6.1773,1176.0000,0
1242.10,0,46.0000,0,0,92.6188,7.3812,1208.0000,0
1242.10,1,0.0000,0,0,100.0000,0.0000,1177.0000,0
1242.10,2,0.0000,0,0,98.7212,1.2788,1177.0000,0
1242.10,3,80.5000,0,0,97.8350,2.1650,1231.0000,0
1242.10,4,88.0000,0,0,87.1667,12.8333,1236.0000,0
1242.10,5,95.5000,0,0,94.8449,5.1551,1241.0000,0
1242.10,6,0.0000,0,0,97.3224,2.6776,1177.0000,0
1242.10,7,0.0000,0,0,86.0986,13.9014,1177.0000,0
1242.10,8,7.0000,0,0,93.2337,6.7663,1182.0000,0
1242.10,9,0.0000,0,0,93.8227,6.1773,1177.0000,0
1243.10,0,46.0000,0,0,92.6188,7.3812,1209.0000,0
1243.10,1,0.0000,0,0,100.0000,0.0000,1178.0000,0
1243.10,2,0.0000,0,0,98.7212,1.2788,1178.0000,0
1243.10,3,80.5000,0,0,97.8350,2.1650,1232.0000,0
1243.10,4,88.0000,0,0,87.1667,12.8333,1237.0000,0
1243.10,5,95.5000,0,0,94.8449,5.1551,1242.0000,0
1243.10,6,0.0000,0,0,97.3224,2.6776,1178.0000,0
1243.10,7,0.0000,0,0,86.0986,13.9014,1178.0000,0
1243.10,8,7.0000,0,0,93.2337,6.7663,1183.0000,0
1243.10,9,0.0000,0,0,93.8227,6.1773,1178.0000,0
1244.10,0,46.0000,0,0,92.6188,7.3812,1210.0000,0
1244.10,1,0.0000,0,0,100.0000,0.0000,1179.0000,0
1244.10,2,0.0000,0,0,98.7212,1.2788,1179.0000,0
1244.10,3,80.5000,0,0,97.8350,2.1650,1233.0000,0
1244.10,4,88.0000,0,0,87.1667,12.8333,1238.0000,0
1244.10,5,95.5000,0,0,94.8449,5.1551,1243.0000,0
1244.10,6,0.0000,0,0,97.3224,2.6776,1179.0000,0
1244.10,7,0.0000,0,0,86.0986,13.9014,1179.0000,0
1244.10,8,7.0000,0,0,93.2337,6.7663,1184.0000,0
1244.10,9,0.0000,0,0,93.8227,6.1773,1179.0000,0
1245.10,0,46.0000,0,0,92.6188,7.3812,1211.0000,0
1245.10,1,0.0000,0,0,100.0000,0.0000,1180.0000,0
1245.10,2,0.0000,0,0,98.7212,1.2788,1180.0000,0
1245.10,3,80.5000,0,0,97.8350,2.1650,1234.0000,0
1245.10,4,88.0000,0,0,87.1667,12.8333,1239.0000,0
1245.10,5,95.5000,0,0,94.8449,5.1551,1244.0000,0
1245.10,6,0.0000,0,0,97.3224,2.6776,1180.0000,0
1245.10,7,0.0000,0,0,86.0986,13.9014,1180.0000,0
1245.10,8,7.0000,0,0,93.2337,6.7663,1185.0000,0
1245.10,9,0.0000,0,0,93.8227,6.1773,1180.0000,0
1246.10,0,46.0000,0,0,92.6188,7.3812,1212.0000,0
1246.10,1,0.0000,0,0,100.0000,0.0000,1181.0000,0
1246.10,2,0.0000,0,0,98.7212,1.2788,1181.0000,0
1246.10,3,80.5000,0,0,97.8350,2.1650,1235.0000,0
1246.10,4,88.0000,0,0,87.1667,12.8333,1240.0000,0
1246.10,5,95.5000,0,0,94.8449,5.1551,1245.0000,0
1246.10,6,0.0000,0,0,97.3224,2.6776,1181.0000,0
1246.10,7,0.0000,0,0,86.0986,13.9014,1181.0000,0
1246.10,8,7.0000,0,0,93.2337,6.7663,1186.0000,0
1246.10,9,0.0000,0,0,93.8227,6.1773,1181.0000,0
1247.10,0,46.0000,0,0,92.6188,7.3812,1213.0000,0
1247.10,1,0.0000,0,0,100.0000,0.0000,1182.0000,0
1247.10,2,0.0000,0,0,98.7212,1.2788,1182.0000,0
1247.10,3,80.5000,0,0,97.8350,2.1650,1236.0000,0
1247.10,4,88.0000,0,0,87.1667,12.8333,1241.0000,0
1247.10,5,95.5000,0,0,94.8449,5.1551,1246.0000,0
1247.10,6,0.0000,0,0,97.3224,2.6776,1182.0000,0
1247.10,7,0.0000,0,0,86.0986,13.9014,1182.0000,0
1247.10,8,7.0000,0,0,93.2337,6.7663,1187.0000,0
1247.10,9,0.0000,0,0,93.8227,6.1773,1182.0000,0
1248.10,0,46.0000,0,0,92.6188,7.3812,1214.0000,0
1248.10,1,0.0000,0,0,100.0000,0.0000,1183.0000,0
1248.10,2,0.0000,0,0,98.7212,1.2788,1183.0000,0
1248.10,3,80.5000,0,0,97.8350,2.1650,1237.0000,0
1248.10,4,88.0000,0,0,87.1667,12.8333,1242.0000,0
1248.10,5,95.5000,0,0,94.8449,5.1551,1247.0000,0
1248.10,6,0.0000,0,0,97.3224,2.6776,1183.0000,0
1248.10,7,0.0000,0,0,86.0986,13.9014,1183.0000,0
1248.10,8,7.0000,0,0,93.2337,6.7663,1188.0000,0
1248.10,9,0.0000,0,0,93.8227,6.1773,1183.0000,0
1249.10,0,46.0000,0,0,92.6188,7.3812,1215.0000,0
1249.10,1,0.0000,0,0,100.0000,0.0000,1184.0000,0
1249.10,2,0.0000,0,0,98.7212,1.2788,1184.0000,0
1249.10,3,80.5000,0,0,97.8350,2.1650,1238.0000,0
1249.10,4,88.0000,0,0,87.1667,12.8333,1243.0000,0
1249.10,5,95.5000,0,0,94.8449,5.1551,1248.0000,0
1249.10,6,0.0000,0,0,97.3224,2.6776,1184.0000,0
1249.10,7,0.0000,0,0,86.0986,13.9014,1184.0000,0
1249.10,8,7.0000,0,0,93.2337,6.7663,1189.0000,0
1249.10,9,0.0000,0,0,93.8227,6.1773,1184.0000,0
1250.10,0,46.0000,0,0,92.6188,7.3812,1216.0000,0
1250.10,1,0.0000,0,0,100.0000,0.0000,1185.0000,0
1250.10,2,0.0000,0,0,98.7212,1.2788,1185.0000,0
1250.10,3,80.5000,0,0,97.8350,2.1650,1239.0000,0
1250.10,4,88.0000,0,0,87.1667,12.8333,1244.0000,0
1250.10,5,95.5000,0,0,94.8449,5.1551,1249.0000,0
1250.10,6,0.0000,0,0,97.3224,2.6776,1185.0000,0
1250.10,7,0.0000,0,0,86.0986,13.9014,1185.0000,0
1250.10,8,7.0000,0,0,93.2337,6.7663,1190.0000,0
1250.10,9,0.0000,0,0,93.8227,6.1773,1185.0000,0
1251.10,0,46.0000,0,0,92.6188,7.3812,1217.0000,0
1251.10,1,0.0000,0,0,100.0000,0.0000,1186.0000,0
1251.10,2,0.0000,0,0,98.7212,1.2788,1186.0000,0
1251.10,3,80.5000,0,0,97.8350,2.1650,1240.0000,0
1251.10,4,88.0000,0,0,87.1667,12.8333,1245.0000,0
1251.10,5,95.5000,0,0,94.8449,5.1551,1250.0000,0
1251.10,6,0.0000,0,0,97.3224,2.6776,1186.0000,0
1251.10,7,0.0000,0,0,86.0986,13.9014,1186.0000,0
1251.10,8,7.0000,0,0,93.2337,6.7663,1191.0000,0
1251.10,9,0.0000,0,0,93.8227,6.1773,1186.0000,0
1252.10,0,46.0000,0,0,92.6188,7.3812,1218.0000,0
1252.10,1,0.0000,0,0,100.0000,0.0000,1187.0000,0
1252.10,2,0.0000,0,0,98.7212,1.2788,1187.0000,0
1252.10,3,80.5000,0,0,97.8350,2.1650,1241.0000,0
1252.10,4,88.0000,0,0,87.1667,12.8333,1246.0000,0
1252.10,5,95.5000,0,0,94.8449,5.1551,1251.0000,0
1252.10,6,0.0000,0,0,97.3224,2.6776,1187.0000,0
1252.10,7,0.0000,0,0,86.0986,13.9014,1187.0000,0
1252.10,8,7.0000,0,0,93.2337,6.7663,1192.0000,0
1252.10,9,0.0000,0,0,93.8227,6.1773,1187.0000,0
1253.10,0,46.0000,0,0,92.6188,7.3812,1219.0000,0
1253.10,1,0.0000,0,0,100.0000,0.0000,1188.0000,0
1253.10,2,0.0000,0,0,98.7212,1.2788,1188.0000,0
1253.10,3,80.5000,0,0,97.8350,2.1650,1242.0000,0
1253.10,4,88.0000,0,0,87.1667,12.8333,1247.0000,0
1253.10,5,95.5000,0,0,94.8449,5.1551,1252.0000,0
1253.10,6,0.0000,0,0,97.3224,2.6776,1188.0000,0
1253.10,7,0.0000,0,0,86.0986,13.9014,1188.0000,0
1253.10,8,7.0000,0,0,93.2337,6.7663,1193.0000,0
1253.10,9,0.0000,0,0,93.8227,6.1773,1188.0000,0
1254.10,0,46.0000,0,0,92.6188,7.3812,1220.0000,0
1254.10,1,0.0000,0,0,100.0000,0.0000,1189.0000,0
1254.10,2,0.0000,0,0,98.7212,1.2788,1189.0000,0
1254.10,3,80.5000,0,0,97.8350,2.1650,1243.0000,0
1254.10,4,88.0000,0,0,87.1667,12.8333,1248.0000,0
1254.10,5,95.5000,0,0,94.8449,5.1551,1253.0000,0
1254.10,6,0.0000,0,0,97.3224,2.6776,1189.0000,0
1254.10,7,0.0000,0,0,86.0986,13.9014,1189.0000,0
1254.10,8,7.0000,0,0,93.2337,6.7663,1194.0000,0
1254.10,9,0.0000,0,0,93.8227,6.1773,1189.0000,0
1255.10,0,46.0000,0,0,92.6188,7.3812,1221.0000,0
1255.10,1,0.0000,0,0,100.0000,0.0000,1190.0000,0
1255.10,2,0.0000,0,0,98.7212,1.2788,1190.0000,0
1255.10,3,80.5000,0,0,97.8350,2.1650,1244.0000,0
1255.10,4,88.0000,0,0,87.1667,12.8333,1249.0000,0
1255.10,5,95.5000,0,0,94.8449,5.1551,1254.0000,0
1255.10,6,0.0000,0,0,97.3224,2.6776,1190.0000,0
1255.10,7,0.0000,0,0,86.0986,13.9014,1190.0000,0
1255.10,8,7.0000,0,0,93.2337,6.7663,1195.0000,0
1255.10,9,0.0000,0,0,93.8227,6.1773,1190.0000,0
1256.10,0,46.0000,0,0,92.6188,7.3812,1222.0000,0
1256.10,1,0.0000,0,0,100.0000,0.0000,1191.0000,0
1256.10,2,0.0000,0,0,98.7212,1.2788,1191.0000,0
1256.10,3,80.5000,0,0,97.8350,2.1650,1245.0000,0
1256.10,4,88.0000,0,0,87.1667,12.8333,1250.0000,0
1256.10,5,95.5000,0,0,94.8449,5.1551,1255.0000,0
1256.10,6,0.0000,0,0,97.3224,2.6776,1191.0000,0
1256.10,7,0.0000,0,0,86.0986,13.9014,1191.0000,0
1256.10,8,7.0000,0,0,93.2337,6.7663,1196.0000,0
1256.10,9,0.0000,0,0,93.8227,6.1773,1191.0000,0
1257.10,0,46.0000,0,0,92.6188,7.3812,1223.0000,0
1257.10,1,0.0000,0,0,100.0000,0.0000,1192.0000,0
1257.10,2,0.0000,0,0,98.7212,1.2788,1192.0000,0
1257.10,3,80.5000,0,0,97.8350,2.1650,1246.0000,0
1257.10,4,88.0000,0,0,87.1667,12.8333,1251.0000,0
1257.10,5,95.5000,0,0,94.8449,5.1551,1256.0000,0
1257.10,6,0.0000,0,0,97.3224,2.6776,1192.0000,0
1257.10,7,0.0000,0,0,86.0986,13.9014,1192.0000,0
1257.10,8,7.0000,0,0,93.2337,6.7663,1197.0000,0
1257.10,9,0.0000,0,0,93.8227,6.1773,1192.0000,0
1258.10,0,46.0000,0,0,92.6188,7.3812,1224.0000,0
1258.10,1,0.0000,0,0,100.0000,0.0000,1193.0000,0
1258.10,2,0.0000,0,0,98.7212,1.2788,1193.0000,0
1258.10,3,80.5000,0,0,97.8350,2.1650,1247.0000,0
1258.10,4,88.0000,0,0,87.1667,12.8333,1252.0000,0
1258.10,5,95.5000,0,0,94.8449,5.1551,1257.0000,0
1258.10,6,0.0000,0,0,97.3224,2.6776,1193.0000,0
1258.10,7,0.0000,0,0,86.0986,13.9014,1193.0000,0
1258.10,8,7.0000,0,0,93.2337,6.7663,1198.0000,0
1258.10,9,0.0000,0,0,93.8227,6.1773,1193.0000,0
1259.10,0,46.0000,0,0,92.6188,7.3812,1225.0000,0
1259.10,1,0.0000,0,0,100.0000,0.0000,1194.0000,0
1259.10,2,0.0000,0,0,98.7212,1.2788,1194.0000,0
1259.10,3,80.5000,0,0,97.8350,2.1650,1248.0000,0
1259.10,4,88.0000,0,0,87.1667,12.8333,1253.0000,0
1259.10,5,95.5000,0,0,94.8449,5.1551,1258.0000,0
1259.10,6,0.0000,0,0,97.3224,2.6776,1194.0000,0
1259.10,7,0.0000,0,0,86.0986,13.9014,1194.0000,0
1259.10,8,7.0000,0,0,93.2337,6.7663,1199.0000,0
1259.10,9,0.0000,0,0,93.8227,6.1773,1194.0000,0
1260.10,0,46.0000,0,0,92.6188,7.3812,1226.0000,0
1260.10,1,0.0000,0,0,100.0000,0.0000,1195.0000,0
1260.10,2,0.0000,0,0,98.7212,1.2788,1195.0000,0
1260.10,3,80.5000,0,0,97.8350,2.1650,1249.0000,0
1260.10,4,88.0000,0,0,87.1667,12.8333,1254.0000,0
1260.10,5,95.5000,0,0,94.8449,5.1551,1259.0000,0
1260.10,6,0.0000,0,0,97.3224,2.6776,1195.0000,0
1260.10,7,0.0000,0,0,86.0986,13.9014,1195.0000,0
1260.10,8,7.0000,0,0,93.2337,6.7663,1200.0000,0
1260.10,9,0.0000,0,0,93.8227,6.1773,1195.0000,0
1261.10,0,46.0000,0,0,92.6188,7.3812,1227.0000,0
1261.10,1,0.0000,0,0,100.0000,0.0000,1196.0000,0
1261.10,2,0.0000,0,0,98.7212,1.2788,1196.0000,0
1261.10,3,80.5000,0,0,97.8350,2.1650,1250.0000,0
1261.10,4,88.0000,0,0,87.1667,12.8333,1255.0000,0
1261.10,5,95.5000,0,0,94.8449,5.1551,1260.0000,0
1261.10,6,0.0000,0,0,97.3224,2.6776,1196.0000,0
1261.10,7,0.0000,0,0,86.0986,13.9014,1196.0000,0
1261.10,8,7.0000,0,0,93.2337,6.7663,1201.0000,0
1261.10,9,0.0000,0,0,93.8227,6.1773,1196.0000,0
1262.10,0,46.0000,0,0,92.6188,7.3812,1228.0000,0
1262.10,1,0.0000,0,0,100.0000,0.0000,1197.0000,0
1262.10,2,0.0000,0,0,98.7212,1.2788,1197.0000,0
1262.10,3,80.5000,0,0,97.8350,2.1650,1251.0000,0
1262.10,4,88.0000,0,0,87.1667,12.8333,1256.0000,0
1262.10,5,95.5000,0,0,94.8449,5.1551,1261.0000,0
1262.10,6,0.0000,0,0,97.3224,2.6776,1197.0000,0
1262.10,7,0.0000,0,0,86.0986,13.9014,1197.0000,0
1262.10,8,7.0000,0,0,93.2337,6.7663,1202.0000,0
1262.10,9,0.0000,0,0,93.8227,6.1773,1197.0000,0
1263.10,0,46.0000,0,0,92.6188,7.3812,1229.0000,0
1263.10,1,0.0000,0,0,100.0000,0.0000,1198.0000,0
1263.10,2,0.0000,0,0,98.7212,1.2788,1198.0000,0
1263.10,3,80.5000,0,0,97.8350,2.1650,1252.0000,0
1263.10,4,88.0000,0,0,87.1667,12.8333,1257.0000,0
1263.10,5,95.5000,0,0,94.8449,5.1551,1262.0000,0
1263.10,6,0.0000,0,0,97.3224,2.6776,1198.0000,0
1263.10,7,0.0000,0,0,86.0986,13.9014,1198.0000,0
1263.10,8,7.0000,0,0,93.2337,6.7663,1203.0000,0
1263.10,9,0.0000,0,0,93.8227,6.1773,1198.0000,0
1264.10,0,46.0000,0,0,92.6188,7.3812,1230.0000,0
1264.10,1,0.0000,0,0,100.0000,0.0000,1199.0000,0
1264.10,2,0.0000,0,0,98.7212,1.2788,1199.0000,0
1264.10,3,80.5000,0,0,97.8350,2.1650,1253.0000,0
1264.10,4,88.0000,0,0,87.1667,12.8333,1258.0000,0
1264.10,5,95.5000,0,0,94.8449,5.1551,1263.0000,0
1264.10,6,0.0000,0,0,97.3224,2.6776,1199.0000,0
1264.10,7,0.0000,0,0,86.0986,13.9014,1199.0000,0
1264.10,8,7.0000,0,0,93.2337,6.7663,1204.0000,0
1264.10,9,0.0000,0,0,93.8227,6.1773,1199.0000,0
1265.10,0,46.0000,0,0,92.6188,7.3812,1231.0000,0
1265.10,1,0.0000,0,0,100.0000,0.0000,1200.0000,0
1265.10,2,0.0000,0,0,98.7212,1.2788,1200.0000,0
1265.10,3,80.5000,0,0,97.8350,2.1650,1254.0000,0
1265.10,4,88.0000,0,0,87.1667,12.8333,1259.0000,0
1265.10,5,95.5000,0,0,94.8449,5.1551,1264.0000,0
1265.10,6,0.0000,0,0,97.3224,2.6776,1200.0000,0
1265.10,7,0.0000,0,0,86.0986,13.9014,1200.0000,0
1265.10,8,7.0000,0,0,93.2337,6.7663,1205.0000,0
1265.10,9,0.0000,0,0,93.8227,6.1773,1200.0000,0
1266.10,0,46.0000,0,0,92.6188,7.3812,1232.0000,0
1266.10,1,0.0000,0,0,100.0000,0.0000,1201.0000,0
1266.10,2,0.0000,0,0,98.7212,1.2788,1201.0000,0
1266.10,3,80.5000,0,0,97.8350,2.1650,1255.0000,0
1266.10,4,88.0000,0,0,87.1667,12.8333,1260.0000,0
1266.10,5,95.5000,0,0,94.8449,5.1551,1265.0000,0
1266.10,6,0.0000,0,0,97.3224,2.6776,1201.0000,0
1266.10,7,0.0000,0,0,86.0986,13.9014,1201.0000,0
1266.10,8,7.0000,0,0,93.2337,6.7663,1206.0000,0
1266.10,9,0.0000,0,0,93.8227,6.1773,1201.0000,0
1267.10,0,46.0000,0,0,92.6188,7.3812,1233.0000,0
1267.10,1,0.0000,0,0,100.0000,0.0000,1202.0000,0
1267.10,2,0.0000,0,0,98.7212,1.2788,1202.0000,0
1267.10,3,80.5000,0,0,97.8350,2.1650,1256.0000,0
1267.10,4,88.0000,0,0,87.1667,12.8333,1261.0000,0
1267.10,5,95.5000,0,0,94.8449,5.1551,1266.0000,0
1267.10,6,0.0000,0,0,97.3224,2.6776,1202.0000,0
1267.10,7,0.0000,0,0,86.0986,13.9014,1202.0000,0
1267.10,8,7.0000,0,0,93.2337,6.7663,1207.0000,0
1267.10,9,0.0000,0,0,93.8227,6.1773,1202.0000,0
1268.10,0,46.0000,0,0,92.6188,7.3812,1234.0000,0
1268.10,1,0.0000,0,0,100.0000,0.0000,1203.0000,0
1268.10,2,0.0000,0,0,98.7212,1.2788,1203.0000,0
1268.10,3,80.5000,0,0,97.8350,2.1650,1257.0000,0
1268.10,4,88.0000,0,0,87.1667,12.8333,1262.0000,0
1268.10,5,95.5000,0,0,94.8449,5.1551,1267.0000,0
1268.10,6,0.0000,0,0,97.3224,2.6776,1203.0000,0
1268.10,7,0.0000,0,0,86.0986,13.9014,1203.0000,0
1268.10,8,7.0000,0,0,93.2337,6.7663,1208.0000,0
1268.10,9,0.0000,0,0,93.8227,6.1773,1203.0000,0
1269.10,0,46.0000,0,0,92.6188,7.3812,1235.0000,0
1269.10,1,0.0000,0,0,100.0000,0.0000,1204.0000,0
1269.10,2,0.0000,0,0,98.7212,1.2788,1204.0000,0
1269.10,3,80.5000,0,0,97.8350,2.1650,1258.0000,0
1269.10,4,88.0000,0,0,87.1667,12.8333,1263.0000,0
1269.10,5,95.5000,0,0,94.8449,5.1551,1268.0000,0
1269.10,6,0.0000,0,0,97.3224,2.6776,1204.0000,0
1269.10,7,0.0000,0,0,86.0986,13.9014,1204.0000,0
1269.10,8,7.0000,0,0,93.2337,6.7663,1209.0000,0
1269.10,9,0.0000,0,0,93.8227,6.1773,1204.0000,0
1270.10,0,46.0000,0,0,92.6188,7.3812,1236.0000,0
1270.10,1,0.0000,0,0,100.0000,0.0000,1205.0000,0
1270.10,2,0.0000,0,0,98.7212,1.2788,1205.0000,0
1270.10,3,80.5000,0,0,97.8350,2.1650,1259.0000,0
1270.10,4,88.0000,0,0,87.1667,12.8333,1264.0000,0
1270.10,5,95.5000,0,0,94.8449,5.1551,1269.0000,0
1270.10,6,0.0000,0,0,97.3224,2.6776,1205.0000,0
1270.10,7,0.0000,0,0,86.0986,13.9014,1205.0000,0
1270.10,8,7.0000,0,0,93.2337,6.7663,1210.0000,0
1270.10,9,0.0000,0,0,93.8227,6.1773,1205.0000,0
1271.10,0,46.0000,0,0,92.6188,7.3812,1237.0000,0
1271.10,1,0.0000,0,0,100.0000,0.0000,1206.0000,0
1271.10,2,0.0000,0,0,98.7212,1.2788,1206.0000,0
1271.10,3,80.5000,0,0,97.8350,2.1650,1260.0000,0
1271.10,4,88.0000,0,0,87.1667,12.8333,1265.0000,0
1271.10,5,95.5000,0,0,94.8449,5.1551,1270.0000,0
1271.10,6,0.0000,0,0,97.3224,2.6776,1206.0000,0
1271.10,7,0.0000,0,0,86.0986,13.9014,1206.0000,0
1271.10,8,7.0000,0,0,93.2337,6.7663,1211.0000,0
1271.10,9,0.0000,0,0,93.8227,6.1773,1206.0000,0
1272.10,0,46.0000,0,0,92.6188,7.3812,1238.0000,0
1272.10,1,0.0000,0,0,100.0000,0.0000,1207.0000,0
1272.10,2,0.0000,0,0,98.7212,1.2788,1207.0000,0
1272.10,3,80.5000,0,0,97.8350,2.1650,1261.0000,0
1272.10,4,88.0000,0,0,87.1667,12.8333,1266.0000,0
1272.10,5,95.5000,0,0,94.8449,5.1551,1271.0000,0
1272.10,6,0.0000,0,0,97.3224,2.6776,1207.0000,0
1272.10,7,0.0000,0,0,86.0986,13.9014,1207.0000,0
1272.10,8,7.0000,0,0,93.2337,6.7663,1212.0000,0
1272.10,9,0.0000,0,0,93.8227,6.1773,1207.0000,0
1273.10,0,46.0000,0,0,92.6188,7.3812,1239.0000,0
1273.10,1,0.0000,0,0,100.0000,0.0000,1208.0000,0
1273.10,2,0.0000,0,0,98.7212,1.2788,1208.0000,0
1273.10,3,80.5000,0,0,97.8350,2.1650,1262.0000,0
1273.10,4,88.0000,0,0,87.1667,12.8333,1267.0000,0
1273.10,5,95.5000,0,0,94.8449,5.1551,1272.0000,0
1273.10,6,0.0000,0,0,97.3224,2.6776,1208.0000,0
1273.10,7,0.0000,0,0,86.0986,13.9014,1208.0000,0
1273.10,8,7.0000,0,0,93.2337,6.7663,1213.0000,0
1273.10,9,0.0000,0,0,93.8227,6.1773,1208.0000,0
1274.10,0,46.0000,0,0,92.6188,7.3812,1240.0000,0
1274.10,1,0.0000,0,0,100.0000,0.0000,1209.0000,0
1274.10,2,0.0000,0,0,98.7212,1.2788,1209.0000,0
1274.10,3,80.5000,0,0,97.8350,2.1650,1263.0000,0
1274.10,4,88.0000,0,0,87.1667,12.8333,1268.0000,0
1274.10,5,95.5000,0,0,94.8449,5.1551,1273.0000,0
1274.10,6,0.0000,0,0,97.3224,2.6776,1209.0000,0
1274.10,7,0.0000,0,0,86.0986,13.9014,1209.0000,0
1274.10,8,7.0000,0,0,93.2337,6.7663,1214.0000,0
1274.10,9,0.0000,0,0,93.8227,6.1773,1209.0000,0
1275.10,0,46.0000,0,0,92.6188,7.3812,1241.0000,0
1275.10,1,0.0000,0,0,100.0000,0.0000,1210.0000,0
1275.10,2,0.0000,0,0,98.7212,1.2788,1210.0000,0
1275.10,3,80.5000,0,0,97.8350,2.1650,1264.0000,0
1275.10,4,88.0000,0,0,87.1667,12.8333,1269.0000,0
1275.10,5,95.5000,0,0,94.8449,5.1551,1274.0000,0
1275.10,6,0.0000,0,0,97.3224,2.6776,1210.0000,0
1275.10,7,0.0000,0,0,86.0986,13.9014,1210.0000,0
1275.10,8,7.0000,0,0,93.2337,6.7663,1215.0000,0
1275.10,9,0.0000,0,0,93.8227,6.1773,1210.0000,0
1276.10,0,46.0000,0,0,92.6188,7.3812,1242.0000,0
1276.10,1,0.0000,0,0,100.0000,0.0000,1211.0000,0
1276.10,2,0.0000,0,0,98.7212,1.2788,1211.0000,0
1276.10,3,80.5000,0,0,97.8350,2.1650,1265.0000,0
1276.10,4,88.0000,0,0,87.1667,12.8333,1270.0000,0
1276.10,5,95.5000,0,0,94.8449,5.1551,1275.0000,0
1276.10,6,0.0000,0,0,97.3224,2.6776,1211.0000,0
1276.10,7,0.0000,0,0,86.0986,13.9014,1211.0000,0
1276.10,8,7.0000,0,0,93.2337,6.7663,1216.0000,0
1276.10,9,0.0000,0,0,93.8227,6.1773,1211.0000,0
1277.10,0,46.0000,0,0,92.6188,7.3812,1243.0000,0
1277.10,1,0.0000,0,0,100.0000,0.0000,1212.0000,0
1277.10,2,0.0000,0,0,98.7212,1.2788,1212.0000,0
1277.10,3,80.5000,0,0,97.8350,2.1650,1266.0000,0
1277.10,4,88.0000,0,0,87.1667,12.8333,1271.0000,0
1277.10,5,95.5000,0,0,94.8449,5.1551,1276.0000,0
1277.10,6,0.0000,0,0,97.3224,2.6776,1212.0000,0
1277.10,7,0.0000,0,0,86.0986,13.9014,1212.0000,0
1277.10,8,7.0000,0,0,93.2337,6.7663,1217.0000,0
1277.10,9,0.0000,0,0,93.8227,6.1773,1212.0000,0
1278.10,0,46.0000,0,0,92.6188,7.3812,1244.0000,0
1278.10,1,0.0000,0,0,100.0000,0.0000,1213.0000,0
1278.10,2,0.0000,0,0,98.7212,1.2788,1213.0000,0
1278.10,3,80.5000,0,0,97.8350,2.1650,1267.0000,0
1278.10,4,88.0000,0,0,87.1667,12.8333,1272.0000,0
1278.10,5,95.5000,0,0,94.8449,5.1551,1277.0000,0
1278.10,6,0.0000,0,0,97.3224,2.6776,1213.0000,0
1278.10,7,0.0000,0,0,86.0986,13.9014,1213.0000,0
1278.10,8,7.0000,0,0,93.2337,6.7663,1218.0000,0
1278.10,9,0.0000,0,0,93.8227,6.1773,1213.0000,0
1279.10,0,46.0000,0,0,92.6188,7.3812,1245.0000,0
1279.10,1,0.0000,0,0,100.0000,0.0000,1214.0000,0
1279.10,2,0.0000,0,0,98.7212,1.2788,1214.0000,0
1279.10,3,80.5000,0,0,97.8350,2.1650,1268.0000,0
1279.10,4,88.0000,0,0,87.1667,12.8333,1273.0000,0
1279.10,5,95.5000,0,0,94.8449,5.1551,1278.0000,0
1279.10,6,0.0000,0,0,97.3224,2.6776,1214.0000,0
1279.10,7,0.0000,0,0,86.0986,13.9014,1214.0000,0
1279.10,8,7.0000,0,0,93.2337,6.7663,1219.0000,0
1279.10,9,0.0000,0,0,93.8227,6.1773,1214.0000,0
1280.10,0,46.0000,0,0,92.6188,7.3812,1246.0000,0
1280.10,1,0.0000,0,0,100.0000,0.0000,1215.0000,0
1280.10,2,0.0000,0,0,98.7212,1.2788,1215.0000,0
1280.10,3,80.5000,0,0,97.8350,2.1650,1269.0000,0
1280.10,4,88.0000,0,0,87.1667,12.8333,1274.0000,0
1280.10,5,95.5000,0,0,94.8449,5.1551,1279.0000,0
1280.10,6,0.0000,0,0,97.3224,2.6776,1215.0000,0
1280.10,7,0.0000,0,0,86.0986,13.9014,1215.0000,0
1280.10,8,7.0000,0,0,93.2337,6.7663,1220.0000,0
1280.10,9,0.0000,0,0,93.8227,6.1773,1215.0000,0
1281.10,0,46.0000,0,0,92.6188,7.3812,1247.0000,0
1281.10,1,0.0000,0,0,100.0000,0.0000,1216.0000,0
1281.10,2,0.0000,0,0,98.7212,1.2788,1216.0000,0
1281.10,3,80.5000,0,0,97.8350,2.1650,1270.0000,0
1281.10,4,88.0000,0,0,87.1667,12.8333,1275.0000,0
1281.10,5,95.5000,0,0,94.8449,5.1551,1280.0000,0
1281.10,6,0.0000,0,0,97.3224,2.6776,1216.0000,0
1281.10,7,0.0000,0,0,86.0986,13.9014,1216.0000,0
1281.10,8,7.0000,0,0,93.2337,6.7663,1221.0000,0
1281.10,9,0.0000,0,0,93.8227,6.1773,1216.0000,0
1282.10,0,46.0000,0,0,92.6188,7.3812,1248.0000,0
1282.10,1,0.0000,0,0,100.0000,0.0000,1217.0000,0
1282.10,2,0.0000,0,0,98.7212,1.2788,1217.0000,0
1282.10,3,80.5000,0,0,97.8350,2.1650,1271.0000,0
1282.10,4,88.0000,0,0,87.1667,12.8333,1276.0000,0
1282.10,5,95.5000,0,0,94.8449,5.1551,1281.0000,0
1282.10,6,0.0000,0,0,97.3224,2.6776,1217.0000,0
1282.10,7,0.0000,0,0,86.0986,13.9014,1217.0000,0
1282.10,8,7.0000,0,0,93.2337,6.7663,1222.0000,0
1282.10,9,0.0000,0,0,93.8227,6.1773,1217.0000,0
1283.10,0,46.0000,0,0,92.6188,7.3812,1249.0000,0
1283.10,1,0.0000,0,0,100.0000,0.0000,1218.0000,0
1283.10,2,0.0000,0,0,98.7212,1.2788,1218.0000,0
1283.10,3,80.5000,0,0,97.8350,2.1650,1272.0000,0
1283.10,4,88.0000,0,0,87.1667,12.8333,1277.0000,0
1283.10,5,95.5000,0,0,94.8449,5.1551,1282.0000,0
1283.10,6,0.0000,0,0,97.3224,2.6776,1218.0000,0
1283.10,7,0.0000,0,0,86.0986,13.9014,1218.0000,0
1283.10,8,7.0000,0,0,93.2337,6.7663,1223.0000,0
1283.10,9,0.0000,0,0,93.8227,6.1773,1218.0000,0
1284.10,0,46.0000,0,0,92.6188,7.3812,1250.0000,0
1284.10,1,0.0000,0,0,100.0000,0.0000,1219.0000,0
1284.10,2,0.0000,0,0,98.7212,1.2788,1219.0000,0
1284.10,3,80.5000,0,0,97.8350,2.1650,1273.0000,0
1284.10,4,88.0000,0,0,87.1667,12.8333,1278.0000,0
1284.10,5,95.5000,0,0,94.8449,5.1551,1283.0000,0
1284.10,6,0.0000,0,0,97.3224,2.6776,1219.0000,0
1284.10,7,0.0000,0,0,86.0986,13.9014,1219.0000,0
1284.10,8,7.0000,0,0,93.2337,6.7663,1224.0000,0
1284.10,9,0.0000,0,0,93.8227,6.1773,1219.0000,0
1285.10,0,46.0000,0,0,92.6188,7.3812,1251.0000,0
1285.10,1,0.0000,0,0,100.0000,0.0000,1220.0000,0
1285.10,2,0.0000,0,0,98.7212,1.2788,1220.0000,0
1285.10,3,80.5000,0,0,97.8350,2.1650,1274.0000,0
1285.10,4,88.0000,0,0,87.1667,12.8333,1279.0000,0
1285.10,5,95.5000,0,0,94.8449,5.1551,1284.0000,0
1285.10,6,0.0000,0,0,97.3224,2.6776,1220.0000,0
1285.10,7,0.0000,0,0,86.0986,13.9014,1220.0000,0
1285.10,8,7.0000,0,0,93.2337,6.7663,1225.0000,0
1285.10,9,0.0000,0,0,93.8227,6.1773,1220.0000,0
1286.10,0,46.0000,0,0,92.6188,7.3812,1252.0000,0
1286.10,1,0.0000,0,0,100.0000,0.0000,1221.0000,0
1286.10,2,0.0000,0,0,98.7212,1.2788,1221.0000,0
1286.10,3,80.5000,0,0,97.8350,2.1650,1275.0000,0
1286.10,4,88.0000,0,0,87.1667,12.8333,1280.0000,0
1286.10,5,95.5000,0,0,94.8449,5.1551,1285.0000,0
1286.10,6,0.0000,0,0,97.3224,2.6776,1221.0000,0
1286.10,7,0.0000,0,0,86.0986,13.9014,1221.0000,0
1286.10,8,7.0000,0,0,93.2337,6.7663,1226.0000,0
1286.10,9,0.0000,0,0,93.8227,6.1773,1221.0000,0
1287.10,0,46.0000,0,0,92.6188,7.3812,1253.0000,0
1287.10,1,0.0000,0,0,100.0000,0.0000,1222.0000,0
1287.10,2,0.0000,0,0,98.7212,1.2788,1222.0000,0
1287.10,3,80.5000,0,0,97.8350,2.1650,1276.0000,0
1287.10,4,88.0000,0,0,87.1667,12.8333,1281.0000,0
1287.10,5,95.5000,0,0,94.8449,5.1551,1286.0000,0
1287.10,6,0.0000,0,0,97.3224,2.6776,1222.0000,0
1287.10,7,0.0000,0,0,86.0986,13.9014,1222.0000,0
1287.10,8,7.0000,0,0,93.2337,6.7663,1227.0000,0
1287.10,9,0.0000,0,0,93.8227,6.1773,1222.0000,0
1288.10,0,46.0000,0,0,92.6188,7.3812,1254.0000,0
1288.10,1,0.0000,0,0,100.0000,0.0000,1223.0000,0
1288.10,2,0.0000,0,0,98.7212,1.2788,1223.0000,0
1288.10,3,80.5000,0,0,97.8350,2.1650,1277.0000,0
1288.10,4,88.0000,0,0,87.1667,12.8333,1282.0000,0
1288.10,5,95.5000,0,0,94.8449,5.1551,1287.0000,0
1288.10,6,0.0000,0,0,97.3224,2.6776,1223.0000,0
1288.10,7,0.0000,0,0,86.0986,13.9014,1223.0000,0
1288.10,8,7.0000,0,0,93.2337,6.7663,1228.0000,0
1288.10,9,0.0000,0,0,93.8227,6.1773,1223.0000,0
1289.10,0,46.0000,0,0,92.6188,7.3812,1255.0000,0
1289.10,1,0.0000,0,0,100.0000,0.0000,1224.0000,0
1289.10,2,0.0000,0,0,98.7212,1.2788,1224.0000,0
1289.10,3,80.5000,0,0,97.8350,2.1650,1278.0000,0
1289.10,4,88.0000,0,0,87.1667,12.8333,1283.0000,0
1289.10,5,95.5000,0,0,94.8449,5.1551,1288.0000,0
1289.10,6,0.0000,0,0,97.3224,2.6776,1224.0000,0
1289.10,7,0.0000,0,0,86.0986,13.9014,1224.0000,0
1289.10,8,7.0000,0,0,93.2337,6.7663,1229.0000,0
1289.10,9,0.0000,0,0,93.8227,6.1773,1224.0000,0
1290.10,0,46.0000,0,0,92.6188,7.3812,1256.0000,0
1290.10,1,0.0000,0,0,100.0000,0.0000,1225.0000,0
1290.10,2,0.0000,0,0,98.7212,1.2788,1225.0000,0
1290.10,3,80.5000,0,0,97.8350,2.1650,1279.0000,0
1290.10,4,88.0000,0,0,87.1667,12.8333,1284.0000,0
1290.10,5,95.5000,0,0,94.8449,5.1551,1289.0000,0
1290.10,6,0.0000,0,0,97.3224,2.6776,1225.0000,0
1290.10,7,0.0000,0,0,86.0986,13.9014,1225.0000,0
1290.10,8,7.0000,0,0,93.2337,6.7663,1230.0000,0
1290.10,9,0.0000,0,0,93.8227,6.1773,1225.0000,0
1291.10,0,46.0000,0,0,92.6188,7.3812,1257.0000,0
1291.10,1,0.0000,0,0,100.0000,0.0000,1226.0000,0
1291.10,2,0.0000,0,0,98.7212,1.2788,1226.0000,0
1291.10,3,80.5000,0,0,97.8350,2.1650,1280.0000,0
1291.10,4,88.0000,0,0,87.1667,12.8333,1285.0000,0
1291.10,5,95.5000,0,0,94.8449,5.1551,1290.0000,0
1291.10,6,0.0000,0,0,97.3224,2.6776,1226.0000,0
1291.10,7,0.0000,0,0,86.0986,13.9014,1226.0000,0
1291.10,8,7.0000,0,0,93.2337,6.7663,1231.0000,0
1291.10,9,0.0000,0,0,93.8227,6.1773,1226.0000,0
1292.10,0,46.0000,0,0,92.6188,7.3812,1258.0000,0
1292.10,1,0.0000,0,0,100.0000,0.0000,1227.0000,0
1292.10,2,0.0000,0,0,98.7212,1.2788,1227.0000,0
1292.10,3,80.5000,0,0,97.8350,2.1650,1281.0000,0
1292.10,4,88.0000,0,0,87.1667,12.8333,1286.0000,0
1292.10,5,95.5000,0,0,94.8449,5.1551,1291.0000,0
1292.10,6,0.0000,0,0,97.3224,2.6776,1227.0000,0
1292.10,7,0.0000,0,0,86.0986,13.9014,1227.0000,0
1292.10,8,7.0000,0,0,93.2337,6.7663,1232.0000,0
1292.10,9,0.0000,0,0,93.8227,6.1773,1227.0000,0
1293.10,0,46.0000,0,0,92.6188,7.3812,1259.0000,0
1293.10,1,0.0000,0,0,100.0000,0.0000,1228.0000,0
1293.10,2,0.0000,0,0,98.7212,1.2788,1228.0000,0
1293.10,3,80.5000,0,0,97.8350,2.1650,1282.0000,0
1293.10,4,88.0000,0,0,87.1667,12.8333,1287.0000,0
1293.10,5,95.5000,0,0,94.8449,5.1551,1292.0000,0
1293.10,6,0.0000,0,0,97.3224,2.6776,1228.0000,0
1293.10,7,0.0000,0,0,86.0986,13.9014,1228.0000,0
1293.10,8,7.0000,0,0,93.2337,6.7663,1233.0000,0
1293.10,9,0.0000,0,0,93.8227,6.1773,1228.0000,0
1294.10,0,46.0000,0,0,92.6188,7.3812,1260.0000,0
1294.10,1,0.0000,0,0,100.0000,0.0000,1229.0000,0
1294.10,2,0.0000,0,0,98.7212,1.2788,1229.0000,0
1294.10,3,80.5000,0,0,97.8350,2.1650,1283.0000,0
1294.10,4,88.0000,0,0,87.1667,12.8333,1288.0000,0
1294.10,5,95.5000,0,0,94.8449,5.1551,1293.0000,0
1294.10,6,0.0000,0,0,97.3224,2.6776,1229.0000,0
1294.10,7,0.0000,0,0,86.0986,13.9014,1229.0000,0
1294.10,8,7.0000,0,0,93.2337,6.7663,1234.0000,0
1294.10,9,0.0000,0,0,93.8227,6.1773,1229.0000,0
1295.10,0,46.0000,0,0,92.6188,7.3812,1261.0000,0
1295.10,1,0.0000,0,0,100.0000,0.0000,1230.0000,0
1295.10,2,0.0000,0,0,98.7212,1.2788,1230.0000,0
1295.10,3,80.5000,0,0,97.8350,2.1650,1284.0000,0
1295.10,4,88.0000,0,0,87.1667,12.8333,1289.0000,0
1295.10,5,95.5000,0,0,94.8449,5.1551,1294.0000,0
1295.10,6,0.0000,0,0,97.3224,2.6776,1230.0000,0
1295.10,7,0.0000,0,0,86.0986,13.9014,1230.0000,0
1295.10,8,7.0000,0,0,93.2337,6.7663,1235.0000,0
1295.10,9,0.0000,0,0,93.8227,6.1773,1230.0000,0
1296.10,0,46.0000,0,0,92.6188,7.3812,1262.0000,0
1296.10,1,0.0000,0,0,100.0000,0.0000,1231.0000,0
1296.10,2,0.0000,0,0,98.7212,1.2788,1231.0000,0
1296.10,3,80.5000,0,0,97.8350,2.1650,1285.0000,0
1296.10,4,88.0000,0,0,87.1667,12.8333,1290.0000,0
1296.10,5,95.5000,0,0,94.8449,5.1551,1295.0000,0
1296.10,6,0.0000,0,0,97.3224,2.6776,1231.0000,0
1296.10,7,0.0000,0,0,86.0986,13.9014,1231.0000,0
1296.10,8,7.0000,0,0,93.2337,6.7663,1236.0000,0
1296.10,9,0.0000,0,0,93.8227,6.1773,1231.0000,0
1297.10,0,46.0000,0,0,92.6188,7.3812,1263.0000,0
1297.10,1,0.0000,0,0,100.0000,0.0000,1232.0000,0
1297.10,2,0.0000,0,0,98.7212,1.2788,1232.0000,0
1297.10,3,80.5000,0,0,97.8350,2.1650,1286.0000,0
1297.10,4,88.0000,0,0,87.1667,12.8333,1291.0000,0
1297.10,5,95.5000,0,0,94.8449,5.1551,1296.0000,0
1297.10,6,0.0000,0,0,97.3224,2.6776,1232.0000,0
1297.10,7,0.0000,0,0,86.0986,13.9014,1232.0000,0
1297.10,8,7.0000,0,0,93.2337,6.7663,1237.0000,0
1297.10,9,0.0000,0,0,93.8227,6.1773,1232.0000,0
1298.10,0,46.0000,0,0,92.6188,7.3812,1264.0000,0
1298.10,1,0.0000,0,0,100.0000,0.0000,1233.0000,0
1298.10,2,0.0000,0,0,98.7212,1.2788,1233.0000,0
1298.10,3,80.5000,0,0,97.8350,2.1650,1287.0000,0
1298.10,4,88.0000,0,0,87.1667,12.8333,1292.0000,0
1298.10,5,95.5000,0,0,94.8449,5.1551,1297.0000,0
1298.10,6,0.0000,0,0,97.3224,2.6776,1233.0000,0
1298.10,7,0.0000,0,0,86.0986,13.9014,1233.0000,0
1298.10,8,7.0000,0,0,93.2337,6.7663,1238.0000,0
1298.10,9,0.0000,0,0,93.8227,6.1773,1233.0000,0
1299.10,0,46.0000,0,0,92.6188,7.3812,1265.0000,0
1299.10,1,0.0000,0,0,100.0000,0.0000,1234.0000,0
1299.10,2,0.0000,0,0,98.7212,1.2788,1234.0000,0
1299.10,3,80.5000,0,0,97.8350,2.1650,1288.0000,0
1299.10,4,88.0000,0,0,87.1667,12.8333,1293.0000,0
1299.10,5,95.5000,0,0,94.8449,5.1551,1298.0000,0
1299.10,6,0.0000,0,0,97.3224,2.6776,1234.0000,0
1299.10,7,0.0000,0,0,86.0986,13.9014,1234.0000,0
1299.10,8,7.0000,0,0,93.2337,6.7663,1239.0000,0
1299.10,9,0.0000,0,0,93.8227,6.1773,1234.0000,0
1300.10,0,46.0000,0,0,92.6188,7.3812,1266.0000,0
1300.10,1,0.0000,0,0,100.0000,0.0000,1235.0000,0
1300.10,2,0.0000,0,0,98.7212,1.2788,1235.0000,0
1300.10,3,80.5000,0,0,97.8350,2.1650,1289.0000,0
1300.10,4,88.0000,0,0,87.1667,12.8333,1294.0000,0
1300.10,5,95.5000,0,0,94.8449,5.1551,1299.0000,0
1300.10,6,0.0000,0,0,97.3224,2.6776,1235.0000,0
1300.10,7,0.0000,0,0,86.0986,13.9014,1235.0000,0
1300.10,8,7.0000,0,0,93.2337,6.7663,1240.0000,0
1300.10,9,0.0000,0,0,93.8227,6.1773,1235.0000,0
1301.10,0,46.0000,0,0,92.6188,7.3812,1267.0000,0
1301.10,1,0.0000,0,0,100.0000,0.0000,1236.0000,0
1301.10,2,0.0000,0,0,98.7212,1.2788,1236.0000,0
1301.10,3,80.5000,0,0,97.8350,2.1650,1290.0000,0
1301.10,4,88.0000,0,0,87.1667,12.8333,1295.0000,0
1301.10,5,95.5000,0,0,94.8449,5.1551,1300.0000,0
1301.10,6,0.0000,0,0,97.3224,2.6776,1236.0000,0
1301.10,7,0.0000,0,0,86.0986,13.9014,1236.0000,0
1301.10,8,7.0000,0,0,93.2337,6.7663,1241.0000,0
1301.10,9,0.0000,0,0,93.8227,6.1773,1236.0000,0
1302.10,0,46.0000,0,0,92.6188,7.3812,1268.0000,0
1302.10,1,0.0000,0,0,100.0000,0.0000,1237.0000,0
1302.10,2,0.0000,0,0,98.7212,1.2788,1237.0000,0
1302.10,3,80.5000,0,0,97.8350,2.1650,1291.0000,0
1302.10,4,88.0000,0,0,87.1667,12.8333,1296.0000,0
1302.10,5,95.5000,0,0,94.8449,5.1551,1301.0000,0
1302.10,6,0.0000,0,0,97.3224,2.6776,1237.0000,0
1302.10,7,0.0000,0,0,86.0986,13.9014,1237.0000,0
1302.10,8,7.0000,0,0,93.2337,6.7663,1242.0000,0
1302.10,9,0.0000,0,0,93.8227,6.1773,1237.0000,0
1303.10,0,46.0000,0,0,92.6188,7.3812,1269.0000,0
1303.10,1,0.0000,0,0,100.0000,0.0000,1238.0000,0
1303.10,2,0.0000,0,0,98.7212,1.2788,1238.0000,0
1303.10,3,80.5000,0,0,97.8350,2.1650,1292.0000,0
1303.10,4,88.0000,0,0,87.1667,12.8333,1297.0000,0
1303.10,5,95.5000,0,0,94.8449,5.1551,1302.0000,0
1303.10,6,0.0000,0,0,97.3224,2.6776,1238.0000,0
1303.10,7,0.0000,0,0,86.0986,13.9014,1238.0000,0
1303.10,8,7.0000,0,0,93.2337,6.7663,1243.0000,0
1303.10,9,0.0000,0,0,93.8227,6.1773,1238.0000,0
1304.10,0,46.0000,0,0,92.6188,7.3812,1270.0000,0
1304.10,1,0.0000,0,0,100.0000,0.0000,1239.0000,0
1304.10,2,0.0000,0,0,98.7212,1.2788,1239.0000,0
1304.10,3,80.5000,0,0,97.8350,2.1650,1293.0000,0
1304.10,4,88.0000,0,0,87.1667,12.8333,1298.0000,0
1304.10,5,95.5000,0,0,94.8449,5.1551,1303.0000,0
1304.10,6,0.0000,0,0,97.3224,2.6776,1239.0000,0
1304.10,7,0.0000,0,0,86.0986,13.9014,1239.0000,0
1304.10,8,7.0000,0,0,93.2337,6.7663,1244.0000,0
1304.10,9,0.0000,0,0,93.8227,6.1773,1239.0000,0
1305.10,0,46.0000,0,0,92.6188,7.3812,1271.0000,0
1305.10,1,0.0000,0,0,100.0000,0.0000,1240.0000,0
1305.10,2,0.0000,0,0,98.7212,1.2788,1240.0000,0
1305.10,3,80.5000,0,0,97.8350,2.1650,1294.0000,0
1305.10,4,88.0000,0,0,87.1667,12.8333,1299.0000,0
1305.10,5,95.5000,0,0,94.8449,5.1551,1304.0000,0
1305.10,6,0.0000,0,0,97.3224,2.6776,1240.0000,0
1305.10,7,0.0000,0,0,86.0986,13.9014,1240.0000,0
1305.10,8,7.0000,0,0,93.2337,6.7663,1245.0000,0
1305.10,9,0.0000,0,0,93.8227,6.1773,1240.0000,0
1306.10,0,46.0000,0,0,92.6188,7.3812,1272.0000,0
1306.10,1,0.0000,0,0,100.0000,0.0000,1241.0000,0
1306.10,2,0.0000,0,0,98.7212,1.2788,1241.0000,0
1306.10,3,80.5000,0,0,97.8350,2.1650,1295.0000,0
1306.10,4,88.0000,0,0,87.1667,12.8333,1300.0000,0
1306.10,5,95.5000,0,0,94.8449,5.1551,1305.0000,0
1306.10,6,0.0000,0,0,97.3224,2.6776,1241.0000,0
1306.10,7,0.0000,0,0,86.0986,13.9014,1241.0000,0
1306.10,8,7.0000,0,0,93.2337,6.7663,1246.0000,0
1306.10,9,0.0000,0,0,93.8227,6.1773,1241.0000,0
1307.10,0,46.0000,0,0,92.6188,7.3812,1273.0000,0
1307.10,1,0.0000,0,0,100.0000,0.0000,1242.0000,0
1307.10,2,0.0000,0,0,98.7212,1.2788,1242.0000,0
1307.10,3,80.5000,0,0,97.8350,2.1650,1296.0000,0
1307.10,4,88.0000,0,0,87.1667,12.8333,1301.0000,0
1307.10,5,95.5000,0,0,94.8449,5.1551,1306.0000,0
1307.10,6,0.0000,0,0,97.3224,2.6776,1242.0000,0
1307.10,7,0.0000,0,0,86.0986,13.9014,1242.0000,0
1307.10,8,7.0000,0,0,93.2337,6.7663,1247.0000,0
1307.10,9,0.0000,0,0,93.8227,6.1773,1242.0000,0
1308.10,0,46.0000,0,0,92.6188,7.3812,1274.0000,0
1308.10,1,0.0000,0,0,100.0000,0.0000,1243.0000,0
1308.10,2,0.0000,0,0,98.7212,1.2788,1243.0000,0
1308.10,3,80.5000,0,0,97.8350,2.1650,1297.0000,0
1308.10,4,88.0000,0,0,87.1667,12.8333,1302.0000,0
1308.10,5,95.5000,0,0,94.8449,5.1551,1307.0000,0
1308.10,6,0.0000,0,0,97.3224,2.6776,1243.0000,0
1308.10,7,0.0000,0,0,86.0986,13.9014,1243.0000,0
1308.10,8,7.0000,0,0,93.2337,6.7663,1248.0000,0
1308.10,9,0.0000,0,0,93.8227,6.1773,1243.0000,0
1309.10,0,46.0000,0,0,92.6188,7.3812,1275.0000,0
1309.10,1,0.0000,0,0,100.0000,0.0000,1244.0000,0
1309.10,2,0.0000,0,0,98.7212,1.2788,1244.0000,0
1309.10,3,80.5000,0,0,97.8350,2.1650,1298.0000,0
1309.10,4,88.0000,0,0,87.1667,12.8333,1303.0000,0
1309.10,5,95.5000,0,0,94.8449,5.1551,1308.0000,0
1309.10,6,0.0000,0,0,97.3224,2.6776,1244.0000,0
1309.10,7,0.0000,0,0,86.0986,13.9014,1244.0000,0
1309.10,8,7.0000,0,0,93.2337,6.7663,1249.0000,0
1309.10,9,0.0000,0,0,93.8227,6.1773,1244.0000,0
1310.10,0,46.0000,0,0,92.6188,7.3812,1276.0000,0
1310.10,1,0.0000,0,0,100.0000,0.0000,1245.0000,0
1310.10,2,0.0000,0,0,98.7212,1.2788,1245.0000,0
1310.10,3,80.5000,0,0,97.8350,2.1650,1299.0000,0
1310.10,4,88.0000,0,0,87.1667,12.8333,1304.0000,0
1310.10,5,95.5000,0,0,94.8449,5.1551,1309.0000,0
1310.10,6,0.0000,0,0,97.3224,2.6776,1245.0000,0
1310.10,7,0.0000,0,0,86.0986,13.9014,1245.0000,0
1310.10,8,7.0000,0,0,93.2337,6.7663,1250.0000,0
1310.10,9,0.0000,0,0,93.8227,6.1773,1245.0000,0
1311.10,0,46.0000,0,0,92.6188,7.3812,1277.0000,0
1311.10,1,0.0000,0,0,100.0000,0.0000,1246.0000,0
1311.10,2,0.0000,0,0,98.7212,1.2788,1246.0000,0
1311.10,3,80.5000,0,0,97.8350,2.1650,1300.0000,0
1311.10,4,88.0000,0,0,87.1667,12.8333,1305.0000,0
1311.10,5,95.5000,0,0,94.8449,5.1551,1310.0000,0
1311.10,6,0.0000,0,0,97.3224,2.6776,1246.0000,0
1311.10,7,0.0000,0,0,86.0986,13.9014,1246.0000,0
1311.10,8,7.0000,0,0,93.2337,6.7663,1251.0000,0
1311.10,9,0.0000,0,0,93.8227,6.1773,1246.0000,0
1312.10,0,46.0000,0,0,92.6188,7.3812,1278.0000,0
1312.10,1,0.0000,0,0,100.0000,0.0000,1247.0000,0
1312.10,2,0.0000,0,0,98.7212,1.2788,1247.0000,0
1312.10,3,80.5000,0,0,97.8350,2.1650,1301.0000,0
1312.10,4,88.0000,0,0,87.1667,12.8333,1306.0000,0
1312.10,5,95.5000,0,0,94.8449,5.1551,1311.0000,0
1312.10,6,0.0000,0,0,97.3224,2.6776,1247.0000,0
1312.10,7,0.0000,0,0,86.0986,13.9014,1247.0000,0
1312.10,8,7.0000,0,0,93.2337,6.7663,1252.0000,0
1312.10,9,0.0000,0,0,93.8227,6.1773,1247.0000,0
1313.10,0,46.0000,0,0,92.6188,7.3812,1279.0000,0
1313.10,1,0.0000,0,0,100.0000,0.0000,1248.0000,0
1313.10,2,0.0000,0,0,98.7212,1.2788,1248.0000,0
1313.10,3,80.5000,0,0,97.8350,2.1650,1302.0000,0
1313.10,4,88.0000,0,0,87.1667,12.8333,1307.0000,0
1313.10,5,95.5000,0,0,94.8449,5.1551,1312.0000,0
1313.10,6,0.0000,0,0,97.3224,2.6776,1248.0000,0
1313.10,7,0.0000,0,0,86.0986,13.9014,1248.0000,0
1313.10,8,7.0000,0,0,93.2337,6.7663,1253.0000,0
1313.10,9,0.0000,0,0,93.8227,6.1773,1248.0000,0
1314.10,0,46.0000,0,0,92.6188,7.3812,1280.0000,0
1314.10,1,0.0000,0,0,100.0000,0.0000,1249.0000,0
1314.10,2,0.0000,0,0,98.7212,1.2788,1249.0000,0
1314.10,3,80.5000,0,0,97.8350,2.1650,1303.0000,0
1314.10,4,88.0000,0,0,87.1667,12.8333,1308.0000,0
1314.10,5,95.5000,0,0,94.8449,5.1551,1313.0000,0
1314.10,6,0.0000,0,0,97.3224,2.6776,1249.0000,0
1314.10,7,0.0000,0,0,86.0986,13.9014,1249.0000,0
1314.10,8,7.0000,0,0,93.2337,6.7663,1254.0000,0
1314.10,9,0.0000,0,0,93.8227,6.1773,1249.0000,0
1315.10,0,46.0000,0,0,92.6188,7.3812,1281.0000,0
1315.10,1,0.0000,0,0,100.0000,0.0000,1250.0000,0
1315.10,2,0.0000,0,0,98.7212,1.2788,1250.0000,0
1315.10,3,80.5000,0,0,97.8350,2.1650,1304.0000,0
1315.10,4,88.0000,0,0,87.1667,12.8333,1309.0000,0
1315.10,5,95.5000,0,0,94.8449,5.1551,1314.0000,0
1315.10,6,0.0000,0,0,97.3224,2.6776,1250.0000,0
1315.10,7,0.0000,0,0,86.0986,13.9014,1250.0000,0
1315.10,8,7.0000,0,0,93.2337,6.7663,1255.0000,0
1315.10,9,0.0000,0,0,93.8227,6.1773,1250.0000,0
1316.10,0,46.0000,0,0,92.6188,7.3812,1282.0000,0
1316.10,1,0.0000,0,0,100.0000,0.0000,1251.0000,0
1316.10,2,0.0000,0,0,98.7212,1.2788,1251.0000,0
1316.10,3,80.5000,0,0,97.8350,2.1650,1305.0000,0
1316.10,4,88.0000,0,0,87.1667,12.8333,1310.0000,0
1316.10,5,95.5000,0,0,94.8449,5.1551,1315.0000,0
1316.10,6,0.0000,0,0,97.3224,2.6776,1251.0000,0
1316.10,7,0.0000,0,0,86.0986,13.9014,1251.0000,0
1316.10,8,7.0000,0,0,93.2337,6.7663,1256.0000,0
1316.10,9,0.0000,0,0,93.8227,6.1773,1251.0000,0
1317.10,0,46.0000,0,0,92.6188,7.3812,1283.0000,0
1317.10,1,0.0000,0,0,100.0000,0.0000,1252.0000,0
1317.10,2,0.0000,0,0,98.7212,1.2788,1252.0000,0
1317.10,3,80.5000,0,0,97.8350,2.1650,1306.0000,0
1317.10,4,88.0000,0,0,87.1667,12.8333,1311.0000,0
1317.10,5,95.5000,0,0,94.8449,5.1551,1316.0000,0
1317.10,6,0.0000,0,0,97.3224,2.6776,1252.0000,0
1317.10,7,0.0000,0,0,86.0986,13.9014,1252.0000,0
1317.10,8,7.0000,0,0,93.2337,6.7663,1257.0000,0
1317.10,9,0.0000,0,0,93.8227,6.1773,1252.0000,0
1318.10,0,46.0000,0,0,92.6188,7.3812,1284.0000,0
1318.10,1,0.0000,0,0,100.0000,0.0000,1253.0000,0
1318.10,2,0.0000,0,0,98.7212,1.2788,1253.0000,0
1318.10,3,80.5000,0,0,97.8350,2.1650,1307.0000,0
1318.10,4,88.0000,0,0,87.1667,12.8333,1312.0000,0
1318.10,5,95.5000,0,0,94.8449,5.1551,1317.0000,0
1318.10,6,0.0000,0,0,97.3224,2.6776,1253.0000,0
1318.10,7,0.0000,0,0,86.0986,13.9014,1253.0000,0
1318.10,8,7.0000,0,0,93.2337,6.7663,1258.0000,0
1318.10,9,0.0000,0,0,93.8227,6.1773,1253.0000,0
1319.10,0,46.0000,0,0,92.6188,7.3812,1285.0000,0
1319.10,1,0.0000,0,0,100.0000,0.0000,1254.0000,0
1319.10,2,0.0000,0,0,98.7212,1.2788,1254.0000,0
1319.10,3,80.5000,0,0,97.8350,2.1650,1308.0000,0
1319.10,4,88.0000,0,0,87.1667,12.8333,1313.0000,0
1319.10,5,95.5000,0,0,94.8449,5.1551,1318.0000,0
1319.10,6,0.0000,0,0,97.3224,2.6776,1254.0000,0
1319.10,7,0.0000,0,0,86.0986,13.9014,1254.0000,0
1319.10,8,7.0000,0,0,93.2337,6.7663,1259.0000,0
1319.10,9,0.0000,0,0,93.8227,6.1773,1254.0000,0
1320.10,0,46.0000,0,0,92.6188,7.3812,1286.0000,0
1320.10,1,0.0000,0,0,100.0000,0.0000,1255.0000,0
1320.10,2,0.0000,0,0,98.7212,1.2788,1255.0000,0
1320.10,3,80.5000,0,0,97.8350,2.1650,1309.0000,0
1320.10,4,88.0000,0,0,87.1667,12.8333,1314.0000,0
1320.10,5,95.5000,0,0,94.8449,5.1551,1319.0000,0
1320.10,6,0.0000,0,0,97.3224,2.6776,1255.0000,0
1320.10,7,0.0000,0,0,86.0986,13.9014,1255.0000,0
1320.10,8,7.0000,0,0,93.2337,6.7663,1260.0000,0
1320.10,9,0.0000,0,0,93.8227,6.1773,1255.0000,0
1321.10,0,46.0000,0,0,92.6188,7.3812,1287.0000,0
1321.10,1,0.0000,0,0,100.0000,0.0000,1256.0000,0
1321.10,2,0.0000,0,0,98.7212,1.2788,1256.0000,0
1321.10,3,80.5000,0,0,97.8350,2.1650,1310.0000,0
1321.10,4,88.0000,0,0,87.1667,12.8333,1315.0000,0
1321.10,5,95.5000,0,0,94.8449,5.1551,1320.0000,0
1321.10,6,0.0000,0,0,97.3224,2.6776,1256.0000,0
1321.10,7,0.0000,0,0,86.0986,13.9014,1256.0000,0
1321.10,8,7.0000,0,0,93.2337,6.7663,1261.0000,0
1321.10,9,0.0000,0,0,93.8227,6.1773,1256.0000,0
1322.10,0,46.0000,0,0,92.6188,7.3812,1288.0000,0
1322.10,1,0.0000,0,0,100.0000,0.0000,1257.0000,0
1322.10,2,0.0000,0,0,98.7212,1.2788,1257.0000,0
1322.10,3,80.5000,0,0,97.8350,2.1650,1311.0000,0
1322.10,4,88.0000,0,0,87.1667,12.8333,1316.0000,0
1322.10,5,95.5000,0,0,94.8449,5.1551,1321.0000,0
1322.10,6,0.0000,0,0,97.3224,2.6776,1257.0000,0
1322.10,7,0.0000,0,0,86.0986,13.9014,1257.0000,0
1322.10,8,7.0000,0,0,93.2337,6.7663,1262.0000,0
1322.10,9,0.0000,0,0,93.8227,6.1773,1257.0000,0
1323.10,0,46.0000,0,0,92.6188,7.3812,1289.0000,0
1323.10,1,0.0000,0,0,100.0000,0.0000,1258.0000,0
1323.10,2,0.0000,0,0,98.7212,1.2788,1258.0000,0
1323.10,3,80.5000,0,0,97.8350,2.1650,1312.0000,0
1323.10,4,88.0000,0,0,87.1667,12.8333,1317.0000,0
1323.10,5,95.5000,0,0,94.8449,5.1551,1322.0000,0
1323.10,6,0.0000,0,0,97.3224,2.6776,1258.0000,0
1323.10,7,0.0000,0,0,86.0986,13.9014,1258.0000,0
1323.10,8,7.0000,0,0,93.2337,6.7663,1263.0000,0
1323.10,9,0.0000,0,0,93.8227,6.1773,1258.0000,0
1324.10,0,46.0000,0,0,92.6188,7.3812,1290.0000,0
1324.10,1,0.0000,0,0,100.0000,0.0000,1259.0000,0
1324.10,2,0.0000,0,0,98.7212,1.2788,1259.0000,0
1324.10,3,80.5000,0,0,97.8350,2.1650,1313.0000,0
1324.10,4,88.0000,0,0,87.1667,12.8333,1318.0000,0
1324.10,5,95.5000,0,0,94.8449,5.1551,1323.0000,0
1324.10,6,0.0000,0,0,97.3224,2.6776,1259.0000,0
1324.10,7,0.0000,0,0,86.0986,13.9014,1259.0000,0
1324.10,8,7.0000,0,0,93.2337,6.7663,1264.0000,0
1324.10,9,0.0000,0,0,93.8227,6.1773,1259.0000,0
1325.10,0,46.0000,0,0,92.6188,7.3812,1291.0000,0
1325.10,1,0.0000,0,0,100.0000,0.0000,1260.0000,0
1325.10,2,0.0000,0,0,98.7212,1.2788,1260.0000,0
1325.10,3,80.5000,0,0,97.8350,2.1650,1314.0000,0
1325.10,4,88.0000,0,0,87.1667,12.8333,1319.0000,0
1325.10,5,95.5000,0,0,94.8449,5.1551,1324.0000,0
1325.10,6,0.0000,0,0,97.3224,2.6776,1260.0000,0
1325.10,7,0.0000,0,0,86.0986,13.9014,1260.0000,0
1325.10,8,7.0000,0,0,93.2337,6.7663,1265.0000,0
1325.10,9,0.0000,0,0,93.8227,6.1773,1260.0000,0
1326.10,0,46.0000,0,0,92.6188,7.3812,1292.0000,0
1326.10,1,0.0000,0,0,100.0000,0.0000,1261.0000,0
1326.10,2,0.0000,0,0,98.7212,1.2788,1261.0000,0
1326.10,3,80.5000,0,0,97.8350,2.1650,1315.0000,0
1326.10,4,88.0000,0,0,87.1667,12.8333,1320.0000,0
1326.10,5,95.5000,0,0,94.8449,5.1551,1325.0000,0
1326.10,6,0.0000,0,0,97.3224,2.6776,1261.0000,0
1326.10,7,0.0000,0,0,86.0986,13.9014,1261.0000,0
1326.10,8,7.0000,0,0,93.2337,6.7663,1266.0000,0
1326.10,9,0.0000,0,0,93.8227,6.1773,1261.0000,0
1327.10,0,46.0000,0,0,92.6188,7.3812,1293.0000,0
1327.10,1,0.0000,0,0,100.0000,0.0000,1262.0000,0
1327.10,2,0.0000,0,0,98.7212,1.2788,1262.0000,0
1327.10,3,80.5000,0,0,97.8350,2.1650,1316.0000,0
1327.10,4,88.0000,0,0,87.1667,12.8333,1321.0000,0
1327.10,5,95.5000,0,0,94.8449,5.1551,1326.0000,0
1327.10,6,0.0000,0,0,97.3224,2.6776,1262.0000,0
1327.10,7,0.0000,0,0,86.0986,13.9014,1262.0000,0
1327.10,8,7.0000,0,0,93.2337,6.7663,1267.0000,0
1327.10,9,0.0000,0,0,93.8227,6.1773,1262.0000,0
1328.10,0,46.0000,0,0,92.6188,7.3812,1294.0000,0
1328.10,1,0.0000,0,0,100.0000,0.0000,1263.0000,0
1328.10,2,0.0000,0,0,98.7212,1.2788,1263.0000,0
1328.10,3,80.5000,0,0,97.8350,2.1650,1317.0000,0
1328.10,4,88.0000,0,0,87.1667,12.8333,1322.0000,0
1328.10,5,95.5000,0,0,94.8449,5.1551,1327.0000,0
1328.10,6,0.0000,0,0,97.3224,2.6776,1263.0000,0
1328.10,7,0.0000,0,0,86.0986,13.9014,1263.0000,0
1328.10,8,7.0000,0,0,93.2337,6.7663,1268.0000,0
1328.10,9,0.0000,0,0,93.8227,6.1773,1263.0000,0
1329.10,0,46.0000,0,0,92.6188,7.3812,1295.0000,0
1329.10,1,0.0000,0,0,100.0000,0.0000,1264.0000,0
1329.10,2,0.0000,0,0,98.7212,1.2788,1264.0000,0
1329.10,3,80.5000,0,0,97.8350,2.1650,1318.0000,0
1329.10,4,88.0000,0,0,87.1667,12.8333,1323.0000,0
1329.10,5,95.5000,0,0,94.8449,5.1551,1328.0000,0
1329.10,6,0.0000,0,0,97.3224,2.6776,1264.0000,0
1329.10,7,0.0000,0,0,86.0986,13.9014,1264.0000,0
1329.10,8,7.0000,0,0,93.2337,6.7663,1269.0000,0
1329.10,9,0.0000,0,0,93.8227,6.1773,1264.0000,0
1330.10,0,46.0000,0,0,92.6188,7.3812,1296.0000,0
1330.10,1,0.0000,0,0,100.0000,0.0000,1265.0000,0
1330.10,2,0.0000,0,0,98.7212,1.2788,1265.0000,0
1330.10,3,80.5000,0,0,97.8350,2.1650,1319.0000,0
1330.10,4,88.0000,0,0,87.1667,12.8333,1324.0000,0
1330.10,5,95.5000,0,0,94.8449,5.1551,1329.0000,0
1330.10,6,0.0000,0,0,97.3224,2.6776,1265.0000,0
1330.10,7,0.0000,0,0,86.0986,13.9014,1265.0000,0
1330.10,8,7.0000,0,0,93.2337,6.7663,1270.0000,0
1330.10,9,0.0000,0,0,93.8227,6.1773,1265.0000,0
1331.10,0,46.0000,0,0,92.6188,7.3812,1297.0000,0
1331.10,1,0.0000,0,0,100.0000,0.0000,1266.0000,0
1331.10,2,0.0000,0,0,98.7212,1.2788,1266.0000,0
1331.10,3,80.5000,0,0,97.8350,2.1650,1320.0000,0
1331.10,4,88.0000,0,0,87.1667,12.8333,1325.0000,0
1331.10,5,95.5000,0,0,94.8449,5.1551,1330.0000,0
1331.10,6,0.0000,0,0,97.3224,2.6776,1266.0000,0
1331.10,7,0.0000,0,0,86.0986,13.9014,1266.0000,0
1331.10,8,7.0000,0,0,93.2337,6.7663,1271.0000,0
1331.10,9,0.0000,0,0,93.8227,6.1773,1266.0000,0
1332.10,0,46.0000,0,0,92.6188,7.3812,1298.0000,0
1332.10,1,0.0000,0,0,100.0000,0.0000,1267.0000,0
1332.10,2,0.0000,0,0,98.7212,1.2788,1267.0000,0
1332.10,3,80.5000,0,0,97.8350,2.1650,1321.0000,0
1332.10,4,88.0000,0,0,87.1667,12.8333,1326.0000,0
1332.10,5,95.5000,0,0,94.8449,5.1551,1331.0000,0
1332.10,6,0.0000,0,0,97.3224,2.6776,1267.0000,0
1332.10,7,0.0000,0,0,86.0986,13.9014,1267.0000,0
1332.10,8,7.0000,0,0,93.2337,6.7663,1272.0000,0
1332.10,9,0.0000,0,0,93.8227,6.1773,1267.0000,0
1333.10,0,46.0000,0,0,92.6188,7.3812,1299.0000,0
1333.10,1,0.0000,0,0,100.0000,0.0000,1268.0000,0
1333.10,2,0.0000,0,0,98.7212,1.2788,1268.0000,0
1333.10,3,80.5000,0,0,97.8350,2.1650,1322.0000,0
1333.10,4,88.0000,0,0,87.1667,12.8333,1327.0000,0
1333.10,5,95.5000,0,0,94.8449,5.1551,1332.0000,0
1333.10,6,0.0000,0,0,97.3224,2.6776,1268.0000,0
1333.10,7,0.0000,0,0,86.0986,13.9014,1268.0000,0
1333.10,8,7.0000,0,0,93.2337,6.7663,1273.0000,0
1333.10,9,0.0000,0,0,93.8227,6.1773,1268.0000,0
1334.10,0,46.0000,0,0,92.6188,7.3812,1300.0000,0
1334.10,1,0.0000,0,0,100.0000,0.0000,1269.0000,0
1334.10,2,0.0000,0,0,98.7212,1.2788,1269.0000,0
1334.10,3,80.5000,0,0,97.8350,2.1650,1323.0000,0
1334.10,4,88.0000,0,0,87.1667,12.8333,1328.0000,0
1334.10,5,95.5000,0,0,94.8449,5.1551,1333.0000,0
1334.10,6,0.0000,0,0,97.3224,2.6776,1269.0000,0
1334.10,7,0.0000,0,0,86.0986,13.9014,1269.0000,0
1334.10,8,7.0000,0,0,93.2337,6.7663,1274.0000,0
1334.10,9,0.0000,0,0,93.8227,6.1773,1269.0000,0
1335.10,0,46.0000,0,0,92.6188,7.3812,1301.0000,0
1335.10,1,0.0000,0,0,100.0000,0.0000,1270.0000,0
1335.10,2,0.0000,0,0,98.7212,1.2788,1270.0000,0
1335.10,3,80.5000,0,0,97.8350,2.1650,1324.0000,0
1335.10,4,88.0000,0,0,87.1667,12.8333,1329.0000,0
1335.10,5,95.5000,0,0,94.8449,5.1551,1334.0000,0
1335.10,6,0.0000,0,0,97.3224,2.6776,1270.0000,0
1335.10,7,0.0000,0,0,86.0986,13.9014,1270.0000,0
1335.10,8,7.0000,0,0,93.2337,6.7663,1275.0000,0
1335.10,9,0.0000,0,0,93.8227,6.1773,1270.0000,0
1336.10,0,46.0000,0,0,92.6188,7.3812,1302.0000,0
1336.10,1,0.0000,0,0,100.0000,0.0000,1271.0000,0
1336.10,2,0.0000,0,0,98.7212,1.2788,1271.0000,0
1336.10,3,80.5000,0,0,97.8350,2.1650,1325.0000,0
1336.10,4,88.0000,0,0,87.1667,12.8333,1330.0000,0
1336.10,5,95.5000,0,0,94.8449,5.1551,1335.0000,0
1336.10,6,0.0000,0,0,97.3224,2.6776,1271.0000,0
1336.10,7,0.0000,0,0,86.0986,13.9014,1271.0000,0
1336.10,8,7.0000,0,0,93.2337,6.7663,1276.0000,0
1336.10,9,0.0000,0,0,93.8227,6.1773,1271.0000,0
1337.10,0,46.0000,0,0,92.6188,7.3812,1303.0000,0
1337.10,1,0.0000,0,0,100.0000,0.0000,1272.0000,0
1337.10,2,0.0000,0,0,98.7212,1.2788,1272.0000,0
1337.10,3,80.5000,0,0,97.8350,2.1650,1326.0000,0
1337.10,4,88.0000,0,0,87.1667,12.8333,1331.0000,0
1337.10,5,95.5000,0,0,94.8449,5.1551,1336.0000,0
1337.10,6,0.0000,0,0,97.3224,2.6776,1272.0000,0
1337.10,7,0.0000,0,0,86.0986,13.9014,1272.0000,0
1337.10,8,7.0000,0,0,93.2337,6.7663,1277.0000,0
1337.10,9,0.0000,0,0,93.8227,6.1773,1272.0000,0
1338.10,0,46.0000,0,0,92.6188,7.3812,1304.0000,0
1338.10,1,0.0000,0,0,100.0000,0.0000,1273.0000,0
1338.10,2,0.0000,0,0,98.7212,1.2788,1273.0000,0
1338.10,3,80.5000,0,0,97.8350,2.1650,1327.0000,0
1338.10,4,88.0000,0,0,87.1667,12.8333,1332.0000,0
1338.10,5,95.5000,0,0,94.8449,5.1551,1337.0000,0
1338.10,6,0.0000,0,0,97.3224,2.6776,1273.0000,0
1338.10,7,0.0000,0,0,86.0986,13.9014,1273.0000,0
1338.10,8,7.0000,0,0,93.2337,6.7663,1278.0000,0
1338.10,9,0.0000,0,0,93.8227,6.1773,1273.0000,0
1339.10,0,46.0000,0,0,92.6188,7.3812,1305.0000,0
1339.10,1,0.0000,0,0,100.0000,0.0000,1274.0000,0
1339.10,2,0.0000,0,0,98.7212,1.2788,1274.0000,0
1339.10,3,80.5000,0,0,97.8350,2.1650,1328.0000,0
1339.10,4,88.0000,0,0,87.1667,12.8333,1333.0000,0
1339.10,5,95.5000,0,0,94.8449,5.1551,1338.0000,0
1339.10,6,0.0000,0,0,97.3224,2.6776,1274.0000,0
1339.10,7,0.0000,0,0,86.0986,13.9014,1274.0000,0
1339.10,8,7.0000,0,0,93.2337,6.7663,1279.0000,0
1339.10,9,0.0000,0,0,93.8227,6.1773,1274.0000,0
1340.10,0,46.0000,0,0,92.6188,7.3812,1306.0000,0
1340.10,1,0.0000,0,0,100.0000,0.0000,1275.0000,0
1340.10,2,0.0000,0,0,98.7212,1.2788,1275.0000,0
1340.10,3,80.5000,0,0,97.8350,2.1650,1329.0000,0
1340.10,4,88.0000,0,0,87.1667,12.8333,1334.0000,0
1340.10,5,95.5000,0,0,94.8449,5.1551,1339.0000,0
1340.10,6,0.0000,0,0,97.3224,2.6776,1275.0000,0
1340.10,7,0.0000,0,0,86.0986,13.9014,1275.0000,0
1340.10,8,7.0000,0,0,93.2337,6.7663,1280.0000,0
1340.10,9,0.0000,0,0,93.8227,6.1773,1275.0000,0
1341.10,0,46.0000,0,0,92.6188,7.3812,1307.0000,0
1341.10,1,0.0000,0,0,100.0000,0.0000,1276.0000,0
1341.10,2,0.0000,0,0,98.7212,1.2788,1276.0000,0
1341.10,3,80.5000,0,0,97.8350,2.1650,1330.0000,0
1341.10,4,88.0000,0,0,87.1667,12.8333,1335.0000,0
1341.10,5,95.5000,0,0,94.8449,5.1551,1340.0000,0
1341.10,6,0.0000,0,0,97.3224,2.6776,1276.0000,0
1341.10,7,0.0000,0,0,86.0986,13.9014,1276.0000,0
1341.10,8,7.0000,0,0,93.2337,6.7663,1281.0000,0
1341.10,9,0.0000,0,0,93.8227,6.1773,1276.0000,0
1342.10,0,46.0000,0,0,92.6188,7.3812,1308.0000,0
1342.10,1,0.0000,0,0,100.0000,0.0000,1277.0000,0
1342.10,2,0.0000,0,0,98.7212,1.2788,1277.0000,0
1342.10,3,80.5000,0,0,97.8350,2.1650,1331.0000,0
1342.10,4,88.0000,0,0,87.1667,12.8333,1336.0000,0
1342.10,5,95.5000,0,0,94.8449,5.1551,1341.0000,0
1342.10,6,0.0000,0,0,97.3224,2.6776,1277.0000,0
1342.10,7,0.0000,0,0,86.0986,13.9014,1277.0000,0
1342.10,8,7.0000,0,0,93.2337,6.7663,1282.0000,0
1342.10,9,0.0000,0,0,93.8227,6.1773,1277.0000,0
1343.10,0,46.0000,0,0,92.6188,7.3812,1309.0000,0
1343.10,1,0.0000,0,0,100.0000,0.0000,1278.0000,0
1343.10,2,0.0000,0,0,98.7212,1.2788,1278.0000,0
1343.10,3,80.5000,0,0,97.8350,2.1650,1332.0000,0
1343.10,4,88.0000,0,0,87.1667,12.8333,1337.0000,0
1343.10,5,95.5000,0,0,94.8449,5.1551,1342.0000,0
1343.10,6,0.0000,0,0,97.3224,2.6776,1278.0000,0
1343.10,7,0.0000,0,0,86.0986,13.9014,1278.0000,0
1343.10,8,7.0000,0,0,93.2337,6.7663,1283.0000,0
1343.10,9,0.0000,0,0,93.8227,6.1773,1278.0000,0
1344.10,0,46.0000,0,0,92.6188,7.3812,1310.0000,0
1344.10,1,0.0000,0,0,100.0000,0.0000,1279.0000,0
1344.10,2,0.0000,0,0,98.7212,1.2788,1279.0000,0
1344.10,3,80.5000,0,0,97.8350,2.1650,1333.0000,0
1344.10,4,88.0000,0,0,87.1667,12.8333,1338.0000,0
1344.10,5,95.5000,0,0,94.8449,5.1551,1343.0000,0
1344.10,6,0.0000,0,0,97.3224,2.6776,1279.0000,0
1344.10,7,0.0000,0,0,86.0986,13.9014,1279.0000,0
1344.10,8,7.0000,0,0,93.2337,6.7663,1284.0000,0
1344.10,9,0.0000,0,0,93.8227,6.1773,1279.0000,0
1345.10,0,46.0000,0,0,92.6188,7.3812,1311.0000,0
1345.10,1,0.0000,0,0,100.0000,0.0000,1280.0000,0
1345.10,2,0.0000,0,0,98.7212,1.2788,1280.0000,0
1345.10,3,80.5000,0,0,97.8350,2.1650,1334.0000,0
1345.10,4,88.0000,0,0,87.1667,12.8333,1339.0000,0
1345.10,5,95.5000,0,0,94.8449,5.1551,1344.0000,0
1345.10,6,0.0000,0,0,97.3224,2.6776,1280.0000,0
1345.10,7,0.0000,0,0,86.0986,13.9014,1280.0000,0
1345.10,8,7.0000,0,0,93.2337,6.7663,1285.0000,0
1345.10,9,0.0000,0,0,93.8227,6.1773,1280.0000,0
1346.10,0,46.0000,0,0,92.6188,7.3812,1312.0000,0
1346.10,1,0.0000,0,0,100.0000,0.0000,1281.0000,0
1346.10,2,0.0000,0,0,98.7212,1.2788,1281.0000,0
1346.10,3,80.5000,0,0,97.8350,2.1650,1335.0000,0
1346.10,4,88.0000,0,0,87.1667,12.8333,1340.0000,0
1346.10,5,95.5000,0,0,94.8449,5.1551,1345.0000,0
1346.10,6,0.0000,0,0,97.3224,2.6776,1281.0000,0
1346.10,7,0.0000,0,0,86.0986,13.9014,1281.0000,0
1346.10,8,7.0000,0,0,93.2337,6.7663,1286.0000,0
1346.10,9,0.0000,0,0,93.8227,6.1773,1281.0000,0
1347.10,0,46.0000,0,0,92.6188,7.3812,1313.0000,0
1347.10,1,0.0000,0,0,100.0000,0.0000,1282.0000,0
1347.10,2,0.0000,0,0,98.7212,1.2788,1282.0000,0
1347.10,3,80.5000,0,0,97.8350,2.1650,1336.0000,0
1347.10,4,88.0000,0,0,87.1667,12.8333,1341.0000,0
1347.10,5,95.5000,0,0,94.8449,5.1551,1346.0000,0
1347.10,6,0.0000,0,0,97.3224,2.6776,1282.0000,0
1347.10,7,0.0000,0,0,86.0986,13.9014,1282.0000,0
1347.10,8,7.0000,0,0,93.2337,6.7663,1287.0000,0
1347.10,9,0.0000,0,0,93.8227,6.1773,1282.0000,0
1348.10,0,46.0000,0,0,92.6188,7.3812,1314.0000,0
1348.10,1,0.0000,0,0,100.0000,0.0000,1283.0000,0
1348.10,2,0.0000,0,0,98.7212,1.2788,1283.0000,0
1348.10,3,80.5000,0,0,97.8350,2.1650,1337.0000,0
1348.10,4,88.0000,0,0,87.1667,12.8333,1342.0000,0
1348.10,5,95.5000,0,0,94.8449,5.1551,1347.0000,0
1348.10,6,0.0000,0,0,97.3224,2.6776,1283.0000,0
1348.10,7,0.0000,0,0,86.0986,13.9014,1283.0000,0
1348.10,8,7.0000,0,0,93.2337,6.7663,1288.0000,0
1348.10,9,0.0000,0,0,93.8227,6.1773,1283.0000,0
1349.10,0,46.0000,0,0,92.6188,7.3812,1315.0000,0
1349.10,1,0.0000,0,0,100.0000,0.0000,1284.0000,0
1349.10,2,0.0000,0,0,98.7212,1.2788,1284.0000,0
1349.10,3,80.5000,0,0,97.8350,2.1650,1338.0000,0
1349.10,4,88.0000,0,0,87.1667,12.8333,1343.0000,0
1349.10,5,95.5000,0,0,94.8449,5.1551,1348.0000,0
1349.10,6,0.0000,0,0,97.3224,2.6776,1284.0000,0
1349.10,7,0.0000,0,0,86.0986,13.9014,1284.0000,0
1349.10,8,7.0000,0,0,93.2337,6.7663,1289.0000,0
1349.10,9,0.0000,0,0,93.8227,6.1773,1284.0000,0
1350.10,0,46.0000,0,0,92.6188,7.3812,1316.0000,0
1350.10,1,0.0000,0,0,100.0000,0.0000,1285.0000,0
1350.10,2,0.0000,0,0,98.7212,1.2788,1285.0000,0
1350.10,3,80.5000,0,0,97.8350,2.1650,1339.0000,0
1350.10,4,88.0000,0,0,87.1667,12.8333,1344.0000,0
1350.10,5,95.5000,0,0,94.8449,5.1551,1349.0000,0
1350.10,6,0.0000,0,0,97.3224,2.6776,1285.0000,0
1350.10,7,0.0000,0,0,86.0986,13.9014,1285.0000,0
1350.10,8,7.0000,0,0,93.2337,6.7663,1290.0000,0
1350.10,9,0.0000,0,0,93.8227,6.1773,1285.0000,0
1351.10,0,46.0000,0,0,92.6188,7.3812,1317.0000,0
1351.10,1,0.0000,0,0,100.0000,0.0000,1286.0000,0
1351.10,2,0.0000,0,0,98.7212,1.2788,1286.0000,0
1351.10,3,80.5000,0,0,97.8350,2.1650,1340.0000,0
1351.10,4,88.0000,0,0,87.1667,12.8333,1345.0000,0
1351.10,5,95.5000,0,0,94.8449,5.1551,1350.0000,0
1351.10,6,0.0000,0,0,97.3224,2.6776,1286.0000,0
1351.10,7,0.0000,0,0,86.0986,13.9014,1286.0000,0
1351.10,8,7.0000,0,0,93.2337,6.7663,1291.0000,0
1351.10,9,0.0000,0,0,93.8227,6.1773,1286.0000,0
1352.10,0,46.0000,0,0,92.6188,7.3812,1318.0000,0
1352.10,1,0.0000,0,0,100.0000,0.0000,1287.0000,0
1352.10,2,0.0000,0,0,98.7212,1.2788,1287.0000,0
1352.10,3,80.5000,0,0,97.8350,2.1650,1341.0000,0
1352.10,4,88.0000,0,0,87.1667,12.8333,1346.0000,0
1352.10,5,95.5000,0,0,94.8449,5.1551,1351.0000,0
1352.10,6,0.0000,0,0,97.3224,2.6776,1287.0000,0
1352.10,7,0.0000,0,0,86.0986,13.9014,1287.0000,0
1352.10,8,7.0000,0,0,93.2337,6.7663,1292.0000,0
1352.10,9,0.0000,0,0,93.8227,6.1773,1287.0000,0
1353.10,0,46.0000,0,0,92.6188,7.3812,1319.0000,0
1353.10,1,0.0000,0,0,100.0000,0.0000,1288.0000,0
1353.10,2,0.0000,0,0,98.7212,1.2788,1288.0000,0
1353.10,3,80.5000,0,0,97.8350,2.1650,1342.0000,0
1353.10,4,88.0000,0,0,87.1667,12.8333,1347.0000,0
1353.10,5,95.5000,0,0,94.8449,5.1551,1352.0000,0
1353.10,6,0.0000,0,0,97.3224,2.6776,1288.0000,0
1353.10,7,0.0000,0,0,86.0986,13.9014,1288.0000,0
1353.10,8,7.0000,0,0,93.2337,6.7663,1293.0000,0
1353.10,9,0.0000,0,0,93.8227,6.1773,1288.0000,0
1354.10,0,46.0000,0,0,92.6188,7.3812,1320.0000,0
1354.10,1,0.0000,0,0,100.0000,0.0000,1289.0000,0
1354.10,2,0.0000,0,0,98.7212,1.2788,1289.0000,0
1354.10,3,80.5000,0,0,97.8350,2.1650,1343.0000,0
1354.10,4,88.0000,0,0,87.1667,12.8333,1348.0000,0
1354.10,5,95.5000,0,0,94.8449,5.1551,1353.0000,0
1354.10,6,0.0000,0,0,97.3224,2.6776,1289.0000,0
1354.10,7,0.0000,0,0,86.0986,13.9014,1289.0000,0
1354.10,8,7.0000,0,0,93.2337,6.7663,1294.0000,0
1354.10,9,0.0000,0,0,93.8227,6.1773,1289.0000,0
1355.10,0,46.0000,0,0,92.6188,7.3812,1321.0000,0
1355.10,1,0.0000,0,0,100.0000,0.0000,1290.0000,0
1355.10,2,0.0000,0,0,98.7212,1.2788,1290.0000,0
1355.10,3,80.5000,0,0,97.8350,2.1650,1344.0000,0
1355.10,4,88.0000,0,0,87.1667,12.8333,1349.0000,0
1355.10,5,95.5000,0,0,94.8449,5.1551,1354.0000,0
1355.10,6,0.0000,0,0,97.3224,2.6776,1290.0000,0
1355.10,7,0.0000,0,0,86.0986,13.9014,1290.0000,0
1355.10,8,7.0000,0,0,93.2337,6.7663,1295.0000,0
1355.10,9,0.0000,0,0,93.8227,6.1773,1290.0000,0
1356.10,0,46.0000,0,0,92.6188,7.3812,1322.0000,0
1356.10,1,0.0000,0,0,100.0000,0.0000,1291.0000,0
1356.10,2,0.0000,0,0,98.7212,1.2788,1291.0000,0
1356.10,3,80.5000,0,0,97.8350,2.1650,1345.0000,0
1356.10,4,88.0000,0,0,87.1667,12.8333,1350.0000,0
1356.10,5,95.5000,0,0,94.8449,5.1551,1355.0000,0
1356.10,6,0.0000,0,0,97.3224,2.6776,1291.0000,0
1356.10,7,0.0000,0,0,86.0986,13.9014,1291.0000,0
1356.10,8,7.0000,0,0,93.2337,6.7663,1296.0000,0
1356.10,9,0.0000,0,0,93.8227,6.1773,1291.0000,0
1357.10,0,46.0000,0,0,92.6188,7.3812,1323.0000,0
1357.10,1,0.0000,0,0,100.0000,0.0000,1292.0000,0
1357.10,2,0.0000,0,0,98.7212,1.2788,1292.0000,0
1357.10,3,80.5000,0,0,97.8350,2.1650,1346.0000,0
1357.10,4,88.0000,0,0,87.1667,12.8333,1351.0000,0
1357.10,5,95.5000,0,0,94.8449,5.1551,1356.0000,0
1357.10,6,0.0000,0,0,97.3224,2.6776,1292.0000,0
1357.10,7,0.0000,0,0,86.0986,13.9014,1292.0000,0
1357.10,8,7.0000,0,0,93.2337,6.7663,1297.0000,0
1357.10,9,0.0000,0,0,93.8227,6.1773,1292.0000,0
1358.10,0,46.0000,0,0,92.6188,7.3812,1324.0000,0
1358.10,1,0.0000,0,0,100.0000,0.0000,1293.0000,0
1358.10,2,0.0000,0,0,98.7212,1.2788,1293.0000,0
1358.10,3,80.5000,0,0,97.8350,2.1650,1347.0000,0
1358.10,4,88.0000,0,0,87.1667,12.8333,1352.0000,0
1358.10,5,95.5000,0,0,94.8449,5.1551,1357.0000,0
1358.10,6,0.0000,0,0,97.3224,2.6776,1293.0000,0
1358.10,7,0.0000,0,0,86.0986,13.9014,1293.0000,0
1358.10,8,7.0000,0,0,93.2337,6.7663,1298.0000,0
1358.10,9,0.0000,0,0,93.8227,6.1773,1293.0000,0
1359.10,0,46.0000,0,0,92.6188,7.3812,1325.0000,0
1359.10,1,0.0000,0,0,100.0000,0.0000,1294.0000,0
1359.10,2,0.0000,0,0,98.7212,1.2788,1294.0000,0
1359.10,3,80.5000,0,0,97.8350,2.1650,1348.0000,0
1359.10,4,88.0000,0,0,87.1667,12.8333,1353.0000,0
1359.10,5,95.5000,0,0,94.8449,5.1551,1358.0000,0
1359.10,6,0.0000,0,0,97.3224,2.6776,1294.0000,0
1359.10,7,0.0000,0,0,86.0986,13.9014,1294.0000,0
1359.10,8,7.0000,0,0,93.2337,6.7663,1299.0000,0
1359.10,9,0.0000,0,0,93.8227,6.1773,1294.0000,0
1360.10,0,46.0000,0,0,92.6188,7.3812,1326.0000,0
1360.10,1,0.0000,0,0,100.0000,0.0000,1295.0000,0
1360.10,2,0.0000,0,0,98.7212,1.2788,1295.0000,0
1360.10,3,80.5000,0,0,97.8350,2.1650,1349.0000,0
1360.10,4,88.0000,0,0,87.1667,12.8333,1354.0000,0
1360.10,5,95.5000,0,0,94.8449,5.1551,1359.0000,0
1360.10,6,0.0000,0,0,97.3224,2.6776,1295.0000,0
1360.10,7,0.0000,0,0,86.0986,13.9014,1295.0000,0
1360.10,8,7.0000,0,0,93.2337,6.7663,1300.0000,0
1360.10,9,0.0000,0,0,93.8227,6.1773,1295.0000,0
1361.10,0,46.0000,0,0,92.6188,7.3812,1327.0000,0
1361.10,1,0.0000,0,0,100.0000,0.0000,1296.0000,0
1361.10,2,0.0000,0,0,98.7212,1.2788,1296.0000,0
1361.10,3,80.5000,0,0,97.8350,2.1650,1350.0000,0
1361.10,4,88.0000,0,0,87.1667,12.8333,1355.0000,0
1361.10,5,95.5000,0,0,94.8449,5.1551,1360.0000,0
1361.10,6,0.0000,0,0,97.3224,2.6776,1296.0000,0
1361.10,7,0.0000,0,0,86.0986,13.9014,1296.0000,0
1361.10,8,7.0000,0,0,93.2337,6.7663,1301.0000,0
1361.10,9,0.0000,0,0,93.8227,6.1773,1296.0000,0
1362.10,0,46.0000,0,0,92.6188,7.3812,1328.0000,0
1362.10,1,0.0000,0,0,100.0000,0.0000,1297.0000,0
1362.10,2,0.0000,0,0,98.7212,1.2788,1297.0000,0
1362.10,3,80.5000,0,0,97.8350,2.1650,1351.0000,0
1362.10,4,88.0000,0,0,87.1667,12.8333,1356.0000,0
1362.10,5,95.5000,0,0,94.8449,5.1551,1361.0000,0
1362.10,6,0.0000,0,0,97.3224,2.6776,1297.0000,0
1362.10,7,0.0000,0,0,86.0986,13.9014,1297.0000,0
1362.10,8,7.0000,0,0,93.2337,6.7663,1302.0000,0
1362.10,9,0.0000,0,0,93.8227,6.1773,1297.0000,0
1363.10,0,46.0000,0,0,92.6188,7.3812,1329.0000,0
1363.10,1,0.0000,0,0,100.0000,0.0000,1298.0000,0
1363.10,2,0.0000,0,0,98.7212,1.2788,1298.0000,0
1363.10,3,80.5000,0,0,97.8350,2.1650,1352.0000,0
1363.10,4,88.0000,0,0,87.1667,12.8333,1357.0000,0
1363.10,5,95.5000,0,0,94.8449,5.1551,1362.0000,0
1363.10,6,0.0000,0,0,97.3224,2.6776,1298.0000,0
1363.10,7,0.0000,0,0,86.0986,13.9014,1298.0000,0
1363.10,8,7.0000,0,0,93.2337,6.7663,1303.0000,0
1363.10,9,0.0000,0,0,93.8227,6.1773,1298.0000,0
1364.10,0,46.0000,0,0,92.6188,7.3812,1330.0000,0
1364.10,1,0.0000,0,0,100.0000,0.0000,1299.0000,0
1364.10,2,0.0000,0,0,98.7212,1.2788,1299.0000,0
1364.10,3,80.5000,0,0,97.8350,2.1650,1353.0000,0
1364.10,4,88.0000,0,0,87.1667,12.8333,1358.0000,0
1364.10,5,95.5000,0,0,94.8449,5.1551,1363.0000,0
1364.10,6,0.0000,0,0,97.3224,2.6776,1299.0000,0
1364.10,7,0.0000,0,0,86.0986,13.9014,1299.0000,0
1364.10,8,7.0000,0,0,93.2337,6.7663,1304.0000,0
1364.10,9,0.0000,0,0,93.8227,6.1773,1299.0000,0
1365.10,0,46.0000,0,0,92.6188,7.3812,1331.0000,0
1365.10,1,0.0000,0,0,100.0000,0.0000,1300.0000,0
1365.10,2,0.0000,0,0,98.7212,1.2788,1300.0000,0
1365.10,3,80.5000,0,0,97.8350,2.1650,1354.0000,0
1365.10,4,88.0000,0,0,87.1667,12.8333,1359.0000,0
1365.10,5,95.5000,0,0,94.8449,5.1551,1364.0000,0
1365.10,6,0.0000,0,0,97.3224,2.6776,1300.0000,0
1365.10,7,0.0000,0,0,86.0986,13.9014,1300.0000,0
1365.10,8,7.0000,0,0,93.2337,6.7663,1305.0000,0
1365.10,9,0.0000,0,0,93.8227,6.1773,1300.0000,0
1366.10,0,46.0000,0,0,92.6188,7.3812,1332.0000,0
1366.10,1,0.0000,0,0,100.0000,0.0000,1301.0000,0
1366.10,2,0.0000,0,0,98.7212,1.2788,1301.0000,0
1366.10,3,80.5000,0,0,97.8350,2.1650,1355.0000,0
1366.10,4,88.0000,0,0,87.1667,12.8333,1360.0000,0
1366.10,5,95.5000,0,0,94.8449,5.1551,1365.0000,0
1366.10,6,0.0000,0,0,97.3224,2.6776,1301.0000,0
1366.10,7,0.0000,0,0,86.0986,13.9014,1301.0000,0
1366.10,8,7.0000,0,0,93.2337,6.7663,1306.0000,0
1366.10,9,0.0000,0,0,93.8227,6.1773,1301.0000,0
1367.10,0,46.0000,0,0,92.6188,7.3812,1333.0000,0
1367.10,1,0.0000,0,0,100.0000,0.0000,1302.0000,0
1367.10,2,0.0000,0,0,98.7212,1.2788,1302.0000,0
1367.10,3,80.5000,0,0,97.8350,2.1650,1356.0000,0
1367.10,4,88.0000,0,0,87.1667,12.8333,1361.0000,0
1367.10,5,95.5000,0,0,94.8449,5.1551,1366.0000,0
1367.10,6,0.0000,0,0,97.3224,2.6776,1302.0000,0
1367.10,7,0.0000,0,0,86.0986,13.9014,1302.0000,0
1367.10,8,7.0000,0,0,93.2337,6.7663,1307.0000,0
1367.10,9,0.0000,0,0,93.8227,6.1773,1302.0000,0
1368.10,0,46.0000,0,0,92.6188,7.3812,1334.0000,0
1368.10,1,0.0000,0,0,100.0000,0.0000,1303.0000,0
1368.10,2,0.0000,0,0,98.7212,1.2788,1303.0000,0
1368.10,3,80.5000,0,0,97.8350,2.1650,1357.0000,0
1368.10,4,88.0000,0,0,87.1667,12.8333,1362.0000,0
1368.10,5,95.5000,0,0,94.8449,5.1551,1367.0000,0
1368.10,6,0.0000,0,0,97.3224,2.6776,1303.0000,0
1368.10,7,0.0000,0,0,86.0986,13.9014,1303.0000,0
1368.10,8,7.0000,0,0,93.2337,6.7663,1308.0000,0
1368.10,9,0.0000,0,0,93.8227,6.1773,1303.0000,0
1369.10,0,46.0000,0,0,92.6188,7.3812,1335.0000,0
1369.10,1,0.0000,0,0,100.0000,0.0000,1304.0000,0
1369.10,2,0.0000,0,0,98.7212,1.2788,1304.0000,0
1369.10,3,80.5000,0,0,97.8350,2.1650,1358.0000,0
1369.10,4,88.0000,0,0,87.1667,12.8333,1363.0000,0
1369.10,5,95.5000,0,0,94.8449,5.1551,1368.0000,0
1369.10,6,0.0000,0,0,97.3224,2.6776,1304.0000,0
1369.10,7,0.0000,0,0,86.0986,13.9014,1304.0000,0
1369.10,8,7.0000,0,0,93.2337,6.7663,1309.0000,0
1369.10,9,0.0000,0,0,93.8227,6.1773,1304.0000,0
1370.10,0,46.0000,0,0,92.6188,7.3812,1336.0000,0
1370.10,1,0.0000,0,0,100.0000,0.0000,1305.0000,0
1370.10,2,0.0000,0,0,98.7212,1.2788,1305.0000,0
1370.10,3,80.5000,0,0,97.8350,2.1650,1359.0000,0
1370.10,4,88.0000,0,0,87.1667,12.8333,1364.0000,0
1370.10,5,95.5000,0,0,94.8449,5.1551,1369.0000,0
1370.10,6,0.0000,0,0,97.3224,2.6776,1305.0000,0
1370.10,7,0.0000,0,0,86.0986,13.9014,1305.0000,0
1370.10,8,7.0000,0,0,93.2337,6.7663,1310.0000,0
1370.10,9,0.0000,0,0,93.8227,6.1773,1305.0000,0
1371.10,0,46.0000,0,0,92.6188,7.3812,1337.0000,0
1371.10,1,0.0000,0,0,100.0000,0.0000,1306.0000,0
1371.10,2,0.0000,0,0,98.7212,1.2788,1306.0000,0
1371.10,3,80.5000,0,0,97.8350,2.1650,1360.0000,0
1371.10,4,88.0000,0,0,87.1667,12.8333,1365.0000,0
1371.10,5,95.5000,0,0,94.8449,5.1551,1370.0000,0
1371.10,6,0.0000,0,0,97.3224,2.6776,1306.0000,0
1371.10,7,0.0000,0,0,86.0986,13.9014,1306.0000,0
1371.10,8,7.0000,0,0,93.2337,6.7663,1311.0000,0
1371.10,9,0.0000,0,0,93.8227,6.1773,1306.0000,0
1372.10,0,46.0000,0,0,92.6188,7.3812,1338.0000,0
1372.10,1,0.0000,0,0,100.0000,0.0000,1307.0000,0
1372.10,2,0.0000,0,0,98.7212,1.2788,1307.0000,0
1372.10,3,80.5000,0,0,97.8350,2.1650,1361.0000,0
1372.10,4,88.0000,0,0,87.1667,12.8333,1366.0000,0
1372.10,5,95.5000,0,0,94.8449,5.1551,1371.0000,0
1372.10,6,0.0000,0,0,97.3224,2.6776,1307.0000,0
1372.10,7,0.0000,0,0,86.0986,13.9014,1307.0000,0
1372.10,8,7.0000,0,0,93.2337,6.7663,1312.0000,0
1372.10,9,0.0000,0,0,93.8227,6.1773,1307.0000,0
1373.10,0,46.0000,0,0,92.6188,7.3812,1339.0000,0
1373.10,1,0.0000,0,0,100.0000,0.0000,1308.0000,0
1373.10,2,0.0000,0,0,98.7212,1.2788,1308.0000,0
1373.10,3,80.5000,0,0,97.8350,2.1650,1362.0000,0
1373.10,4,88.0000,0,0,87.1667,12.8333,1367.0000,0
1373.10,5,95.5000,0,0,94.8449,5.1551,1372.0000,0
1373.10,6,0.0000,0,0,97.3224,2.6776,1308.0000,0
1373.10,7,0.0000,0,0,86.0986,13.9014,1308.0000,0
1373.10,8,7.0000,0,0,93.2337,6.7663,1313.0000,0
1373.10,9,0.0000,0,0,93.8227,6.1773,1308.0000,0
1374.10,0,46.0000,0,0,92.6188,7.3812,1340.0000,0
1374.10,1,0.0000,0,0,100.0000,0.0000,1309.0000,0
1374.10,2,0.0000,0,0,98.7212,1.2788,1309.0000,0
1374.10,3,80.5000,0,0,97.8350,2.1650,1363.0000,0
1374.10,4,88.0000,0,0,87.1667,12.8333,1368.0000,0
1374.10,5,95.5000,0,0,94.8449,5.1551,1373.0000,0
1374.10,6,0.0000,0,0,97.3224,2.6776,1309.0000,0
1374.10,7,0.0000,0,0,86.0986,13.9014,1309.0000,0
1374.10,8,7.0000,0,0,93.2337,6.7663,1314.0000,0
1374.10,9,0.0000,0,0,93.8227,6.1773,1309.0000,0
1375.10,0,46.0000,0,0,92.6188,7.3812,1341.0000,0
1375.10,1,0.0000,0,0,100.0000,0.0000,1310.0000,0
1375.10,2,0.0000,0,0,98.7212,1.2788,1310.0000,0
1375.10,3,80.5000,0,0,97.8350,2.1650,1364.0000,0
1375.10,4,88.0000,0,0,87.1667,12.8333,1369.0000,0
1375.10,5,95.5000,0,0,94.8449,5.1551,1374.0000,0
1375.10,6,0.0000,0,0,97.3224,2.6776,1310.0000,0
1375.10,7,0.0000,0,0,86.0986,13.9014,1310.0000,0
1375.10,8,7.0000,0,0,93.2337,6.7663,1315.0000,0
1375.10,9,0.0000,0,0,93.8227,6.1773,1310.0000,0
1376.10,0,46.0000,0,0,92.6188,7.3812,1342.0000,0
1376.10,1,0.0000,0,0,100.0000,0.0000,1311.0000,0
1376.10,2,0.0000,0,0,98.7212,1.2788,1311.0000,0
1376.10,3,80.5000,0,0,97.8350,2.1650,1365.0000,0
1376.10,4,88.0000,0,0,87.1667,12.8333,1370.0000,0
1376.10,5,95.5000,0,0,94.8449,5.1551,1375.0000,0
1376.10,6,0.0000,0,0,97.3224,2.6776,1311.0000,0
1376.10,7,0.0000,0,0,86.0986,13.9014,1311.0000,0
1376.10,8,7.0000,0,0,93.2337,6.7663,1316.0000,0
1376.10,9,0.0000,0,0,93.8227,6.1773,1311.0000,0
1377.10,0,46.0000,0,0,92.6188,7.3812,1343.0000,0
1377.10,1,0.0000,0,0,100.0000,0.0000,1312.0000,0
1377.10,2,0.0000,0,0,98.7212,1.2788,1312.0000,0
1377.10,3,80.5000,0,0,97.8350,2.1650,1366.0000,0
1377.10,4,88.0000,0,0,87.1667,12.8333,1371.0000,0
1377.10,5,95.5000,0,0,94.8449,5.1551,1376.0000,0
1377.10,6,0.0000,0,0,97.3224,2.6776,1312.0000,0
1377.10,7,0.0000,0,0,86.0986,13.9014,1312.0000,0
1377.10,8,7.0000,0,0,93.2337,6.7663,1317.0000,0
1377.10,9,0.0000,0,0,93.8227,6.1773,1312.0000,0
1378.10,0,46.0000,0,0,92.6188,7.3812,1344.0000,0
1378.10,1,0.0000,0,0,100.0000,0.0000,1313.0000,0
1378.10,2,0.0000,0,0,98.7212,1.2788,1313.0000,0
1378.10,3,80.5000,0,0,97.8350,2.1650,1367.0000,0
1378.10,4,88.0000,0,0,87.1667,12.8333,1372.0000,0
1378.10,5,95.5000,0,0,94.8449,5.1551,1377.0000,0
1378.10,6,0.0000,0,0,97.3224,2.6776,1313.0000,0
1378.10,7,0.0000,0,0,86.0986,13.9014,1313.0000,0
1378.10,8,7.0000,0,0,93.2337,6.7663,1318.0000,0
1378.10,9,0.0000,0,0,93.8227,6.1773,1313.0000,0
1379.10,0,46.0000,0,0,92.6188,7.3812,1345.0000,0
1379.10,1,0.0000,0,0,100.0000,0.0000,1314.0000,0
1379.10,2,0.0000,0,0,98.7212,1.2788,1314.0000,0
1379.10,3,80.5000,0,0,97.8350,2.1650,1368.0000,0
1379.10,4,88.0000,0,0,87.1667,12.8333,1373.0000,0
1379.10,5,95.5000,0,0,94.8449,5.1551,1378.0000,0
1379.10,6,0.0000,0,0,97.3224,2.6776,1314.0000,0
1379.10,7,0.0000,0,0,86.0986,13.9014,1314.0000,0
1379.10,8,7.0000,0,0,93.2337,6.7663,1319.0000,0
1379.10,9,0.0000,0,0,93.8227,6.1773,1314.0000,0
1380.10,0,46.0000,0,0,92.6188,7.3812,1346.0000,0
1380.10,1,0.0000,0,0,100.0000,0.0000,1315.0000,0
1380.10,2,0.0000,0,0,98.7212,1.2788,1315.0000,0
1380.10,3,80.5000,0,0,97.8350,2.1650,1369.0000,0
1380.10,4,88.0000,0,0,87.1667,12.8333,1374.0000,0
1380.10,5,95.5000,0,0,94.8449,5.1551,1379.0000,0
1380.10,6,0.0000,0,0,97.3224,2.6776,1315.0000,0
1380.10,7,0.0000,0,0,86.0986,13.9014,1315.0000,0
1380.10,8,7.0000,0,0,93.2337,6.7663,1320.0000,0
1380.10,9,0.0000,0,0,93.8227,6.1773,1315.0000,0
1381.10,0,46.0000,0,0,92.6188,7.3812,1347.0000,0
1381.10,1,0.0000,0,0,100.0000,0.0000,1316.0000,0
1381.10,2,0.0000,0,0,98.7212,1.2788,1316.0000,0
1381.10,3,80.5000,0,0,97.8350,2.1650,1370.0000,0
1381.10,4,88.0000,0,0,87.1667,12.8333,1375.0000,0
1381.10,5,95.5000,0,0,94.8449,5.1551,1380.0000,0
1381.10,6,0.0000,0,0,97.3224,2.6776,1316.0000,0
1381.10,7,0.0000,0,0,86.0986,13.9014,1316.0000,0
1381.10,8,7.0000,0,0,93.2337,6.7663,1321.0000,0
1381.10,9,0.0000,0,0,93.8227,6.1773,1316.0000,0
1382.10,0,46.0000,0,0,92.6188,7.3812,1348.0000,0
1382.10,1,0.0000,0,0,100.0000,0.0000,1317.0000,0
1382.10,2,0.0000,0,0,98.7212,1.2788,1317.0000,0
1382.10,3,80.5000,0,0,97.8350,2.1650,1371.0000,0
1382.10,4,88.0000,0,0,87.1667,12.8333,1376.0000,0
1382.10,5,95.5000,0,0,94.8449,5.1551,1381.0000,0
1382.10,6,0.0000,0,0,97.3224,2.6776,1317.0000,0
1382.10,7,0.0000,0,0,86.0986,13.9014,1317.0000,0
1382.10,8,7.0000,0,0,93.2337,6.7663,1322.0000,0
1382.10,9,0.0000,0,0,93.8227,6.1773,1317.0000,0
1383.10,0,46.0000,0,0,92.6188,7.3812,1349.0000,0
1383.10,1,0.0000,0,0,100.0000,0.0000,1318.0000,0
1383.10,2,0.0000,0,0,98.7212,1.2788,1318.0000,0
1383.10,3,80.5000,0,0,97.8350,2.1650,1372.0000,0
1383.10,4,88.0000,0,0,87.1667,12.8333,1377.0000,0
1383.10,5,95.5000,0,0,94.8449,5.1551,1382.0000,0
1383.10,6,0.0000,0,0,97.3224,2.6776,1318.0000,0
1383.10,7,0.0000,0,0,86.0986,13.9014,1318.0000,0
1383.10,8,7.0000,0,0,93.2337,6.7663,1323.0000,0
1383.10,9,0.0000,0,0,93.8227,6.1773,1318.0000,0
1384.10,0,46.0000,0,0,92.6188,7.3812,1350.0000,0
1384.10,1,0.0000,0,0,100.0000,0.0000,1319.0000,0
1384.10,2,0.0000,0,0,98.7212,1.2788,1319.0000,0
1384.10,3,80.5000,0,0,97.8350,2.1650,1373.0000,0
1384.10,4,88.0000,0,0,87.1667,12.8333,1378.0000,0
1384.10,5,95.5000,0,0,94.8449,5.1551,1383.0000,0
1384.10,6,0.0000,0,0,97.3224,2.6776,1319.0000,0
1384.10,7,0.0000,0,0,86.0986,13.9014,1319.0000,0
1384.10,8,7.0000,0,0,93.2337,6.7663,1324.0000,0
1384.10,9,0.0000,0,0,93.8227,6.1773,1319.0000,0
1385.10,0,46.0000,0,0,92.6188,7.3812,1351.0000,0
1385.10,1,0.0000,0,0,100.0000,0.0000,1320.0000,0
1385.10,2,0.0000,0,0,98.7212,1.2788,1320.0000,0
1385.10,3,80.5000,0,0,97.8350,2.1650,1374.0000,0
1385.10,4,88.0000,0,0,87.1667,12.8333,1379.0000,0
1385.10,5,95.5000,0,0,94.8449,5.1551,1384.0000,0
1385.10,6,0.0000,0,0,97.3224,2.6776,1320.0000,0
1385.10,7,0.0000,0,0,86.0986,13.9014,1320.0000,0
1385.10,8,7.0000,0,0,93.2337,6.7663,1325.0000,0
1385.10,9,0.0000,0,0,93.8227,6.1773,1320.0000,0
1386.10,0,46.0000,0,0,92.6188,7.3812,1352.0000,0
1386.10,1,0.0000,0,0,100.0000,0.0000,1321.0000,0
1386.10,2,0.0000,0,0,98.7212,1.2788,1321.0000,0
1386.10,3,80.5000,0,0,97.8350,2.1650,1375.0000,0
1386.10,4,88.0000,0,0,87.1667,12.8333,1380.0000,0
1386.10,5,95.5000,0,0,94.8449,5.1551,1385.0000,0
1386.10,6,0.0000,0,0,97.3224,2.6776,1321.0000,0
1386.10,7,0.0000,0,0,86.0986,13.9014,1321.0000,0
1386.10,8,7.0000,0,0,93.2337,6.7663,1326.0000,0
1386.10,9,0.0000,0,0,93.8227,6.1773,1321.0000,0
1387.10,0,46.0000,0,0,92.6188,7.3812,1353.0000,0
1387.10,1,0.0000,0,0,100.0000,0.0000,1322.0000,0
1387.10,2,0.0000,0,0,98.7212,1.2788,1322.0000,0
1387.10,3,80.5000,0,0,97.8350,2.1650,1376.0000,0
1387.10,4,88.0000,0,0,87.1667,12.8333,1381.0000,0
1387.10,5,95.5000,0,0,94.8449,5.1551,1386.0000,0
1387.10,6,0.0000,0,0,97.3224,2.6776,1322.0000,0
1387.10,7,0.0000,0,0,86.0986,13.9014,1322.0000,0
1387.10,8,7.0000,0,0,93.2337,6.7663,1327.0000,0
1387.10,9,0.0000,0,0,93.8227,6.1773,1322.0000,0
1388.10,0,46.0000,0,0,92.6188,7.3812,1354.0000,0
1388.10,1,0.0000,0,0,100.0000,0.0000,1323.0000,0
1388.10,2,0.0000,0,0,98.7212,1.2788,1323.0000,0
1388.10,3,80.5000,0,0,97.8350,2.1650,1377.0000,0
1388.10,4,88.0000,0,0,87.1667,12.8333,1382.0000,0
1388.10,5,95.5000,0,0,94.8449,5.1551,1387.0000,0
1388.10,6,0.0000,0,0,97.3224,2.6776,1323.0000,0
1388.10,7,0.0000,0,0,86.0986,13.9014,1323.0000,0
1388.10,8,7.0000,0,0,93.2337,6.7663,1328.0000,0
1388.10,9,0.0000,0,0,93.8227,6.1773,1323.0000,0
1389.10,0,46.0000,0,0,92.6188,7.3812,1355.0000,0
1389.10,1,0.0000,0,0,100.0000,0.0000,1324.0000,0
1389.10,2,0.0000,0,0,98.7212,1.2788,1324.0000,0
1389.10,3,80.5000,0,0,97.8350,2.1650,1378.0000,0
1389.10,4,88.0000,0,0,87.1667,12.8333,1383.0000,0
1389.10,5,95.5000,0,0,94.8449,5.1551,1388.0000,0
1389.10,6,0.0000,0,0,97.3224,2.6776,1324.0000,0
1389.10,7,0.0000,0,0,86.0986,13.9014,1324.0000,0
1389.10,8,7.0000,0,0,93.2337,6.7663,1329.0000,0
1389.10,9,0.0000,0,0,93.8227,6.1773,1324.0000,0
1390.10,0,46.0000,0,0,92.6188,7.3812,1356.0000,0
1390.10,1,0.0000,0,0,100.0000,0.0000,1325.0000,0
1390.10,2,0.0000,0,0,98.7212,1.2788,1325.0000,0
1390.10,3,80.5000,0,0,97.8350,2.1650,1379.0000,0
1390.10,4,88.0000,0,0,87.1667,12.8333,1384.0000,0
1390.10,5,95.5000,0,0,94.8449,5.1551,1389.0000,0
1390.10,6,0.0000,0,0,97.3224,2.6776,1325.0000,0
1390.10,7,0.0000,0,0,86.0986,13.9014,1325.0000,0
1390.10,8,7.0000,0,0,93.2337,6.7663,1330.0000,0
1390.10,9,0.0000,0,0,93.8227,6.1773,1325.0000,0
1391.10,0,46.0000,0,0,92.6188,7.3812,1357.0000,0
1391.10,1,0.0000,0,0,100.0000,0.0000,1326.0000,0
1391.10,2,0.0000,0,0,98.7212,1.2788,1326.0000,0
1391.10,3,80.5000,0,0,97.8350,2.1650,1380.0000,0
1391.10,4,88.0000,0,0,87.1667,12.8333,1385.0000,0
1391.10,5,95.5000,0,0,94.8449,5.1551,1390.0000,0
1391.10,6,0.0000,0,0,97.3224,2.6776,1326.0000,0
1391.10,7,0.0000,0,0,86.0986,13.9014,1326.0000,0
1391.10,8,7.0000,0,0,93.2337,6.7663,1331.0000,0
1391.10,9,0.0000,0,0,93.8227,6.1773,1326.0000,0
1392.10,0,46.0000,0,0,92.6188,7.3812,1358.0000,0
1392.10,1,0.0000,0,0,100.0000,0.0000,1327.0000,0
1392.10,2,0.0000,0,0,98.7212,1.2788,1327.0000,0
1392.10,3,80.5000,0,0,97.8350,2.1650,1381.0000,0
1392.10,4,88.0000,0,0,87.1667,12.8333,1386.0000,0
1392.10,5,95.5000,0,0,94.8449,5.1551,1391.0000,0
1392.10,6,0.0000,0,0,97.3224,2.6776,1327.0000,0
1392.10,7,0.0000,0,0,86.0986,13.9014,1327.0000,0
1392.10,8,7.0000,0,0,93.2337,6.7663,1332.0000,0
1392.10,9,0.0000,0,0,93.8227,6.1773,1327.0000,0
1393.10,0,46.0000,0,0,92.6188,7.3812,1359.0000,0
1393.10,1,0.0000,0,0,100.0000,0.0000,1328.0000,0
1393.10,2,0.0000,0,0,98.7212,1.2788,1328.0000,0
1393.10,3,80.5000,0,0,97.8350,2.1650,1382.0000,0
1393.10,4,88.0000,0,0,87.1667,12.8333,1387.0000,0
1393.10,5,95.5000,0,0,94.8449,5.1551,1392.0000,0
1393.10,6,0.0000,0,0,97.3224,2.6776,1328.0000,0
1393.10,7,0.0000,0,0,86.0986,13.9014,1328.0000,0
1393.10,8,7.0000,0,0,93.2337,6.7663,1333.0000,0
1393.10,9,0.0000,0,0,93.8227,6.1773,1328.0000,0
1394.10,0,46.0000,0,0,92.6188,7.3812,1360.0000,0
1394.10,1,0.0000,0,0,100.0000,0.0000,1329.0000,0
1394.10,2,0.0000,0,0,98.7212,1.2788,1329.0000,0
1394.10,3,80.5000,0,0,97.8350,2.1650,1383.0000,0
1394.10,4,88.0000,0,0,87.1667,12.8333,1388.0000,0
1394.10,5,95.5000,0,0,94.8449,5.1551,1393.0000,0
1394.10,6,0.0000,0,0,97.3224,2.6776,1329.0000,0
1394.10,7,0.0000,0,0,86.0986,13.9014,1329.0000,0
1394.10,8,7.0000,0,0,93.2337,6.7663,1334.0000,0
1394.10,9,0.0000,0,0,93.8227,6.1773,1329.0000,0
1395.10,0,46.0000,0,0,92.6188,7.3812,1361.0000,0
1395.10,1,0.0000,0,0,100.0000,0.0000,1330.0000,0
1395.10,2,0.0000,0,0,98.7212,1.2788,1330.0000,0
1395.10,3,80.5000,0,0,97.8350,2.1650,1384.0000,0
1395.10,4,88.0000,0,0,87.1667,12.8333,1389.0000,0
1395.10,5,95.5000,0,0,94.8449,5.1551,1394.0000,0
1395.10,6,0.0000,0,0,97.3224,2.6776,1330.0000,0
1395.10,7,0.0000,0,0,86.0986,13.9014,1330.0000,0
1395.10,8,7.0000,0,0,93.2337,6.7663,1335.0000,0
1395.10,9,0.0000,0,0,93.8227,6.1773,1330.0000,0
1396.10,0,46.0000,0,0,92.6188,7.3812,1362.0000,0
1396.10,1,0.0000,0,0,100.0000,0.0000,1331.0000,0
1396.10,2,0.0000,0,0,98.7212,1.2788,1331.0000,0
1396.10,3,80.5000,0,0,97.8350,2.1650,1385.0000,0
1396.10,4,88.0000,0,0,87.1667,12.8333,1390.0000,0
1396.10,5,95.5000,0,0,94.8449,5.1551,1395.0000,0
1396.10,6,0.0000,0,0,97.3224,2.6776,1331.0000,0
1396.10,7,0.0000,0,0,86.0986,13.9014,1331.0000,0
1396.10,8,7.0000,0,0,93.2337,6.7663,1336.0000,0
1396.10,9,0.0000,0,0,93.8227,6.1773,1331.0000,0
1397.10,0,46.0000,0,0,92.6188,7.3812,1363.0000,0
1397.10,1,0.0000,0,0,100.0000,0.0000,1332.0000,0
1397.10,2,0.0000,0,0,98.7212,1.2788,1332.0000,0
1397.10,3,80.5000,0,0,97.8350,2.1650,1386.0000,0
1397.10,4,88.0000,0,0,87.1667,12.8333,1391.0000,0
1397.10,5,95.5000,0,0,94.8449,5.1551,1396.0000,0
1397.10,6,0.0000,0,0,97.3224,2.6776,1332.0000,0
1397.10,7,0.0000,0,0,86.0986,13.9014,1332.0000,0
1397.10,8,7.0000,0,0,93.2337,6.7663,1337.0000,0
1397.10,9,0.0000,0,0,93.8227,6.1773,1332.0000,0
1398.10,0,46.0000,0,0,92.6188,7.3812,1364.0000,0
1398.10,1,0.0000,0,0,100.0000,0.0000,1333.0000,0
1398.10,2,0.0000,0,0,98.7212,1.2788,1333.0000,0
1398.10,3,80.5000,0,0,97.8350,2.1650,1387.0000,0
1398.10,4,88.0000,0,0,87.1667,12.8333,1392.0000,0
1398.10,5,95.5000,0,0,94.8449,5.1551,1397.0000,0
1398.10,6,0.0000,0,0,97.3224,2.6776,1333.0000,0
1398.10,7,0.0000,0,0,86.0986,13.9014,1333.0000,0
1398.10,8,7.0000,0,0,93.2337,6.7663,1338.0000,0
1398.10,9,0.0000,0,0,93.8227,6.1773,1333.0000,0
1399.10,0,46.0000,0,0,92.6188,7.3812,1365.0000,0
1399.10,1,0.0000,0,0,100.0000,0.0000,1334.0000,0
1399.10,2,0.0000,0,0,98.7212,1.2788,1334.0000,0
1399.10,3,80.5000,0,0,97.8350,2.1650,1388.0000,0
1399.10,4,88.0000,0,0,87.1667,12.8333,1393.0000,0
1399.10,5,95.5000,0,0,94.8449,5.1551,1398.0000,0
1399.10,6,0.0000,0,0,97.3224,2.6776,1334.0000,0
1399.10,7,0.0000,0,0,86.0986,13.9014,1334.0000,0
1399.10,8,7.0000,0,0,93.2337,6.7663,1339.0000,0
1399.10,9,0.0000,0,0,93.8227,6.1773,1334.0000,0
1400.10,0,46.0000,0,0,92.6188,7.3812,1366.0000,0
1400.10,1,0.0000,0,0,100.0000,0.0000,1335.0000,0
1400.10,2,0.0000,0,0,98.7212,1.2788,1335.0000,0
1400.10,3,80.5000,0,0,97.8350,2.1650,1389.0000,0
1400.10,4,88.0000,0,0,87.1667,12.8333,1394.0000,0
1400.10,5,95.5000,0,0,94.8449,5.1551,1399.0000,0
1400.10,6,0.0000,0,0,97.3224,2.6776,1335.0000,0
1400.10,7,0.0000,0,0,86.0986,13.9014,1335.0000,0
1400.10,8,7.0000,0,0,93.2337,6.7663,1340.0000,0
1400.10,9,0.0000,0,0,93.8227,6.1773,1335.0000,0
1401.10,0,46.0000,0,0,92.6188,7.3812,1367.0000,0
1401.10,1,0.0000,0,0,100.0000,0.0000,1336.0000,0
1401.10,2,0.0000,0,0,98.7212,1.2788,1336.0000,0
1401.10,3,80.5000,0,0,97.8350,2.1650,1390.0000,0
1401.10,4,88.0000,0,0,87.1667,12.8333,1395.0000,0
1401.10,5,95.5000,0,0,94.8449,5.1551,1400.0000,0
1401.10,6,0.0000,0,0,97.3224,2.6776,1336.0000,0
1401.10,7,0.0000,0,0,86.0986,13.9014,1336.0000,0
1401.10,8,7.0000,0,0,93.2337,6.7663,1341.0000,0
1401.10,9,0.0000,0,0,93.8227,6.1773,1336.0000,0
1402.10,0,46.0000,0,0,92.6188,7.3812,1368.0000,0
1402.10,1,0.0000,0,0,100.0000,0.0000,1337.0000,0
1402.10,2,0.0000,0,0,98.7212,1.2788,1337.0000,0
1402.10,3,80.5000,0,0,97.8350,2.1650,1391.0000,0
1402.10,4,88.0000,0,0,87.1667,12.8333,1396.0000,0
1402.10,5,95.5000,0,0,94.8449,5.1551,1401.0000,0
1402.10,6,0.0000,0,0,97.3224,2.6776,1337.0000,0
1402.10,7,0.0000,0,0,86.0986,13.9014,1337.0000,0
1402.10,8,7.0000,0,0,93.2337,6.7663,1342.0000,0
1402.10,9,0.0000,0,0,93.8227,6.1773,1337.0000,0
1403.10,0,46.0000,0,0,92.6188,7.3812,1369.0000,0
1403.10,1,0.0000,0,0,100.0000,0.0000,1338.0000,0
1403.10,2,0.0000,0,0,98.7212,1.2788,1338.0000,0
1403.10,3,80.5000,0,0,97.8350,2.1650,1392.0000,0
1403.10,4,88.0000,0,0,87.1667,12.8333,1397.0000,0
1403.10,5,95.5000,0,0,94.8449,5.1551,1402.0000,0
1403.10,6,0.0000,0,0,97.3224,2.6776,1338.0000,0
1403.10,7,0.0000,0,0,86.0986,13.9014,1338.0000,0
1403.10,8,7.0000,0,0,93.2337,6.7663,1343.0000,0
1403.10,9,0.0000,0,0,93.8227,6.1773,1338.0000,0
1404.10,0,46.0000,0,0,92.6188,7.3812,1370.0000,0
1404.10,1,0.0000,0,0,100.0000,0.0000,1339.0000,0
1404.10,2,0.0000,0,0,98.7212,1.2788,1339.0000,0
1404.10,3,80.5000,0,0,97.8350,2.1650,1393.0000,0
1404.10,4,88.0000,0,0,87.1667,12.8333,1398.0000,0
1404.10,5,95.5000,0,0,94.8449,5.1551,1403.0000,0
1404.10,6,0.0000,0,0,97.3224,2.6776,1339.0000,0
1404.10,7,0.0000,0,0,86.0986,13.9014,1339.0000,0
1404.10,8,7.0000,0,0,93.2337,6.7663,1344.0000,0
1404.10,9,0.0000,0,0,93.8227,6.1773,1339.0000,0
1405.10,0,46.0000,0,0,92.6188,7.3812,1371.0000,0
1405.10,1,0.0000,0,0,100.0000,0.0000,1340.0000,0
1405.10,2,0.0000,0,0,98.7212,1.2788,1340.0000,0
1405.10,3,80.5000,0,0,97.8350,2.1650,1394.0000,0
1405.10,4,88.0000,0,0,87.1667,12.8333,1399.0000,0
1405.10,5,95.5000,0,0,94.8449,5.1551,1404.0000,0
1405.10,6,0.0000,0,0,97.3224,2.6776,1340.0000,0
1405.10,7,0.0000,0,0,86.0986,13.9014,1340.0000,0
1405.10,8,7.0000,0,0,93.2337,6.7663,1345.0000,0
1405.10,9,0.0000,0,0,93.8227,6.1773,1340.0000,0
1406.10,0,46.0000,0,0,92.6188,7.3812,1372.0000,0
1406.10,1,0.0000,0,0,100.0000,0.0000,1341.0000,0
1406.10,2,0.0000,0,0,98.7212,1.2788,1341.0000,0
1406.10,3,80.5000,0,0,97.8350,2.1650,1395.0000,0
1406.10,4,88.0000,0,0,87.1667,12.8333,1400.0000,0
1406.10,5,95.5000,0,0,94.8449,5.1551,1405.0000,0
1406.10,6,0.0000,0,0,97.3224,2.6776,1341.0000,0
1406.10,7,0.0000,0,0,86.0986,13.9014,1341.0000,0
1406.10,8,7.0000,0,0,93.2337,6.7663,1346.0000,0
1406.10,9,0.0000,0,0,93.8227,6.1773,1341.0000,0
1407.10,0,46.0000,0,0,92.6188,7.3812,1373.0000,0
1407.10,1,0.0000,0,0,100.0000,0.0000,1342.0000,0
1407.10,2,0.0000,0,0,98.7212,1.2788,1342.0000,0
1407.10,3,80.5000,0,0,97.8350,2.1650,1396.0000,0
1407.10,4,88.0000,0,0,87.1667,12.8333,1401.0000,0
1407.10,5,95.5000,0,0,94.8449,5.1551,1406.0000,0
1407.10,6,0.0000,0,0,97.3224,2.6776,1342.0000,0
1407.10,7,0.0000,0,0,86.0986,13.9014,1342.0000,0
1407.10,8,7.0000,0,0,93.2337,6.7663,1347.0000,0
1407.10,9,0.0000,0,0,93.8227,6.1773,1342.0000,0
1408.10,0,46.0000,0,0,92.6188,7.3812,1374.0000,0
1408.10,1,0.0000,0,0,100.0000,0.0000,1343.0000,0
1408.10,2,0.0000,0,0,98.7212,1.2788,1343.0000,0
1408.10,3,80.5000,0,0,97.8350,2.1650,1397.0000,0
1408.10,4,88.0000,0,0,87.1667,12.8333,1402.0000,0
1408.10,5,95.5000,0,0,94.8449,5.1551,1407.0000,0
1408.10,6,0.0000,0,0,97.3224,2.6776,1343.0000,0
1408.10,7,0.0000,0,0,86.0986,13.9014,1343.0000,0
1408.10,8,7.0000,0,0,93.2337,6.7663,1348.0000,0
1408.10,9,0.0000,0,0,93.8227,6.1773,1343.0000,0
1409.10,0,46.0000,0,0,92.6188,7.3812,1375.0000,0
1409.10,1,0.0000,0,0,100.0000,0.0000,1344.0000,0
1409.10,2,0.0000,0,0,98.7212,1.2788,1344.0000,0
1409.10,3,80.5000,0,0,97.8350,2.1650,1398.0000,0
1409.10,4,88.0000,0,0,87.1667,12.8333,1403.0000,0
1409.10,5,95.5000,0,0,94.8449,5.1551,1408.0000,0
1409.10,6,0.0000,0,0,97.3224,2.6776,1344.0000,0
1409.10,7,0.0000,0,0,86.0986,13.9014,1344.0000,0
1409.10,8,7.0000,0,0,93.2337,6.7663,1349.0000,0
1409.10,9,0.0000,0,0,93.8227,6.1773,1344.0000,0
1410.10,0,46.0000,0,0,92.6188,7.3812,1376.0000,0
1410.10,1,0.0000,0,0,100.0000,0.0000,1345.0000,0
1410.10,2,0.0000,0,0,98.7212,1.2788,1345.0000,0
1410.10,3,80.5000,0,0,97.8350,2.1650,1399.0000,0
1410.10,4,88.0000,0,0,87.1667,12.8333,1404.0000,0
1410.10,5,95.5000,0,0,94.8449,5.1551,1409.0000,0
1410.10,6,0.0000,0,0,97.3224,2.6776,1345.0000,0
1410.10,7,0.0000,0,0,86.0986,13.9014,1345.0000,0
1410.10,8,7.0000,0,0,93.2337,6.7663,1350.0000,0
1410.10,9,0.0000,0,0,93.8227,6.1773,1345.0000,0
1411.10,0,46.0000,0,0,92.6188,7.3812,1377.0000,0
1411.10,1,0.0000,0,0,100.0000,0.0000,1346.0000,0
1411.10,2,0.0000,0,0,98.7212,1.2788,1346.0000,0
1411.10,3,80.5000,0,0,97.8350,2.1650,1400.0000,0
1411.10,4,88.0000,0,0,87.1667,12.8333,1405.0000,0
1411.10,5,95.5000,0,0,94.8449,5.1551,1410.0000,0
1411.10,6,0.0000,0,0,97.3224,2.6776,1346.0000,0
1411.10,7,0.0000,0,0,86.0986,13.9014,1346.0000,0
1411.10,8,7.0000,0,0,93.2337,6.7663,1351.0000,0
1411.10,9,0.0000,0,0,93.8227,6.1773,1346.0000,0
1412.10,0,46.0000,0,0,92.6188,7.3812,1378.0000,0
1412.10,1,0.0000,0,0,100.0000,0.0000,1347.0000,0
1412.10,2,0.0000,0,0,98.7212,1.2788,1347.0000,0
1412.10,3,80.5000,0,0,97.8350,2.1650,1401.0000,0
1412.10,4,88.0000,0,0,87.1667,12.8333,1406.0000,0
1412.10,5,95.5000,0,0,94.8449,5.1551,1411.0000,0
1412.10,6,0.0000,0,0,97.3224,2.6776,1347.0000,0
1412.10,7,0.0000,0,0,86.0986,13.9014,1347.0000,0
1412.10,8,7.0000,0,0,93.2337,6.7663,1352.0000,0
1412.10,9,0.0000,0,0,93.8227,6.1773,1347.0000,0
1413.10,0,46.0000,0,0,92.6188,7.3812,1379.0000,0
1413.10,1,0.0000,0,0,100.0000,0.0000,1348.0000,0
1413.10,2,0.0000,0,0,98.7212,1.2788,1348.0000,0
1413.10,3,80.5000,0,0,97.8350,2.1650,1402.0000,0
1413.10,4,88.0000,0,0,87.1667,12.8333,1407.0000,0
1413.10,5,95.5000,0,0,94.8449,5.1551,1412.0000,0
1413.10,6,0.0000,0,0,97.3224,2.6776,1348.0000,0
1413.10,7,0.0000,0,0,86.0986,13.9014,1348.0000,0
1413.10,8,7.0000,0,0,93.2337,6.7663,1353.0000,0
1413.10,9,0.0000,0,0,93.8227,6.1773,1348.0000,0
1414.10,0,46.0000,0,0,92.6188,7.3812,1380.0000,0
1414.10,1,0.0000,0,0,100.0000,0.0000,1349.0000,0
1414.10,2,0.0000,0,0,98.7212,1.2788,1349.0000,0
1414.10,3,80.5000,0,0,97.8350,2.1650,1403.0000,0
1414.10,4,88.0000,0,0,87.1667,12.8333,1408.0000,0
1414.10,5,95.5000,0,0,94.8449,5.1551,1413.0000,0
1414.10,6,0.0000,0,0,97.3224,2.6776,1349.0000,0
1414.10,7,0.0000,0,0,86.0986,13.9014,1349.0000,0
1414.10,8,7.0000,0,0,93.2337,6.7663,1354.0000,0
1414.10,9,0.0000,0,0,93.8227,6.1773,1349.0000,0
1415.10,0,46.0000,0,0,92.6188,7.3812,1381.0000,0
1415.10,1,0.0000,0,0,100.0000,0.0000,1350.0000,0
1415.10,2,0.0000,0,0,98.7212,1.2788,1350.0000,0
1415.10,3,80.5000,0,0,97.8350,2.1650,1404.0000,0
1415.10,4,88.0000,0,0,87.1667,12.8333,1409.0000,0
1415.10,5,95.5000,0,0,94.8449,5.1551,1414.0000,0
1415.10,6,0.0000,0,0,97.3224,2.6776,1350.0000,0
1415.10,7,0.0000,0,0,86.0986,13.9014,1350.0000,0
1415.10,8,7.0000,0,0,93.2337,6.7663,1355.0000,0
1415.10,9,0.0000,0,0,93.8227,6.1773,1350.0000,0
1416.10,0,46.0000,0,0,92.6188,7.3812,1382.0000,0
1416.10,1,0.0000,0,0,100.0000,0.0000,1351.0000,0
1416.10,2,0.0000,0,0,98.7212,1.2788,1351.0000,0
1416.10,3,80.5000,0,0,97.8350,2.1650,1405.0000,0
1416.10,4,88.0000,0,0,87.1667,12.8333,1410.0000,0
1416.10,5,95.5000,0,0,94.8449,5.1551,1415.0000,0
1416.10,6,0.0000,0,0,97.3224,2.6776,1351.0000,0
1416.10,7,0.0000,0,0,86.0986,13.9014,1351.0000,0
1416.10,8,7.0000,0,0,93.2337,6.7663,1356.0000,0
1416.10,9,0.0000,0,0,93.8227,6.1773,1351.0000,0
1417.10,0,46.0000,0,0,92.6188,7.3812,1383.0000,0
1417.10,1,0.0000,0,0,100.0000,0.0000,1352.0000,0
1417.10,2,0.0000,0,0,98.7212,1.2788,1352.0000,0
1417.10,3,80.5000,0,0,97.8350,2.1650,1406.0000,0
1417.10,4,88.0000,0,0,87.1667,12.8333,1411.0000,0
1417.10,5,95.5000,0,0,94.8449,5.1551,1416.0000,0
1417.10,6,0.0000,0,0,97.3224,2.6776,1352.0000,0
1417.10,7,0.0000,0,0,86.0986,13.9014,1352.0000,0
1417.10,8,7.0000,0,0,93.2337,6.7663,1357.0000,0
1417.10,9,0.0000,0,0,93.8227,6.1773,1352.0000,0
1418.10,0,46.0000,0,0,92.6188,7.3812,1384.0000,0
1418.10,1,0.0000,0,0,100.0000,0.0000,1353.0000,0
1418.10,2,0.0000,0,0,98.7212,1.2788,1353.0000,0
1418.10,3,80.5000,0,0,97.8350,2.1650,1407.0000,0
1418.10,4,88.0000,0,0,87.1667,12.8333,1412.0000,0
1418.10,5,95.5000,0,0,94.8449,5.1551,1417.0000,0
1418.10,6,0.0000,0,0,97.3224,2.6776,1353.0000,0
1418.10,7,0.0000,0,0,86.0986,13.9014,1353.0000,0
1418.10,8,7.0000,0,0,93.2337,6.7663,1358.0000,0
1418.10,9,0.0000,0,0,93.8227,6.1773,1353.0000,0
1419.10,0,46.0000,0,0,92.6188,7.3812,1385.0000,0
1419.10,1,0.0000,0,0,100.0000,0.0000,1354.0000,0
1419.10,2,0.0000,0,0,98.7212,1.2788,1354.0000,0
1419.10,3,80.5000,0,0,97.8350,2.1650,1408.0000,0
1419.10,4,88.0000,0,0,87.1667,12.8333,1413.0000,0
1419.10,5,95.5000,0,0,94.8449,5.1551,1418.0000,0
1419.10,6,0.0000,0,0,97.3224,2.6776,1354.0000,0
1419.10,7,0.0000,0,0,86.0986,13.9014,1354.0000,0
1419.10,8,7.0000,0,0,93.2337,6.7663,1359.0000,0
1419.10,9,0.0000,0,0,93.8227,6.1773,1354.0000,0
1420.10,0,46.0000,0,0,92.6188,7.3812,1386.0000,0
1420.10,1,0.0000,0,0,100.0000,0.0000,1355.0000,0
1420.10,2,0.0000,0,0,98.7212,1.2788,1355.0000,0
1420.10,3,80.5000,0,0,97.8350,2.1650,1409.0000,0
1420.10,4,88.0000,0,0,87.1667,12.8333,1414.0000,0
1420.10,5,95.5000,0,0,94.8449,5.1551,1419.0000,0
1420.10,6,0.0000,0,0,97.3224,2.6776,1355.0000,0
1420.10,7,0.0000,0,0,86.0986,13.9014,1355.0000,0
1420.10,8,7.0000,0,0,93.2337,6.7663,1360.0000,0
1420.10,9,0.0000,0,0,93.8227,6.1773,1355.0000,0
1421.10,0,46.0000,0,0,92.6188,7.3812,1387.0000,0
1421.10,1,0.0000,0,0,100.0000,0.0000,1356.0000,0
1421.10,2,0.0000,0,0,98.7212,1.2788,1356.0000,0
1421.10,3,80.5000,0,0,97.8350,2.1650,1410.0000,0
1421.10,4,88.0000,0,0,87.1667,12.8333,1415.0000,0
1421.10,5,95.5000,0,0,94.8449,5.1551,1420.0000,0
1421.10,6,0.0000,0,0,97.3224,2.6776,1356.0000,0
1421.10,7,0.0000,0,0,86.0986,13.9014,1356.0000,0
1421.10,8,7.0000,0,0,93.2337,6.7663,1361.0000,0
1421.10,9,0.0000,0,0,93.8227,6.1773,1356.0000,0
1422.10,0,46.0000,0,0,92.6188,7.3812,1388.0000,0
1422.10,1,0.0000,0,0,100.0000,0.0000,1357.0000,0
1422.10,2,0.0000,0,0,98.7212,1.2788,1357.0000,0
1422.10,3,80.5000,0,0,97.8350,2.1650,1411.0000,0
1422.10,4,88.0000,0,0,87.1667,12.8333,1416.0000,0
1422.10,5,95.5000,0,0,94.8449,5.1551,1421.0000,0
1422.10,6,0.0000,0,0,97.3224,2.6776,1357.0000,0
1422.10,7,0.0000,0,0,86.0986,13.9014,1357.0000,0
1422.10,8,7.0000,0,0,93.2337,6.7663,1362.0000,0
1422.10,9,0.0000,0,0,93.8227,6.1773,1357.0000,0
1423.10,0,46.0000,0,0,92.6188,7.3812,1389.0000,0
1423.10,1,0.0000,0,0,100.0000,0.0000,1358.0000,0
1423.10,2,0.0000,0,0,98.7212,1.2788,1358.0000,0
1423.10,3,80.5000,0,0,97.8350,2.1650,1412.0000,0
1423.10,4,88.0000,0,0,87.1667,12.8333,1417.0000,0
1423.10,5,95.5000,0,0,94.8449,5.1551,1422.0000,0
1423.10,6,0.0000,0,0,97.3224,2.6776,1358.0000,0
1423.10,7,0.0000,0,0,86.0986,13.9014,1358.0000,0
1423.10,8,7.0000,0,0,93.2337,6.7663,1363.0000,0
1423.10,9,0.0000,0,0,93.8227,6.1773,1358.0000,0
1424.10,0,46.0000,0,0,92.6188,7.3812,1390.0000,0
1424.10,1,0.0000,0,0,100.0000,0.0000,1359.0000,0
1424.10,2,0.0000,0,0,98.7212,1.2788,1359.0000,0
1424.10,3,80.5000,0,0,97.8350,2.1650,1413.0000,0
1424.10,4,88.0000,0,0,87.1667,12.8333,1418.0000,0
1424.10,5,95.5000,0,0,94.8449,5.1551,1423.0000,0
1424.10,6,0.0000,0,0,97.3224,2.6776,1359.0000,0
1424.10,7,0.0000,0,0,86.0986,13.9014,1359.0000,0
1424.10,8,7.0000,0,0,93.2337,6.7663,1364.0000,0
1424.10,9,0.0000,0,0,93.8227,6.1773,1359.0000,0
1425.10,0,46.0000,0,0,92.6188,7.3812,1391.0000,0
1425.10,1,0.0000,0,0,100.0000,0.0000,1360.0000,0
1425.10,2,0.0000,0,0,98.7212,1.2788,1360.0000,0
1425.10,3,80.5000,0,0,97.8350,2.1650,1414.0000,0
1425.10,4,88.0000,0,0,87.1667,12.8333,1419.0000,0
1425.10,5,95.5000,0,0,94.8449,5.1551,1424.0000,0
1425.10,6,0.0000,0,0,97.3224,2.6776,1360.0000,0
1425.10,7,0.0000,0,0,86.0986,13.9014,1360.0000,0
1425.10,8,7.0000,0,0,93.2337,6.7663,1365.0000,0
1425.10,9,0.0000,0,0,93.8227,6.1773,1360.0000,0
1426.10,0,46.0000,0,0,92.6188,7.3812,1392.0000,0
1426.10,1,0.0000,0,0,100.0000,0.0000,1361.0000,0
1426.10,2,0.0000,0,0,98.7212,1.2788,1361.0000,0
1426.10,3,80.5000,0,0,97.8350,2.1650,1415.0000,0
1426.10,4,88.0000,0,0,87.1667,12.8333,1420.0000,0
1426.10,5,95.5000,0,0,94.8449,5.1551,1425.0000,0
1426.10,6,0.0000,0,0,97.3224,2.6776,1361.0000,0
1426.10,7,0.0000,0,0,86.0986,13.9014,1361.0000,0
1426.10,8,7.0000,0,0,93.2337,6.7663,1366.0000,0
1426.10,9,0.0000,0,0,93.8227,6.1773,1361.0000,0
1427.10,0,46.0000,0,0,92.6188,7.3812,1393.0000,0
1427.10,1,0.0000,0,0,100.0000,0.0000,1362.0000,0
1427.10,2,0.0000,0,0,98.7212,1.2788,1362.0000,0
1427.10,3,80.5000,0,0,97.8350,2.1650,1416.0000,0
1427.10,4,88.0000,0,0,87.1667,12.8333,1421.0000,0
1427.10,5,95.5000,0,0,94.8449,5.1551,1426.0000,0
1427.10,6,0.0000,0,0,97.3224,2.6776,1362.0000,0
1427.10,7,0.0000,0,0,86.0986,13.9014,1362.0000,0
1427.10,8,7.0000,0,0,93.2337,6.7663,1367.0000,0
1427.10,9,0.0000,0,0,93.8227,6.1773,1362.0000,0
1428.10,0,46.0000,0,0,92.6188,7.3812,1394.0000,0
1428.10,1,0.0000,0,0,100.0000,0.0000,1363.0000,0
1428.10,2,0.0000,0,0,98.7212,1.2788,1363.0000,0
1428.10,3,80.5000,0,0,97.8350,2.1650,1417.0000,0
1428.10,4,88.0000,0,0,87.1667,12.8333,1422.0000,0
1428.10,5,95.5000,0,0,94.8449,5.1551,1427.0000,0
1428.10,6,0.0000,0,0,97.3224,2.6776,1363.0000,0
1428.10,7,0.0000,0,0,86.0986,13.9014,1363.0000,0
1428.10,8,7.0000,0,0,93.2337,6.7663,1368.0000,0
1428.10,9,0.0000,0,0,93.8227,6.1773,1363.0000,0
1429.10,0,46.0000,0,0,92.6188,7.3812,1395.0000,0
1429.10,1,0.0000,0,0,100.0000,0.0000,1364.0000,0
1429.10,2,0.0000,0,0,98.7212,1.2788,1364.0000,0
1429.10,3,80.5000,0,0,97.8350,2.1650,1418.0000,0
1429.10,4,88.0000,0,0,87.1667,12.8333,1423.0000,0
1429.10,5,95.5000,0,0,94.8449,5.1551,1428.0000,0
1429.10,6,0.0000,0,0,97.3224,2.6776,1364.0000,0
1429.10,7,0.0000,0,0,86.0986,13.9014,1364.0000,0
1429.10,8,7.0000,0,0,93.2337,6.7663,1369.0000,0
1429.10,9,0.0000,0,0,93.8227,6.1773,1364.0000,0
1430.10,0,46.0000,0,0,92.6188,7.3812,1396.0000,0
1430.10,1,0.0000,0,0,100.0000,0.0000,1365.0000,0
1430.10,2,0.0000,0,0,98.7212,1.2788,1365.0000,0
1430.10,3,80.5000,0,0,97.8350,2.1650,1419.0000,0
1430.10,4,88.0000,0,0,87.1667,12.8333,1424.0000,0
1430.10,5,95.5000,0,0,94.8449,5.1551,1429.0000,0
1430.10,6,0.0000,0,0,97.3224,2.6776,1365.0000,0
1430.10,7,0.0000,0,0,86.0986,13.9014,1365.0000,0
1430.10,8,7.0000,0,0,93.2337,6.7663,1370.0000,0
1430.10,9,0.0000,0,0,93.8227,6.1773,1365.0000,0
1431.10,0,46.0000,0,0,92.6188,7.3812,1397.0000,0
1431.10,1,0.0000,0,0,100.0000,0.0000,1366.0000,0
1431.10,2,0.0000,0,0,98.7212,1.2788,1366.0000,0
1431.10,3,80.5000,0,0,97.8350,2.1650,1420.0000,0
1431.10,4,88.0000,0,0,87.1667,12.8333,1425.0000,0
1431.10,5,95.5000,0,0,94.8449,5.1551,1430.0000,0
1431.10,6,0.0000,0,0,97.3224,2.6776,1366.0000,0
1431.10,7,0.0000,0,0,86.0986,13.9014,1366.0000,0
1431.10,8,7.0000,0,0,93.2337,6.7663,1371.0000,0
1431.10,9,0.0000,0,0,93.8227,6.1773,1366.0000,0
1432.10,0,46.0000,0,0,92.6188,7.3812,1398.0000,0
1432.10,1,0.0000,0,0,100.0000,0.0000,1367.0000,0
1432.10,2,0.0000,0,0,98.7212,1.2788,1367.0000,0
1432.10,3,80.5000,0,0,97.8350,2.1650,1421.0000,0
1432.10,4,88.0000,0,0,87.1667,12.8333,1426.0000,0
1432.10,5,95.5000,0,0,94.8449,5.1551,1431.0000,0
1432.10,6,0.0000,0,0,97.3224,2.6776,1367.0000,0
1432.10,7,0.0000,0,0,86.0986,13.9014,1367.0000,0
1432.10,8,7.0000,0,0,93.2337,6.7663,1372.0000,0
1432.10,9,0.0000,0,0,93.8227,6.1773,1367.0000,0
1433.10,0,46.0000,0,0,92.6188,7.3812,1399.0000,0
1433.10,1,0.0000,0,0,100.0000,0.0000,1368.0000,0
1433.10,2,0.0000,0,0,98.7212,1.2788,1368.0000,0
1433.10,3,80.5000,0,0,97.8350,2.1650,1422.0000,0
1433.10,4,88.0000,0,0,87.1667,12.8333,1427.0000,0
1433.10,5,95.5000,0,0,94.8449,5.1551,1432.0000,0
1433.10,6,0.0000,0,0,97.3224,2.6776,1368.0000,0
1433.10,7,0.0000,0,0,86.0986,13.9014,1368.0000,0
1433.10,8,7.0000,0,0,93.2337,6.7663,1373.0000,0
1433.10,9,0.0000,0,0,93.8227,6.1773,1368.0000,0
1434.10,0,46.0000,0,0,92.6188,7.3812,1400.0000,0
1434.10,1,0.0000,0,0,100.0000,0.0000,1369.0000,0
1434.10,2,0.0000,0,0,98.7212,1.2788,1369.0000,0
1434.10,3,80.5000,0,0,97.8350,2.1650,1423.0000,0
1434.10,4,88.0000,0,0,87.1667,12.8333,1428.0000,0
1434.10,5,95.5000,0,0,94.8449,5.1551,1433.0000,0
1434.10,6,0.0000,0,0,97.3224,2.6776,1369.0000,0
1434.10,7,0.0000,0,0,86.0986,13.9014,1369.0000,0
1434.10,8,7.0000,0,0,93.2337,6.7663,1374.0000,0
1434.10,9,0.0000,0,0,93.8227,6.1773,1369.0000,0
1435.10,0,46.0000,0,0,92.6188,7.3812,1401.0000,0
1435.10,1,0.0000,0,0,100.0000,0.0000,1370.0000,0
1435.10,2,0.0000,0,0,98.7212,1.2788,1370.0000,0
1435.10,3,80.5000,0,0,97.8350,2.1650,1424.0000,0
1435.10,4,88.0000,0,0,87.1667,12.8333,1429.0000,0
1435.10,5,95.5000,0,0,94.8449,5.1551,1434.0000,0
1435.10,6,0.0000,0,0,97.3224,2.6776,1370.0000,0
1435.10,7,0.0000,0,0,86.0986,13.9014,1370.0000,0
1435.10,8,7.0000,0,0,93.2337,6.7663,1375.0000,0
1435.10,9,0.0000,0,0,93.8227,6.1773,1370.0000,0
1436.10,0,46.0000,0,0,92.6188,7.3812,1402.0000,0
1436.10,1,0.0000,0,0,100.0000,0.0000,1371.0000,0
1436.10,2,0.0000,0,0,98.7212,1.2788,1371.0000,0
1436.10,3,80.5000,0,0,97.8350,2.1650,1425.0000,0
1436.10,4,88.0000,0,0,87.1667,12.8333,1430.0000,0
1436.10,5,95.5000,0,0,94.8449,5.1551,1435.0000,0
1436.10,6,0.0000,0,0,97.3224,2.6776,1371.0000,0
1436.10,7,0.0000,0,0,86.0986,13.9014,1371.0000,0
1436.10,8,7.0000,0,0,93.2337,6.7663,1376.0000,0
1436.10,9,0.0000,0,0,93.8227,6.1773,1371.0000,0
1437.10,0,46.0000,0,0,92.6188,7.3812,1403.0000,0
1437.10,1,0.0000,0,0,100.0000,0.0000,1372.0000,0
1437.10,2,0.0000,0,0,98.7212,1.2788,1372.0000,0
1437.10,3,80.5000,0,0,97.8350,2.1650,1426.0000,0
1437.10,4,88.0000,0,0,87.1667,12.8333,1431.0000,0
1437.10,5,95.5000,0,0,94.8449,5.1551,1436.0000,0
1437.10,6,0.0000,0,0,97.3224,2.6776,1372.0000,0
1437.10,7,0.0000,0,0,86.0986,13.9014,1372.0000,0
1437.10,8,7.0000,0,0,93.2337,6.7663,1377.0000,0
1437.10,9,0.0000,0,0,93.8227,6.1773,1372.0000,0
1438.10,0,46.0000,0,0,92.6188,7.3812,1404.0000,0
1438.10,1,0.0000,0,0,100.0000,0.0000,1373.0000,0
1438.10,2,0.0000,0,0,98.7212,1.2788,1373.0000,0
1438.10,3,80.5000,0,0,97.8350,2.1650,1427.0000,0
1438.10,4,88.0000,0,0,87.1667,12.8333,1432.0000,0
1438.10,5,95.5000,0,0,94.8449,5.1551,1437.0000,0
1438.10,6,0.0000,0,0,97.3224,2.6776,1373.0000,0
1438.10,7,0.0000,0,0,86.0986,13.9014,1373.0000,0
1438.10,8,7.0000,0,0,93.2337,6.7663,1378.0000,0
1438.10,9,0.0000,0,0,93.8227,6.1773,1373.0000,0
1439.10,0,46.0000,0,0,92.6188,7.3812,1405.0000,0
1439.10,1,0.0000,0,0,100.0000,0.0000,1374.0000,0
1439.10,2,0.0000,0,0,98.7212,1.2788,1374.0000,0
1439.10,3,80.5000,0,0,97.8350,2.1650,1428.0000,0
1439.10,4,88.0000,0,0,87.1667,12.8333,1433.0000,0
1439.10,5,95.5000,0,0,94.8449,5.1551,1438.0000,0
1439.10,6,0.0000,0,0,97.3224,2.6776,1374.0000,0
1439.10,7,0.0000,0,0,86.0986,13.9014,1374.0000,0
1439.10,8,7.0000,0,0,93.2337,6.7663,1379.0000,0
1439.10,9,0.0000,0,0,93.8227,6.1773,1374.0000,0
1440.10,0,46.0000,0,0,92.6188,7.3812,1406.0000,0
1440.10,1,0.0000,0,0,100.0000,0.0000,1375.0000,0
1440.10,2,0.0000,0,0,98.7212,1.2788,1375.0000,0
1440.10,3,80.5000,0,0,97.8350,2.1650,1429.0000,0
1440.10,4,88.0000,0,0,87.1667,12.8333,1434.0000,0
1440.10,5,95.5000,0,0,94.8449,5.1551,1439.0000,0
1440.10,6,0.0000,0,0,97.3224,2.6776,1375.0000,0
1440.10,7,0.0000,0,0,86.0986,13.9014,1375.0000,0
1440.10,8,7.0000,0,0,93.2337,6.7663,1380.0000,0
1440.10,9,0.0000,0,0,93.8227,6.1773,1375.0000,0
1441.10,0,46.0000,0,0,92.6188,7.3812,1407.0000,0
1441.10,1,0.0000,0,0,100.0000,0.0000,1376.0000,0
1441.10,2,0.0000,0,0,98.7212,1.2788,1376.0000,0
1441.10,3,80.5000,0,0,97.8350,2.1650,1430.0000,0
1441.10,4,88.0000,0,0,87.1667,12.8333,1435.0000,0
1441.10,5,95.5000,0,0,94.8449,5.1551,1440.0000,0
1441.10,6,0.0000,0,0,97.3224,2.6776,1376.0000,0
1441.10,7,0.0000,0,0,86.0986,13.9014,1376.0000,0
1441.10,8,7.0000,0,0,93.2337,6.7663,1381.0000,0
1441.10,9,0.0000,0,0,93.8227,6.1773,1376.0000,0
1442.10,0,46.0000,0,0,92.6188,7.3812,1408.0000,0
1442.10,1,0.0000,0,0,100.0000,0.0000,1377.0000,0
1442.10,2,0.0000,0,0,98.7212,1.2788,1377.0000,0
1442.10,3,80.5000,0,0,97.8350,2.1650,1431.0000,0
1442.10,4,88.0000,0,0,87.1667,12.8333,1436.0000,0
1442.10,5,95.5000,0,0,94.8449,5.1551,1441.0000,0
1442.10,6,0.0000,0,0,97.3224,2.6776,1377.0000,0
1442.10,7,0.0000,0,0,86.0986,13.9014,1377.0000,0
1442.10,8,7.0000,0,0,93.2337,6.7663,1382.0000,0
1442.10,9,0.0000,0,0,93.8227,6.1773,1377.0000,0
1443.10,0,46.0000,0,0,92.6188,7.3812,1409.0000,0
1443.10,1,0.0000,0,0,100.0000,0.0000,1378.0000,0
1443.10,2,0.0000,0,0,98.7212,1.2788,1378.0000,0
1443.10,3,80.5000,0,0,97.8350,2.1650,1432.0000,0
1443.10,4,88.0000,0,0,87.1667,12.8333,1437.0000,0
1443.10,5,95.5000,0,0,94.8449,5.1551,1442.0000,0
1443.10,6,0.0000,0,0,97.3224,2.6776,1378.0000,0
1443.10,7,0.0000,0,0,86.0986,13.9014,1378.0000,0
1443.10,8,7.0000,0,0,93.2337,6.7663,1383.0000,0
1443.10,9,0.0000,0,0,93.8227,6.1773,1378.0000,0
1444.10,0,46.0000,0,0,92.6188,7.3812,1410.0000,0
1444.10,1,0.0000,0,0,100.0000,0.0000,1379.0000,0
1444.10,2,0.0000,0,0,98.7212,1.2788,1379.0000,0
1444.10,3,80.5000,0,0,97.8350,2.1650,1433.0000,0
1444.10,4,88.0000,0,0,87.1667,12.8333,1438.0000,0
1444.10,5,95.5000,0,0,94.8449,5.1551,1443.0000,0
1444.10,6,0.0000,0,0,97.3224,2.6776,1379.0000,0
1444.10,7,0.0000,0,0,86.0986,13.9014,1379.0000,0
1444.10,8,7.0000,0,0,93.2337,6.7663,1384.0000,0
1444.10,9,0.0000,0,0,93.8227,6.1773,1379.0000,0
1445.10,0,46.0000,0,0,92.6188,7.3812,1411.0000,0
1445.10,1,0.0000,0,0,100.0000,0.0000,1380.0000,0
1445.10,2,0.0000,0,0,98.7212,1.2788,1380.0000,0
1445.10,3,80.5000,0,0,97.8350,2.1650,1434.0000,0
1445.10,4,88.0000,0,0,87.1667,12.8333,1439.0000,0
1445.10,5,95.5000,0,0,94.8449,5.1551,1444.0000,0
1445.10,6,0.0000,0,0,97.3224,2.6776,1380.0000,0
1445.10,7,0.0000,0,0,86.0986,13.9014,1380.0000,0
1445.10,8,7.0000,0,0,93.2337,6.7663,1385.0000,0
1445.10,9,0.0000,0,0,93.8227,6.1773,1380.0000,0
1446.10,0,46.0000,0,0,92.6188,7.3812,1412.0000,0
1446.10,1,0.0000,0,0,100.0000,0.0000,1381.0000,0
1446.10,2,0.0000,0,0,98.7212,1.2788,1381.0000,0
1446.10,3,80.5000,0,0,97.8350,2.1650,1435.0000,0
1446.10,4,88.0000,0,0,87.1667,12.8333,1440.0000,0
1446.10,5,95.5000,0,0,94.8449,5.1551,1445.0000,0
1446.10,6,0.0000,0,0,97.3224,2.6776,1381.0000,0
1446.10,7,0.0000,0,0,86.0986,13.9014,1381.0000,0
1446.10,8,7.0000,0,0,93.2337,6.7663,1386.0000,0
1446.10,9,0.0000,0,0,93.8227,6.1773,1381.0000,0
1447.10,0,46.0000,0,0,92.6188,7.3812,1413.0000,0
1447.10,1,0.0000,0,0,100.0000,0.0000,1382.0000,0
1447.10,2,0.0000,0,0,98.7212,1.2788,1382.0000,0
1447.10,3,80.5000,0,0,97.8350,2.1650,1436.0000,0
1447.10,4,88.0000,0,0,87.1667,12.8333,1441.0000,0
1447.10,5,95.5000,0,0,94.8449,5.1551,1446.0000,0
1447.10,6,0.0000,0,0,97.3224,2.6776,1382.0000,0
1447.10,7,0.0000,0,0,86.0986,13.9014,1382.0000,0
1447.10,8,7.0000,0,0,93.2337,6.7663,1387.0000,0
1447.10,9,0.0000,0,0,93.8227,6.1773,1382.0000,0
1448.10,0,46.0000,0,0,92.6188,7.3812,1414.0000,0
1448.10,1,0.0000,0,0,100.0000,0.0000,1383.0000,0
1448.10,2,0.0000,0,0,98.7212,1.2788,1383.0000,0
1448.10,3,80.5000,0,0,97.8350,2.1650,1437.0000,0
1448.10,4,88.0000,0,0,87.1667,12.8333,1442.0000,0
1448.10,5,95.5000,0,0,94.8449,5.1551,1447.0000,0
1448.10,6,0.0000,0,0,97.3224,2.6776,1383.0000,0
1448.10,7,0.0000,0,0,86.0986,13.9014,1383.0000,0
1448.10,8,7.0000,0,0,93.2337,6.7663,1388.0000,0
1448.10,9,0.0000,0,0,93.8227,6.1773,1383.0000,0
1449.10,0,46.0000,0,0,92.6188,7.3812,1415.0000,0
1449.10,1,0.0000,0,0,100.0000,0.0000,1384.0000,0
1449.10,2,0.0000,0,0,98.7212,1.2788,1384.0000,0
1449.10,3,80.5000,0,0,97.8350,2.1650,1438.0000,0
1449.10,4,88.0000,0,0,87.1667,12.8333,1443.0000,0
1449.10,5,95.5000,0,0,94.8449,5.1551,1448.0000,0
1449.10,6,0.0000,0,0,97.3224,2.6776,1384.0000,0
1449.10,7,0.0000,0,0,86.0986,13.9014,1384.0000,0
1449.10,8,7.0000,0,0,93.2337,6.7663,1389.0000,0
1449.10,9,0.0000,0,0,93.8227,6.1773,1384.0000,0
1450.10,0,46.0000,0,0,92.6188,7.3812,1416.0000,0
1450.10,1,0.0000,0,0,100.0000,0.0000,1385.0000,0
1450.10,2,0.0000,0,0,98.7212,1.2788,1385.0000,0
1450.10,3,80.5000,0,0,97.8350,2.1650,1439.0000,0
1450.10,4,88.0000,0,0,87.1667,12.8333,1444.0000,0
1450.10,5,95.5000,0,0,94.8449,5.1551,1449.0000,0
1450.10,6,0.0000,0,0,97.3224,2.6776,1385.0000,0
1450.10,7,0.0000,0,0,86.0986,13.9014,1385.0000,0
1450.10,8,7.0000,0,0,93.2337,6.7663,1390.0000,0
1450.10,9,0.0000,0,0,93.8227,6.1773,1385.0000,0
1451.10,0,46.0000,0,0,92.6188,7.3812,1417.0000,0
1451.10,1,0.0000,0,0,100.0000,0.0000,1386.0000,0
1451.10,2,0.0000,0,0,98.7212,1.2788,1386.0000,0
1451.10,3,80.5000,0,0,97.8350,2.1650,1440.0000,0
1451.10,4,88.0000,0,0,87.1667,12.8333,1445.0000,0
1451.10,5,95.5000,0,0,94.8449,5.1551,1450.0000,0
1451.10,6,0.0000,0,0,97.3224,2.6776,1386.0000,0
1451.10,7,0.0000,0,0,86.0986,13.9014,1386.0000,0
1451.10,8,7.0000,0,0,93.2337,6.7663,1391.0000,0
1451.10,9,0.0000,0,0,93.8227,6.1773,1386.0000,0
1452.10,0,46.0000,0,0,92.6188,7.3812,1418.0000,0
1452.10,1,0.0000,0,0,100.0000,0.0000,1387.0000,0
1452.10,2,0.0000,0,0,98.7212,1.2788,1387.0000,0
1452.10,3,80.5000,0,0,97.8350,2.1650,1441.0000,0
1452.10,4,88.0000,0,0,87.1667,12.8333,1446.0000,0
1452.10,5,95.5000,0,0,94.8449,5.1551,1451.0000,0
1452.10,6,0.0000,0,0,97.3224,2.6776,1387.0000,0
1452.10,7,0.0000,0,0,86.0986,13.9014,1387.0000,0
1452.10,8,7.0000,0,0,93.2337,6.7663,1392.0000,0
1452.10,9,0.0000,0,0,93.8227,6.1773,1387.0000,0
1453.10,0,46.0000,0,0,92.6188,7.3812,1419.0000,0
1453.10,1,0.0000,0,0,100.0000,0.0000,1388.0000,0
1453.10,2,0.0000,0,0,98.7212,1.2788,1388.0000,0
1453.10,3,80.5000,0,0,97.8350,2.1650,1442.0000,0
1453.10,4,88.0000,0,0,87.1667,12.8333,1447.0000,0
1453.10,5,95.5000,0,0,94.8449,5.1551,1452.0000,0
1453.10,6,0.0000,0,0,97.3224,2.6776,1388.0000,0
1453.10,7,0.0000,0,0,86.0986,13.9014,1388.0000,0
1453.10,8,7.0000,0,0,93.2337,6.7663,1393.0000,0
1453.10,9,0.0000,0,0,93.8227,6.1773,1388.0000,0
1454.10,0,46.0000,0,0,92.6188,7.3812,1420.0000,0
1454.10,1,0.0000,0,0,100.0000,0.0000,1389.0000,0
1454.10,2,0.0000,0,0,98.7212,1.2788,1389.0000,0
1454.10,3,80.5000,0,0,97.8350,2.1650,1443.0000,0
1454.10,4,88.0000,0,0,87.1667,12.8333,1448.0000,0
1454.10,5,95.5000,0,0,94.8449,5.1551,1453.0000,0
1454.10,6,0.0000,0,0,97.3224,2.6776,1389.0000,0
1454.10,7,0.0000,0,0,86.0986,13.9014,1389.0000,0
1454.10,8,7.0000,0,0,93.2337,6.7663,1394.0000,0
1454.10,9,0.0000,0,0,93.8227,6.1773,1389.0000,0
1455.10,0,46.0000,0,0,92.6188,7.3812,1421.0000,0
1455.10,1,0.0000,0,0,100.0000,0.0000,1390.0000,0
1455.10,2,0.0000,0,0,98.7212,1.2788,1390.0000,0
1455.10,3,80.5000,0,0,97.8350,2.1650,1444.0000,0
1455.10,4,88.0000,0,0,87.1667,12.8333,1449.0000,0
1455.10,5,95.5000,0,0,94.8449,5.1551,1454.0000,0
1455.10,6,0.0000,0,0,97.3224,2.6776,1390.0000,0
1455.10,7,0.0000,0,0,86.0986,13.9014,1390.0000,0
1455.10,8,7.0000,0,0,93.2337,6.7663,1395.0000,0
1455.10,9,0.0000,0,0,93.8227,6.1773,1390.0000,0
1456.10,0,46.0000,0,0,92.6188,7.3812,1422.0000,0
1456.10,1,0.0000,0,0,100.0000,0.0000,1391.0000,0
1456.10,2,0.0000,0,0,98.7212,1.2788,1391.0000,0
1456.10,3,80.5000,0,0,97.8350,2.1650,1445.0000,0
1456.10,4,88.0000,0,0,87.1667,12.8333,1450.0000,0
1456.10,5,95.5000,0,0,94.8449,5.1551,1455.0000,0
1456.10,6,0.0000,0,0,97.3224,2.6776,1391.0000,0
1456.10,7,0.0000,0,0,86.0986,13.9014,1391.0000,0
1456.10,8,7.0000,0,0,93.2337,6.7663,1396.0000,0
1456.10,9,0.0000,0,0,93.8227,6.1773,1391.0000,0
1457.10,0,46.0000,0,0,92.6188,7.3812,1423.0000,0
1457.10,1,0.0000,0,0,100.0000,0.0000,1392.0000,0
1457.10,2,0.0000,0,0,98.7212,1.2788,1392.0000,0
1457.10,3,80.5000,0,0,97.8350,2.1650,1446.0000,0
1457.10,4,88.0000,0,0,87.1667,12.8333,1451.0000,0
1457.10,5,95.5000,0,0,94.8449,5.1551,1456.0000,0
1457.10,6,0.0000,0,0,97.3224,2.6776,1392.0000,0
1457.10,7,0.0000,0,0,86.0986,13.9014,1392.0000,0
1457.10,8,7.0000,0,0,93.2337,6.7663,1397.0000,0
1457.10,9,0.0000,0,0,93.8227,6.1773,1392.0000,0
1458.10,0,46.0000,0,0,92.6188,7.3812,1424.0000,0
1458.10,1,0.0000,0,0,100.0000,0.0000,1393.0000,0
1458.10,2,0.0000,0,0,98.7212,1.2788,1393.0000,0
1458.10,3,80.5000,0,0,97.8350,2.1650,1447.0000,0
1458.10,4,88.0000,0,0,87.1667,12.8333,1452.0000,0
1458.10,5,95.5000,0,0,94.8449,5.1551,1457.0000,0
1458.10,6,0.0000,0,0,97.3224,2.6776,1393.0000,0
1458.10,7,0.0000,0,0,86.0986,13.9014,1393.0000,0
1458.10,8,7.0000,0,0,93.2337,6.7663,1398.0000,0
1458.10,9,0.0000,0,0,93.8227,6.1773,1393.0000,0
1459.10,0,46.0000,0,0,92.6188,7.3812,1425.0000,0
1459.10,1,0.0000,0,0,100.0000,0.0000,1394.0000,0
1459.10,2,0.0000,0,0,98.7212,1.2788,1394.0000,0
1459.10,3,80.5000,0,0,97.8350,2.1650,1448.0000,0
1459.10,4,88.0000,0,0,87.1667,12.8333,1453.0000,0
1459.10,5,95.5000,0,0,94.8449,5.1551,1458.0000,0
1459.10,6,0.0000,0,0,97.3224,2.6776,1394.0000,0
1459.10,7,0.0000,0,0,86.0986,13.9014,1394.0000,0
1459.10,8,7.0000,0,0,93.2337,6.7663,1399.0000,0
1459.10,9,0.0000,0,0,93.8227,6.1773,1394.0000,0
1460.10,0,46.0000,0,0,92.6188,7.3812,1426.0000,0
1460.10,1,0.0000,0,0,100.0000,0.0000,1395.0000,0
1460.10,2,0.0000,0,0,98.7212,1.2788,1395.0000,0
1460.10,3,80.5000,0,0,97.8350,2.1650,1449.0000,0
1460.10,4,88.0000,0,0,87.1667,12.8333,1454.0000,0
1460.10,5,95.5000,0,0,94.8449,5.1551,1459.0000,0
1460.10,6,0.0000,0,0,97.3224,2.6776,1395.0000,0
1460.10,7,0.0000,0,0,86.0986,13.9014,1395.0000,0
1460.10,8,7.0000,0,0,93.2337,6.7663,1400.0000,0
1460.10,9,0.0000,0,0,93.8227,6.1773,1395.0000,0
1461.10,0,46.0000,0,0,92.6188,7.3812,1427.0000,0
1461.10,1,0.0000,0,0,100.0000,0.0000,1396.0000,0
1461.10,2,0.0000,0,0,98.7212,1.2788,1396.0000,0
1461.10,3,80.5000,0,0,97.8350,2.1650,1450.0000,0
1461.10,4,88.0000,0,0,87.1667,12.8333,1455.0000,0
1461.10,5,95.5000,0,0,94.8449,5.1551,1460.0000,0
1461.10,6,0.0000,0,0,97.3224,2.6776,1396.0000,0
1461.10,7,0.0000,0,0,86.0986,13.9014,1396.0000,0
1461.10,8,7.0000,0,0,93.2337,6.7663,1401.0000,0
1461.10,9,0.0000,0,0,93.8227,6.1773,1396.0000,0
1462.10,0,46.0000,0,0,92.6188,7.3812,1428.0000,0
1462.10,1,0.0000,0,0,100.0000,0.0000,1397.0000,0
1462.10,2,0.0000,0,0,98.7212,1.2788,1397.0000,0
1462.10,3,80.5000,0,0,97.8350,2.1650,1451.0000,0
1462.10,4,88.0000,0,0,87.1667,12.8333,1456.0000,0
1462.10,5,95.5000,0,0,94.8449,5.1551,1461.0000,0
1462.10,6,0.0000,0,0,97.3224,2.6776,1397.0000,0
1462.10,7,0.0000,0,0,86.0986,13.9014,1397.0000,0
1462.10,8,7.0000,0,0,93.2337,6.7663,1402.0000,0
1462.10,9,0.0000,0,0,93.8227,6.1773,1397.0000,0
1463.10,0,46.0000,0,0,92.6188,7.3812,1429.0000,0
1463.10,1,0.0000,0,0,100.0000,0.0000,1398.0000,0
1463.10,2,0.0000,0,0,98.7212,1.2788,1398.0000,0
1463.10,3,80.5000,0,0,97.8350,2.1650,1452.0000,0
1463.10,4,88.0000,0,0,87.1667,12.8333,1457.0000,0
1463.10,5,95.5000,0,0,94.8449,5.1551,1462.0000,0
1463.10,6,0.0000,0,0,97.3224,2.6776,1398.0000,0
1463.10,7,0.0000,0,0,86.0986,13.9014,1398.0000,0
1463.10,8,7.0000,0,0,93.2337,6.7663,1403.0000,0
1463.10,9,0.0000,0,0,93.8227,6.1773,1398.0000,0
1464.10,0,46.0000,0,0,92.6188,7.3812,1430.0000,0
1464.10,1,0.0000,0,0,100.0000,0.0000,1399.0000,0
1464.10,2,0.0000,0,0,98.7212,1.2788,1399.0000,0
1464.10,3,80.5000,0,0,97.8350,2.1650,1453.0000,0
1464.10,4,88.0000,0,0,87.1667,12.8333,1458.0000,0
1464.10,5,95.5000,0,0,94.8449,5.1551,1463.0000,0
1464.10,6,0.0000,0,0,97.3224,2.6776,1399.0000,0
1464.10,7,0.0000,0,0,86.0986,13.9014,1399.0000,0
1464.10,8,7.0000,0,0,93.2337,6.7663,1404.0000,0
1464.10,9,0.0000,0,0,93.8227,6.1773,1399.0000,0
1465.10,0,46.0000,0,0,92.6188,7.3812,1431.0000,0
1465.10,1,0.0000,0,0,100.0000,0.0000,1400.0000,0
1465.10,2,0.0000,0,0,98.7212,1.2788,1400.0000,0
1465.10,3,80.5000,0,0,97.8350,2.1650,1454.0000,0
1465.10,4,88.0000,0,0,87.1667,12.8333,1459.0000,0
1465.10,5,95.5000,0,0,94.8449,5.1551,1464.0000,0
1465.10,6,0.0000,0,0,97.3224,2.6776,1400.0000,0
1465.10,7,0.0000,0,0,86.0986,13.9014,1400.0000,0
1465.10,8,7.0000,0,0,93.2337,6.7663,1405.0000,0
1465.10,9,0.0000,0,0,93.8227,6.1773,1400.0000,0
1466.10,0,46.0000,0,0,92.6188,7.3812,1432.0000,0
1466.10,1,0.0000,0,0,100.0000,0.0000,1401.0000,0
1466.10,2,0.0000,0,0,98.7212,1.2788,1401.0000,0
1466.10,3,80.5000,0,0,97.8350,2.1650,1455.0000,0
1466.10,4,88.0000,0,0,87.1667,12.8333,1460.0000,0
1466.10,5,95.5000,0,0,94.8449,5.1551,1465.0000,0
1466.10,6,0.0000,0,0,97.3224,2.6776,1401.0000,0
1466.10,7,0.0000,0,0,86.0986,13.9014,1401.0000,0
1466.10,8,7.0000,0,0,93.2337,6.7663,1406.0000,0
1466.10,9,0.0000,0,0,93.8227,6.1773,1401.0000,0
1467.10,0,46.0000,0,0,92.6188,7.3812,1433.0000,0
1467.10,1,0.0000,0,0,100.0000,0.0000,1402.0000,0
1467.10,2,0.0000,0,0,98.7212,1.2788,1402.0000,0
1467.10,3,80.5000,0,0,97.8350,2.1650,1456.0000,0
1467.10,4,88.0000,0,0,87.1667,12.8333,1461.0000,0
1467.10,5,95.5000,0,0,94.8449,5.1551,1466.0000,0
1467.10,6,0.0000,0,0,97.3224,2.6776,1402.0000,0
1467.10,7,0.0000,0,0,86.0986,13.9014,1402.0000,0
1467.10,8,7.0000,0,0,93.2337,6.7663,1407.0000,0
1467.10,9,0.0000,0,0,93.8227,6.1773,1402.0000,0
1468.10,0,46.0000,0,0,92.6188,7.3812,1434.0000,0
1468.10,1,0.0000,0,0,100.0000,0.0000,1403.0000,0
1468.10,2,0.0000,0,0,98.7212,1.2788,1403.0000,0
1468.10,3,80.5000,0,0,97.8350,2.1650,1457.0000,0
1468.10,4,88.0000,0,0,87.1667,12.8333,1462.0000,0
1468.10,5,95.5000,0,0,94.8449,5.1551,1467.0000,0
1468.10,6,0.0000,0,0,97.3224,2.6776,1403.0000,0
1468.10,7,0.0000,0,0,86.0986,13.9014,1403.0000,0
1468.10,8,7.0000,0,0,93.2337,6.7663,1408.0000,0
1468.10,9,0.0000,0,0,93.8227,6.1773,1403.0000,0
1469.10,0,46.0000,0,0,92.6188,7.3812,1435.0000,0
1469.10,1,0.0000,0,0,100.0000,0.0000,1404.0000,0
1469.10,2,0.0000,0,0,98.7212,1.2788,1404.0000,0
1469.10,3,80.5000,0,0,97.8350,2.1650,1458.0000,0
1469.10,4,88.0000,0,0,87.1667,12.8333,1463.0000,0
1469.10,5,95.5000,0,0,94.8449,5.1551,1468.0000,0
1469.10,6,0.0000,0,0,97.3224,2.6776,1404.0000,0
1469.10,7,0.0000,0,0,86.0986,13.9014,1404.0000,0
1469.10,8,7.0000,0,0,93.2337,6.7663,1409.0000,0
1469.10,9,0.0000,0,0,93.8227,6.1773,1404.0000,0
1470.10,0,46.0000,0,0,92.6188,7.3812,1436.0000,0
1470.10,1,0.0000,0,0,100.0000,0.0000,1405.0000,0
1470.10,2,0.0000,0,0,98.7212,1.2788,1405.0000,0
1470.10,3,80.5000,0,0,97.8350,2.1650,1459.0000,0
1470.10,4,88.0000,0,0,87.1667,12.8333,1464.0000,0
1470.10,5,95.5000,0,0,94.8449,5.1551,1469.0000,0
1470.10,6,0.0000,0,0,97.3224,2.6776,1405.0000,0
1470.10,7,0.0000,0,0,86.0986,13.9014,1405.0000,0
1470.10,8,7.0000,0,0,93.2337,6.7663,1410.0000,0
1470.10,9,0.0000,0,0,93.8227,6.1773,1405.0000,0
1471.10,0,46.0000,0,0,92.6188,7.3812,1437.0000,0
1471.10,1,0.0000,0,0,100.0000,0.0000,1406.0000,0
1471.10,2,0.0000,0,0,98.7212,1.2788,1406.0000,0
1471.10,3,80.5000,0,0,97.8350,2.1650,1460.0000,0
1471.10,4,88.0000,0,0,87.1667,12.8333,1465.0000,0
1471.10,5,95.5000,0,0,94.8449,5.1551,1470.0000,0
1471.10,6,0.0000,0,0,97.3224,2.6776,1406.0000,0
1471.10,7,0.0000,0,0,86.0986,13.9014,1406.0000,0
1471.10,8,7.0000,0,0,93.2337,6.7663,1411.0000,0
1471.10,9,0.0000,0,0,93.8227,6.1773,1406.0000,0
1472.10,0,46.0000,0,0,92.6188,7.3812,1438.0000,0
1472.10,1,0.0000,0,0,100.0000,0.0000,1407.0000,0
1472.10,2,0.0000,0,0,98.7212,1.2788,1407.0000,0
1472.10,3,80.5000,0,0,97.8350,2.1650,1461.0000,0
1472.10,4,88.0000,0,0,87.1667,12.8333,1466.0000,0
1472.10,5,95.5000,0,0,94.8449,5.1551,1471.0000,0
1472.10,6,0.0000,0,0,97.3224,2.6776,1407.0000,0
1472.10,7,0.0000,0,0,86.0986,13.9014,1407.0000,0
1472.10,8,7.0000,0,0,93.2337,6.7663,1412.0000,0
1472.10,9,0.0000,0,0,93.8227,6.1773,1407.0000,0
1473.10,0,46.0000,0,0,92.6188,7.3812,1439.0000,0
1473.10,1,0.0000,0,0,100.0000,0.0000,1408.0000,0
1473.10,2,0.0000,0,0,98.7212,1.2788,1408.0000,0
1473.10,3,80.5000,0,0,97.8350,2.1650,1462.0000,0
1473.10,4,88.0000,0,0,87.1667,12.8333,1467.0000,0
1473.10,5,95.5000,0,0,94.8449,5.1551,1472.0000,0
1473.10,6,0.0000,0,0,97.3224,2.6776,1408.0000,0
1473.10,7,0.0000,0,0,86.0986,13.9014,1408.0000,0
1473.10,8,7.0000,0,0,93.2337,6.7663,1413.0000,0
1473.10,9,0.0000,0,0,93.8227,6.1773,1408.0000,0
1474.10,0,46.0000,0,0,92.6188,7.3812,1440.0000,0
1474.10,1,0.0000,0,0,100.0000,0.0000,1409.0000,0
1474.10,2,0.0000,0,0,98.7212,1.2788,1409.0000,0
1474.10,3,80.5000,0,0,97.8350,2.1650,1463.0000,0
1474.10,4,88.0000,0,0,87.1667,12.8333,1468.0000,0
1474.10,5,95.5000,0,0,94.8449,5.1551,1473.0000,0
1474.10,6,0.0000,0,0,97.3224,2.6776,1409.0000,0
1474.10,7,0.0000,0,0,86.0986,13.9014,1409.0000,0
1474.10,8,7.0000,0,0,93.2337,6.7663,1414.0000,0
1474.10,9,0.0000,0,0,93.8227,6.1773,1409.0000,0
1475.10,0,46.0000,0,0,92.6188,7.3812,1441.0000,0
1475.10,1,0.0000,0,0,100.0000,0.0000,1410.0000,0
1475.10,2,0.0000,0,0,98.7212,1.2788,1410.0000,0
1475.10,3,80.5000,0,0,97.8350,2.1650,1464.0000,0
1475.10,4,88.0000,0,0,87.1667,12.8333,1469.0000,0
1475.10,5,95.5000,0,0,94.8449,5.1551,1474.0000,0
1475.10,6,0.0000,0,0,97.3224,2.6776,1410.0000,0
1475.10,7,0.0000,0,0,86.0986,13.9014,1410.0000,0
1475.10,8,7.0000,0,0,93.2337,6.7663,1415.0000,0
1475.10,9,0.0000,0,0,93.8227,6.1773,1410.0000,0
1476.10,0,46.0000,0,0,92.6188,7.3812,1442.0000,0
1476.10,1,0.0000,0,0,100.0000,0.0000,1411.0000,0
1476.10,2,0.0000,0,0,98.7212,1.2788,1411.0000,0
1476.10,3,80.5000,0,0,97.8350,2.1650,1465.0000,0
1476.10,4,88.0000,0,0,87.1667,12.8333,1470.0000,0
1476.10,5,95.5000,0,0,94.8449,5.1551,1475.0000,0
1476.10,6,0.0000,0,0,97.3224,2.6776,1411.0000,0
1476.10,7,0.0000,0,0,86.0986,13.9014,1411.0000,0
1476.10,8,7.0000,0,0,93.2337,6.7663,1416.0000,0
1476.10,9,0.0000,0,0,93.8227,6.1773,1411.0000,0
1477.10,0,46.0000,0,0,92.6188,7.3812,1443.0000,0
1477.10,1,0.0000,0,0,100.0000,0.0000,1412.0000,0
1477.10,2,0.0000,0,0,98.7212,1.2788,1412.0000,0
1477.10,3,80.5000,0,0,97.8350,2.1650,1466.0000,0
1477.10,4,88.0000,0,0,87.1667,12.8333,1471.0000,0
1477.10,5,95.5000,0,0,94.8449,5.1551,1476.0000,0
1477.10,6,0.0000,0,0,97.3224,2.6776,1412.0000,0
1477.10,7,0.0000,0,0,86.0986,13.9014,1412.0000,0
1477.10,8,7.0000,0,0,93.2337,6.7663,1417.0000,0
1477.10,9,0.0000,0,0,93.8227,6.1773,1412.0000,0
1478.10,0,46.0000,0,0,92.6188,7.3812,1444.0000,0
1478.10,1,0.0000,0,0,100.0000,0.0000,1413.0000,0
1478.10,2,0.0000,0,0,98.7212,1.2788,1413.0000,0
1478.10,3,80.5000,0,0,97.8350,2.1650,1467.0000,0
1478.10,4,88.0000,0,0,87.1667,12.8333,1472.0000,0
1478.10,5,95.5000,0,0,94.8449,5.1551,1477.0000,0
1478.10,6,0.0000,0,0,97.3224,2.6776,1413.0000,0
1478.10,7,0.0000,0,0,86.0986,13.9014,1413.0000,0
1478.10,8,7.0000,0,0,93.2337,6.7663,1418.0000,0
1478.10,9,0.0000,0,0,93.8227,6.1773,1413.0000,0
1479.10,0,46.0000,0,0,92.6188,7.3812,1445.0000,0
1479.10,1,0.0000,0,0,100.0000,0.0000,1414.0000,0
1479.10,2,0.0000,0,0,98.7212,1.2788,1414.0000,0
1479.10,3,80.5000,0,0,97.8350,2.1650,1468.0000,0
1479.10,4,88.0000,0,0,87.1667,12.8333,1473.0000,0
1479.10,5,95.5000,0,0,94.8449,5.1551,1478.0000,0
1479.10,6,0.0000,0,0,97.3224,2.6776,1414.0000,0
1479.10,7,0.0000,0,0,86.0986,13.9014,1414.0000,0
1479.10,8,7.0000,0,0,93.2337,6.7663,1419.0000,0
1479.10,9,0.0000,0,0,93.8227,6.1773,1414.0000,0
1480.10,0,46.0000,0,0,92.6188,7.3812,1446.0000,0
1480.10,1,0.0000,0,0,100.0000,0.0000,1415.0000,0
1480.10,2,0.0000,0,0,98.7212,1.2788,1415.0000,0
1480.10,3,80.5000,0,0,97.8350,2.1650,1469.0000,0
1480.10,4,88.0000,0,0,87.1667,12.8333,1474.0000,0
1480.10,5,95.5000,0,0,94.8449,5.1551,1479.0000,0
1480.10,6,0.0000,0,0,97.3224,2.6776,1415.0000,0
1480.10,7,0.0000,0,0,86.0986,13.9014,1415.0000,0
1480.10,8,7.0000,0,0,93.2337,6.7663,1420.0000,0
1480.10,9,0.0000,0,0,93.8227,6.1773,1415.0000,0
1481.10,0,46.0000,0,0,92.6188,7.3812,1447.0000,0
1481.10,1,0.0000,0,0,100.0000,0.0000,1416.0000,0
1481.10,2,0.0000,0,0,98.7212,1.2788,1416.0000,0
1481.10,3,80.5000,0,0,97.8350,2.1650,1470.0000,0
1481.10,4,88.0000,0,0,87.1667,12.8333,1475.0000,0
1481.10,5,95.5000,0,0,94.8449,5.1551,1480.0000,0
1481.10,6,0.0000,0,0,97.3224,2.6776,1416.0000,0
1481.10,7,0.0000,0,0,86.0986,13.9014,1416.0000,0
1481.10,8,7.0000,0,0,93.2337,6.7663,1421.0000,0
1481.10,9,0.0000,0,0,93.8227,6.1773,1416.0000,0
1482.10,0,46.0000,0,0,92.6188,7.3812,1448.0000,0
1482.10,1,0.0000,0,0,100.0000,0.0000,1417.0000,0
1482.10,2,0.0000,0,0,98.7212,1.2788,1417.0000,0
1482.10,3,80.5000,0,0,97.8350,2.1650,1471.0000,0
1482.10,4,88.0000,0,0,87.1667,12.8333,1476.0000,0
1482.10,5,95.5000,0,0,94.8449,5.1551,1481.0000,0
1482.10,6,0.0000,0,0,97.3224,2.6776,1417.0000,0
1482.10,7,0.0000,0,0,86.0986,13.9014,1417.0000,0
1482.10,8,7.0000,0,0,93.2337,6.7663,1422.0000,0
1482.10,9,0.0000,0,0,93.8227,6.1773,1417.0000,0
1483.10,0,46.0000,0,0,92.6188,7.3812,1449.0000,0
1483.10,1,0.0000,0,0,100.0000,0.0000,1418.0000,0
1483.10,2,0.0000,0,0,98.7212,1.2788,1418.0000,0
1483.10,3,80.5000,0,0,97.8350,2.1650,1472.0000,0
1483.10,4,88.0000,0,0,87.1667,12.8333,1477.0000,0
1483.10,5,95.5000,0,0,94.8449,5.1551,1482.0000,0
1483.10,6,0.0000,0,0,97.3224,2.6776,1418.0000,0
1483.10,7,0.0000,0,0,86.0986,13.9014,1418.0000,0
1483.10,8,7.0000,0,0,93.2337,6.7663,1423.0000,0
1483.10,9,0.0000,0,0,93.8227,6.1773,1418.0000,0
1484.10,0,46.0000,0,0,92.6188,7.3812,1450.0000,0
1484.10,1,0.0000,0,0,100.0000,0.0000,1419.0000,0
1484.10,2,0.0000,0,0,98.7212,1.2788,1419.0000,0
1484.10,3,80.5000,0,0,97.8350,2.1650,1473.0000,0
1484.10,4,88.0000,0,0,87.1667,12.8333,1478.0000,0
1484.10,5,95.5000,0,0,94.8449,5.1551,1483.0000,0
1484.10,6,0.0000,0,0,97.3224,2.6776,1419.0000,0
1484.10,7,0.0000,0,0,86.0986,13.9014,1419.0000,0
1484.10,8,7.0000,0,0,93.2337,6.7663,1424.0000,0
1484.10,9,0.0000,0,0,93.8227,6.1773,1419.0000,0
1485.10,0,46.0000,0,0,92.6188,7.3812,1451.0000,0
1485.10,1,0.0000,0,0,100.0000,0.0000,1420.0000,0
1485.10,2,0.0000,0,0,98.7212,1.2788,1420.0000,0
1485.10,3,80.5000,0,0,97.8350,2.1650,1474.0000,0
1485.10,4,88.0000,0,0,87.1667,12.8333,1479.0000,0
1485.10,5,95.5000,0,0,94.8449,5.1551,1484.0000,0
1485.10,6,0.0000,0,0,97.3224,2.6776,1420.0000,0
1485.10,7,0.0000,0,0,86.0986,13.9014,1420.0000,0
1485.10,8,7.0000,0,0,93.2337,6.7663,1425.0000,0
1485.10,9,0.0000,0,0,93.8227,6.1773,1420.0000,0
1486.10,0,46.0000,0,0,92.6188,7.3812,1452.0000,0
1486.10,1,0.0000,0,0,100.0000,0.0000,1421.0000,0
1486.10,2,0.0000,0,0,98.7212,1.2788,1421.0000,0
1486.10,3,80.5000,0,0,97.8350,2.1650,1475.0000,0
1486.10,4,88.0000,0,0,87.1667,12.8333,1480.0000,0
1486.10,5,95.5000,0,0,94.8449,5.1551,1485.0000,0
1486.10,6,0.0000,0,0,97.3224,2.6776,1421.0000,0
1486.10,7,0.0000,0,0,86.0986,13.9014,1421.0000,0
1486.10,8,7.0000,0,0,93.2337,6.7663,1426.0000,0
1486.10,9,0.0000,0,0,93.8227,6.1773,1421.0000,0
1487.10,0,46.0000,0,0,92.6188,7.3812,1453.0000,0
1487.10,1,0.0000,0,0,100.0000,0.0000,1422.0000,0
1487.10,2,0.0000,0,0,98.7212,1.2788,1422.0000,0
1487.10,3,80.5000,0,0,97.8350,2.1650,1476.0000,0
1487.10,4,88.0000,0,0,87.1667,12.8333,1481.0000,0
1487.10,5,95.5000,0,0,94.8449,5.1551,1486.0000,0
1487.10,6,0.0000,0,0,97.3224,2.6776,1422.0000,0
1487.10,7,0.0000,0,0,86.0986,13.9014,1422.0000,0
1487.10,8,7.0000,0,0,93.2337,6.7663,1427.0000,0
1487.10,9,0.0000,0,0,93.8227,6.1773,1422.0000,0
1488.10,0,46.0000,0,0,92.6188,7.3812,1454.0000,0
1488.10,1,0.0000,0,0,100.0000,0.0000,1423.0000,0
1488.10,2,0.0000,0,0,98.7212,1.2788,1423.0000,0
1488.10,3,80.5000,0,0,97.8350,2.1650,1477.0000,0
1488.10,4,88.0000,0,0,87.1667,12.8333,1482.0000,0
1488.10,5,95.5000,0,0,94.8449,5.1551,1487.0000,0
1488.10,6,0.0000,0,0,97.3224,2.6776,1423.0000,0
1488.10,7,0.0000,0,0,86.0986,13.9014,1423.0000,0
1488.10,8,7.0000,0,0,93.2337,6.7663,1428.0000,0
1488.10,9,0.0000,0,0,93.8227,6.1773,1423.0000,0
1489.10,0,46.0000,0,0,92.6188,7.3812,1455.0000,0
1489.10,1,0.0000,0,0,100.0000,0.0000,1424.0000,0
1489.10,2,0.0000,0,0,98.7212,1.2788,1424.0000,0
1489.10,3,80.5000,0,0,97.8350,2.1650,1478.0000,0
1489.10,4,88.0000,0,0,87.1667,12.8333,1483.0000,0
1489.10,5,95.5000,0,0,94.8449,5.1551,1488.0000,0
1489.10,6,0.0000,0,0,97.3224,2.6776,1424.0000,0
1489.10,7,0.0000,0,0,86.0986,13.9014,1424.0000,0
1489.10,8,7.0000,0,0,93.2337,6.7663,1429.0000,0
1489.10,9,0.0000,0,0,93.8227,6.1773,1424.0000,0
1490.10,0,46.0000,0,0,92.6188,7.3812,1456.0000,0
1490.10,1,0.0000,0,0,100.0000,0.0000,1425.0000,0
1490.10,2,0.0000,0,0,98.7212,1.2788,1425.0000,0
1490.10,3,80.5000,0,0,97.8350,2.1650,1479.0000,0
1490.10,4,88.0000,0,0,87.1667,12.8333,1484.0000,0
1490.10,5,95.5000,0,0,94.8449,5.1551,1489.0000,0
1490.10,6,0.0000,0,0,97.3224,2.6776,1425.0000,0
1490.10,7,0.0000,0,0,86.0986,13.9014,1425.0000,0
1490.10,8,7.0000,0,0,93.2337,6.7663,1430.0000,0
1490.10,9,0.0000,0,0,93.8227,6.1773,1425.0000,0
1491.10,0,46.0000,0,0,92.6188,7.3812,1457.0000,0
1491.10,1,0.0000,0,0,100.0000,0.0000,1426.0000,0
1491.10,2,0.0000,0,0,98.7212,1.2788,1426.0000,0
1491.10,3,80.5000,0,0,97.8350,2.1650,1480.0000,0
1491.10,4,88.0000,0,0,87.1667,12.8333,1485.0000,0
1491.10,5,95.5000,0,0,94.8449,5.1551,1490.0000,0
1491.10,6,0.0000,0,0,97.3224,2.6776,1426.0000,0
1491.10,7,0.0000,0,0,86.0986,13.9014,1426.0000,0
1491.10,8,7.0000,0,0,93.2337,6.7663,1431.0000,0
1491.10,9,0.0000,0,0,93.8227,6.1773,1426.0000,0
1492.10,0,46.0000,0,0,92.6188,7.3812,1458.0000,0
1492.10,1,0.0000,0,0,100.0000,0.0000,1427.0000,0
1492.10,2,0.0000,0,0,98.7212,1.2788,1427.0000,0
1492.10,3,80.5000,0,0,97.8350,2.1650,1481.0000,0
1492.10,4,88.0000,0,0,87.1667,12.8333,1486.0000,0
1492.10,5,95.5000,0,0,94.8449,5.1551,1491.0000,0
1492.10,6,0.0000,0,0,97.3224,2.6776,1427.0000,0
1492.10,7,0.0000,0,0,86.0986,13.9014,1427.0000,0
1492.10,8,7.0000,0,0,93.2337,6.7663,1432.0000,0
1492.10,9,0.0000,0,0,93.8227,6.1773,1427.0000,0
1493.10,0,46.0000,0,0,92.6188,7.3812,1459.0000,0
1493.10,1,0.0000,0,0,100.0000,0.0000,1428.0000,0
1493.10,2,0.0000,0,0,98.7212,1.2788,1428.0000,0
1493.10,3,80.5000,0,0,97.8350,2.1650,1482.0000,0
1493.10,4,88.0000,0,0,87.1667,12.8333,1487.0000,0
1493.10,5,95.5000,0,0,94.8449,5.1551,1492.0000,0
1493.10,6,0.0000,0,0,97.3224,2.6776,1428.0000,0
1493.10,7,0.0000,0,0,86.0986,13.9014,1428.0000,0
1493.10,8,7.0000,0,0,93.2337,6.7663,1433.0000,0
1493.10,9,0.0000,0,0,93.8227,6.1773,1428.0000,0
1494.10,0,46.0000,0,0,92.6188,7.3812,1460.0000,0
1494.10,1,0.0000,0,0,100.0000,0.0000,1429.0000,0
1494.10,2,0.0000,0,0,98.7212,1.2788,1429.0000,0
1494.10,3,80.5000,0,0,97.8350,2.1650,1483.0000,0
1494.10,4,88.0000,0,0,87.1667,12.8333,1488.0000,0
1494.10,5,95.5000,0,0,94.8449,5.1551,1493.0000,0
1494.10,6,0.0000,0,0,97.3224,2.6776,1429.0000,0
1494.10,7,0.0000,0,0,86.0986,13.9014,1429.0000,0
1494.10,8,7.0000,0,0,93.2337,6.7663,1434.0000,0
1494.10,9,0.0000,0,0,93.8227,6.1773,1429.0000,0
1495.10,0,46.0000,0,0,92.6188,7.3812,1461.0000,0
1495.10,1,0.0000,0,0,100.0000,0.0000,1430.0000,0
1495.10,2,0.0000,0,0,98.7212,1.2788,1430.0000,0
1495.10,3,80.5000,0,0,97.8350,2.1650,1484.0000,0
1495.10,4,88.0000,0,0,87.1667,12.8333,1489.0000,0
1495.10,5,95.5000,0,0,94.8449,5.1551,1494.0000,0
1495.10,6,0.0000,0,0,97.3224,2.6776,1430.0000,0
1495.10,7,0.0000,0,0,86.0986,13.9014,1430.0000,0
1495.10,8,7.0000,0,0,93.2337,6.7663,1435.0000,0
1495.10,9,0.0000,0,0,93.8227,6.1773,1430.0000,0
1496.10,0,46.0000,0,0,92.6188,7.3812,1462.0000,0
1496.10,1,0.0000,0,0,100.0000,0.0000,1431.0000,0
1496.10,2,0.0000,0,0,98.7212,1.2788,1431.0000,0
1496.10,3,80.5000,0,0,97.8350,2.1650,1485.0000,0
1496.10,4,88.0000,0,0,87.1667,12.8333,1490.0000,0
1496.10,5,95.5000,0,0,94.8449,5.1551,1495.0000,0
1496.10,6,0.0000,0,0,97.3224,2.6776,1431.0000,0
1496.10,7,0.0000,0,0,86.0986,13.9014,1431.0000,0
1496.10,8,7.0000,0,0,93.2337,6.7663,1436.0000,0
1496.10,9,0.0000,0,0,93.8227,6.1773,1431.0000,0
1497.10,0,46.0000,0,0,92.6188,7.3812,1463.0000,0
1497.10,1,0.0000,0,0,100.0000,0.0000,1432.0000,0
1497.10,2,0.0000,0,0,98.7212,1.2788,1432.0000,0
1497.10,3,80.5000,0,0,97.8350,2.1650,1486.0000,0
1497.10,4,88.0000,0,0,87.1667,12.8333,1491.0000,0
1497.10,5,95.5000,0,0,94.8449,5.1551,1496.0000,0
1497.10,6,0.0000,0,0,97.3224,2.6776,1432.0000,0
1497.10,7,0.0000,0,0,86.0986,13.9014,1432.0000,0
1497.10,8,7.0000,0,0,93.2337,6.7663,1437.0000,0
1497.10,9,0.0000,0,0,93.8227,6.1773,1432.0000,0
1498.10,0,46.0000,0,0,92.6188,7.3812,1464.0000,0
1498.10,1,0.0000,0,0,100.0000,0.0000,1433.0000,0
1498.10,2,0.0000,0,0,98.7212,1.2788,1433.0000,0
1498.10,3,80.5000,0,0,97.8350,2.1650,1487.0000,0
1498.10,4,88.0000,0,0,87.1667,12.8333,1492.0000,0
1498.10,5,95.5000,0,0,94.8449,5.1551,1497.0000,0
1498.10,6,0.0000,0,0,97.3224,2.6776,1433.0000,0
1498.10,7,0.0000,0,0,86.0986,13.9014,1433.0000,0
1498.10,8,7.0000,0,0,93.2337,6.7663,1438.0000,0
1498.10,9,0.0000,0,0,93.8227,6.1773,1433.0000,0
1499.10,0,46.0000,0,0,92.6188,7.3812,1465.0000,0
1499.10,1,0.0000,0,0,100.0000,0.0000,1434.0000,0
1499.10,2,0.0000,0,0,98.7212,1.2788,1434.0000,0
1499.10,3,80.5000,0,0,97.8350,2.1650,1488.0000,0
1499.10,4,88.0000,0,0,87.1667,12.8333,1493.0000,0
1499.10,5,95.5000,0,0,94.8449,5.1551,1498.0000,0
1499.10,6,0.0000,0,0,97.3224,2.6776,1434.0000,0
1499.10,7,0.0000,0,0,86.0986,13.9014,1434.0000,0
1499.10,8,7.0000,0,0,93.2337,6.7663,1439.0000,0
1499.10,9,0.0000,0,0,93.8227,6.1773,1434.0000,0
