run_id,baseline_name,episode,episode_start_tick,detection_step,failure_window_start_tick,failure_window_end_tick,detection_tick,detection_time_s,task_id,patient_id,source_node_id,destination_node_id,destination_observed_healthy,recovery_tick,recovery_time_s,recovery_latency_s,recovery_succeeded,reason
detection-without-prediction,detection-without-prediction,1,491,50,589,591,591,591.1,7,7,7,9,1,591,591.1,0.0,1,host failed under a resident task
detection-without-prediction,detection-without-prediction,1,491,70,629,631,631,631.1,6,6,6,3,1,631,631.1,0.0,1,host failed under a resident task
detection-without-prediction,detection-without-prediction,1,491,82,653,655,655,655.1,2,2,2,6,1,655,655.1,0.0,1,host failed under a resident task
detection-without-prediction,detection-without-prediction,1,491,82,653,655,655,655.1,12,2,2,6,1,655,655.1,0.0,1,host failed under a resident task
detection-without-prediction,detection-without-prediction,1,491,94,677,679,679,679.1,5,5,5,9,1,679,679.1,0.0,1,host failed under a resident task
detection-without-prediction,detection-without-prediction,1,491,94,677,679,679,679.1,14,4,5,9,1,679,679.1,0.0,1,host failed under a resident task
detection-without-prediction,detection-without-prediction,1,491,159,807,809,809,809.1,2,2,6,8,1,809,809.1,0.0,1,host failed under a resident task
detection-without-prediction,detection-without-prediction,1,491,159,807,809,809,809.1,12,2,6,7,1,809,809.1,0.0,1,host failed under a resident task
detection-without-prediction,detection-without-prediction,1,491,159,807,809,809,809.1,27,7,6,1,1,809,809.1,0.0,1,host failed under a resident task
detection-without-prediction,detection-without-prediction,1,491,164,817,819,819,819.1,10,0,1,3,1,819,819.1,0.0,1,host failed under a resident task
detection-without-prediction,detection-without-prediction,1,491,164,817,819,819,819.1,20,0,1,5,1,819,819.1,0.0,1,host failed under a resident task
detection-without-prediction,detection-without-prediction,1,491,164,817,819,819,819.1,27,7,1,8,1,819,819.1,0.0,1,host failed under a resident task
detection-without-prediction,detection-without-prediction,1,491,164,817,819,819,819.1,28,8,1,9,1,819,819.1,0.0,1,host failed under a resident task
detection-without-prediction,detection-without-prediction,1,491,177,843,845,845,845.1,11,1,7,3,1,845,845.1,0.0,1,host failed under a resident task
detection-without-prediction,detection-without-prediction,1,491,177,843,845,845,845.1,12,2,7,4,1,845,845.1,0.0,1,host failed under a resident task
detection-without-prediction,detection-without-prediction,1,491,177,843,845,845,845.1,15,5,7,8,1,845,845.1,0.0,1,host failed under a resident task
detection-without-prediction,detection-without-prediction,1,491,179,847,849,849,849.1,18,8,2,6,1,849,849.1,0.0,1,host failed under a resident task
detection-without-prediction,detection-without-prediction,1,491,179,847,849,849,849.1,19,9,2,6,1,849,849.1,0.0,1,host failed under a resident task
detection-without-prediction,detection-without-prediction,1,491,179,847,849,849,849.1,23,3,2,6,1,849,849.1,0.0,1,host failed under a resident task
detection-without-prediction,detection-without-prediction,1,491,179,847,849,849,849.1,30,0,2,6,1,849,849.1,0.0,1,host failed under a resident task
detection-without-prediction,detection-without-prediction,1,491,187,863,865,865,865.1,12,2,4,1,1,865,865.1,0.0,1,host failed under a resident task
detection-without-prediction,detection-without-prediction,1,491,187,863,865,865,865.1,13,3,4,1,1,865,865.1,0.0,1,host failed under a resident task
detection-without-prediction,detection-without-prediction,1,491,187,863,865,865,865.1,25,5,4,1,1,865,865.1,0.0,1,host failed under a resident task
detection-without-prediction,detection-without-prediction,1,491,187,863,865,865,865.1,31,1,4,1,1,865,865.1,0.0,1,host failed under a resident task
detection-without-prediction,detection-without-prediction,1,491,210,909,911,911,911.1,18,8,6,7,1,911,911.1,0.0,1,host failed under a resident task
detection-without-prediction,detection-without-prediction,1,491,210,909,911,911,911.1,19,9,6,4,1,911,911.1,0.0,1,host failed under a resident task
detection-without-prediction,detection-without-prediction,1,491,210,909,911,911,911.1,23,3,6,7,1,911,911.1,0.0,1,host failed under a resident task
detection-without-prediction,detection-without-prediction,1,491,210,909,911,911,911.1,30,0,6,4,1,911,911.1,0.0,1,host failed under a resident task
detection-without-prediction,detection-without-prediction,1,491,217,923,925,925,925.1,34,4,2,4,1,925,925.1,0.0,1,host failed under a resident task
detection-without-prediction,detection-without-prediction,1,491,217,923,925,925,925.1,36,6,2,9,1,925,925.1,0.0,1,host failed under a resident task
detection-without-prediction,detection-without-prediction,1,491,217,923,925,925,925.1,38,8,2,7,1,925,925.1,0.0,1,host failed under a resident task
detection-without-prediction,detection-without-prediction,1,491,260,1009,1011,1011,1011.1,20,0,5,6,1,1011,1011.1,0.0,1,host failed under a resident task
detection-without-prediction,detection-without-prediction,1,491,260,1009,1011,1011,1011.1,21,1,5,2,1,1011,1011.1,0.0,1,host failed under a resident task
detection-without-prediction,detection-without-prediction,1,491,260,1009,1011,1011,1011.1,22,2,5,6,1,1011,1011.1,0.0,1,host failed under a resident task
detection-without-prediction,detection-without-prediction,1,491,260,1009,1011,1011,1011.1,26,6,5,2,1,1011,1011.1,0.0,1,host failed under a resident task
detection-without-prediction,detection-without-prediction,1,491,270,1029,1031,1031,1031.1,21,1,2,6,1,1031,1031.1,0.0,1,host failed under a resident task
detection-without-prediction,detection-without-prediction,1,491,270,1029,1031,1031,1031.1,26,6,2,8,1,1031,1031.1,0.0,1,host failed under a resident task
detection-without-prediction,detection-without-prediction,1,491,291,1071,1073,1073,1073.1,10,0,3,5,1,1073,1073.1,0.0,1,host failed under a resident task
detection-without-prediction,detection-without-prediction,1,491,291,1071,1073,1073,1073.1,11,1,3,2,1,1073,1073.1,0.0,1,host failed under a resident task
detection-without-prediction,detection-without-prediction,1,491,291,1071,1073,1073,1073.1,24,4,3,5,1,1073,1073.1,0.0,1,host failed under a resident task
detection-without-prediction,detection-without-prediction,1,491,356,1201,1203,1203,1203.1,20,0,6,3,1,1203,1203.1,0.0,1,host failed under a resident task
detection-without-prediction,detection-without-prediction,1,491,356,1201,1203,1203,1203.1,21,1,6,3,1,1203,1203.1,0.0,1,host failed under a resident task
detection-without-prediction,detection-without-prediction,1,491,356,1201,1203,1203,1203.1,22,2,6,3,1,1203,1203.1,0.0,1,host failed under a resident task
detection-without-prediction,detection-without-prediction,2,502,44,588,590,590,590.1,7,7,7,9,1,590,590.1,0.0,1,host failed under a resident task
detection-without-prediction,detection-without-prediction,2,502,65,630,632,632,632.1,6,6,6,7,1,632,632.1,0.0,1,host failed under a resident task
detection-without-prediction,detection-without-prediction,2,502,77,654,656,656,656.1,2,2,2,6,1,656,656.1,0.0,1,host failed under a resident task
detection-without-prediction,detection-without-prediction,2,502,77,654,656,656,656.1,12,2,2,6,1,656,656.1,0.0,1,host failed under a resident task
detection-without-prediction,detection-without-prediction,2,502,88,676,678,678,678.1,5,5,5,8,1,678,678.1,0.0,1,host failed under a resident task
detection-without-prediction,detection-without-prediction,2,502,88,676,678,678,678.1,15,5,5,9,1,678,678.1,0.0,1,host failed under a resident task
detection-without-prediction,detection-without-prediction,2,502,153,806,808,808,808.1,2,2,6,9,1,808,808.1,0.0,1,host failed under a resident task
detection-without-prediction,detection-without-prediction,2,502,153,806,808,808,808.1,12,2,6,8,1,808,808.1,0.0,1,host failed under a resident task
detection-without-prediction,detection-without-prediction,2,502,153,806,808,808,808.1,26,6,6,3,1,808,808.1,0.0,1,host failed under a resident task
detection-without-prediction,detection-without-prediction,2,502,159,818,820,820,820.1,10,0,1,9,1,820,820.1,0.0,1,host failed under a resident task
detection-without-prediction,detection-without-prediction,2,502,159,818,820,820,820.1,17,7,1,8,1,820,820.1,0.0,1,host failed under a resident task
detection-without-prediction,detection-without-prediction,2,502,172,844,846,846,846.1,6,6,7,6,1,846,846.1,0.0,1,host failed under a resident task
detection-without-prediction,detection-without-prediction,2,502,172,844,846,846,846.1,11,1,7,6,1,846,846.1,0.0,1,host failed under a resident task
detection-without-prediction,detection-without-prediction,2,502,172,844,846,846,846.1,27,7,7,6,1,846,846.1,0.0,1,host failed under a resident task
detection-without-prediction,detection-without-prediction,2,502,174,848,850,850,850.1,18,8,2,4,1,850,850.1,0.0,1,host failed under a resident task
detection-without-prediction,detection-without-prediction,2,502,174,848,850,850,850.1,19,9,2,6,1,850,850.1,0.0,1,host failed under a resident task
detection-without-prediction,detection-without-prediction,2,502,174,848,850,850,850.1,22,2,2,5,1,850,850.1,0.0,1,host failed under a resident task
detection-without-prediction,detection-without-prediction,2,502,174,848,850,850,850.1,29,9,2,4,1,850,850.1,0.0,1,host failed under a resident task
detection-without-prediction,detection-without-prediction,2,502,181,862,864,864,864.1,14,4,4,1,1,864,864.1,0.0,1,host failed under a resident task
detection-without-prediction,detection-without-prediction,2,502,181,862,864,864,864.1,18,8,4,1,1,864,864.1,0.0,1,host failed under a resident task
detection-without-prediction,detection-without-prediction,2,502,181,862,864,864,864.1,24,4,4,1,1,864,864.1,0.0,1,host failed under a resident task
detection-without-prediction,detection-without-prediction,2,502,181,862,864,864,864.1,29,9,4,1,1,864,864.1,0.0,1,host failed under a resident task
detection-without-prediction,detection-without-prediction,2,502,204,908,910,910,910.1,6,6,6,7,1,910,910.1,0.0,1,host failed under a resident task
detection-without-prediction,detection-without-prediction,2,502,204,908,910,910,910.1,11,1,6,4,1,910,910.1,0.0,1,host failed under a resident task
detection-without-prediction,detection-without-prediction,2,502,204,908,910,910,910.1,19,9,6,7,1,910,910.1,0.0,1,host failed under a resident task
detection-without-prediction,detection-without-prediction,2,502,204,908,910,910,910.1,27,7,6,4,1,910,910.1,0.0,1,host failed under a resident task
detection-without-prediction,detection-without-prediction,2,502,211,922,924,924,924.1,33,3,2,9,1,924,924.1,0.0,1,host failed under a resident task
detection-without-prediction,detection-without-prediction,2,502,211,922,924,924,924.1,35,5,2,7,1,924,924.1,0.0,1,host failed under a resident task
detection-without-prediction,detection-without-prediction,2,502,211,922,924,924,924.1,37,7,2,8,1,924,924.1,0.0,1,host failed under a resident task
detection-without-prediction,detection-without-prediction,2,502,254,1008,1010,1010,1010.1,20,0,5,6,1,1010,1010.1,0.0,1,host failed under a resident task
detection-without-prediction,detection-without-prediction,2,502,254,1008,1010,1010,1010.1,21,1,5,2,1,1010,1010.1,0.0,1,host failed under a resident task
detection-without-prediction,detection-without-prediction,2,502,254,1008,1010,1010,1010.1,22,2,5,6,1,1010,1010.1,0.0,1,host failed under a resident task
detection-without-prediction,detection-without-prediction,2,502,254,1008,1010,1010,1010.1,25,5,5,2,1,1010,1010.1,0.0,1,host failed under a resident task
detection-without-prediction,detection-without-prediction,2,502,264,1028,1030,1030,1030.1,21,1,2,6,1,1030,1030.1,0.0,1,host failed under a resident task
detection-without-prediction,detection-without-prediction,2,502,264,1028,1030,1030,1030.1,25,5,2,6,1,1030,1030.1,0.0,1,host failed under a resident task
detection-without-prediction,detection-without-prediction,2,502,286,1072,1074,1074,1074.1,23,3,3,5,1,1074,1074.1,0.0,1,host failed under a resident task
detection-without-prediction,detection-without-prediction,2,502,286,1072,1074,1074,1074.1,26,6,3,2,1,1074,1074.1,0.0,1,host failed under a resident task
detection-without-prediction,detection-without-prediction,2,502,286,1072,1074,1074,1074.1,30,0,3,5,1,1074,1074.1,0.0,1,host failed under a resident task
detection-without-prediction,detection-without-prediction,2,502,351,1202,1204,1204,1204.1,20,0,6,3,1,1204,1204.1,0.0,1,host failed under a resident task
detection-without-prediction,detection-without-prediction,2,502,351,1202,1204,1204,1204.1,21,1,6,3,1,1204,1204.1,0.0,1,host failed under a resident task
detection-without-prediction,detection-without-prediction,2,502,351,1202,1204,1204,1204.1,22,2,6,3,1,1204,1204.1,0.0,1,host failed under a resident task
detection-without-prediction,detection-without-prediction,2,502,351,1202,1204,1204,1204.1,25,5,6,3,1,1204,1204.1,0.0,1,host failed under a resident task
detection-without-prediction,detection-without-prediction,2,502,397,1294,1296,1296,1296.1,34,4,7,6,1,1296,1296.1,0.0,1,host failed under a resident task
detection-without-prediction,detection-without-prediction,2,502,397,1294,1296,1296,1296.1,35,5,7,6,1,1296,1296.1,0.0,1,host failed under a resident task
detection-without-prediction,detection-without-prediction,3,513,59,629,631,631,631.1,6,6,6,3,1,631,631.1,0.0,1,host failed under a resident task
detection-without-prediction,detection-without-prediction,3,513,71,653,655,655,655.1,2,2,2,6,1,655,655.1,0.0,1,host failed under a resident task
detection-without-prediction,detection-without-prediction,3,513,71,653,655,655,655.1,12,2,2,6,1,655,655.1,0.0,1,host failed under a resident task
detection-without-prediction,detection-without-prediction,3,513,83,677,679,679,679.1,5,5,5,9,1,679,679.1,0.0,1,host failed under a resident task
detection-without-prediction,detection-without-prediction,3,513,83,677,679,679,679.1,14,4,5,7,1,679,679.1,0.0,1,host failed under a resident task
detection-without-prediction,detection-without-prediction,3,513,148,807,809,809,809.1,2,2,6,9,1,809,809.1,0.0,1,host failed under a resident task
detection-without-prediction,detection-without-prediction,3,513,148,807,809,809,809.1,12,2,6,8,1,809,809.1,0.0,1,host failed under a resident task
detection-without-prediction,detection-without-prediction,3,513,153,817,819,819,819.1,1,1,1,3,1,819,819.1,0.0,1,host failed under a resident task
detection-without-prediction,detection-without-prediction,3,513,153,817,819,819,819.1,11,1,1,5,1,819,819.1,0.0,1,host failed under a resident task
detection-without-prediction,detection-without-prediction,3,513,153,817,819,819,819.1,21,1,1,8,1,819,819.1,0.0,1,host failed under a resident task
detection-without-prediction,detection-without-prediction,3,513,166,843,845,845,845.1,9,9,7,9,1,845,845.1,0.0,1,host failed under a resident task
detection-without-prediction,detection-without-prediction,3,513,166,843,845,845,845.1,14,4,7,4,1,845,845.1,0.0,1,host failed under a resident task
detection-without-prediction,detection-without-prediction,3,513,166,843,845,845,845.1,26,6,7,8,1,845,845.1,0.0,1,host failed under a resident task
detection-without-prediction,detection-without-prediction,3,513,168,847,849,849,849.1,17,7,2,6,1,849,849.1,0.0,1,host failed under a resident task
detection-without-prediction,detection-without-prediction,3,513,168,847,849,849,849.1,18,8,2,6,1,849,849.1,0.0,1,host failed under a resident task
detection-without-prediction,detection-without-prediction,3,513,168,847,849,849,849.1,22,2,2,6,1,849,849.1,0.0,1,host failed under a resident task
detection-without-prediction,detection-without-prediction,3,513,168,847,849,849,849.1,29,9,2,6,1,849,849.1,0.0,1,host failed under a resident task
detection-without-prediction,detection-without-prediction,3,513,176,863,865,865,865.1,13,3,4,1,1,865,865.1,0.0,1,host failed under a resident task
detection-without-prediction,detection-without-prediction,3,513,176,863,865,865,865.1,14,4,4,1,1,865,865.1,0.0,1,host failed under a resident task
detection-without-prediction,detection-without-prediction,3,513,176,863,865,865,865.1,24,4,4,1,1,865,865.1,0.0,1,host failed under a resident task
detection-without-prediction,detection-without-prediction,3,513,199,909,911,911,911.1,17,7,6,7,1,911,911.1,0.0,1,host failed under a resident task
detection-without-prediction,detection-without-prediction,3,513,199,909,911,911,911.1,18,8,6,4,1,911,911.1,0.0,1,host failed under a resident task
detection-without-prediction,detection-without-prediction,3,513,199,909,911,911,911.1,22,2,6,7,1,911,911.1,0.0,1,host failed under a resident task
detection-without-prediction,detection-without-prediction,3,513,199,909,911,911,911.1,29,9,6,4,1,911,911.1,0.0,1,host failed under a resident task
detection-without-prediction,detection-without-prediction,3,513,206,923,925,925,925.1,32,2,2,4,1,925,925.1,0.0,1,host failed under a resident task
detection-without-prediction,detection-without-prediction,3,513,206,923,925,925,925.1,34,4,2,9,1,925,925.1,0.0,1,host failed under a resident task
detection-without-prediction,detection-without-prediction,3,513,206,923,925,925,925.1,36,6,2,7,1,925,925.1,0.0,1,host failed under a resident task
detection-without-prediction,detection-without-prediction,3,513,249,1009,1011,1011,1011.1,11,1,5,6,1,1011,1011.1,0.0,1,host failed under a resident task
detection-without-prediction,detection-without-prediction,3,513,249,1009,1011,1011,1011.1,19,9,5,6,1,1011,1011.1,0.0,1,host failed under a resident task
detection-without-prediction,detection-without-prediction,3,513,249,1009,1011,1011,1011.1,20,0,5,6,1,1011,1011.1,0.0,1,host failed under a resident task
detection-without-prediction,detection-without-prediction,3,513,249,1009,1011,1011,1011.1,25,5,5,6,1,1011,1011.1,0.0,1,host failed under a resident task
detection-without-prediction,detection-without-prediction,3,513,259,1029,1031,1031,1031.1,39,9,2,8,1,1031,1031.1,0.0,1,host failed under a resident task
detection-without-prediction,detection-without-prediction,3,513,280,1071,1073,1073,1073.1,1,1,3,5,1,1073,1073.1,0.0,1,host failed under a resident task
detection-without-prediction,detection-without-prediction,3,513,280,1071,1073,1073,1073.1,23,3,3,2,1,1073,1073.1,0.0,1,host failed under a resident task
detection-without-prediction,detection-without-prediction,3,513,280,1071,1073,1073,1073.1,30,0,3,5,1,1073,1073.1,0.0,1,host failed under a resident task
detection-without-prediction,detection-without-prediction,3,513,280,1071,1073,1073,1073.1,38,8,3,2,1,1073,1073.1,0.0,1,host failed under a resident task
detection-without-prediction,detection-without-prediction,3,513,345,1201,1203,1203,1203.1,11,1,6,3,1,1203,1203.1,0.0,1,host failed under a resident task
detection-without-prediction,detection-without-prediction,3,513,345,1201,1203,1203,1203.1,19,9,6,3,1,1203,1203.1,0.0,1,host failed under a resident task
detection-without-prediction,detection-without-prediction,3,513,345,1201,1203,1203,1203.1,20,0,6,3,1,1203,1203.1,0.0,1,host failed under a resident task
detection-without-prediction,detection-without-prediction,3,513,345,1201,1203,1203,1203.1,25,5,6,3,1,1203,1203.1,0.0,1,host failed under a resident task
detection-without-prediction,detection-without-prediction,3,513,391,1293,1295,1295,1295.1,22,2,7,6,1,1295,1295.1,0.0,1,host failed under a resident task
detection-without-prediction,detection-without-prediction,3,513,391,1293,1295,1295,1295.1,33,3,7,6,1,1295,1295.1,0.0,1,host failed under a resident task
detection-without-prediction,detection-without-prediction,4,524,54,630,632,632,632.1,6,6,6,7,1,632,632.1,0.0,1,host failed under a resident task
detection-without-prediction,detection-without-prediction,4,524,66,654,656,656,656.1,2,2,2,6,1,656,656.1,0.0,1,host failed under a resident task
detection-without-prediction,detection-without-prediction,4,524,77,676,678,678,678.1,5,5,5,8,1,678,678.1,0.0,1,host failed under a resident task
detection-without-prediction,detection-without-prediction,4,524,142,806,808,808,808.1,2,2,6,9,1,808,808.1,0.0,1,host failed under a resident task
detection-without-prediction,detection-without-prediction,4,524,142,806,808,808,808.1,14,4,6,8,1,808,808.1,0.0,1,host failed under a resident task
detection-without-prediction,detection-without-prediction,4,524,148,818,820,820,820.1,1,1,1,9,1,820,820.1,0.0,1,host failed under a resident task
detection-without-prediction,detection-without-prediction,4,524,148,818,820,820,820.1,11,1,1,0,1,820,820.1,0.0,1,host failed under a resident task
detection-without-prediction,detection-without-prediction,4,524,148,818,820,820,820.1,21,1,1,8,1,820,820.1,0.0,1,host failed under a resident task
detection-without-prediction,detection-without-prediction,4,524,161,844,846,846,846.1,6,6,7,6,1,846,846.1,0.0,1,host failed under a resident task
detection-without-prediction,detection-without-prediction,4,524,161,844,846,846,846.1,9,9,7,6,1,846,846.1,0.0,1,host failed under a resident task
detection-without-prediction,detection-without-prediction,4,524,161,844,846,846,846.1,26,6,7,6,1,846,846.1,0.0,1,host failed under a resident task
detection-without-prediction,detection-without-prediction,4,524,163,848,850,850,850.1,16,6,2,3,1,850,850.1,0.0,1,host failed under a resident task
detection-without-prediction,detection-without-prediction,4,524,163,848,850,850,850.1,17,7,2,6,1,850,850.1,0.0,1,host failed under a resident task
detection-without-prediction,detection-without-prediction,4,524,163,848,850,850,850.1,22,2,2,5,1,850,850.1,0.0,1,host failed under a resident task
detection-without-prediction,detection-without-prediction,4,524,163,848,850,850,850.1,28,8,2,4,1,850,850.1,0.0,1,host failed under a resident task
detection-without-prediction,detection-without-prediction,4,524,170,862,864,864,864.1,4,4,4,1,1,864,864.1,0.0,1,host failed under a resident task
detection-without-prediction,detection-without-prediction,4,524,170,862,864,864,864.1,13,3,4,1,1,864,864.1,0.0,1,host failed under a resident task
detection-without-prediction,detection-without-prediction,4,524,170,862,864,864,864.1,24,4,4,1,1,864,864.1,0.0,1,host failed under a resident task
detection-without-prediction,detection-without-prediction,4,524,170,862,864,864,864.1,28,8,4,1,1,864,864.1,0.0,1,host failed under a resident task
detection-without-prediction,detection-without-prediction,4,524,193,908,910,910,910.1,6,6,6,7,1,910,910.1,0.0,1,host failed under a resident task
detection-without-prediction,detection-without-prediction,4,524,193,908,910,910,910.1,9,9,6,4,1,910,910.1,0.0,1,host failed under a resident task
detection-without-prediction,detection-without-prediction,4,524,193,908,910,910,910.1,17,7,6,7,1,910,910.1,0.0,1,host failed under a resident task
detection-without-prediction,detection-without-prediction,4,524,193,908,910,910,910.1,26,6,6,4,1,910,910.1,0.0,1,host failed under a resident task
detection-without-prediction,detection-without-prediction,4,524,200,922,924,924,924.1,31,1,2,9,1,924,924.1,0.0,1,host failed under a resident task
detection-without-prediction,detection-without-prediction,4,524,200,922,924,924,924.1,33,3,2,3,1,924,924.1,0.0,1,host failed under a resident task
detection-without-prediction,detection-without-prediction,4,524,200,922,924,924,924.1,35,5,2,7,1,924,924.1,0.0,1,host failed under a resident task
detection-without-prediction,detection-without-prediction,4,524,243,1008,1010,1010,1010.1,18,8,5,6,1,1010,1010.1,0.0,1,host failed under a resident task
detection-without-prediction,detection-without-prediction,4,524,243,1008,1010,1010,1010.1,19,9,5,2,1,1010,1010.1,0.0,1,host failed under a resident task
detection-without-prediction,detection-without-prediction,4,524,243,1008,1010,1010,1010.1,22,2,5,6,1,1010,1010.1,0.0,1,host failed under a resident task
detection-without-prediction,detection-without-prediction,4,524,243,1008,1010,1010,1010.1,25,5,5,2,1,1010,1010.1,0.0,1,host failed under a resident task
detection-without-prediction,detection-without-prediction,4,524,253,1028,1030,1030,1030.1,19,9,2,6,1,1030,1030.1,0.0,1,host failed under a resident task
detection-without-prediction,detection-without-prediction,4,524,253,1028,1030,1030,1030.1,25,5,2,3,1,1030,1030.1,0.0,1,host failed under a resident task
detection-without-prediction,detection-without-prediction,4,524,253,1028,1030,1030,1030.1,39,9,2,9,1,1030,1030.1,0.0,1,host failed under a resident task
detection-without-prediction,detection-without-prediction,4,524,275,1072,1074,1074,1074.1,16,6,3,5,1,1074,1074.1,0.0,1,host failed under a resident task
detection-without-prediction,detection-without-prediction,4,524,275,1072,1074,1074,1074.1,23,3,3,2,1,1074,1074.1,0.0,1,host failed under a resident task
detection-without-prediction,detection-without-prediction,4,524,275,1072,1074,1074,1074.1,25,5,3,5,1,1074,1074.1,0.0,1,host failed under a resident task
detection-without-prediction,detection-without-prediction,4,524,275,1072,1074,1074,1074.1,33,3,3,2,1,1074,1074.1,0.0,1,host failed under a resident task
detection-without-prediction,detection-without-prediction,4,524,340,1202,1204,1204,1204.1,18,8,6,3,1,1204,1204.1,0.0,1,host failed under a resident task
detection-without-prediction,detection-without-prediction,4,524,340,1202,1204,1204,1204.1,19,9,6,3,1,1204,1204.1,0.0,1,host failed under a resident task
detection-without-prediction,detection-without-prediction,4,524,340,1202,1204,1204,1204.1,22,2,6,3,1,1204,1204.1,0.0,1,host failed under a resident task
detection-without-prediction,detection-without-prediction,4,524,340,1202,1204,1204,1204.1,38,8,6,3,1,1204,1204.1,0.0,1,host failed under a resident task
detection-without-prediction,detection-without-prediction,4,524,386,1294,1296,1296,1296.1,32,2,7,6,1,1296,1296.1,0.0,1,host failed under a resident task
detection-without-prediction,detection-without-prediction,4,524,386,1294,1296,1296,1296.1,35,5,7,6,1,1296,1296.1,0.0,1,host failed under a resident task
detection-without-prediction,detection-without-prediction,5,535,48,629,631,631,631.1,6,6,6,9,1,631,631.1,0.0,1,host failed under a resident task
detection-without-prediction,detection-without-prediction,5,535,60,653,655,655,655.1,2,2,2,6,1,655,655.1,0.0,1,host failed under a resident task
detection-without-prediction,detection-without-prediction,5,535,72,677,679,679,679.1,5,5,5,6,1,679,679.1,0.0,1,host failed under a resident task
detection-without-prediction,detection-without-prediction,5,535,137,807,809,809,809.1,2,2,6,9,1,809,809.1,0.0,1,host failed under a resident task
detection-without-prediction,detection-without-prediction,5,535,137,807,809,809,809.1,5,5,6,5,1,809,809.1,0.0,1,host failed under a resident task
detection-without-prediction,detection-without-prediction,5,535,142,817,819,819,819.1,1,1,1,8,1,819,819.1,0.0,1,host failed under a resident task
detection-without-prediction,detection-without-prediction,5,535,142,817,819,819,819.1,10,0,1,3,1,819,819.1,0.0,1,host failed under a resident task
detection-without-prediction,detection-without-prediction,5,535,142,817,819,819,819.1,21,1,1,5,1,819,819.1,0.0,1,host failed under a resident task
detection-without-prediction,detection-without-prediction,5,535,155,843,845,845,845.1,8,8,7,8,1,845,845.1,0.0,1,host failed under a resident task
detection-without-prediction,detection-without-prediction,5,535,155,843,845,845,845.1,13,3,7,9,1,845,845.1,0.0,1,host failed under a resident task
detection-without-prediction,detection-without-prediction,5,535,155,843,845,845,845.1,25,5,7,4,1,845,845.1,0.0,1,host failed under a resident task
detection-without-prediction,detection-without-prediction,5,535,157,847,849,849,849.1,15,5,2,6,1,849,849.1,0.0,1,host failed under a resident task
detection-without-prediction,detection-without-prediction,5,535,157,847,849,849,849.1,16,6,2,6,1,849,849.1,0.0,1,host failed under a resident task
detection-without-prediction,detection-without-prediction,5,535,157,847,849,849,849.1,22,2,2,6,1,849,849.1,0.0,1,host failed under a resident task
detection-without-prediction,detection-without-prediction,5,535,157,847,849,849,849.1,27,7,2,6,1,849,849.1,0.0,1,host failed under a resident task
detection-without-prediction,detection-without-prediction,5,535,165,863,865,865,865.1,4,4,4,1,1,865,865.1,0.0,1,host failed under a resident task
detection-without-prediction,detection-without-prediction,5,535,165,863,865,865,865.1,12,2,4,1,1,865,865.1,0.0,1,host failed under a resident task
detection-without-prediction,detection-without-prediction,5,535,165,863,865,865,865.1,24,4,4,1,1,865,865.1,0.0,1,host failed under a resident task
detection-without-prediction,detection-without-prediction,5,535,165,863,865,865,865.1,25,5,4,1,1,865,865.1,0.0,1,host failed under a resident task
detection-without-prediction,detection-without-prediction,5,535,188,909,911,911,911.1,15,5,6,7,1,911,911.1,0.0,1,host failed under a resident task
detection-without-prediction,detection-without-prediction,5,535,188,909,911,911,911.1,16,6,6,4,1,911,911.1,0.0,1,host failed under a resident task
detection-without-prediction,detection-without-prediction,5,535,188,909,911,911,911.1,22,2,6,7,1,911,911.1,0.0,1,host failed under a resident task
detection-without-prediction,detection-without-prediction,5,535,188,909,911,911,911.1,27,7,6,4,1,911,911.1,0.0,1,host failed under a resident task
detection-without-prediction,detection-without-prediction,5,535,195,923,925,925,925.1,30,0,2,3,1,925,925.1,0.0,1,host failed under a resident task
detection-without-prediction,detection-without-prediction,5,535,195,923,925,925,925.1,32,2,2,8,1,925,925.1,0.0,1,host failed under a resident task
detection-without-prediction,detection-without-prediction,5,535,195,923,925,925,925.1,34,4,2,4,1,925,925.1,0.0,1,host failed under a resident task
detection-without-prediction,detection-without-prediction,5,535,238,1009,1011,1011,1011.1,5,5,5,6,1,1011,1011.1,0.0,1,host failed under a resident task
detection-without-prediction,detection-without-prediction,5,535,238,1009,1011,1011,1011.1,17,7,5,6,1,1011,1011.1,0.0,1,host failed under a resident task
detection-without-prediction,detection-without-prediction,5,535,238,1009,1011,1011,1011.1,18,8,5,6,1,1011,1011.1,0.0,1,host failed under a resident task
detection-without-prediction,detection-without-prediction,5,535,238,1009,1011,1011,1011.1,21,1,5,6,1,1011,1011.1,0.0,1,host failed under a resident task
detection-without-prediction,detection-without-prediction,5,535,248,1029,1031,1031,1031.1,37,7,2,4,1,1031,1031.1,0.0,1,host failed under a resident task
detection-without-prediction,detection-without-prediction,5,535,248,1029,1031,1031,1031.1,39,9,2,7,1,1031,1031.1,0.0,1,host failed under a resident task
detection-without-prediction,detection-without-prediction,5,535,269,1071,1073,1073,1073.1,10,0,3,5,1,1073,1073.1,0.0,1,host failed under a resident task
detection-without-prediction,detection-without-prediction,5,535,269,1071,1073,1073,1073.1,23,3,3,2,1,1073,1073.1,0.0,1,host failed under a resident task
detection-without-prediction,detection-without-prediction,5,535,269,1071,1073,1073,1073.1,30,0,3,5,1,1073,1073.1,0.0,1,host failed under a resident task
detection-without-prediction,detection-without-prediction,5,535,334,1201,1203,1203,1203.1,5,5,6,3,1,1203,1203.1,0.0,1,host failed under a resident task
detection-without-prediction,detection-without-prediction,5,535,334,1201,1203,1203,1203.1,17,7,6,3,1,1203,1203.1,0.0,1,host failed under a resident task
detection-without-prediction,detection-without-prediction,5,535,334,1201,1203,1203,1203.1,18,8,6,3,1,1203,1203.1,0.0,1,host failed under a resident task
detection-without-prediction,detection-without-prediction,5,535,334,1201,1203,1203,1203.1,21,1,6,3,1,1203,1203.1,0.0,1,host failed under a resident task
detection-without-prediction,detection-without-prediction,5,535,334,1201,1203,1203,1203.1,38,8,6,2,1,1203,1203.1,0.0,1,host failed under a resident task
detection-without-prediction,detection-without-prediction,5,535,380,1293,1295,1295,1295.1,22,2,7,6,1,1295,1295.1,0.0,1,host failed under a resident task
detection-without-prediction,detection-without-prediction,5,535,380,1293,1295,1295,1295.1,31,1,7,6,1,1295,1295.1,0.0,1,host failed under a resident task
detection-without-prediction,detection-without-prediction,5,535,380,1293,1295,1295,1295.1,35,5,7,6,1,1295,1295.1,0.0,1,host failed under a resident task
detection-without-prediction,detection-without-prediction,5,535,380,1293,1295,1295,1295.1,39,9,7,6,1,1295,1295.1,0.0,1,host failed under a resident task
detection-without-prediction,detection-without-prediction,6,545,43,629,631,631,631.1,6,6,6,8,1,631,631.1,0.0,1,host failed under a resident task
detection-without-prediction,detection-without-prediction,6,545,55,653,655,655,655.1,2,2,2,6,1,655,655.1,0.0,1,host failed under a resident task
detection-without-prediction,detection-without-prediction,6,545,67,677,679,679,679.1,5,5,5,4,1,679,679.1,0.0,1,host failed under a resident task
detection-without-prediction,detection-without-prediction,6,545,132,807,809,809,809.1,2,2,6,9,1,809,809.1,0.0,1,host failed under a resident task
detection-without-prediction,detection-without-prediction,6,545,132,807,809,809,809.1,12,2,6,5,1,809,809.1,0.0,1,host failed under a resident task
detection-without-prediction,detection-without-prediction,6,545,137,817,819,819,819.1,1,1,1,8,1,819,819.1,0.0,1,host failed under a resident task
detection-without-prediction,detection-without-prediction,6,545,137,817,819,819,819.1,10,0,1,7,1,819,819.1,0.0,1,host failed under a resident task
detection-without-prediction,detection-without-prediction,6,545,137,817,819,819,819.1,21,1,1,3,1,819,819.1,0.0,1,host failed under a resident task
detection-without-prediction,detection-without-prediction,6,545,150,843,845,845,845.1,7,7,7,8,1,845,845.1,0.0,1,host failed under a resident task
detection-without-prediction,detection-without-prediction,6,545,150,843,845,845,845.1,10,0,7,5,1,845,845.1,0.0,1,host failed under a resident task
detection-without-prediction,detection-without-prediction,6,545,150,843,845,845,845.1,13,3,7,9,1,845,845.1,0.0,1,host failed under a resident task
detection-without-prediction,detection-without-prediction,6,545,152,847,849,849,849.1,14,4,2,6,1,849,849.1,0.0,1,host failed under a resident task
detection-without-prediction,detection-without-prediction,6,545,152,847,849,849,849.1,15,5,2,6,1,849,849.1,0.0,1,host failed under a resident task
detection-without-prediction,detection-without-prediction,6,545,152,847,849,849,849.1,22,2,2,6,1,849,849.1,0.0,1,host failed under a resident task
detection-without-prediction,detection-without-prediction,6,545,152,847,849,849,849.1,26,6,2,6,1,849,849.1,0.0,1,host failed under a resident task
detection-without-prediction,detection-without-prediction,6,545,160,863,865,865,865.1,4,4,4,1,1,865,865.1,0.0,1,host failed under a resident task
detection-without-prediction,detection-without-prediction,6,545,160,863,865,865,865.1,5,5,4,1,1,865,865.1,0.0,1,host failed under a resident task
detection-without-prediction,detection-without-prediction,6,545,160,863,865,865,865.1,24,4,4,1,1,865,865.1,0.0,1,host failed under a resident task
detection-without-prediction,detection-without-prediction,6,545,160,863,865,865,865.1,27,7,4,1,1,865,865.1,0.0,1,host failed under a resident task
detection-without-prediction,detection-without-prediction,6,545,183,909,911,911,911.1,14,4,6,7,1,911,911.1,0.0,1,host failed under a resident task
detection-without-prediction,detection-without-prediction,6,545,183,909,911,911,911.1,15,5,6,4,1,911,911.1,0.0,1,host failed under a resident task
detection-without-prediction,detection-without-prediction,6,545,183,909,911,911,911.1,22,2,6,7,1,911,911.1,0.0,1,host failed under a resident task
detection-without-prediction,detection-without-prediction,6,545,183,909,911,911,911.1,26,6,6,4,1,911,911.1,0.0,1,host failed under a resident task
detection-without-prediction,detection-without-prediction,6,545,190,923,925,925,925.1,29,9,2,3,1,925,925.1,0.0,1,host failed under a resident task
detection-without-prediction,detection-without-prediction,6,545,190,923,925,925,925.1,31,1,2,4,1,925,925.1,0.0,1,host failed under a resident task
detection-without-prediction,detection-without-prediction,6,545,190,923,925,925,925.1,33,3,2,7,1,925,925.1,0.0,1,host failed under a resident task
detection-without-prediction,detection-without-prediction,6,545,233,1009,1011,1011,1011.1,10,0,5,6,1,1011,1011.1,0.0,1,host failed under a resident task
detection-without-prediction,detection-without-prediction,6,545,233,1009,1011,1011,1011.1,12,2,5,2,1,1011,1011.1,0.0,1,host failed under a resident task
detection-without-prediction,detection-without-prediction,6,545,233,1009,1011,1011,1011.1,16,6,5,6,1,1011,1011.1,0.0,1,host failed under a resident task
detection-without-prediction,detection-without-prediction,6,545,233,1009,1011,1011,1011.1,17,7,5,0,1,1011,1011.1,0.0,1,host failed under a resident task
detection-without-prediction,detection-without-prediction,6,545,243,1029,1031,1031,1031.1,12,2,2,9,1,1031,1031.1,0.0,1,host failed under a resident task
detection-without-prediction,detection-without-prediction,6,545,243,1029,1031,1031,1031.1,37,7,2,4,1,1031,1031.1,0.0,1,host failed under a resident task
detection-without-prediction,detection-without-prediction,6,545,243,1029,1031,1031,1031.1,38,8,2,7,1,1031,1031.1,0.0,1,host failed under a resident task
detection-without-prediction,detection-without-prediction,6,545,264,1071,1073,1073,1073.1,11,1,3,5,1,1073,1073.1,0.0,1,host failed under a resident task
detection-without-prediction,detection-without-prediction,6,545,264,1071,1073,1073,1073.1,21,1,3,2,1,1073,1073.1,0.0,1,host failed under a resident task
detection-without-prediction,detection-without-prediction,6,545,264,1071,1073,1073,1073.1,23,3,3,5,1,1073,1073.1,0.0,1,host failed under a resident task
detection-without-prediction,detection-without-prediction,6,545,264,1071,1073,1073,1073.1,29,9,3,2,1,1073,1073.1,0.0,1,host failed under a resident task
detection-without-prediction,detection-without-prediction,6,545,329,1201,1203,1203,1203.1,10,0,6,3,1,1203,1203.1,0.0,1,host failed under a resident task
detection-without-prediction,detection-without-prediction,6,545,329,1201,1203,1203,1203.1,16,6,6,3,1,1203,1203.1,0.0,1,host failed under a resident task
detection-without-prediction,detection-without-prediction,6,545,329,1201,1203,1203,1203.1,36,6,6,3,1,1203,1203.1,0.0,1,host failed under a resident task
detection-without-prediction,detection-without-prediction,6,545,329,1201,1203,1203,1203.1,39,9,6,3,1,1203,1203.1,0.0,1,host failed under a resident task
detection-without-prediction,detection-without-prediction,6,545,375,1293,1295,1295,1295.1,22,2,7,6,1,1295,1295.1,0.0,1,host failed under a resident task
detection-without-prediction,detection-without-prediction,6,545,375,1293,1295,1295,1295.1,30,0,7,6,1,1295,1295.1,0.0,1,host failed under a resident task
detection-without-prediction,detection-without-prediction,6,545,375,1293,1295,1295,1295.1,33,3,7,6,1,1295,1295.1,0.0,1,host failed under a resident task
detection-without-prediction,detection-without-prediction,6,545,375,1293,1295,1295,1295.1,38,8,7,6,1,1295,1295.1,0.0,1,host failed under a resident task
detection-without-prediction,detection-without-prediction,7,556,38,630,632,632,632.1,6,6,6,7,1,632,632.1,0.0,1,host failed under a resident task
detection-without-prediction,detection-without-prediction,7,556,50,654,656,656,656.1,2,2,2,6,1,656,656.1,0.0,1,host failed under a resident task
detection-without-prediction,detection-without-prediction,7,556,61,676,678,678,678.1,5,5,5,4,1,678,678.1,0.0,1,host failed under a resident task
detection-without-prediction,detection-without-prediction,7,556,126,806,808,808,808.1,2,2,6,3,1,808,808.1,0.0,1,host failed under a resident task
detection-without-prediction,detection-without-prediction,7,556,126,806,808,808,808.1,12,2,6,9,1,808,808.1,0.0,1,host failed under a resident task
detection-without-prediction,detection-without-prediction,7,556,132,818,820,820,820.1,1,1,1,8,1,820,820.1,0.0,1,host failed under a resident task
detection-without-prediction,detection-without-prediction,7,556,132,818,820,820,820.1,10,0,1,5,1,820,820.1,0.0,1,host failed under a resident task
detection-without-prediction,detection-without-prediction,7,556,132,818,820,820,820.1,21,1,1,7,1,820,820.1,0.0,1,host failed under a resident task
detection-without-prediction,detection-without-prediction,7,556,145,844,846,846,846.1,6,6,7,6,1,846,846.1,0.0,1,host failed under a resident task
detection-without-prediction,detection-without-prediction,7,556,145,844,846,846,846.1,17,7,7,6,1,846,846.1,0.0,1,host failed under a resident task
detection-without-prediction,detection-without-prediction,7,556,145,844,846,846,846.1,21,1,7,6,1,846,846.1,0.0,1,host failed under a resident task
detection-without-prediction,detection-without-prediction,7,556,147,848,850,850,850.1,13,3,2,9,1,850,850.1,0.0,1,host failed under a resident task
detection-without-prediction,detection-without-prediction,7,556,147,848,850,850,850.1,14,4,2,3,1,850,850.1,0.0,1,host failed under a resident task
detection-without-prediction,detection-without-prediction,7,556,147,848,850,850,850.1,22,2,2,6,1,850,850.1,0.0,1,host failed under a resident task
detection-without-prediction,detection-without-prediction,7,556,147,848,850,850,850.1,25,5,2,5,1,850,850.1,0.0,1,host failed under a resident task
detection-without-prediction,detection-without-prediction,7,556,154,862,864,864,864.1,4,4,4,1,1,864,864.1,0.0,1,host failed under a resident task
detection-without-prediction,detection-without-prediction,7,556,154,862,864,864,864.1,5,5,4,1,1,864,864.1,0.0,1,host failed under a resident task
detection-without-prediction,detection-without-prediction,7,556,154,862,864,864,864.1,23,3,4,1,1,864,864.1,0.0,1,host failed under a resident task
detection-without-prediction,detection-without-prediction,7,556,154,862,864,864,864.1,26,6,4,1,1,864,864.1,0.0,1,host failed under a resident task
detection-without-prediction,detection-without-prediction,7,556,177,908,910,910,910.1,6,6,6,7,1,910,910.1,0.0,1,host failed under a resident task
detection-without-prediction,detection-without-prediction,7,556,177,908,910,910,910.1,17,7,6,4,1,910,910.1,0.0,1,host failed under a resident task
detection-without-prediction,detection-without-prediction,7,556,177,908,910,910,910.1,21,1,6,7,1,910,910.1,0.0,1,host failed under a resident task
detection-without-prediction,detection-without-prediction,7,556,177,908,910,910,910.1,22,2,6,4,1,910,910.1,0.0,1,host failed under a resident task
detection-without-prediction,detection-without-prediction,7,556,184,922,924,924,924.1,28,8,2,3,1,924,924.1,0.0,1,host failed under a resident task
detection-without-prediction,detection-without-prediction,7,556,184,922,924,924,924.1,30,0,2,7,1,924,924.1,0.0,1,host failed under a resident task
detection-without-prediction,detection-without-prediction,7,556,184,922,924,924,924.1,32,2,2,8,1,924,924.1,0.0,1,host failed under a resident task
detection-without-prediction,detection-without-prediction,7,556,227,1008,1010,1010,1010.1,10,0,5,6,1,1010,1010.1,0.0,1,host failed under a resident task
detection-without-prediction,detection-without-prediction,7,556,227,1008,1010,1010,1010.1,15,5,5,2,1,1010,1010.1,0.0,1,host failed under a resident task
detection-without-prediction,detection-without-prediction,7,556,227,1008,1010,1010,1010.1,16,6,5,6,1,1010,1010.1,0.0,1,host failed under a resident task
detection-without-prediction,detection-without-prediction,7,556,227,1008,1010,1010,1010.1,25,5,5,0,1,1010,1010.1,0.0,1,host failed under a resident task
detection-without-prediction,detection-without-prediction,7,556,237,1028,1030,1030,1030.1,15,5,2,9,1,1030,1030.1,0.0,1,host failed under a resident task
detection-without-prediction,detection-without-prediction,7,556,237,1028,1030,1030,1030.1,36,6,2,6,1,1030,1030.1,0.0,1,host failed under a resident task
detection-without-prediction,detection-without-prediction,7,556,237,1028,1030,1030,1030.1,37,7,2,3,1,1030,1030.1,0.0,1,host failed under a resident task
detection-without-prediction,detection-without-prediction,7,556,259,1072,1074,1074,1074.1,2,2,3,5,1,1074,1074.1,0.0,1,host failed under a resident task
detection-without-prediction,detection-without-prediction,7,556,259,1072,1074,1074,1074.1,11,1,3,2,1,1074,1074.1,0.0,1,host failed under a resident task
detection-without-prediction,detection-without-prediction,7,556,259,1072,1074,1074,1074.1,14,4,3,5,1,1074,1074.1,0.0,1,host failed under a resident task
detection-without-prediction,detection-without-prediction,7,556,259,1072,1074,1074,1074.1,28,8,3,2,1,1074,1074.1,0.0,1,host failed under a resident task
detection-without-prediction,detection-without-prediction,7,556,259,1072,1074,1074,1074.1,37,7,3,5,1,1074,1074.1,0.0,1,host failed under a resident task
detection-without-prediction,detection-without-prediction,7,556,324,1202,1204,1204,1204.1,10,0,6,3,1,1204,1204.1,0.0,1,host failed under a resident task
detection-without-prediction,detection-without-prediction,7,556,324,1202,1204,1204,1204.1,16,6,6,3,1,1204,1204.1,0.0,1,host failed under a resident task
detection-without-prediction,detection-without-prediction,7,556,324,1202,1204,1204,1204.1,35,5,6,3,1,1204,1204.1,0.0,1,host failed under a resident task
detection-without-prediction,detection-without-prediction,7,556,324,1202,1204,1204,1204.1,36,6,6,3,1,1204,1204.1,0.0,1,host failed under a resident task
detection-without-prediction,detection-without-prediction,7,556,324,1202,1204,1204,1204.1,38,8,6,3,1,1204,1204.1,0.0,1,host failed under a resident task
detection-without-prediction,detection-without-prediction,7,556,370,1294,1296,1296,1296.1,21,1,7,6,1,1296,1296.1,0.0,1,host failed under a resident task
detection-without-prediction,detection-without-prediction,7,556,370,1294,1296,1296,1296.1,30,0,7,6,1,1296,1296.1,0.0,1,host failed under a resident task
detection-without-prediction,detection-without-prediction,8,567,44,653,655,655,655.1,2,2,2,6,1,655,655.1,0.0,1,host failed under a resident task
detection-without-prediction,detection-without-prediction,8,567,56,677,679,679,679.1,5,5,5,4,1,679,679.1,0.0,1,host failed under a resident task
detection-without-prediction,detection-without-prediction,8,567,121,807,809,809,809.1,2,2,6,2,1,809,809.1,0.0,1,host failed under a resident task
detection-without-prediction,detection-without-prediction,8,567,121,807,809,809,809.1,16,6,6,9,1,809,809.1,0.0,1,host failed under a resident task
detection-without-prediction,detection-without-prediction,8,567,126,817,819,819,819.1,1,1,1,5,1,819,819.1,0.0,1,host failed under a resident task
detection-without-prediction,detection-without-prediction,8,567,126,817,819,819,819.1,10,0,1,8,1,819,819.1,0.0,1,host failed under a resident task
detection-without-prediction,detection-without-prediction,8,567,126,817,819,819,819.1,21,1,1,4,1,819,819.1,0.0,1,host failed under a resident task
detection-without-prediction,detection-without-prediction,8,567,139,843,845,845,845.1,6,6,7,8,1,845,845.1,0.0,1,host failed under a resident task
detection-without-prediction,detection-without-prediction,8,567,139,843,845,845,845.1,17,7,7,3,1,845,845.1,0.0,1,host failed under a resident task
detection-without-prediction,detection-without-prediction,8,567,139,843,845,845,845.1,23,3,7,5,1,845,845.1,0.0,1,host failed under a resident task
detection-without-prediction,detection-without-prediction,8,567,141,847,849,849,849.1,2,2,2,6,1,849,849.1,0.0,1,host failed under a resident task
detection-without-prediction,detection-without-prediction,8,567,141,847,849,849,849.1,12,2,2,6,1,849,849.1,0.0,1,host failed under a resident task
detection-without-prediction,detection-without-prediction,8,567,141,847,849,849,849.1,13,3,2,6,1,849,849.1,0.0,1,host failed under a resident task
detection-without-prediction,detection-without-prediction,8,567,149,863,865,865,865.1,4,4,4,1,1,865,865.1,0.0,1,host failed under a resident task
detection-without-prediction,detection-without-prediction,8,567,149,863,865,865,865.1,5,5,4,1,1,865,865.1,0.0,1,host failed under a resident task
detection-without-prediction,detection-without-prediction,8,567,149,863,865,865,865.1,21,1,4,1,1,865,865.1,0.0,1,host failed under a resident task
detection-without-prediction,detection-without-prediction,8,567,149,863,865,865,865.1,25,5,4,1,1,865,865.1,0.0,1,host failed under a resident task
detection-without-prediction,detection-without-prediction,8,567,172,909,911,911,911.1,2,2,6,7,1,911,911.1,0.0,1,host failed under a resident task
detection-without-prediction,detection-without-prediction,8,567,172,909,911,911,911.1,12,2,6,4,1,911,911.1,0.0,1,host failed under a resident task
detection-without-prediction,detection-without-prediction,8,567,172,909,911,911,911.1,13,3,6,7,1,911,911.1,0.0,1,host failed under a resident task
detection-without-prediction,detection-without-prediction,8,567,179,923,925,925,925.1,27,7,2,4,1,925,925.1,0.0,1,host failed under a resident task
detection-without-prediction,detection-without-prediction,8,567,179,923,925,925,925.1,29,9,2,3,1,925,925.1,0.0,1,host failed under a resident task
detection-without-prediction,detection-without-prediction,8,567,179,923,925,925,925.1,31,1,2,4,1,925,925.1,0.0,1,host failed under a resident task
detection-without-prediction,detection-without-prediction,8,567,222,1009,1011,1011,1011.1,1,1,5,6,1,1011,1011.1,0.0,1,host failed under a resident task
detection-without-prediction,detection-without-prediction,8,567,222,1009,1011,1011,1011.1,14,4,5,6,1,1011,1011.1,0.0,1,host failed under a resident task
detection-without-prediction,detection-without-prediction,8,567,222,1009,1011,1011,1011.1,15,5,5,8,1,1011,1011.1,0.0,1,host failed under a resident task
detection-without-prediction,detection-without-prediction,8,567,222,1009,1011,1011,1011.1,23,3,5,0,1,1011,1011.1,0.0,1,host failed under a resident task
detection-without-prediction,detection-without-prediction,8,567,232,1029,1031,1031,1031.1,35,5,2,9,1,1031,1031.1,0.0,1,host failed under a resident task
detection-without-prediction,detection-without-prediction,8,567,232,1029,1031,1031,1031.1,36,6,2,4,1,1031,1031.1,0.0,1,host failed under a resident task
detection-without-prediction,detection-without-prediction,8,567,232,1029,1031,1031,1031.1,38,8,2,7,1,1031,1031.1,0.0,1,host failed under a resident task
detection-without-prediction,detection-without-prediction,8,567,253,1071,1073,1073,1073.1,11,1,3,5,1,1073,1073.1,0.0,1,host failed under a resident task
detection-without-prediction,detection-without-prediction,8,567,253,1071,1073,1073,1073.1,17,7,3,2,1,1073,1073.1,0.0,1,host failed under a resident task
detection-without-prediction,detection-without-prediction,8,567,253,1071,1073,1073,1073.1,22,2,3,5,1,1073,1073.1,0.0,1,host failed under a resident task
detection-without-prediction,detection-without-prediction,8,567,253,1071,1073,1073,1073.1,29,9,3,2,1,1073,1073.1,0.0,1,host failed under a resident task
detection-without-prediction,detection-without-prediction,8,567,318,1201,1203,1203,1203.1,1,1,6,3,1,1203,1203.1,0.0,1,host failed under a resident task
detection-without-prediction,detection-without-prediction,8,567,318,1201,1203,1203,1203.1,14,4,6,3,1,1203,1203.1,0.0,1,host failed under a resident task
detection-without-prediction,detection-without-prediction,8,567,318,1201,1203,1203,1203.1,34,4,6,3,1,1203,1203.1,0.0,1,host failed under a resident task
detection-without-prediction,detection-without-prediction,8,567,318,1201,1203,1203,1203.1,37,7,6,3,1,1203,1203.1,0.0,1,host failed under a resident task
detection-without-prediction,detection-without-prediction,8,567,364,1293,1295,1295,1295.1,2,2,7,6,1,1295,1295.1,0.0,1,host failed under a resident task
detection-without-prediction,detection-without-prediction,8,567,364,1293,1295,1295,1295.1,13,3,7,6,1,1295,1295.1,0.0,1,host failed under a resident task
detection-without-prediction,detection-without-prediction,8,567,364,1293,1295,1295,1295.1,32,2,7,6,1,1295,1295.1,0.0,1,host failed under a resident task
detection-without-prediction,detection-without-prediction,8,567,364,1293,1295,1295,1295.1,38,8,7,6,1,1295,1295.1,0.0,1,host failed under a resident task
detection-without-prediction,detection-without-prediction,9,578,39,654,656,656,656.1,2,2,2,6,1,656,656.1,0.0,1,host failed under a resident task
detection-without-prediction,detection-without-prediction,9,578,50,676,678,678,678.1,5,5,5,4,1,678,678.1,0.0,1,host failed under a resident task
detection-without-prediction,detection-without-prediction,9,578,115,806,808,808,808.1,2,2,6,3,1,808,808.1,0.0,1,host failed under a resident task
detection-without-prediction,detection-without-prediction,9,578,115,806,808,808,808.1,16,6,6,1,1,808,808.1,0.0,1,host failed under a resident task
detection-without-prediction,detection-without-prediction,9,578,121,818,820,820,820.1,1,1,1,9,1,820,820.1,0.0,1,host failed under a resident task
detection-without-prediction,detection-without-prediction,9,578,121,818,820,820,820.1,10,0,1,8,1,820,820.1,0.0,1,host failed under a resident task
detection-without-prediction,detection-without-prediction,9,578,121,818,820,820,820.1,16,6,1,5,1,820,820.1,0.0,1,host failed under a resident task
detection-without-prediction,detection-without-prediction,9,578,134,844,846,846,846.1,6,6,7,6,1,846,846.1,0.0,1,host failed under a resident task
detection-without-prediction,detection-without-prediction,9,578,134,844,846,846,846.1,17,7,7,6,1,846,846.1,0.0,1,host failed under a resident task
detection-without-prediction,detection-without-prediction,9,578,134,844,846,846,846.1,23,3,7,6,1,846,846.1,0.0,1,host failed under a resident task
detection-without-prediction,detection-without-prediction,9,578,136,848,850,850,850.1,11,1,2,9,1,850,850.1,0.0,1,host failed under a resident task
detection-without-prediction,detection-without-prediction,9,578,136,848,850,850,850.1,12,2,2,3,1,850,850.1,0.0,1,host failed under a resident task
detection-without-prediction,detection-without-prediction,9,578,136,848,850,850,850.1,21,1,2,6,1,850,850.1,0.0,1,host failed under a resident task
detection-without-prediction,detection-without-prediction,9,578,143,862,864,864,864.1,4,4,4,1,1,864,864.1,0.0,1,host failed under a resident task
detection-without-prediction,detection-without-prediction,9,578,143,862,864,864,864.1,5,5,4,1,1,864,864.1,0.0,1,host failed under a resident task
detection-without-prediction,detection-without-prediction,9,578,143,862,864,864,864.1,22,2,4,1,1,864,864.1,0.0,1,host failed under a resident task
detection-without-prediction,detection-without-prediction,9,578,166,908,910,910,910.1,6,6,6,7,1,910,910.1,0.0,1,host failed under a resident task
detection-without-prediction,detection-without-prediction,9,578,166,908,910,910,910.1,17,7,6,4,1,910,910.1,0.0,1,host failed under a resident task
detection-without-prediction,detection-without-prediction,9,578,166,908,910,910,910.1,21,1,6,7,1,910,910.1,0.0,1,host failed under a resident task
detection-without-prediction,detection-without-prediction,9,578,166,908,910,910,910.1,23,3,6,4,1,910,910.1,0.0,1,host failed under a resident task
detection-without-prediction,detection-without-prediction,9,578,173,922,924,924,924.1,26,6,2,5,1,924,924.1,0.0,1,host failed under a resident task
detection-without-prediction,detection-without-prediction,9,578,173,922,924,924,924.1,28,8,2,3,1,924,924.1,0.0,1,host failed under a resident task
detection-without-prediction,detection-without-prediction,9,578,173,922,924,924,924.1,30,0,2,7,1,924,924.1,0.0,1,host failed under a resident task
detection-without-prediction,detection-without-prediction,9,578,216,1008,1010,1010,1010.1,13,3,5,8,1,1010,1010.1,0.0,1,host failed under a resident task
detection-without-prediction,detection-without-prediction,9,578,216,1008,1010,1010,1010.1,15,5,5,6,1,1010,1010.1,0.0,1,host failed under a resident task
detection-without-prediction,detection-without-prediction,9,578,216,1008,1010,1010,1010.1,16,6,5,0,1,1010,1010.1,0.0,1,host failed under a resident task
detection-without-prediction,detection-without-prediction,9,578,216,1008,1010,1010,1010.1,26,6,5,9,1,1010,1010.1,0.0,1,host failed under a resident task
detection-without-prediction,detection-without-prediction,9,578,226,1028,1030,1030,1030.1,34,4,2,6,1,1030,1030.1,0.0,1,host failed under a resident task
detection-without-prediction,detection-without-prediction,9,578,226,1028,1030,1030,1030.1,35,5,2,3,1,1030,1030.1,0.0,1,host failed under a resident task
detection-without-prediction,detection-without-prediction,9,578,226,1028,1030,1030,1030.1,37,7,2,1,1,1030,1030.1,0.0,1,host failed under a resident task
detection-without-prediction,detection-without-prediction,9,578,226,1028,1030,1030,1030.1,39,9,2,0,1,1030,1030.1,0.0,1,host failed under a resident task
detection-without-prediction,detection-without-prediction,9,578,248,1072,1074,1074,1074.1,2,2,3,5,1,1074,1074.1,0.0,1,host failed under a resident task
detection-without-prediction,detection-without-prediction,9,578,248,1072,1074,1074,1074.1,12,2,3,2,1,1074,1074.1,0.0,1,host failed under a resident task
detection-without-prediction,detection-without-prediction,9,578,248,1072,1074,1074,1074.1,14,4,3,5,1,1074,1074.1,0.0,1,host failed under a resident task
detection-without-prediction,detection-without-prediction,9,578,248,1072,1074,1074,1074.1,28,8,3,2,1,1074,1074.1,0.0,1,host failed under a resident task
detection-without-prediction,detection-without-prediction,9,578,248,1072,1074,1074,1074.1,35,5,3,5,1,1074,1074.1,0.0,1,host failed under a resident task
detection-without-prediction,detection-without-prediction,9,578,313,1202,1204,1204,1204.1,15,5,6,3,1,1204,1204.1,0.0,1,host failed under a resident task
detection-without-prediction,detection-without-prediction,9,578,313,1202,1204,1204,1204.1,33,3,6,3,1,1204,1204.1,0.0,1,host failed under a resident task
detection-without-prediction,detection-without-prediction,9,578,313,1202,1204,1204,1204.1,34,4,6,3,1,1204,1204.1,0.0,1,host failed under a resident task
detection-without-prediction,detection-without-prediction,9,578,313,1202,1204,1204,1204.1,36,6,6,3,1,1204,1204.1,0.0,1,host failed under a resident task
detection-without-prediction,detection-without-prediction,9,578,313,1202,1204,1204,1204.1,38,8,6,3,1,1204,1204.1,0.0,1,host failed under a resident task
detection-without-prediction,detection-without-prediction,9,578,359,1294,1296,1296,1296.1,21,1,7,6,1,1296,1296.1,0.0,1,host failed under a resident task
detection-without-prediction,detection-without-prediction,9,578,359,1294,1296,1296,1296.1,30,0,7,6,1,1296,1296.1,0.0,1,host failed under a resident task
detection-without-prediction,detection-without-prediction,10,589,33,653,655,655,655.1,2,2,2,6,1,655,655.1,0.0,1,host failed under a resident task
detection-without-prediction,detection-without-prediction,10,589,45,677,679,679,679.1,5,5,5,9,1,679,679.1,0.0,1,host failed under a resident task
detection-without-prediction,detection-without-prediction,10,589,110,807,809,809,809.1,2,2,6,1,1,809,809.1,0.0,1,host failed under a resident task
detection-without-prediction,detection-without-prediction,10,589,110,807,809,809,809.1,16,6,6,2,1,809,809.1,0.0,1,host failed under a resident task
detection-without-prediction,detection-without-prediction,10,589,115,817,819,819,819.1,1,1,1,3,1,819,819.1,0.0,1,host failed under a resident task
detection-without-prediction,detection-without-prediction,10,589,115,817,819,819,819.1,2,2,1,5,1,819,819.1,0.0,1,host failed under a resident task
detection-without-prediction,detection-without-prediction,10,589,115,817,819,819,819.1,9,9,1,8,1,819,819.1,0.0,1,host failed under a resident task
detection-without-prediction,detection-without-prediction,10,589,128,843,845,845,845.1,6,6,7,9,1,845,845.1,0.0,1,host failed under a resident task
detection-without-prediction,detection-without-prediction,10,589,128,843,845,845,845.1,17,7,7,8,1,845,845.1,0.0,1,host failed under a resident task
detection-without-prediction,detection-without-prediction,10,589,128,843,845,845,845.1,22,2,7,3,1,845,845.1,0.0,1,host failed under a resident task
detection-without-prediction,detection-without-prediction,10,589,130,847,849,849,849.1,10,0,2,6,1,849,849.1,0.0,1,host failed under a resident task
detection-without-prediction,detection-without-prediction,10,589,130,847,849,849,849.1,11,1,2,6,1,849,849.1,0.0,1,host failed under a resident task
detection-without-prediction,detection-without-prediction,10,589,130,847,849,849,849.1,16,6,2,6,1,849,849.1,0.0,1,host failed under a resident task
detection-without-prediction,detection-without-prediction,10,589,138,863,865,865,865.1,4,4,4,1,1,865,865.1,0.0,1,host failed under a resident task
detection-without-prediction,detection-without-prediction,10,589,138,863,865,865,865.1,14,4,4,1,1,865,865.1,0.0,1,host failed under a resident task
detection-without-prediction,detection-without-prediction,10,589,138,863,865,865,865.1,21,1,4,1,1,865,865.1,0.0,1,host failed under a resident task
detection-without-prediction,detection-without-prediction,10,589,161,909,911,911,911.1,10,0,6,7,1,911,911.1,0.0,1,host failed under a resident task
detection-without-prediction,detection-without-prediction,10,589,161,909,911,911,911.1,11,1,6,4,1,911,911.1,0.0,1,host failed under a resident task
detection-without-prediction,detection-without-prediction,10,589,161,909,911,911,911.1,16,6,6,7,1,911,911.1,0.0,1,host failed under a resident task
detection-without-prediction,detection-without-prediction,10,589,168,923,925,925,925.1,25,5,2,4,1,925,925.1,0.0,1,host failed under a resident task
detection-without-prediction,detection-without-prediction,10,589,168,923,925,925,925.1,27,7,2,3,1,925,925.1,0.0,1,host failed under a resident task
detection-without-prediction,detection-without-prediction,10,589,168,923,925,925,925.1,29,9,2,5,1,925,925.1,0.0,1,host failed under a resident task
detection-without-prediction,detection-without-prediction,10,589,211,1009,1011,1011,1011.1,2,2,5,6,1,1011,1011.1,0.0,1,host failed under a resident task
detection-without-prediction,detection-without-prediction,10,589,211,1009,1011,1011,1011.1,12,2,5,8,1,1011,1011.1,0.0,1,host failed under a resident task
detection-without-prediction,detection-without-prediction,10,589,211,1009,1011,1011,1011.1,15,5,5,0,1,1011,1011.1,0.0,1,host failed under a resident task
detection-without-prediction,detection-without-prediction,10,589,211,1009,1011,1011,1011.1,29,9,5,7,1,1011,1011.1,0.0,1,host failed under a resident task
detection-without-prediction,detection-without-prediction,10,589,221,1029,1031,1031,1031.1,33,3,2,4,1,1031,1031.1,0.0,1,host failed under a resident task
detection-without-prediction,detection-without-prediction,10,589,221,1029,1031,1031,1031.1,34,4,2,7,1,1031,1031.1,0.0,1,host failed under a resident task
detection-without-prediction,detection-without-prediction,10,589,221,1029,1031,1031,1031.1,36,6,2,8,1,1031,1031.1,0.0,1,host failed under a resident task
detection-without-prediction,detection-without-prediction,10,589,221,1029,1031,1031,1031.1,38,8,2,0,1,1031,1031.1,0.0,1,host failed under a resident task
detection-without-prediction,detection-without-prediction,10,589,242,1071,1073,1073,1073.1,1,1,3,5,1,1073,1073.1,0.0,1,host failed under a resident task
detection-without-prediction,detection-without-prediction,10,589,242,1071,1073,1073,1073.1,13,3,3,2,1,1073,1073.1,0.0,1,host failed under a resident task
detection-without-prediction,detection-without-prediction,10,589,242,1071,1073,1073,1073.1,22,2,3,5,1,1073,1073.1,0.0,1,host failed under a resident task
detection-without-prediction,detection-without-prediction,10,589,242,1071,1073,1073,1073.1,27,7,3,2,1,1073,1073.1,0.0,1,host failed under a resident task
detection-without-prediction,detection-without-prediction,10,589,307,1201,1203,1203,1203.1,2,2,6,3,1,1203,1203.1,0.0,1,host failed under a resident task
detection-without-prediction,detection-without-prediction,10,589,307,1201,1203,1203,1203.1,32,2,6,3,1,1203,1203.1,0.0,1,host failed under a resident task
detection-without-prediction,detection-without-prediction,10,589,307,1201,1203,1203,1203.1,35,5,6,3,1,1203,1203.1,0.0,1,host failed under a resident task
detection-without-prediction,detection-without-prediction,10,589,307,1201,1203,1203,1203.1,37,7,6,3,1,1203,1203.1,0.0,1,host failed under a resident task
detection-without-prediction,detection-without-prediction,10,589,353,1293,1295,1295,1295.1,10,0,7,6,1,1295,1295.1,0.0,1,host failed under a resident task
detection-without-prediction,detection-without-prediction,10,589,353,1293,1295,1295,1295.1,26,6,7,6,1,1295,1295.1,0.0,1,host failed under a resident task
detection-without-prediction,detection-without-prediction,10,589,353,1293,1295,1295,1295.1,29,9,7,6,1,1295,1295.1,0.0,1,host failed under a resident task
detection-without-prediction,detection-without-prediction,10,589,353,1293,1295,1295,1295.1,34,4,7,6,1,1295,1295.1,0.0,1,host failed under a resident task
detection-without-prediction,detection-without-prediction,11,600,28,654,656,656,656.1,2,2,2,6,1,656,656.1,0.0,1,host failed under a resident task
detection-without-prediction,detection-without-prediction,11,600,39,676,678,678,678.1,5,5,5,8,1,678,678.1,0.0,1,host failed under a resident task
detection-without-prediction,detection-without-prediction,11,600,104,806,808,808,808.1,2,2,6,9,1,808,808.1,0.0,1,host failed under a resident task
detection-without-prediction,detection-without-prediction,11,600,104,806,808,808,808.1,16,6,6,9,1,808,808.1,0.0,1,host failed under a resident task
detection-without-prediction,detection-without-prediction,11,600,110,818,820,820,820.1,1,1,1,8,1,820,820.1,0.0,1,host failed under a resident task
detection-without-prediction,detection-without-prediction,11,600,110,818,820,820,820.1,10,0,1,5,1,820,820.1,0.0,1,host failed under a resident task
detection-without-prediction,detection-without-prediction,11,600,123,844,846,846,846.1,6,6,7,6,1,846,846.1,0.0,1,host failed under a resident task
detection-without-prediction,detection-without-prediction,11,600,123,844,846,846,846.1,17,7,7,6,1,846,846.1,0.0,1,host failed under a resident task
detection-without-prediction,detection-without-prediction,11,600,125,848,850,850,850.1,9,9,2,6,1,850,850.1,0.0,1,host failed under a resident task
detection-without-prediction,detection-without-prediction,11,600,125,848,850,850,850.1,12,2,2,9,1,850,850.1,0.0,1,host failed under a resident task
detection-without-prediction,detection-without-prediction,11,600,125,848,850,850,850.1,20,0,2,0,1,850,850.1,0.0,1,host failed under a resident task
detection-without-prediction,detection-without-prediction,11,600,132,862,864,864,864.1,4,4,4,1,1,864,864.1,0.0,1,host failed under a resident task
detection-without-prediction,detection-without-prediction,11,600,132,862,864,864,864.1,14,4,4,1,1,864,864.1,0.0,1,host failed under a resident task
detection-without-prediction,detection-without-prediction,11,600,132,862,864,864,864.1,22,2,4,1,1,864,864.1,0.0,1,host failed under a resident task
detection-without-prediction,detection-without-prediction,11,600,155,908,910,910,910.1,6,6,6,7,1,910,910.1,0.0,1,host failed under a resident task
detection-without-prediction,detection-without-prediction,11,600,155,908,910,910,910.1,9,9,6,4,1,910,910.1,0.0,1,host failed under a resident task
detection-without-prediction,detection-without-prediction,11,600,155,908,910,910,910.1,17,7,6,7,1,910,910.1,0.0,1,host failed under a resident task
detection-without-prediction,detection-without-prediction,11,600,162,922,924,924,924.1,24,4,2,4,1,924,924.1,0.0,1,host failed under a resident task
detection-without-prediction,detection-without-prediction,11,600,162,922,924,924,924.1,26,6,2,5,1,924,924.1,0.0,1,host failed under a resident task
detection-without-prediction,detection-without-prediction,11,600,162,922,924,924,924.1,28,8,2,3,1,924,924.1,0.0,1,host failed under a resident task
detection-without-prediction,detection-without-prediction,11,600,205,1008,1010,1010,1010.1,10,0,5,8,1,1010,1010.1,0.0,1,host failed under a resident task
detection-without-prediction,detection-without-prediction,11,600,205,1008,1010,1010,1010.1,11,1,5,8,1,1010,1010.1,0.0,1,host failed under a resident task
detection-without-prediction,detection-without-prediction,11,600,205,1008,1010,1010,1010.1,15,5,5,6,1,1010,1010.1,0.0,1,host failed under a resident task
detection-without-prediction,detection-without-prediction,11,600,205,1008,1010,1010,1010.1,26,6,5,0,1,1010,1010.1,0.0,1,host failed under a resident task
detection-without-prediction,detection-without-prediction,11,600,215,1028,1030,1030,1030.1,32,2,2,9,1,1030,1030.1,0.0,1,host failed under a resident task
detection-without-prediction,detection-without-prediction,11,600,215,1028,1030,1030,1030.1,33,3,2,6,1,1030,1030.1,0.0,1,host failed under a resident task
detection-without-prediction,detection-without-prediction,11,600,215,1028,1030,1030,1030.1,35,5,2,3,1,1030,1030.1,0.0,1,host failed under a resident task
detection-without-prediction,detection-without-prediction,11,600,215,1028,1030,1030,1030.1,37,7,2,1,1,1030,1030.1,0.0,1,host failed under a resident task
detection-without-prediction,detection-without-prediction,11,600,237,1072,1074,1074,1074.1,21,1,3,5,1,1074,1074.1,0.0,1,host failed under a resident task
detection-without-prediction,detection-without-prediction,11,600,237,1072,1074,1074,1074.1,28,8,3,2,1,1074,1074.1,0.0,1,host failed under a resident task
detection-without-prediction,detection-without-prediction,11,600,237,1072,1074,1074,1074.1,30,0,3,5,1,1074,1074.1,0.0,1,host failed under a resident task
detection-without-prediction,detection-without-prediction,11,600,237,1072,1074,1074,1074.1,35,5,3,2,1,1074,1074.1,0.0,1,host failed under a resident task
detection-without-prediction,detection-without-prediction,11,600,302,1202,1204,1204,1204.1,15,5,6,3,1,1204,1204.1,0.0,1,host failed under a resident task
detection-without-prediction,detection-without-prediction,11,600,302,1202,1204,1204,1204.1,31,1,6,3,1,1204,1204.1,0.0,1,host failed under a resident task
detection-without-prediction,detection-without-prediction,11,600,302,1202,1204,1204,1204.1,33,3,6,3,1,1204,1204.1,0.0,1,host failed under a resident task
detection-without-prediction,detection-without-prediction,11,600,302,1202,1204,1204,1204.1,34,4,6,3,1,1204,1204.1,0.0,1,host failed under a resident task
detection-without-prediction,detection-without-prediction,11,600,302,1202,1204,1204,1204.1,36,6,6,3,1,1204,1204.1,0.0,1,host failed under a resident task
detection-without-prediction,detection-without-prediction,11,600,348,1294,1296,1296,1296.1,25,5,7,6,1,1296,1296.1,0.0,1,host failed under a resident task
detection-without-prediction,detection-without-prediction,11,600,348,1294,1296,1296,1296.1,38,8,7,6,1,1296,1296.1,0.0,1,host failed under a resident task
detection-without-prediction,detection-without-prediction,12,611,22,653,655,655,655.1,2,2,2,6,1,655,655.1,0.0,1,host failed under a resident task
detection-without-prediction,detection-without-prediction,12,611,34,677,679,679,679.1,5,5,5,9,1,679,679.1,0.0,1,host failed under a resident task
detection-without-prediction,detection-without-prediction,12,611,99,807,809,809,809.1,2,2,6,9,1,809,809.1,0.0,1,host failed under a resident task
detection-without-prediction,detection-without-prediction,12,611,99,807,809,809,809.1,16,6,6,8,1,809,809.1,0.0,1,host failed under a resident task
detection-without-prediction,detection-without-prediction,12,611,104,817,819,819,819.1,1,1,1,3,1,819,819.1,0.0,1,host failed under a resident task
detection-without-prediction,detection-without-prediction,12,611,104,817,819,819,819.1,11,1,1,5,1,819,819.1,0.0,1,host failed under a resident task
detection-without-prediction,detection-without-prediction,12,611,117,843,845,845,845.1,6,6,7,8,1,845,845.1,0.0,1,host failed under a resident task
detection-without-prediction,detection-without-prediction,12,611,117,843,845,845,845.1,17,7,7,9,1,845,845.1,0.0,1,host failed under a resident task
detection-without-prediction,detection-without-prediction,12,611,119,847,849,849,849.1,8,8,2,6,1,849,849.1,0.0,1,host failed under a resident task
detection-without-prediction,detection-without-prediction,12,611,119,847,849,849,849.1,12,2,2,6,1,849,849.1,0.0,1,host failed under a resident task
detection-without-prediction,detection-without-prediction,12,611,119,847,849,849,849.1,19,9,2,6,1,849,849.1,0.0,1,host failed under a resident task
detection-without-prediction,detection-without-prediction,12,611,127,863,865,865,865.1,4,4,4,1,1,865,865.1,0.0,1,host failed under a resident task
detection-without-prediction,detection-without-prediction,12,611,127,863,865,865,865.1,14,4,4,1,1,865,865.1,0.0,1,host failed under a resident task
detection-without-prediction,detection-without-prediction,12,611,127,863,865,865,865.1,20,0,4,1,1,865,865.1,0.0,1,host failed under a resident task
detection-without-prediction,detection-without-prediction,12,611,150,909,911,911,911.1,8,8,6,7,1,911,911.1,0.0,1,host failed under a resident task
detection-without-prediction,detection-without-prediction,12,611,150,909,911,911,911.1,12,2,6,4,1,911,911.1,0.0,1,host failed under a resident task
detection-without-prediction,detection-without-prediction,12,611,150,909,911,911,911.1,19,9,6,7,1,911,911.1,0.0,1,host failed under a resident task
detection-without-prediction,detection-without-prediction,12,611,150,909,911,911,911.1,21,1,6,4,1,911,911.1,0.0,1,host failed under a resident task
detection-without-prediction,detection-without-prediction,12,611,157,923,925,925,925.1,23,3,2,3,1,925,925.1,0.0,1,host failed under a resident task
detection-without-prediction,detection-without-prediction,12,611,157,923,925,925,925.1,25,5,2,5,1,925,925.1,0.0,1,host failed under a resident task
detection-without-prediction,detection-without-prediction,12,611,157,923,925,925,925.1,27,7,2,8,1,925,925.1,0.0,1,host failed under a resident task
detection-without-prediction,detection-without-prediction,12,611,200,1009,1011,1011,1011.1,10,0,5,6,1,1011,1011.1,0.0,1,host failed under a resident task
detection-without-prediction,detection-without-prediction,12,611,200,1009,1011,1011,1011.1,11,1,5,9,1,1011,1011.1,0.0,1,host failed under a resident task
detection-without-prediction,detection-without-prediction,12,611,200,1009,1011,1011,1011.1,15,5,5,6,1,1011,1011.1,0.0,1,host failed under a resident task
detection-without-prediction,detection-without-prediction,12,611,200,1009,1011,1011,1011.1,25,5,5,8,1,1011,1011.1,0.0,1,host failed under a resident task
detection-without-prediction,detection-without-prediction,12,611,210,1029,1031,1031,1031.1,31,1,2,9,1,1031,1031.1,0.0,1,host failed under a resident task
detection-without-prediction,detection-without-prediction,12,611,210,1029,1031,1031,1031.1,33,3,2,4,1,1031,1031.1,0.0,1,host failed under a resident task
detection-without-prediction,detection-without-prediction,12,611,210,1029,1031,1031,1031.1,35,5,2,7,1,1031,1031.1,0.0,1,host failed under a resident task
detection-without-prediction,detection-without-prediction,12,611,231,1071,1073,1073,1073.1,1,1,3,5,1,1073,1073.1,0.0,1,host failed under a resident task
detection-without-prediction,detection-without-prediction,12,611,231,1071,1073,1073,1073.1,13,3,3,5,1,1073,1073.1,0.0,1,host failed under a resident task
detection-without-prediction,detection-without-prediction,12,611,231,1071,1073,1073,1073.1,23,3,3,5,1,1073,1073.1,0.0,1,host failed under a resident task
detection-without-prediction,detection-without-prediction,12,611,231,1071,1073,1073,1073.1,30,0,3,5,1,1073,1073.1,0.0,1,host failed under a resident task
detection-without-prediction,detection-without-prediction,12,611,296,1201,1203,1203,1203.1,10,0,6,3,1,1203,1203.1,0.0,1,host failed under a resident task
detection-without-prediction,detection-without-prediction,12,611,296,1201,1203,1203,1203.1,15,5,6,3,1,1203,1203.1,0.0,1,host failed under a resident task
detection-without-prediction,detection-without-prediction,12,611,296,1201,1203,1203,1203.1,32,2,6,3,1,1203,1203.1,0.0,1,host failed under a resident task
detection-without-prediction,detection-without-prediction,12,611,296,1201,1203,1203,1203.1,34,4,6,3,1,1203,1203.1,0.0,1,host failed under a resident task
detection-without-prediction,detection-without-prediction,12,611,342,1293,1295,1295,1295.1,24,4,7,6,1,1295,1295.1,0.0,1,host failed under a resident task
detection-without-prediction,detection-without-prediction,12,611,342,1293,1295,1295,1295.1,35,5,7,6,1,1295,1295.1,0.0,1,host failed under a resident task
detection-without-prediction,detection-without-prediction,12,611,342,1293,1295,1295,1295.1,37,7,7,6,1,1295,1295.1,0.0,1,host failed under a resident task
detection-without-prediction,detection-without-prediction,12,611,396,1401,1403,1403,1403.1,25,5,8,2,1,1403,1403.1,0.0,1,host failed under a resident task
detection-without-prediction,detection-without-prediction,12,611,396,1401,1403,1403,1403.1,27,7,8,7,1,1403,1403.1,0.0,1,host failed under a resident task
detection-without-prediction,detection-without-prediction,13,622,17,654,656,656,656.1,2,2,2,4,1,656,656.1,0.0,1,host failed under a resident task
detection-without-prediction,detection-without-prediction,13,622,28,676,678,678,678.1,4,4,5,8,1,678,678.1,0.0,1,host failed under a resident task
detection-without-prediction,detection-without-prediction,13,622,93,806,808,808,808.1,5,5,6,9,1,808,808.1,0.0,1,host failed under a resident task
detection-without-prediction,detection-without-prediction,13,622,93,806,808,808,808.1,16,6,6,8,1,808,808.1,0.0,1,host failed under a resident task
detection-without-prediction,detection-without-prediction,13,622,99,818,820,820,820.1,1,1,1,9,1,820,820.1,0.0,1,host failed under a resident task
detection-without-prediction,detection-without-prediction,13,622,99,818,820,820,820.1,11,1,1,0,1,820,820.1,0.0,1,host failed under a resident task
detection-without-prediction,detection-without-prediction,13,622,112,844,846,846,846.1,6,6,7,6,1,846,846.1,0.0,1,host failed under a resident task
detection-without-prediction,detection-without-prediction,13,622,112,844,846,846,846.1,17,7,7,6,1,846,846.1,0.0,1,host failed under a resident task
detection-without-prediction,detection-without-prediction,13,622,114,848,850,850,850.1,7,7,2,6,1,850,850.1,0.0,1,host failed under a resident task
detection-without-prediction,detection-without-prediction,13,622,114,848,850,850,850.1,12,2,2,5,1,850,850.1,0.0,1,host failed under a resident task
detection-without-prediction,detection-without-prediction,13,622,114,848,850,850,850.1,18,8,2,8,1,850,850.1,0.0,1,host failed under a resident task
detection-without-prediction,detection-without-prediction,13,622,121,862,864,864,864.1,2,2,4,1,1,864,864.1,0.0,1,host failed under a resident task
detection-without-prediction,detection-without-prediction,13,622,121,862,864,864,864.1,14,4,4,1,1,864,864.1,0.0,1,host failed under a resident task
detection-without-prediction,detection-without-prediction,13,622,121,862,864,864,864.1,20,0,4,1,1,864,864.1,0.0,1,host failed under a resident task
detection-without-prediction,detection-without-prediction,13,622,144,908,910,910,910.1,6,6,6,7,1,910,910.1,0.0,1,host failed under a resident task
detection-without-prediction,detection-without-prediction,13,622,144,908,910,910,910.1,7,7,6,4,1,910,910.1,0.0,1,host failed under a resident task
detection-without-prediction,detection-without-prediction,13,622,144,908,910,910,910.1,17,7,6,7,1,910,910.1,0.0,1,host failed under a resident task
detection-without-prediction,detection-without-prediction,13,622,151,922,924,924,924.1,22,2,2,0,1,924,924.1,0.0,1,host failed under a resident task
detection-without-prediction,detection-without-prediction,13,622,151,922,924,924,924.1,24,4,2,0,1,924,924.1,0.0,1,host failed under a resident task
detection-without-prediction,detection-without-prediction,13,622,151,922,924,924,924.1,26,6,2,0,1,924,924.1,0.0,1,host failed under a resident task
detection-without-prediction,detection-without-prediction,13,622,194,1008,1010,1010,1010.1,9,9,5,8,1,1010,1010.1,0.0,1,host failed under a resident task
detection-without-prediction,detection-without-prediction,13,622,194,1008,1010,1010,1010.1,12,2,5,8,1,1010,1010.1,0.0,1,host failed under a resident task
detection-without-prediction,detection-without-prediction,13,622,194,1008,1010,1010,1010.1,15,5,5,6,1,1010,1010.1,0.0,1,host failed under a resident task
detection-without-prediction,detection-without-prediction,13,622,204,1028,1030,1030,1030.1,30,0,2,7,1,1030,1030.1,0.0,1,host failed under a resident task
detection-without-prediction,detection-without-prediction,13,622,204,1028,1030,1030,1030.1,31,1,2,9,1,1030,1030.1,0.0,1,host failed under a resident task
detection-without-prediction,detection-without-prediction,13,622,204,1028,1030,1030,1030.1,33,3,2,4,1,1030,1030.1,0.0,1,host failed under a resident task
detection-without-prediction,detection-without-prediction,13,622,204,1028,1030,1030,1030.1,36,6,2,6,1,1030,1030.1,0.0,1,host failed under a resident task
detection-without-prediction,detection-without-prediction,13,622,226,1072,1074,1074,1074.1,13,3,3,5,1,1074,1074.1,0.0,1,host failed under a resident task
detection-without-prediction,detection-without-prediction,13,622,226,1072,1074,1074,1074.1,19,9,3,2,1,1074,1074.1,0.0,1,host failed under a resident task
detection-without-prediction,detection-without-prediction,13,622,226,1072,1074,1074,1074.1,28,8,3,5,1,1074,1074.1,0.0,1,host failed under a resident task
detection-without-prediction,detection-without-prediction,13,622,226,1072,1074,1074,1074.1,37,7,3,2,1,1074,1074.1,0.0,1,host failed under a resident task
detection-without-prediction,detection-without-prediction,13,622,291,1202,1204,1204,1204.1,15,5,6,3,1,1204,1204.1,0.0,1,host failed under a resident task
detection-without-prediction,detection-without-prediction,13,622,291,1202,1204,1204,1204.1,29,9,6,3,1,1204,1204.1,0.0,1,host failed under a resident task
detection-without-prediction,detection-without-prediction,13,622,291,1202,1204,1204,1204.1,32,2,6,3,1,1204,1204.1,0.0,1,host failed under a resident task
detection-without-prediction,detection-without-prediction,13,622,291,1202,1204,1204,1204.1,34,4,6,3,1,1204,1204.1,0.0,1,host failed under a resident task
detection-without-prediction,detection-without-prediction,13,622,291,1202,1204,1204,1204.1,36,6,6,3,1,1204,1204.1,0.0,1,host failed under a resident task
detection-without-prediction,detection-without-prediction,13,622,337,1294,1296,1296,1296.1,23,3,7,6,1,1296,1296.1,0.0,1,host failed under a resident task
detection-without-prediction,detection-without-prediction,13,622,337,1294,1296,1296,1296.1,30,0,7,6,1,1296,1296.1,0.0,1,host failed under a resident task
detection-without-prediction,detection-without-prediction,13,622,391,1402,1404,1404,1404.1,12,2,8,7,1,1404,1404.1,0.0,1,host failed under a resident task
detection-without-prediction,detection-without-prediction,14,633,88,807,809,809,809.1,4,4,6,9,1,809,809.1,0.0,1,host failed under a resident task
detection-without-prediction,detection-without-prediction,14,633,93,817,819,819,819.1,1,1,1,8,1,819,819.1,0.0,1,host failed under a resident task
detection-without-prediction,detection-without-prediction,14,633,93,817,819,819,819.1,11,1,1,8,1,819,819.1,0.0,1,host failed under a resident task
detection-without-prediction,detection-without-prediction,14,633,106,843,845,845,845.1,5,5,7,3,1,845,845.1,0.0,1,host failed under a resident task
detection-without-prediction,detection-without-prediction,14,633,106,843,845,845,845.1,16,6,7,5,1,845,845.1,0.0,1,host failed under a resident task
detection-without-prediction,detection-without-prediction,14,633,108,847,849,849,849.1,6,6,2,6,1,849,849.1,0.0,1,host failed under a resident task
detection-without-prediction,detection-without-prediction,14,633,108,847,849,849,849.1,12,2,2,6,1,849,849.1,0.0,1,host failed under a resident task
detection-without-prediction,detection-without-prediction,14,633,108,847,849,849,849.1,18,8,2,6,1,849,849.1,0.0,1,host failed under a resident task
detection-without-prediction,detection-without-prediction,14,633,116,863,865,865,865.1,3,3,4,1,1,865,865.1,0.0,1,host failed under a resident task
detection-without-prediction,detection-without-prediction,14,633,116,863,865,865,865.1,14,4,4,1,1,865,865.1,0.0,1,host failed under a resident task
detection-without-prediction,detection-without-prediction,14,633,139,909,911,911,911.1,6,6,6,7,1,911,911.1,0.0,1,host failed under a resident task
detection-without-prediction,detection-without-prediction,14,633,139,909,911,911,911.1,12,2,6,4,1,911,911.1,0.0,1,host failed under a resident task
detection-without-prediction,detection-without-prediction,14,633,139,909,911,911,911.1,18,8,6,7,1,911,911.1,0.0,1,host failed under a resident task
detection-without-prediction,detection-without-prediction,14,633,139,909,911,911,911.1,19,9,6,4,1,911,911.1,0.0,1,host failed under a resident task
detection-without-prediction,detection-without-prediction,14,633,146,923,925,925,925.1,21,1,2,9,1,925,925.1,0.0,1,host failed under a resident task
detection-without-prediction,detection-without-prediction,14,633,146,923,925,925,925.1,23,3,2,3,1,925,925.1,0.0,1,host failed under a resident task
detection-without-prediction,detection-without-prediction,14,633,146,923,925,925,925.1,25,5,2,5,1,925,925.1,0.0,1,host failed under a resident task
detection-without-prediction,detection-without-prediction,14,633,189,1009,1011,1011,1011.1,8,8,5,8,1,1011,1011.1,0.0,1,host failed under a resident task
detection-without-prediction,detection-without-prediction,14,633,189,1009,1011,1011,1011.1,15,5,5,8,1,1011,1011.1,0.0,1,host failed under a resident task
detection-without-prediction,detection-without-prediction,14,633,189,1009,1011,1011,1011.1,16,6,5,6,1,1011,1011.1,0.0,1,host failed under a resident task
detection-without-prediction,detection-without-prediction,14,633,189,1009,1011,1011,1011.1,25,5,5,8,1,1011,1011.1,0.0,1,host failed under a resident task
detection-without-prediction,detection-without-prediction,14,633,199,1029,1031,1031,1031.1,29,9,2,7,1,1031,1031.1,0.0,1,host failed under a resident task
detection-without-prediction,detection-without-prediction,14,633,199,1029,1031,1031,1031.1,31,1,2,9,1,1031,1031.1,0.0,1,host failed under a resident task
detection-without-prediction,detection-without-prediction,14,633,199,1029,1031,1031,1031.1,33,3,2,6,1,1031,1031.1,0.0,1,host failed under a resident task
detection-without-prediction,detection-without-prediction,14,633,199,1029,1031,1031,1031.1,34,4,2,4,1,1031,1031.1,0.0,1,host failed under a resident task
detection-without-prediction,detection-without-prediction,14,633,220,1071,1073,1073,1073.1,5,5,3,5,1,1073,1073.1,0.0,1,host failed under a resident task
detection-without-prediction,detection-without-prediction,14,633,220,1071,1073,1073,1073.1,13,3,3,2,1,1073,1073.1,0.0,1,host failed under a resident task
detection-without-prediction,detection-without-prediction,14,633,220,1071,1073,1073,1073.1,23,3,3,5,1,1073,1073.1,0.0,1,host failed under a resident task
detection-without-prediction,detection-without-prediction,14,633,220,1071,1073,1073,1073.1,35,5,3,2,1,1073,1073.1,0.0,1,host failed under a resident task
detection-without-prediction,detection-without-prediction,14,633,285,1201,1203,1203,1203.1,16,6,6,3,1,1203,1203.1,0.0,1,host failed under a resident task
detection-without-prediction,detection-without-prediction,14,633,285,1201,1203,1203,1203.1,30,0,6,3,1,1203,1203.1,0.0,1,host failed under a resident task
detection-without-prediction,detection-without-prediction,14,633,285,1201,1203,1203,1203.1,32,2,6,3,1,1203,1203.1,0.0,1,host failed under a resident task
detection-without-prediction,detection-without-prediction,14,633,285,1201,1203,1203,1203.1,33,3,6,3,1,1203,1203.1,0.0,1,host failed under a resident task
detection-without-prediction,detection-without-prediction,14,633,331,1293,1295,1295,1295.1,22,2,7,6,1,1295,1295.1,0.0,1,host failed under a resident task
detection-without-prediction,detection-without-prediction,14,633,331,1293,1295,1295,1295.1,29,9,7,6,1,1295,1295.1,0.0,1,host failed under a resident task
detection-without-prediction,detection-without-prediction,14,633,385,1401,1403,1403,1403.1,1,1,8,0,1,1403,1403.1,0.0,1,host failed under a resident task
detection-without-prediction,detection-without-prediction,14,633,385,1401,1403,1403,1403.1,11,1,8,7,1,1403,1403.1,0.0,1,host failed under a resident task
detection-without-prediction,detection-without-prediction,14,633,385,1401,1403,1403,1403.1,25,5,8,0,1,1403,1403.1,0.0,1,host failed under a resident task
detection-without-prediction,detection-without-prediction,14,633,397,1425,1427,1427,1427.1,11,1,7,8,1,1427,1427.1,0.0,1,host failed under a resident task
detection-without-prediction,detection-without-prediction,15,644,82,806,808,808,808.1,4,4,6,9,1,808,808.1,0.0,1,host failed under a resident task
detection-without-prediction,detection-without-prediction,15,644,88,818,820,820,820.1,1,1,1,8,1,820,820.1,0.0,1,host failed under a resident task
detection-without-prediction,detection-without-prediction,15,644,88,818,820,820,820.1,11,1,1,7,1,820,820.1,0.0,1,host failed under a resident task
detection-without-prediction,detection-without-prediction,15,644,101,844,846,846,846.1,6,6,7,6,1,846,846.1,0.0,1,host failed under a resident task
detection-without-prediction,detection-without-prediction,15,644,101,844,846,846,846.1,11,1,7,6,1,846,846.1,0.0,1,host failed under a resident task
detection-without-prediction,detection-without-prediction,15,644,103,848,850,850,850.1,5,5,2,9,1,850,850.1,0.0,1,host failed under a resident task
detection-without-prediction,detection-without-prediction,15,644,103,848,850,850,850.1,12,2,2,6,1,850,850.1,0.0,1,host failed under a resident task
detection-without-prediction,detection-without-prediction,15,644,103,848,850,850,850.1,17,7,2,5,1,850,850.1,0.0,1,host failed under a resident task
detection-without-prediction,detection-without-prediction,15,644,110,862,864,864,864.1,3,3,4,1,1,864,864.1,0.0,1,host failed under a resident task
detection-without-prediction,detection-without-prediction,15,644,110,862,864,864,864.1,14,4,4,1,1,864,864.1,0.0,1,host failed under a resident task
detection-without-prediction,detection-without-prediction,15,644,133,908,910,910,910.1,6,6,6,7,1,910,910.1,0.0,1,host failed under a resident task
detection-without-prediction,detection-without-prediction,15,644,133,908,910,910,910.1,11,1,6,4,1,910,910.1,0.0,1,host failed under a resident task
detection-without-prediction,detection-without-prediction,15,644,133,908,910,910,910.1,12,2,6,7,1,910,910.1,0.0,1,host failed under a resident task
detection-without-prediction,detection-without-prediction,15,644,140,922,924,924,924.1,20,0,2,8,1,924,924.1,0.0,1,host failed under a resident task
detection-without-prediction,detection-without-prediction,15,644,140,922,924,924,924.1,22,2,2,4,1,924,924.1,0.0,1,host failed under a resident task
detection-without-prediction,detection-without-prediction,15,644,140,922,924,924,924.1,24,4,2,9,1,924,924.1,0.0,1,host failed under a resident task
detection-without-prediction,detection-without-prediction,15,644,183,1008,1010,1010,1010.1,7,7,5,6,1,1010,1010.1,0.0,1,host failed under a resident task
detection-without-prediction,detection-without-prediction,15,644,183,1008,1010,1010,1010.1,15,5,5,8,1,1010,1010.1,0.0,1,host failed under a resident task
detection-without-prediction,detection-without-prediction,15,644,183,1008,1010,1010,1010.1,17,7,5,6,1,1010,1010.1,0.0,1,host failed under a resident task
detection-without-prediction,detection-without-prediction,15,644,193,1028,1030,1030,1030.1,28,8,2,7,1,1030,1030.1,0.0,1,host failed under a resident task
detection-without-prediction,detection-without-prediction,15,644,193,1028,1030,1030,1030.1,30,0,2,6,1,1030,1030.1,0.0,1,host failed under a resident task
detection-without-prediction,detection-without-prediction,15,644,193,1028,1030,1030,1030.1,32,2,2,3,1,1030,1030.1,0.0,1,host failed under a resident task
detection-without-prediction,detection-without-prediction,15,644,193,1028,1030,1030,1030.1,33,3,2,1,1,1030,1030.1,0.0,1,host failed under a resident task
detection-without-prediction,detection-without-prediction,15,644,215,1072,1074,1074,1074.1,13,3,3,5,1,1074,1074.1,0.0,1,host failed under a resident task
detection-without-prediction,detection-without-prediction,15,644,215,1072,1074,1074,1074.1,18,8,3,5,1,1074,1074.1,0.0,1,host failed under a resident task
detection-without-prediction,detection-without-prediction,15,644,215,1072,1074,1074,1074.1,27,7,3,5,1,1074,1074.1,0.0,1,host failed under a resident task
detection-without-prediction,detection-without-prediction,15,644,215,1072,1074,1074,1074.1,32,2,3,5,1,1074,1074.1,0.0,1,host failed under a resident task
detection-without-prediction,detection-without-prediction,15,644,280,1202,1204,1204,1204.1,7,7,6,3,1,1204,1204.1,0.0,1,host failed under a resident task
detection-without-prediction,detection-without-prediction,15,644,280,1202,1204,1204,1204.1,17,7,6,3,1,1204,1204.1,0.0,1,host failed under a resident task
detection-without-prediction,detection-without-prediction,15,644,280,1202,1204,1204,1204.1,29,9,6,3,1,1204,1204.1,0.0,1,host failed under a resident task
detection-without-prediction,detection-without-prediction,15,644,280,1202,1204,1204,1204.1,30,0,6,3,1,1204,1204.1,0.0,1,host failed under a resident task
detection-without-prediction,detection-without-prediction,15,644,280,1202,1204,1204,1204.1,31,1,6,3,1,1204,1204.1,0.0,1,host failed under a resident task
detection-without-prediction,detection-without-prediction,15,644,326,1294,1296,1296,1296.1,12,2,7,6,1,1296,1296.1,0.0,1,host failed under a resident task
detection-without-prediction,detection-without-prediction,15,644,326,1294,1296,1296,1296.1,21,1,7,6,1,1296,1296.1,0.0,1,host failed under a resident task
detection-without-prediction,detection-without-prediction,15,644,326,1294,1296,1296,1296.1,28,8,7,6,1,1296,1296.1,0.0,1,host failed under a resident task
detection-without-prediction,detection-without-prediction,15,644,380,1402,1404,1404,1404.1,20,0,8,0,1,1404,1404.1,0.0,1,host failed under a resident task
detection-without-prediction,detection-without-prediction,15,644,380,1402,1404,1404,1404.1,35,5,8,7,1,1404,1404.1,0.0,1,host failed under a resident task
detection-without-prediction,detection-without-prediction,15,644,392,1426,1428,1428,1428.1,35,5,7,8,1,1428,1428.1,0.0,1,host failed under a resident task
detection-without-prediction,detection-without-prediction,16,654,77,806,808,808,808.1,5,5,6,9,1,808,808.1,0.0,1,host failed under a resident task
detection-without-prediction,detection-without-prediction,16,654,83,818,820,820,820.1,1,1,1,8,1,820,820.1,0.0,1,host failed under a resident task
detection-without-prediction,detection-without-prediction,16,654,83,818,820,820,820.1,11,1,1,5,1,820,820.1,0.0,1,host failed under a resident task
detection-without-prediction,detection-without-prediction,16,654,96,844,846,846,846.1,7,7,7,6,1,846,846.1,0.0,1,host failed under a resident task
detection-without-prediction,detection-without-prediction,16,654,96,844,846,846,846.1,15,5,7,6,1,846,846.1,0.0,1,host failed under a resident task
detection-without-prediction,detection-without-prediction,16,654,98,848,850,850,850.1,4,4,2,9,1,850,850.1,0.0,1,host failed under a resident task
detection-without-prediction,detection-without-prediction,16,654,98,848,850,850,850.1,12,2,2,3,1,850,850.1,0.0,1,host failed under a resident task
detection-without-prediction,detection-without-prediction,16,654,98,848,850,850,850.1,17,7,2,6,1,850,850.1,0.0,1,host failed under a resident task
detection-without-prediction,detection-without-prediction,16,654,105,862,864,864,864.1,3,3,4,1,1,864,864.1,0.0,1,host failed under a resident task
detection-without-prediction,detection-without-prediction,16,654,105,862,864,864,864.1,14,4,4,1,1,864,864.1,0.0,1,host failed under a resident task
detection-without-prediction,detection-without-prediction,16,654,128,908,910,910,910.1,7,7,6,7,1,910,910.1,0.0,1,host failed under a resident task
detection-without-prediction,detection-without-prediction,16,654,128,908,910,910,910.1,15,5,6,4,1,910,910.1,0.0,1,host failed under a resident task
detection-without-prediction,detection-without-prediction,16,654,128,908,910,910,910.1,17,7,6,7,1,910,910.1,0.0,1,host failed under a resident task
detection-without-prediction,detection-without-prediction,16,654,135,922,924,924,924.1,19,9,2,5,1,924,924.1,0.0,1,host failed under a resident task
detection-without-prediction,detection-without-prediction,16,654,135,922,924,924,924.1,21,1,2,8,1,924,924.1,0.0,1,host failed under a resident task
detection-without-prediction,detection-without-prediction,16,654,135,922,924,924,924.1,23,3,2,4,1,924,924.1,0.0,1,host failed under a resident task
detection-without-prediction,detection-without-prediction,16,654,178,1008,1010,1010,1010.1,6,6,5,6,1,1010,1010.1,0.0,1,host failed under a resident task
detection-without-prediction,detection-without-prediction,16,654,178,1008,1010,1010,1010.1,11,1,5,8,1,1010,1010.1,0.0,1,host failed under a resident task
detection-without-prediction,detection-without-prediction,16,654,178,1008,1010,1010,1010.1,19,9,5,3,1,1010,1010.1,0.0,1,host failed under a resident task
detection-without-prediction,detection-without-prediction,16,654,188,1028,1030,1030,1030.1,27,7,2,6,1,1030,1030.1,0.0,1,host failed under a resident task
detection-without-prediction,detection-without-prediction,16,654,188,1028,1030,1030,1030.1,29,9,2,7,1,1030,1030.1,0.0,1,host failed under a resident task
detection-without-prediction,detection-without-prediction,16,654,188,1028,1030,1030,1030.1,31,1,2,9,1,1030,1030.1,0.0,1,host failed under a resident task
detection-without-prediction,detection-without-prediction,16,654,188,1028,1030,1030,1030.1,32,2,2,6,1,1030,1030.1,0.0,1,host failed under a resident task
detection-without-prediction,detection-without-prediction,16,654,210,1072,1074,1074,1074.1,12,2,3,5,1,1074,1074.1,0.0,1,host failed under a resident task
detection-without-prediction,detection-without-prediction,16,654,210,1072,1074,1074,1074.1,13,3,3,5,1,1074,1074.1,0.0,1,host failed under a resident task
detection-without-prediction,detection-without-prediction,16,654,210,1072,1074,1074,1074.1,19,9,3,5,1,1074,1074.1,0.0,1,host failed under a resident task
detection-without-prediction,detection-without-prediction,16,654,210,1072,1074,1074,1074.1,26,6,3,5,1,1074,1074.1,0.0,1,host failed under a resident task
detection-without-prediction,detection-without-prediction,16,654,275,1202,1204,1204,1204.1,6,6,6,3,1,1204,1204.1,0.0,1,host failed under a resident task
detection-without-prediction,detection-without-prediction,16,654,275,1202,1204,1204,1204.1,27,7,6,3,1,1204,1204.1,0.0,1,host failed under a resident task
detection-without-prediction,detection-without-prediction,16,654,275,1202,1204,1204,1204.1,28,8,6,3,1,1204,1204.1,0.0,1,host failed under a resident task
detection-without-prediction,detection-without-prediction,16,654,275,1202,1204,1204,1204.1,30,0,6,3,1,1204,1204.1,0.0,1,host failed under a resident task
detection-without-prediction,detection-without-prediction,16,654,275,1202,1204,1204,1204.1,32,2,6,3,1,1204,1204.1,0.0,1,host failed under a resident task
detection-without-prediction,detection-without-prediction,16,654,321,1294,1296,1296,1296.1,20,0,7,6,1,1296,1296.1,0.0,1,host failed under a resident task
detection-without-prediction,detection-without-prediction,16,654,321,1294,1296,1296,1296.1,29,9,7,6,1,1296,1296.1,0.0,1,host failed under a resident task
detection-without-prediction,detection-without-prediction,16,654,375,1402,1404,1404,1404.1,21,1,8,7,1,1404,1404.1,0.0,1,host failed under a resident task
detection-without-prediction,detection-without-prediction,16,654,387,1426,1428,1428,1428.1,21,1,7,8,1,1428,1428.1,0.0,1,host failed under a resident task
detection-without-prediction,detection-without-prediction,17,665,72,807,809,809,809.1,6,6,6,9,1,809,809.1,0.0,1,host failed under a resident task
detection-without-prediction,detection-without-prediction,17,665,77,817,819,819,819.1,1,1,1,5,1,819,819.1,0.0,1,host failed under a resident task
detection-without-prediction,detection-without-prediction,17,665,77,817,819,819,819.1,11,1,1,8,1,819,819.1,0.0,1,host failed under a resident task
detection-without-prediction,detection-without-prediction,17,665,90,843,845,845,845.1,7,7,7,8,1,845,845.1,0.0,1,host failed under a resident task
detection-without-prediction,detection-without-prediction,17,665,90,843,845,845,845.1,15,5,7,3,1,845,845.1,0.0,1,host failed under a resident task
detection-without-prediction,detection-without-prediction,17,665,92,847,849,849,849.1,3,3,2,6,1,849,849.1,0.0,1,host failed under a resident task
detection-without-prediction,detection-without-prediction,17,665,92,847,849,849,849.1,12,2,2,6,1,849,849.1,0.0,1,host failed under a resident task
detection-without-prediction,detection-without-prediction,17,665,100,863,865,865,865.1,4,4,4,1,1,865,865.1,0.0,1,host failed under a resident task
detection-without-prediction,detection-without-prediction,17,665,100,863,865,865,865.1,14,4,4,1,1,865,865.1,0.0,1,host failed under a resident task
detection-without-prediction,detection-without-prediction,17,665,123,909,911,911,911.1,3,3,6,7,1,911,911.1,0.0,1,host failed under a resident task
detection-without-prediction,detection-without-prediction,17,665,123,909,911,911,911.1,12,2,6,4,1,911,911.1,0.0,1,host failed under a resident task
detection-without-prediction,detection-without-prediction,17,665,130,923,925,925,925.1,18,8,2,5,1,925,925.1,0.0,1,host failed under a resident task
detection-without-prediction,detection-without-prediction,17,665,130,923,925,925,925.1,20,0,2,4,1,925,925.1,0.0,1,host failed under a resident task
detection-without-prediction,detection-without-prediction,17,665,130,923,925,925,925.1,22,2,2,9,1,925,925.1,0.0,1,host failed under a resident task
detection-without-prediction,detection-without-prediction,17,665,173,1009,1011,1011,1011.1,1,1,5,6,1,1011,1011.1,0.0,1,host failed under a resident task
detection-without-prediction,detection-without-prediction,17,665,173,1009,1011,1011,1011.1,5,5,5,3,1,1011,1011.1,0.0,1,host failed under a resident task
detection-without-prediction,detection-without-prediction,17,665,173,1009,1011,1011,1011.1,18,8,5,6,1,1011,1011.1,0.0,1,host failed under a resident task
detection-without-prediction,detection-without-prediction,17,665,183,1029,1031,1031,1031.1,26,6,2,4,1,1031,1031.1,0.0,1,host failed under a resident task
detection-without-prediction,detection-without-prediction,17,665,183,1029,1031,1031,1031.1,28,8,2,7,1,1031,1031.1,0.0,1,host failed under a resident task
detection-without-prediction,detection-without-prediction,17,665,183,1029,1031,1031,1031.1,30,0,2,8,1,1031,1031.1,0.0,1,host failed under a resident task
detection-without-prediction,detection-without-prediction,17,665,183,1029,1031,1031,1031.1,31,1,2,9,1,1031,1031.1,0.0,1,host failed under a resident task
detection-without-prediction,detection-without-prediction,17,665,204,1071,1073,1073,1073.1,5,5,3,5,1,1073,1073.1,0.0,1,host failed under a resident task
detection-without-prediction,detection-without-prediction,17,665,204,1071,1073,1073,1073.1,13,3,3,5,1,1073,1073.1,0.0,1,host failed under a resident task
detection-without-prediction,detection-without-prediction,17,665,204,1071,1073,1073,1073.1,15,5,3,5,1,1073,1073.1,0.0,1,host failed under a resident task
detection-without-prediction,detection-without-prediction,17,665,204,1071,1073,1073,1073.1,32,2,3,5,1,1073,1073.1,0.0,1,host failed under a resident task
detection-without-prediction,detection-without-prediction,17,665,269,1201,1203,1203,1203.1,1,1,6,3,1,1203,1203.1,0.0,1,host failed under a resident task
detection-without-prediction,detection-without-prediction,17,665,269,1201,1203,1203,1203.1,18,8,6,3,1,1203,1203.1,0.0,1,host failed under a resident task
detection-without-prediction,detection-without-prediction,17,665,269,1201,1203,1203,1203.1,27,7,6,3,1,1203,1203.1,0.0,1,host failed under a resident task
detection-without-prediction,detection-without-prediction,17,665,269,1201,1203,1203,1203.1,29,9,6,3,1,1203,1203.1,0.0,1,host failed under a resident task
detection-without-prediction,detection-without-prediction,17,665,315,1293,1295,1295,1295.1,3,3,7,6,1,1295,1295.1,0.0,1,host failed under a resident task
detection-without-prediction,detection-without-prediction,17,665,315,1293,1295,1295,1295.1,23,3,7,6,1,1295,1295.1,0.0,1,host failed under a resident task
detection-without-prediction,detection-without-prediction,17,665,315,1293,1295,1295,1295.1,28,8,7,6,1,1295,1295.1,0.0,1,host failed under a resident task
detection-without-prediction,detection-without-prediction,17,665,369,1401,1403,1403,1403.1,30,0,8,7,1,1403,1403.1,0.0,1,host failed under a resident task
detection-without-prediction,detection-without-prediction,17,665,369,1401,1403,1403,1403.1,39,9,8,7,1,1403,1403.1,0.0,1,host failed under a resident task
detection-without-prediction,detection-without-prediction,17,665,381,1425,1427,1427,1427.1,30,0,7,9,1,1427,1427.1,0.0,1,host failed under a resident task
detection-without-prediction,detection-without-prediction,17,665,381,1425,1427,1427,1427.1,39,9,7,8,1,1427,1427.1,0.0,1,host failed under a resident task
detection-without-prediction,detection-without-prediction,18,676,66,806,808,808,808.1,6,6,6,3,1,808,808.1,0.0,1,host failed under a resident task
detection-without-prediction,detection-without-prediction,18,676,72,818,820,820,820.1,1,1,1,9,1,820,820.1,0.0,1,host failed under a resident task
detection-without-prediction,detection-without-prediction,18,676,72,818,820,820,820.1,11,1,1,8,1,820,820.1,0.0,1,host failed under a resident task
detection-without-prediction,detection-without-prediction,18,676,85,844,846,846,846.1,7,7,7,6,1,846,846.1,0.0,1,host failed under a resident task
detection-without-prediction,detection-without-prediction,18,676,87,848,850,850,850.1,2,2,2,9,1,850,850.1,0.0,1,host failed under a resident task
detection-without-prediction,detection-without-prediction,18,676,87,848,850,850,850.1,12,2,2,0,1,850,850.1,0.0,1,host failed under a resident task
detection-without-prediction,detection-without-prediction,18,676,94,862,864,864,864.1,4,4,4,1,1,864,864.1,0.0,1,host failed under a resident task
detection-without-prediction,detection-without-prediction,18,676,94,862,864,864,864.1,13,3,4,1,1,864,864.1,0.0,1,host failed under a resident task
detection-without-prediction,detection-without-prediction,18,676,117,908,910,910,910.1,7,7,6,7,1,910,910.1,0.0,1,host failed under a resident task
detection-without-prediction,detection-without-prediction,18,676,117,908,910,910,910.1,15,5,6,4,1,910,910.1,0.0,1,host failed under a resident task
detection-without-prediction,detection-without-prediction,18,676,124,922,924,924,924.1,17,7,2,5,1,924,924.1,0.0,1,host failed under a resident task
detection-without-prediction,detection-without-prediction,18,676,124,922,924,924,924.1,19,9,2,7,1,924,924.1,0.0,1,host failed under a resident task
detection-without-prediction,detection-without-prediction,18,676,167,1008,1010,1010,1010.1,5,5,5,6,1,1010,1010.1,0.0,1,host failed under a resident task
detection-without-prediction,detection-without-prediction,18,676,167,1008,1010,1010,1010.1,14,4,5,1,1,1010,1010.1,0.0,1,host failed under a resident task
detection-without-prediction,detection-without-prediction,18,676,167,1008,1010,1010,1010.1,17,7,5,8,1,1010,1010.1,0.0,1,host failed under a resident task
detection-without-prediction,detection-without-prediction,18,676,177,1028,1030,1030,1030.1,25,5,2,6,1,1030,1030.1,0.0,1,host failed under a resident task
detection-without-prediction,detection-without-prediction,18,676,177,1028,1030,1030,1030.1,27,7,2,7,1,1030,1030.1,0.0,1,host failed under a resident task
detection-without-prediction,detection-without-prediction,18,676,177,1028,1030,1030,1030.1,29,9,2,9,1,1030,1030.1,0.0,1,host failed under a resident task
detection-without-prediction,detection-without-prediction,18,676,177,1028,1030,1030,1030.1,30,0,2,4,1,1030,1030.1,0.0,1,host failed under a resident task
detection-without-prediction,detection-without-prediction,18,676,199,1072,1074,1074,1074.1,3,3,3,5,1,1074,1074.1,0.0,1,host failed under a resident task
detection-without-prediction,detection-without-prediction,18,676,199,1072,1074,1074,1074.1,6,6,3,5,1,1074,1074.1,0.0,1,host failed under a resident task
detection-without-prediction,detection-without-prediction,18,676,199,1072,1074,1074,1074.1,16,6,3,5,1,1074,1074.1,0.0,1,host failed under a resident task
detection-without-prediction,detection-without-prediction,18,676,199,1072,1074,1074,1074.1,31,1,3,5,1,1074,1074.1,0.0,1,host failed under a resident task
detection-without-prediction,detection-without-prediction,18,676,264,1202,1204,1204,1204.1,5,5,6,3,1,1204,1204.1,0.0,1,host failed under a resident task
detection-without-prediction,detection-without-prediction,18,676,264,1202,1204,1204,1204.1,25,5,6,3,1,1204,1204.1,0.0,1,host failed under a resident task
detection-without-prediction,detection-without-prediction,18,676,264,1202,1204,1204,1204.1,26,6,6,3,1,1204,1204.1,0.0,1,host failed under a resident task
detection-without-prediction,detection-without-prediction,18,676,264,1202,1204,1204,1204.1,28,8,6,3,1,1204,1204.1,0.0,1,host failed under a resident task
detection-without-prediction,detection-without-prediction,18,676,310,1294,1296,1296,1296.1,18,8,7,6,1,1296,1296.1,0.0,1,host failed under a resident task
detection-without-prediction,detection-without-prediction,18,676,310,1294,1296,1296,1296.1,27,7,7,6,1,1296,1296.1,0.0,1,host failed under a resident task
detection-without-prediction,detection-without-prediction,18,676,364,1402,1404,1404,1404.1,11,1,8,7,1,1404,1404.1,0.0,1,host failed under a resident task
detection-without-prediction,detection-without-prediction,18,676,364,1402,1404,1404,1404.1,23,3,8,7,1,1404,1404.1,0.0,1,host failed under a resident task
detection-without-prediction,detection-without-prediction,18,676,376,1426,1428,1428,1428.1,11,1,7,8,1,1428,1428.1,0.0,1,host failed under a resident task
detection-without-prediction,detection-without-prediction,18,676,376,1426,1428,1428,1428.1,23,3,7,8,1,1428,1428.1,0.0,1,host failed under a resident task
detection-without-prediction,detection-without-prediction,19,687,61,807,809,809,809.1,6,6,6,1,1,809,809.1,0.0,1,host failed under a resident task
detection-without-prediction,detection-without-prediction,19,687,66,817,819,819,819.1,1,1,1,3,1,819,819.1,0.0,1,host failed under a resident task
detection-without-prediction,detection-without-prediction,19,687,66,817,819,819,819.1,6,6,1,5,1,819,819.1,0.0,1,host failed under a resident task
detection-without-prediction,detection-without-prediction,19,687,79,843,845,845,845.1,7,7,7,8,1,845,845.1,0.0,1,host failed under a resident task
detection-without-prediction,detection-without-prediction,19,687,79,843,845,845,845.1,13,3,7,9,1,845,845.1,0.0,1,host failed under a resident task
detection-without-prediction,detection-without-prediction,19,687,81,847,849,849,849.1,2,2,2,6,1,849,849.1,0.0,1,host failed under a resident task
detection-without-prediction,detection-without-prediction,19,687,81,847,849,849,849.1,11,1,2,6,1,849,849.1,0.0,1,host failed under a resident task
detection-without-prediction,detection-without-prediction,19,687,89,863,865,865,865.1,4,4,4,1,1,865,865.1,0.0,1,host failed under a resident task
detection-without-prediction,detection-without-prediction,19,687,89,863,865,865,865.1,12,2,4,1,1,865,865.1,0.0,1,host failed under a resident task
detection-without-prediction,detection-without-prediction,19,687,112,909,911,911,911.1,2,2,6,7,1,911,911.1,0.0,1,host failed under a resident task
detection-without-prediction,detection-without-prediction,19,687,112,909,911,911,911.1,11,1,6,4,1,911,911.1,0.0,1,host failed under a resident task
detection-without-prediction,detection-without-prediction,19,687,119,923,925,925,925.1,16,6,2,5,1,925,925.1,0.0,1,host failed under a resident task
detection-without-prediction,detection-without-prediction,19,687,119,923,925,925,925.1,18,8,2,8,1,925,925.1,0.0,1,host failed under a resident task
detection-without-prediction,detection-without-prediction,19,687,119,923,925,925,925.1,20,0,2,4,1,925,925.1,0.0,1,host failed under a resident task
detection-without-prediction,detection-without-prediction,19,687,162,1009,1011,1011,1011.1,5,5,5,6,1,1011,1011.1,0.0,1,host failed under a resident task
detection-without-prediction,detection-without-prediction,19,687,162,1009,1011,1011,1011.1,6,6,5,2,1,1011,1011.1,0.0,1,host failed under a resident task
detection-without-prediction,detection-without-prediction,19,687,162,1009,1011,1011,1011.1,16,6,5,6,1,1011,1011.1,0.0,1,host failed under a resident task
detection-without-prediction,detection-without-prediction,19,687,172,1029,1031,1031,1031.1,6,6,2,4,1,1031,1031.1,0.0,1,host failed under a resident task
detection-without-prediction,detection-without-prediction,19,687,172,1029,1031,1031,1031.1,24,4,2,7,1,1031,1031.1,0.0,1,host failed under a resident task
detection-without-prediction,detection-without-prediction,19,687,172,1029,1031,1031,1031.1,26,6,2,8,1,1031,1031.1,0.0,1,host failed under a resident task
detection-without-prediction,detection-without-prediction,19,687,193,1071,1073,1073,1073.1,1,1,3,5,1,1073,1073.1,0.0,1,host failed under a resident task
detection-without-prediction,detection-without-prediction,19,687,193,1071,1073,1073,1073.1,21,1,3,5,1,1073,1073.1,0.0,1,host failed under a resident task
detection-without-prediction,detection-without-prediction,19,687,193,1071,1073,1073,1073.1,30,0,3,5,1,1073,1073.1,0.0,1,host failed under a resident task
detection-without-prediction,detection-without-prediction,19,687,258,1201,1203,1203,1203.1,5,5,6,3,1,1203,1203.1,0.0,1,host failed under a resident task
detection-without-prediction,detection-without-prediction,19,687,258,1201,1203,1203,1203.1,16,6,6,9,1,1203,1203.1,0.0,1,host failed under a resident task
detection-without-prediction,detection-without-prediction,19,687,258,1201,1203,1203,1203.1,25,5,6,1,1,1203,1203.1,0.0,1,host failed under a resident task
detection-without-prediction,detection-without-prediction,19,687,258,1201,1203,1203,1203.1,27,7,6,8,1,1203,1203.1,0.0,1,host failed under a resident task
detection-without-prediction,detection-without-prediction,19,687,304,1293,1295,1295,1295.1,22,2,7,6,1,1295,1295.1,0.0,1,host failed under a resident task
detection-without-prediction,detection-without-prediction,19,687,304,1293,1295,1295,1295.1,24,4,7,6,1,1295,1295.1,0.0,1,host failed under a resident task
detection-without-prediction,detection-without-prediction,19,687,358,1401,1403,1403,1403.1,26,6,8,7,1,1403,1403.1,0.0,1,host failed under a resident task
detection-without-prediction,detection-without-prediction,19,687,358,1401,1403,1403,1403.1,27,7,8,7,1,1403,1403.1,0.0,1,host failed under a resident task
detection-without-prediction,detection-without-prediction,19,687,370,1425,1427,1427,1427.1,26,6,7,8,1,1427,1427.1,0.0,1,host failed under a resident task
detection-without-prediction,detection-without-prediction,19,687,370,1425,1427,1427,1427.1,27,7,7,8,1,1427,1427.1,0.0,1,host failed under a resident task
detection-without-prediction,detection-without-prediction,20,698,55,806,808,808,808.1,6,6,6,3,1,808,808.1,0.0,1,host failed under a resident task
detection-without-prediction,detection-without-prediction,20,698,61,818,820,820,820.1,1,1,1,9,1,820,820.1,0.0,1,host failed under a resident task
detection-without-prediction,detection-without-prediction,20,698,74,844,846,846,846.1,7,7,7,6,1,846,846.1,0.0,1,host failed under a resident task
detection-without-prediction,detection-without-prediction,20,698,76,848,850,850,850.1,2,2,2,6,1,850,850.1,0.0,1,host failed under a resident task
detection-without-prediction,detection-without-prediction,20,698,76,848,850,850,850.1,11,1,2,8,1,850,850.1,0.0,1,host failed under a resident task
detection-without-prediction,detection-without-prediction,20,698,83,862,864,864,864.1,4,4,4,1,1,864,864.1,0.0,1,host failed under a resident task
detection-without-prediction,detection-without-prediction,20,698,83,862,864,864,864.1,12,2,4,1,1,864,864.1,0.0,1,host failed under a resident task
detection-without-prediction,detection-without-prediction,20,698,106,908,910,910,910.1,2,2,6,7,1,910,910.1,0.0,1,host failed under a resident task
detection-without-prediction,detection-without-prediction,20,698,106,908,910,910,910.1,7,7,6,4,1,910,910.1,0.0,1,host failed under a resident task
detection-without-prediction,detection-without-prediction,20,698,113,922,924,924,924.1,15,5,2,9,1,924,924.1,0.0,1,host failed under a resident task
detection-without-prediction,detection-without-prediction,20,698,113,922,924,924,924.1,17,7,2,5,1,924,924.1,0.0,1,host failed under a resident task
detection-without-prediction,detection-without-prediction,20,698,156,1008,1010,1010,1010.1,5,5,5,8,1,1010,1010.1,0.0,1,host failed under a resident task
detection-without-prediction,detection-without-prediction,20,698,156,1008,1010,1010,1010.1,13,3,5,6,1,1010,1010.1,0.0,1,host failed under a resident task
detection-without-prediction,detection-without-prediction,20,698,156,1008,1010,1010,1010.1,17,7,5,2,1,1010,1010.1,0.0,1,host failed under a resident task
detection-without-prediction,detection-without-prediction,20,698,166,1028,1030,1030,1030.1,17,7,2,6,1,1030,1030.1,0.0,1,host failed under a resident task
detection-without-prediction,detection-without-prediction,20,698,166,1028,1030,1030,1030.1,23,3,2,3,1,1030,1030.1,0.0,1,host failed under a resident task
detection-without-prediction,detection-without-prediction,20,698,166,1028,1030,1030,1030.1,25,5,2,7,1,1030,1030.1,0.0,1,host failed under a resident task
detection-without-prediction,detection-without-prediction,20,698,188,1072,1074,1074,1074.1,6,6,3,5,1,1074,1074.1,0.0,1,host failed under a resident task
detection-without-prediction,detection-without-prediction,20,698,188,1072,1074,1074,1074.1,20,0,3,5,1,1074,1074.1,0.0,1,host failed under a resident task
detection-without-prediction,detection-without-prediction,20,698,188,1072,1074,1074,1074.1,23,3,3,5,1,1074,1074.1,0.0,1,host failed under a resident task
detection-without-prediction,detection-without-prediction,20,698,188,1072,1074,1074,1074.1,30,0,3,5,1,1074,1074.1,0.0,1,host failed under a resident task
detection-without-prediction,detection-without-prediction,20,698,253,1202,1204,1204,1204.1,13,3,6,4,1,1204,1204.1,0.0,1,host failed under a resident task
detection-without-prediction,detection-without-prediction,20,698,253,1202,1204,1204,1204.1,17,7,6,8,1,1204,1204.1,0.0,1,host failed under a resident task
detection-without-prediction,detection-without-prediction,20,698,253,1202,1204,1204,1204.1,24,4,6,3,1,1204,1204.1,0.0,1,host failed under a resident task
detection-without-prediction,detection-without-prediction,20,698,253,1202,1204,1204,1204.1,26,6,6,7,1,1204,1204.1,0.0,1,host failed under a resident task
detection-without-prediction,detection-without-prediction,20,698,299,1294,1296,1296,1296.1,2,2,7,6,1,1296,1296.1,0.0,1,host failed under a resident task
detection-without-prediction,detection-without-prediction,20,698,299,1294,1296,1296,1296.1,22,2,7,6,1,1296,1296.1,0.0,1,host failed under a resident task
detection-without-prediction,detection-without-prediction,20,698,299,1294,1296,1296,1296.1,25,5,7,6,1,1296,1296.1,0.0,1,host failed under a resident task
detection-without-prediction,detection-without-prediction,20,698,299,1294,1296,1296,1296.1,26,6,7,6,1,1296,1296.1,0.0,1,host failed under a resident task
detection-without-prediction,detection-without-prediction,20,698,353,1402,1404,1404,1404.1,11,1,8,7,1,1404,1404.1,0.0,1,host failed under a resident task
detection-without-prediction,detection-without-prediction,20,698,353,1402,1404,1404,1404.1,17,7,8,7,1,1404,1404.1,0.0,1,host failed under a resident task
detection-without-prediction,detection-without-prediction,20,698,353,1402,1404,1404,1404.1,35,5,8,7,1,1404,1404.1,0.0,1,host failed under a resident task
detection-without-prediction,detection-without-prediction,20,698,365,1426,1428,1428,1428.1,11,1,7,8,1,1428,1428.1,0.0,1,host failed under a resident task
detection-without-prediction,detection-without-prediction,20,698,365,1426,1428,1428,1428.1,17,7,7,9,1,1428,1428.1,0.0,1,host failed under a resident task
detection-without-prediction,detection-without-prediction,20,698,365,1426,1428,1428,1428.1,35,5,7,8,1,1428,1428.1,0.0,1,host failed under a resident task
