nodeId,time,predicted_failure_risk,prediction_uncertainty
0,9.100000,0.042553,0.000000
1,9.100000,0.059833,0.000000
2,9.100000,0.049275,0.000000
3,9.100000,0.014556,0.000000
4,9.100000,0.059833,0.000000
5,9.100000,0.049286,0.000000
6,9.100000,0.014552,0.000000
7,9.100000,0.042553,0.000000
8,9.100000,0.080386,0.000000
9,9.100000,0.080386,0.000000
0,10.100000,0.059833,0.000000
1,10.100000,0.080386,0.000000
2,10.100000,0.014562,0.000000
3,10.100000,0.042553,0.000000
4,10.100000,0.080386,0.000000
5,10.100000,0.049280,0.000000
6,10.100000,0.059833,0.000000
7,10.100000,0.080386,0.000000
8,10.100000,0.014569,0.000000
9,10.100000,0.014558,0.000000
0,11.100000,0.059833,0.000000
1,11.100000,0.080386,0.000000
2,11.100000,0.014557,0.000000
3,11.100000,0.042553,0.000000
4,11.100000,0.080385,0.000000
5,11.100000,0.049282,0.000000
6,11.100000,0.059833,0.000000
7,11.100000,0.080386,0.000000
8,11.100000,0.014599,0.000000
9,11.100000,0.014572,0.000000
0,12.100000,0.059833,0.000000
1,12.100000,0.080385,0.000000
2,12.100000,0.014568,0.000000
3,12.100000,0.042553,0.000000
4,12.100000,0.080387,0.000000
5,12.100000,0.049286,0.000000
6,12.100000,0.059834,0.000000
7,12.100000,0.080386,0.000000
8,12.100000,0.014574,0.000000
9,12.100000,0.014568,0.000000
0,13.100000,0.059833,0.000000
1,13.100000,0.080385,0.000000
2,13.100000,0.014583,0.000000
3,13.100000,0.042553,0.000000
4,13.100000,0.080385,0.000000
5,13.100000,0.049278,0.000000
6,13.100000,0.059833,0.000000
7,13.100000,0.080385,0.000000
8,13.100000,0.014557,0.000000
9,13.100000,0.014566,0.000000
0,14.100000,0.059833,0.000000
1,14.100000,0.080387,0.000000
2,14.100000,0.014577,0.000000
3,14.100000,0.042553,0.000000
4,14.100000,0.080385,0.000000
5,14.100000,0.049282,0.000000
6,14.100000,0.059833,0.000000
7,14.100000,0.080386,0.000000
8,14.100000,0.014547,0.000000
9,14.100000,0.014575,0.000000
0,15.100000,0.059834,0.000000
1,15.100000,0.080385,0.000000
2,15.100000,0.014577,0.000000
3,15.100000,0.042553,0.000000
4,15.100000,0.080385,0.000000
5,15.100000,0.049271,0.000000
6,15.100000,0.059833,0.000000
7,15.100000,0.080386,0.000000
8,15.100000,0.014556,0.000000
9,15.100000,0.014576,0.000000
0,16.100000,0.059833,0.000000
1,16.100000,0.080386,0.000000
2,16.100000,0.014582,0.000000
3,16.100000,0.042553,0.000000
4,16.100000,0.080386,0.000000
5,16.100000,0.049284,0.000000
6,16.100000,0.059833,0.000000
7,16.100000,0.080387,0.000000
8,16.100000,0.014566,0.000000
9,16.100000,0.014572,0.000000
0,17.100000,0.059833,0.000000
1,17.100000,0.080385,0.000000
2,17.100000,0.014579,0.000000
3,17.100000,0.042553,0.000000
4,17.100000,0.080385,0.000000
5,17.100000,0.049283,0.000000
6,17.100000,0.059834,0.000000
7,17.100000,0.080385,0.000000
8,17.100000,0.014589,0.000000
9,17.100000,0.014579,0.000000
0,18.100000,0.059833,0.000000
1,18.100000,0.080386,0.000000
2,18.100000,0.014554,0.000000
3,18.100000,0.042553,0.000000
4,18.100000,0.080386,0.000000
5,18.100000,0.049289,0.000000
6,18.100000,0.059833,0.000000
7,18.100000,0.080385,0.000000
8,18.100000,0.014577,0.000000
9,18.100000,0.014574,0.000000
0,19.100000,0.059833,0.000000
1,19.100000,0.080386,0.000000
2,19.100000,0.014552,0.000000
3,19.100000,0.042553,0.000000
4,19.100000,0.080385,0.000000
5,19.100000,0.049289,0.000000
6,19.100000,0.059833,0.000000
7,19.100000,0.080386,0.000000
8,19.100000,0.014570,0.000000
9,19.100000,0.014571,0.000000
0,20.100000,0.080386,0.000000
1,20.100000,0.014573,0.000000
2,20.100000,0.042553,0.000000
3,20.100000,0.059833,0.000000
4,20.100000,0.049283,0.000000
5,20.100000,0.080386,0.000000
6,20.100000,0.049275,0.000000
7,20.100000,0.014574,0.000000
8,20.100000,0.059833,0.000000
9,20.100000,0.059833,0.000000
0,21.100000,0.080386,0.000000
1,21.100000,0.014563,0.000000
2,21.100000,0.042553,0.000000
3,21.100000,0.059833,0.000000
4,21.100000,0.049285,0.000000
5,21.100000,0.080385,0.000000
6,21.100000,0.049280,0.000000
7,21.100000,0.014600,0.000000
8,21.100000,0.059833,0.000000
9,21.100000,0.059833,0.000000
0,22.100000,0.080387,0.000000
1,22.100000,0.014568,0.000000
2,22.100000,0.042553,0.000000
3,22.100000,0.059833,0.000000
4,22.100000,0.049275,0.000000
5,22.100000,0.080385,0.000000
6,22.100000,0.049291,0.000000
7,22.100000,0.014587,0.000000
8,22.100000,0.059833,0.000000
9,22.100000,0.059833,0.000000
0,23.100000,0.080386,0.000000
1,23.100000,0.014582,0.000000
2,23.100000,0.042553,0.000000
3,23.100000,0.059833,0.000000
4,23.100000,0.049290,0.000000
5,23.100000,0.080386,0.000000
6,23.100000,0.049283,0.000000
7,23.100000,0.014568,0.000000
8,23.100000,0.059833,0.000000
9,23.100000,0.059833,0.000000
0,24.100000,0.080387,0.000000
1,24.100000,0.014581,0.000000
2,24.100000,0.042553,0.000000
3,24.100000,0.059833,0.000000
4,24.100000,0.049294,0.000000
5,24.100000,0.080385,0.000000
6,24.100000,0.049292,0.000000
7,24.100000,0.014549,0.000000
8,24.100000,0.059833,0.000000
9,24.100000,0.059833,0.000000
0,25.100000,0.080388,0.000000
1,25.100000,0.014573,0.000000
2,25.100000,0.042553,0.000000
3,25.100000,0.059833,0.000000
4,25.100000,0.049282,0.000000
5,25.100000,0.080386,0.000000
6,25.100000,0.049290,0.000000
7,25.100000,0.014557,0.000000
8,25.100000,0.059833,0.000000
9,25.100000,0.059833,0.000000
0,26.100000,0.080394,0.000000
1,26.100000,0.014568,0.000000
2,26.100000,0.042553,0.000000
3,26.100000,0.059833,0.000000
4,26.100000,0.049282,0.000000
5,26.100000,0.080386,0.000000
6,26.100000,0.049281,0.000000
7,26.100000,0.014567,0.000000
8,26.100000,0.059833,0.000000
9,26.100000,0.059833,0.000000
0,27.100000,0.080395,0.000000
1,27.100000,0.014551,0.000000
2,27.100000,0.042553,0.000000
3,27.100000,0.059833,0.000000
4,27.100000,0.049290,0.000000
5,27.100000,0.080385,0.000000
6,27.100000,0.049290,0.000000
7,27.100000,0.014571,0.000000
8,27.100000,0.059833,0.000000
9,27.100000,0.059833,0.000000
0,28.100000,0.080395,0.000000
1,28.100000,0.014556,0.000000
2,28.100000,0.042553,0.000000
3,28.100000,0.059833,0.000000
4,28.100000,0.049282,0.000000
5,28.100000,0.080385,0.000000
6,28.100000,0.049284,0.000000
7,28.100000,0.014572,0.000000
8,28.100000,0.059833,0.000000
9,28.100000,0.059833,0.000000
0,29.100000,0.080396,0.000000
1,29.100000,0.014566,0.000000
2,29.100000,0.042554,0.000000
3,29.100000,0.059833,0.000000
4,29.100000,0.049296,0.000000
5,29.100000,0.080387,0.000000
6,29.100000,0.049281,0.000000
7,29.100000,0.014561,0.000000
8,29.100000,0.059833,0.000000
9,29.100000,0.059833,0.000000
0,30.100000,0.016102,0.000000
1,30.100000,0.042553,0.000000
2,30.100000,0.059833,0.000000
3,30.100000,0.080385,0.000000
4,30.100000,0.080386,0.000000
5,30.100000,0.014558,0.000000
6,30.100000,0.080386,0.000000
7,30.100000,0.059833,0.000000
8,30.100000,0.014556,0.000000
9,30.100000,0.059833,0.000000
0,31.100000,0.016563,0.000000
1,31.100000,0.042553,0.000000
2,31.100000,0.059834,0.000000
3,31.100000,0.080386,0.000000
4,31.100000,0.080385,0.000000
5,31.100000,0.014565,0.000000
6,31.100000,0.080386,0.000000
7,31.100000,0.059833,0.000000
8,31.100000,0.014572,0.000000
9,31.100000,0.059833,0.000000
0,32.100000,0.016584,0.000000
1,32.100000,0.042553,0.000000
2,32.100000,0.059834,0.000000
3,32.100000,0.080386,0.000000
4,32.100000,0.080386,0.000000
5,32.100000,0.014568,0.000000
6,32.100000,0.080385,0.000000
7,32.100000,0.059833,0.000000
8,32.100000,0.014572,0.000000
9,32.100000,0.059833,0.000000
0,33.100000,0.016898,0.000000
1,33.100000,0.042554,0.000000
2,33.100000,0.059835,0.000000
3,33.100000,0.080385,0.000000
4,33.100000,0.080386,0.000000
5,33.100000,0.014559,0.000000
6,33.100000,0.080386,0.000000
7,33.100000,0.059833,0.000000
8,33.100000,0.014581,0.000000
9,33.100000,0.059833,0.000000
0,34.100000,0.017801,0.000000
1,34.100000,0.042553,0.000000
2,34.100000,0.059835,0.000000
3,34.100000,0.080386,0.000000
4,34.100000,0.080386,0.000000
5,34.100000,0.014569,0.000000
6,34.100000,0.080385,0.000000
7,34.100000,0.059834,0.000000
8,34.100000,0.014582,0.000000
9,34.100000,0.059833,0.000000
0,35.100000,0.019799,0.000000
1,35.100000,0.042554,0.000000
2,35.100000,0.059836,0.000000
3,35.100000,0.080386,0.000000
4,35.100000,0.080386,0.000000
5,35.100000,0.014571,0.000000
6,35.100000,0.080385,0.000000
7,35.100000,0.059833,0.000000
8,35.100000,0.014575,0.000000
9,35.100000,0.059833,0.000000
0,36.100000,0.020549,0.000000
1,36.100000,0.042553,0.000000
2,36.100000,0.059836,0.000000
3,36.100000,0.080386,0.000000
4,36.100000,0.080385,0.000000
5,36.100000,0.014558,0.000000
6,36.100000,0.080387,0.000000
7,36.100000,0.059833,0.000000
8,36.100000,0.014554,0.000000
9,36.100000,0.059833,0.000000
0,37.100000,0.020583,0.000000
1,37.100000,0.042553,0.000000
2,37.100000,0.059837,0.000000
3,37.100000,0.080386,0.000000
4,37.100000,0.080385,0.000000
5,37.100000,0.014554,0.000000
6,37.100000,0.080386,0.000000
7,37.100000,0.059833,0.000000
8,37.100000,0.014560,0.000000
9,37.100000,0.059833,0.000000
0,38.100000,0.021524,0.000000
1,38.100000,0.042553,0.000000
2,38.100000,0.059838,0.000000
3,38.100000,0.080386,0.000000
4,38.100000,0.080386,0.000000
5,38.100000,0.014553,0.000000
6,38.100000,0.080386,0.000000
7,38.100000,0.059833,0.000000
8,38.100000,0.014565,0.000000
9,38.100000,0.059833,0.000000
0,39.100000,0.014745,0.000000
1,39.100000,0.042553,0.000000
2,39.100000,0.059838,0.000000
3,39.100000,0.080387,0.000000
4,39.100000,0.080385,0.000000
5,39.100000,0.014569,0.000000
6,39.100000,0.080386,0.000000
7,39.100000,0.059833,0.000000
8,39.100000,0.014567,0.000000
9,39.100000,0.059833,0.000000
0,40.100000,0.620983,0.000000
1,40.100000,0.049275,0.000000
2,40.100000,0.080370,0.000000
3,40.100000,0.049290,0.000000
4,40.100000,0.014575,0.000000
5,40.100000,0.042553,0.000000
6,40.100000,0.014567,0.000000
7,40.100000,0.049294,0.000000
8,40.100000,0.049280,0.000000
9,40.100000,0.049284,0.000000
0,41.100000,0.621162,0.000000
1,41.100000,0.049277,0.000000
2,41.100000,0.080370,0.000000
3,41.100000,0.049286,0.000000
4,41.100000,0.014581,0.000000
5,41.100000,0.042553,0.000000
6,41.100000,0.014590,0.000000
7,41.100000,0.049292,0.000000
8,41.100000,0.049272,0.000000
9,41.100000,0.049297,0.000000
0,42.100000,0.621119,0.000000
1,42.100000,0.049276,0.000000
2,42.100000,0.080370,0.000000
3,42.100000,0.049281,0.000000
4,42.100000,0.014587,0.000000
5,42.100000,0.042553,0.000000
6,42.100000,0.014598,0.000000
7,42.100000,0.049284,0.000000
8,42.100000,0.049278,0.000000
9,42.100000,0.049288,0.000000
0,43.100000,0.621081,0.000000
1,43.100000,0.049277,0.000000
2,43.100000,0.080370,0.000000
3,43.100000,0.049296,0.000000
4,43.100000,0.014593,0.000000
5,43.100000,0.042553,0.000000
6,43.100000,0.014574,0.000000
7,43.100000,0.049274,0.000000
8,43.100000,0.049274,0.000000
9,43.100000,0.049285,0.000000
0,44.100000,0.621089,0.000000
1,44.100000,0.049283,0.000000
2,44.100000,0.080370,0.000000
3,44.100000,0.049295,0.000000
4,44.100000,0.014583,0.000000
5,44.100000,0.042553,0.000000
6,44.100000,0.014561,0.000000
7,44.100000,0.049284,0.000000
8,44.100000,0.049283,0.000000
9,44.100000,0.049288,0.000000
0,45.100000,0.621147,0.000000
1,45.100000,0.049284,0.000000
2,45.100000,0.080369,0.000000
3,45.100000,0.049285,0.000000
4,45.100000,0.014569,0.000000
5,45.100000,0.042553,0.000000
6,45.100000,0.014560,0.000000
7,45.100000,0.049290,0.000000
8,45.100000,0.049275,0.000000
9,45.100000,0.049274,0.000000
0,46.100000,0.621147,0.000000
1,46.100000,0.049286,0.000000
2,46.100000,0.080369,0.000000
3,46.100000,0.049294,0.000000
4,46.100000,0.014567,0.000000
5,46.100000,0.042553,0.000000
6,46.100000,0.014573,0.000000
7,46.100000,0.049293,0.000000
8,46.100000,0.049303,0.000000
9,46.100000,0.049289,0.000000
0,47.100000,0.621144,0.000000
1,47.100000,0.049280,0.000000
2,47.100000,0.080369,0.000000
3,47.100000,0.049292,0.000000
4,47.100000,0.014566,0.000000
5,47.100000,0.042553,0.000000
6,47.100000,0.015167,0.000000
7,47.100000,0.049290,0.000000
8,47.100000,0.049301,0.000000
9,47.100000,0.049288,0.000000
0,48.100000,0.050244,0.000000
1,48.100000,0.049278,0.000000
2,48.100000,0.080369,0.000000
3,48.100000,0.049287,0.000000
4,48.100000,0.014563,0.000000
5,48.100000,0.042553,0.000000
6,48.100000,0.015164,0.000000
7,48.100000,0.049280,0.000000
8,48.100000,0.049296,0.000000
9,48.100000,0.049290,0.000000
0,49.100000,0.049312,0.000000
1,49.100000,0.049286,0.000000
2,49.100000,0.080369,0.000000
3,49.100000,0.049272,0.000000
4,49.100000,0.014577,0.000000
5,49.100000,0.042553,0.000000
6,49.100000,0.015141,0.000000
7,49.100000,0.049280,0.000000
8,49.100000,0.049295,0.000000
9,49.100000,0.049283,0.000000
0,50.100000,0.042553,0.000000
1,50.100000,0.059833,0.000000
2,50.100000,0.049091,0.000000
3,50.100000,0.014570,0.000000
4,50.100000,0.042553,0.000000
5,50.100000,0.059833,0.000000
6,50.100000,0.042553,0.000000
7,50.100000,0.042553,0.000000
8,50.100000,0.042553,0.000000
9,50.100000,0.042553,0.000000
0,51.100000,0.042553,0.000000
1,51.100000,0.059833,0.000000
2,51.100000,0.049092,0.000000
3,51.100000,0.014560,0.000000
4,51.100000,0.042553,0.000000
5,51.100000,0.059833,0.000000
6,51.100000,0.042553,0.000000
7,51.100000,0.042553,0.000000
8,51.100000,0.042553,0.000000
9,51.100000,0.042553,0.000000
0,52.100000,0.042553,0.000000
1,52.100000,0.059833,0.000000
2,52.100000,0.049092,0.000000
3,52.100000,0.014572,0.000000
4,52.100000,0.042553,0.000000
5,52.100000,0.059833,0.000000
6,52.100000,0.042553,0.000000
7,52.100000,0.042553,0.000000
8,52.100000,0.042553,0.000000
9,52.100000,0.042553,0.000000
0,53.100000,0.042553,0.000000
1,53.100000,0.059833,0.000000
2,53.100000,0.049092,0.000000
3,53.100000,0.014560,0.000000
4,53.100000,0.042553,0.000000
5,53.100000,0.059833,0.000000
6,53.100000,0.042553,0.000000
7,53.100000,0.042553,0.000000
8,53.100000,0.042553,0.000000
9,53.100000,0.042553,0.000000
0,54.100000,0.042553,0.000000
1,54.100000,0.059833,0.000000
2,54.100000,0.049093,0.000000
3,54.100000,0.014573,0.000000
4,54.100000,0.042553,0.000000
5,54.100000,0.059833,0.000000
6,54.100000,0.042553,0.000000
7,54.100000,0.042553,0.000000
8,54.100000,0.042553,0.000000
9,54.100000,0.042553,0.000000
0,55.100000,0.042553,0.000000
1,55.100000,0.059833,0.000000
2,55.100000,0.049093,0.000000
3,55.100000,0.014589,0.000000
4,55.100000,0.042553,0.000000
5,55.100000,0.059833,0.000000
6,55.100000,0.042553,0.000000
7,55.100000,0.042553,0.000000
8,55.100000,0.042553,0.000000
9,55.100000,0.042553,0.000000
0,56.100000,0.042553,0.000000
1,56.100000,0.059833,0.000000
2,56.100000,0.049094,0.000000
3,56.100000,0.014574,0.000000
4,56.100000,0.042553,0.000000
5,56.100000,0.059833,0.000000
6,56.100000,0.042553,0.000000
7,56.100000,0.042553,0.000000
8,56.100000,0.042553,0.000000
9,56.100000,0.042553,0.000000
0,57.100000,0.042553,0.000000
1,57.100000,0.059833,0.000000
2,57.100000,0.049094,0.000000
3,57.100000,0.014558,0.000000
4,57.100000,0.042553,0.000000
5,57.100000,0.059833,0.000000
6,57.100000,0.042553,0.000000
7,57.100000,0.042553,0.000000
8,57.100000,0.042553,0.000000
9,57.100000,0.042553,0.000000
0,58.100000,0.042553,0.000000
1,58.100000,0.059833,0.000000
2,58.100000,0.049095,0.000000
3,58.100000,0.014558,0.000000
4,58.100000,0.042553,0.000000
5,58.100000,0.059833,0.000000
6,58.100000,0.042553,0.000000
7,58.100000,0.042553,0.000000
8,58.100000,0.042553,0.000000
9,58.100000,0.042553,0.000000
0,59.100000,0.042553,0.000000
1,59.100000,0.059833,0.000000
2,59.100000,0.049095,0.000000
3,59.100000,0.014561,0.000000
4,59.100000,0.042553,0.000000
5,59.100000,0.059834,0.000000
6,59.100000,0.042553,0.000000
7,59.100000,0.042553,0.000000
8,59.100000,0.042553,0.000000
9,59.100000,0.042553,0.000000
0,60.100000,0.059838,0.000000
1,60.100000,0.080387,0.000000
2,60.100000,0.014524,0.000000
3,60.100000,0.042553,0.000000
4,60.100000,0.059834,0.000000
5,60.100000,0.049277,0.000000
6,60.100000,0.059838,0.000000
7,60.100000,0.080385,0.000000
8,60.100000,0.080385,0.000000
9,60.100000,0.080387,0.000000
0,61.100000,0.059838,0.000000
1,61.100000,0.080385,0.000000
2,61.100000,0.014523,0.000000
3,61.100000,0.042553,0.000000
4,61.100000,0.059833,0.000000
5,61.100000,0.049273,0.000000
6,61.100000,0.059839,0.000000
7,61.100000,0.080386,0.000000
8,61.100000,0.080387,0.000000
9,61.100000,0.080385,0.000000
0,62.100000,0.059839,0.000000
1,62.100000,0.080386,0.000000
2,62.100000,0.014523,0.000000
3,62.100000,0.042553,0.000000
4,62.100000,0.059833,0.000000
5,62.100000,0.049283,0.000000
6,62.100000,0.059839,0.000000
7,62.100000,0.080385,0.000000
8,62.100000,0.080385,0.000000
9,62.100000,0.080386,0.000000
0,63.100000,0.059839,0.000000
1,63.100000,0.080385,0.000000
2,63.100000,0.014524,0.000000
3,63.100000,0.042553,0.000000
4,63.100000,0.059834,0.000000
5,63.100000,0.049281,0.000000
6,63.100000,0.059839,0.000000
7,63.100000,0.080386,0.000000
8,63.100000,0.080386,0.000000
9,63.100000,0.080386,0.000000
0,64.100000,0.059839,0.000000
1,64.100000,0.080386,0.000000
2,64.100000,0.014524,0.000000
3,64.100000,0.042553,0.000000
4,64.100000,0.059833,0.000000
5,64.100000,0.049276,0.000000
6,64.100000,0.059839,0.000000
7,64.100000,0.080386,0.000000
8,64.100000,0.080386,0.000000
9,64.100000,0.080386,0.000000
0,65.100000,0.059839,0.000000
1,65.100000,0.080386,0.000000
2,65.100000,0.014525,0.000000
3,65.100000,0.042553,0.000000
4,65.100000,0.059833,0.000000
5,65.100000,0.049279,0.000000
6,65.100000,0.059839,0.000000
7,65.100000,0.080385,0.000000
8,65.100000,0.080386,0.000000
9,65.100000,0.080386,0.000000
0,66.100000,0.059839,0.000000
1,66.100000,0.080386,0.000000
2,66.100000,0.014526,0.000000
3,66.100000,0.042553,0.000000
4,66.100000,0.059833,0.000000
5,66.100000,0.049291,0.000000
6,66.100000,0.059839,0.000000
7,66.100000,0.080385,0.000000
8,66.100000,0.080386,0.000000
9,66.100000,0.080386,0.000000
0,67.100000,0.059839,0.000000
1,67.100000,0.080385,0.000000
2,67.100000,0.014527,0.000000
3,67.100000,0.042553,0.000000
4,67.100000,0.059833,0.000000
5,67.100000,0.049282,0.000000
6,67.100000,0.059839,0.000000
7,67.100000,0.080386,0.000000
8,67.100000,0.080385,0.000000
9,67.100000,0.080385,0.000000
0,68.100000,0.059839,0.000000
1,68.100000,0.080386,0.000000
2,68.100000,0.014528,0.000000
3,68.100000,0.042553,0.000000
4,68.100000,0.059833,0.000000
5,68.100000,0.049269,0.000000
6,68.100000,0.059839,0.000000
7,68.100000,0.080386,0.000000
8,68.100000,0.080386,0.000000
9,68.100000,0.080386,0.000000
0,69.100000,0.059839,0.000000
1,69.100000,0.080386,0.000000
2,69.100000,0.014530,0.000000
3,69.100000,0.042553,0.000000
4,69.100000,0.059833,0.000000
5,69.100000,0.049276,0.000000
6,69.100000,0.059839,0.000000
7,69.100000,0.080386,0.000000
8,69.100000,0.080386,0.000000
9,69.100000,0.080386,0.000000
0,70.100000,0.080368,0.000000
1,70.100000,0.014554,0.000000
2,70.100000,0.042553,0.000000
3,70.100000,0.059833,0.000000
4,70.100000,0.080385,0.000000
5,70.100000,0.080386,0.000000
6,70.100000,0.049092,0.000000
7,70.100000,0.014575,0.000000
8,70.100000,0.014565,0.000000
9,70.100000,0.014558,0.000000
0,71.100000,0.080368,0.000000
1,71.100000,0.014570,0.000000
2,71.100000,0.042553,0.000000
3,71.100000,0.059833,0.000000
4,71.100000,0.080385,0.000000
5,71.100000,0.080387,0.000000
6,71.100000,0.049092,0.000000
7,71.100000,0.014574,0.000000
8,71.100000,0.014551,0.000000
9,71.100000,0.014559,0.000000
0,72.100000,0.080368,0.000000
1,72.100000,0.014576,0.000000
2,72.100000,0.042553,0.000000
3,72.100000,0.059833,0.000000
4,72.100000,0.080386,0.000000
5,72.100000,0.080386,0.000000
6,72.100000,0.049093,0.000000
7,72.100000,0.014571,0.000000
8,72.100000,0.014551,0.000000
9,72.100000,0.014571,0.000000
0,73.100000,0.080368,0.000000
1,73.100000,0.014565,0.000000
2,73.100000,0.042553,0.000000
3,73.100000,0.059833,0.000000
4,73.100000,0.080385,0.000000
5,73.100000,0.080385,0.000000
6,73.100000,0.049093,0.000000
7,73.100000,0.014560,0.000000
8,73.100000,0.014551,0.000000
9,73.100000,0.014571,0.000000
0,74.100000,0.080368,0.000000
1,74.100000,0.014569,0.000000
2,74.100000,0.042553,0.000000
3,74.100000,0.059834,0.000000
4,74.100000,0.080386,0.000000
5,74.100000,0.080386,0.000000
6,74.100000,0.049094,0.000000
7,74.100000,0.014562,0.000000
8,74.100000,0.014556,0.000000
9,74.100000,0.014582,0.000000
0,75.100000,0.080368,0.000000
1,75.100000,0.014589,0.000000
2,75.100000,0.042553,0.000000
3,75.100000,0.059833,0.000000
4,75.100000,0.080386,0.000000
5,75.100000,0.080386,0.000000
6,75.100000,0.049094,0.000000
7,75.100000,0.014574,0.000000
8,75.100000,0.014566,0.000000
9,75.100000,0.014580,0.000000
0,76.100000,0.080367,0.000000
1,76.100000,0.014585,0.000000
2,76.100000,0.042553,0.000000
3,76.100000,0.059833,0.000000
4,76.100000,0.080385,0.000000
5,76.100000,0.080385,0.000000
6,76.100000,0.049095,0.000000
7,76.100000,0.014566,0.000000
8,76.100000,0.014571,0.000000
9,76.100000,0.014561,0.000000
0,77.100000,0.080367,0.000000
1,77.100000,0.014565,0.000000
2,77.100000,0.042553,0.000000
3,77.100000,0.059833,0.000000
4,77.100000,0.080385,0.000000
5,77.100000,0.080386,0.000000
6,77.100000,0.049095,0.000000
7,77.100000,0.014566,0.000000
8,77.100000,0.014580,0.000000
9,77.100000,0.014578,0.000000
0,78.100000,0.080367,0.000000
1,78.100000,0.014569,0.000000
2,78.100000,0.042553,0.000000
3,78.100000,0.059833,0.000000
4,78.100000,0.080385,0.000000
5,78.100000,0.080386,0.000000
6,78.100000,0.049096,0.000000
7,78.100000,0.014563,0.000000
8,78.100000,0.014590,0.000000
9,78.100000,0.014576,0.000000
0,79.100000,0.080367,0.000000
1,79.100000,0.014571,0.000000
2,79.100000,0.042553,0.000000
3,79.100000,0.059833,0.000000
4,79.100000,0.080386,0.000000
5,79.100000,0.080386,0.000000
6,79.100000,0.049096,0.000000
7,79.100000,0.014557,0.000000
8,79.100000,0.014576,0.000000
9,79.100000,0.014567,0.000000
0,80.100000,0.014523,0.000000
1,80.100000,0.042553,0.000000
2,80.100000,0.059842,0.000000
3,80.100000,0.080386,0.000000
4,80.100000,0.049287,0.000000
5,80.100000,0.014559,0.000000
6,80.100000,0.080367,0.000000
7,80.100000,0.059833,0.000000
8,80.100000,0.059833,0.000000
9,80.100000,0.059833,0.000000
0,81.100000,0.014523,0.000000
1,81.100000,0.042553,0.000000
2,81.100000,0.129944,0.000000
3,81.100000,0.080385,0.000000
4,81.100000,0.049291,0.000000
5,81.100000,0.014570,0.000000
6,81.100000,0.080366,0.000000
7,81.100000,0.059833,0.000000
8,81.100000,0.059833,0.000000
9,81.100000,0.059833,0.000000
0,82.100000,0.014524,0.000000
1,82.100000,0.042553,0.000000
2,82.100000,0.059833,0.000000
3,82.100000,0.080386,0.000000
4,82.100000,0.049277,0.000000
5,82.100000,0.014572,0.000000
6,82.100000,0.080366,0.000000
7,82.100000,0.059833,0.000000
8,82.100000,0.059833,0.000000
9,82.100000,0.059833,0.000000
0,83.100000,0.014524,0.000000
1,83.100000,0.042553,0.000000
2,83.100000,0.059833,0.000000
3,83.100000,0.080386,0.000000
4,83.100000,0.049283,0.000000
5,83.100000,0.014567,0.000000
6,83.100000,0.080366,0.000000
7,83.100000,0.059833,0.000000
8,83.100000,0.059833,0.000000
9,83.100000,0.059833,0.000000
0,84.100000,0.014525,0.000000
1,84.100000,0.042553,0.000000
2,84.100000,0.059833,0.000000
3,84.100000,0.080385,0.000000
4,84.100000,0.049280,0.000000
5,84.100000,0.014561,0.000000
6,84.100000,0.080366,0.000000
7,84.100000,0.059833,0.000000
8,84.100000,0.059833,0.000000
9,84.100000,0.059833,0.000000
0,85.100000,0.014526,0.000000
1,85.100000,0.042553,0.000000
2,85.100000,0.059833,0.000000
3,85.100000,0.080386,0.000000
4,85.100000,0.049284,0.000000
5,85.100000,0.014549,0.000000
6,85.100000,0.080369,0.000000
7,85.100000,0.059833,0.000000
8,85.100000,0.059833,0.000000
9,85.100000,0.059833,0.000000
0,86.100000,0.014527,0.000000
1,86.100000,0.042553,0.000000
2,86.100000,0.059833,0.000000
3,86.100000,0.080386,0.000000
4,86.100000,0.049292,0.000000
5,86.100000,0.014549,0.000000
6,86.100000,0.080396,0.000000
7,86.100000,0.059833,0.000000
8,86.100000,0.059833,0.000000
9,86.100000,0.059833,0.000000
0,87.100000,0.014528,0.000000
1,87.100000,0.042553,0.000000
2,87.100000,0.059833,0.000000
3,87.100000,0.080386,0.000000
4,87.100000,0.049289,0.000000
5,87.100000,0.014561,0.000000
6,87.100000,0.080375,0.000000
7,87.100000,0.059833,0.000000
8,87.100000,0.059833,0.000000
9,87.100000,0.059833,0.000000
0,88.100000,0.014530,0.000000
1,88.100000,0.042553,0.000000
2,88.100000,0.059833,0.000000
3,88.100000,0.080385,0.000000
4,88.100000,0.049282,0.000000
5,88.100000,0.014560,0.000000
6,88.100000,0.080373,0.000000
7,88.100000,0.059833,0.000000
8,88.100000,0.059833,0.000000
9,88.100000,0.059833,0.000000
0,89.100000,0.014531,0.000000
1,89.100000,0.042553,0.000000
2,89.100000,0.059833,0.000000
3,89.100000,0.080385,0.000000
4,89.100000,0.049286,0.000000
5,89.100000,0.014557,0.000000
6,89.100000,0.080372,0.000000
7,89.100000,0.059833,0.000000
8,89.100000,0.059833,0.000000
9,89.100000,0.059833,0.000000
0,90.100000,0.559597,0.000000
1,90.100000,0.049270,0.000000
2,90.100000,0.080385,0.000000
3,90.100000,0.049270,0.000000
4,90.100000,0.014577,0.000000
5,90.100000,0.042553,0.000000
6,90.100000,0.014602,0.000000
7,90.100000,0.049288,0.000000
8,90.100000,0.049274,0.000000
9,90.100000,0.049285,0.000000
0,91.100000,0.369698,0.000000
1,91.100000,0.049268,0.000000
2,91.100000,0.080385,0.000000
3,91.100000,0.049273,0.000000
4,91.100000,0.014566,0.000000
5,91.100000,0.042553,0.000000
6,91.100000,0.014602,0.000000
7,91.100000,0.049293,0.000000
8,91.100000,0.049274,0.000000
9,91.100000,0.049285,0.000000
0,92.100000,0.253973,0.000000
1,92.100000,0.049277,0.000000
2,92.100000,0.080386,0.000000
3,92.100000,0.049278,0.000000
4,92.100000,0.014560,0.000000
5,92.100000,0.042553,0.000000
6,92.100000,0.014600,0.000000
7,92.100000,0.049290,0.000000
8,92.100000,0.049275,0.000000
9,92.100000,0.049286,0.000000
0,93.100000,0.185244,0.000000
1,93.100000,0.049279,0.000000
2,93.100000,0.080386,0.000000
3,93.100000,0.049276,0.000000
4,93.100000,0.014565,0.000000
5,93.100000,0.042553,0.000000
6,93.100000,0.014591,0.000000
7,93.100000,0.049290,0.000000
8,93.100000,0.049282,0.000000
9,93.100000,0.049276,0.000000
0,94.100000,0.142374,0.000000
1,94.100000,0.049271,0.000000
2,94.100000,0.080385,0.000000
3,94.100000,0.049287,0.000000
4,94.100000,0.014565,0.000000
5,94.100000,0.042553,0.000000
6,94.100000,0.014541,0.000000
7,94.100000,0.049292,0.000000
8,94.100000,0.049284,0.000000
9,94.100000,0.049288,0.000000
0,95.100000,0.111902,0.000000
1,95.100000,0.049267,0.000000
2,95.100000,0.080386,0.000000
3,95.100000,0.049287,0.000000
4,95.100000,0.014544,0.000000
5,95.100000,0.042553,0.000000
6,95.100000,0.014585,0.000000
7,95.100000,0.049299,0.000000
8,95.100000,0.049274,0.000000
9,95.100000,0.049286,0.000000
0,96.100000,0.088569,0.000000
1,96.100000,0.049276,0.000000
2,96.100000,0.080386,0.000000
3,96.100000,0.049279,0.000000
4,96.100000,0.014547,0.000000
5,96.100000,0.042553,0.000000
6,96.100000,0.014555,0.000000
7,96.100000,0.049297,0.000000
8,96.100000,0.049308,0.000000
9,96.100000,0.049302,0.000000
0,97.100000,0.070495,0.000000
1,97.100000,0.049269,0.000000
2,97.100000,0.080385,0.000000
3,97.100000,0.049275,0.000000
4,97.100000,0.014540,0.000000
5,97.100000,0.042553,0.000000
6,97.100000,0.014592,0.000000
7,97.100000,0.049289,0.000000
8,97.100000,0.049305,0.000000
9,97.100000,0.049298,0.000000
0,98.100000,0.058081,0.000000
1,98.100000,0.049269,0.000000
2,98.100000,0.080386,0.000000
3,98.100000,0.049270,0.000000
4,98.100000,0.014541,0.000000
5,98.100000,0.042553,0.000000
6,98.100000,0.014602,0.000000
7,98.100000,0.049288,0.000000
8,98.100000,0.049298,0.000000
9,98.100000,0.049292,0.000000
0,99.100000,0.621337,0.000000
1,99.100000,0.049274,0.000000
2,99.100000,0.080385,0.000000
3,99.100000,0.049275,0.000000
4,99.100000,0.014587,0.000000
5,99.100000,0.042553,0.000000
6,99.100000,0.014535,0.000000
7,99.100000,0.049282,0.000000
8,99.100000,0.049299,0.000000
9,99.100000,0.049297,0.000000
0,100.100000,0.042553,0.000000
1,100.100000,0.059834,0.000000
2,100.100000,0.049285,0.000000
3,100.100000,0.014577,0.000000
4,100.100000,0.042553,0.000000
5,100.100000,0.059833,0.000000
6,100.100000,0.042553,0.000000
7,100.100000,0.042553,0.000000
8,100.100000,0.042553,0.000000
9,100.100000,0.049291,0.000000
0,101.100000,0.042553,0.000000
1,101.100000,0.059833,0.000000
2,101.100000,0.049301,0.000000
3,101.100000,0.014562,0.000000
4,101.100000,0.042553,0.000000
5,101.100000,0.059834,0.000000
6,101.100000,0.042553,0.000000
7,101.100000,0.042553,0.000000
8,101.100000,0.042553,0.000000
9,101.100000,0.049285,0.000000
0,102.100000,0.042553,0.000000
1,102.100000,0.059833,0.000000
2,102.100000,0.049294,0.000000
3,102.100000,0.014553,0.000000
4,102.100000,0.042553,0.000000
5,102.100000,0.059833,0.000000
6,102.100000,0.042553,0.000000
7,102.100000,0.042553,0.000000
8,102.100000,0.042553,0.000000
9,102.100000,0.049279,0.000000
0,103.100000,0.042554,0.000000
1,103.100000,0.059834,0.000000
2,103.100000,0.049281,0.000000
3,103.100000,0.014572,0.000000
4,103.100000,0.042553,0.000000
5,103.100000,0.059833,0.000000
6,103.100000,0.042553,0.000000
7,103.100000,0.042553,0.000000
8,103.100000,0.042553,0.000000
9,103.100000,0.049303,0.000000
0,104.100000,0.042553,0.000000
1,104.100000,0.059834,0.000000
2,104.100000,0.049286,0.000000
3,104.100000,0.014581,0.000000
4,104.100000,0.042553,0.000000
5,104.100000,0.059833,0.000000
6,104.100000,0.042553,0.000000
7,104.100000,0.042553,0.000000
8,104.100000,0.042553,0.000000
9,104.100000,0.049293,0.000000
0,105.100000,0.042553,0.000000
1,105.100000,0.059833,0.000000
2,105.100000,0.049287,0.000000
3,105.100000,0.014579,0.000000
4,105.100000,0.042553,0.000000
5,105.100000,0.059833,0.000000
6,105.100000,0.042553,0.000000
7,105.100000,0.042553,0.000000
8,105.100000,0.042553,0.000000
9,105.100000,0.049303,0.000000
0,106.100000,0.042553,0.000000
1,106.100000,0.059834,0.000000
2,106.100000,0.049290,0.000000
3,106.100000,0.014582,0.000000
4,106.100000,0.042553,0.000000
5,106.100000,0.059833,0.000000
6,106.100000,0.042553,0.000000
7,106.100000,0.042553,0.000000
8,106.100000,0.042553,0.000000
9,106.100000,0.049289,0.000000
0,107.100000,0.042553,0.000000
1,107.100000,0.059833,0.000000
2,107.100000,0.049280,0.000000
3,107.100000,0.014573,0.000000
4,107.100000,0.042553,0.000000
5,107.100000,0.059833,0.000000
6,107.100000,0.042554,0.000000
7,107.100000,0.042553,0.000000
8,107.100000,0.042553,0.000000
9,107.100000,0.049284,0.000000
0,108.100000,0.042553,0.000000
1,108.100000,0.059833,0.000000
2,108.100000,0.049294,0.000000
3,108.100000,0.014558,0.000000
4,108.100000,0.042553,0.000000
5,108.100000,0.059833,0.000000
6,108.100000,0.042554,0.000000
7,108.100000,0.042553,0.000000
8,108.100000,0.042553,0.000000
9,108.100000,0.049302,0.000000
0,109.100000,0.042553,0.000000
1,109.100000,0.059833,0.000000
2,109.100000,0.049287,0.000000
3,109.100000,0.014571,0.000000
4,109.100000,0.042553,0.000000
5,109.100000,0.059833,0.000000
6,109.100000,0.042554,0.000000
7,109.100000,0.042553,0.000000
8,109.100000,0.042553,0.000000
9,109.100000,0.049293,0.000000
0,110.100000,0.059833,0.000000
1,110.100000,0.080385,0.000000
2,110.100000,0.014560,0.000000
3,110.100000,0.042553,0.000000
4,110.100000,0.059833,0.000000
5,110.100000,0.049285,0.000000
6,110.100000,0.059830,0.000000
7,110.100000,0.080385,0.000000
8,110.100000,0.080386,0.000000
9,110.100000,0.042553,0.000000
0,111.100000,0.059833,0.000000
1,111.100000,0.080386,0.000000
2,111.100000,0.014568,0.000000
3,111.100000,0.042553,0.000000
4,111.100000,0.059833,0.000000
5,111.100000,0.049277,0.000000
6,111.100000,0.059830,0.000000
7,111.100000,0.080386,0.000000
8,111.100000,0.080385,0.000000
9,111.100000,0.042553,0.000000
0,112.100000,0.059833,0.000000
1,112.100000,0.080386,0.000000
2,112.100000,0.014567,0.000000
3,112.100000,0.042553,0.000000
4,112.100000,0.059833,0.000000
5,112.100000,0.049291,0.000000
6,112.100000,0.059830,0.000000
7,112.100000,0.080386,0.000000
8,112.100000,0.080386,0.000000
9,112.100000,0.042553,0.000000
0,113.100000,0.059833,0.000000
1,113.100000,0.080386,0.000000
2,113.100000,0.014563,0.000000
3,113.100000,0.042553,0.000000
4,113.100000,0.059834,0.000000
5,113.100000,0.049293,0.000000
6,113.100000,0.059831,0.000000
7,113.100000,0.080386,0.000000
8,113.100000,0.080385,0.000000
9,113.100000,0.042553,0.000000
0,114.100000,0.059833,0.000000
1,114.100000,0.080386,0.000000
2,114.100000,0.014572,0.000000
3,114.100000,0.042553,0.000000
4,114.100000,0.059833,0.000000
5,114.100000,0.049290,0.000000
6,114.100000,0.059832,0.000000
7,114.100000,0.080386,0.000000
8,114.100000,0.080387,0.000000
9,114.100000,0.042553,0.000000
0,115.100000,0.059833,0.000000
1,115.100000,0.080385,0.000000
2,115.100000,0.014570,0.000000
3,115.100000,0.042553,0.000000
4,115.100000,0.059833,0.000000
5,115.100000,0.049288,0.000000
6,115.100000,0.059844,0.000000
7,115.100000,0.080386,0.000000
8,115.100000,0.080384,0.000000
9,115.100000,0.042553,0.000000
0,116.100000,0.059834,0.000000
1,116.100000,0.080386,0.000000
2,116.100000,0.014561,0.000000
3,116.100000,0.042553,0.000000
4,116.100000,0.059833,0.000000
5,116.100000,0.049288,0.000000
6,116.100000,0.059854,0.000000
7,116.100000,0.080385,0.000000
8,116.100000,0.080386,0.000000
9,116.100000,0.042553,0.000000
0,117.100000,0.059833,0.000000
1,117.100000,0.080386,0.000000
2,117.100000,0.014564,0.000000
3,117.100000,0.042553,0.000000
4,117.100000,0.059833,0.000000
5,117.100000,0.049280,0.000000
6,117.100000,0.059849,0.000000
7,117.100000,0.080385,0.000000
8,117.100000,0.080385,0.000000
9,117.100000,0.042553,0.000000
0,118.100000,0.059833,0.000000
1,118.100000,0.080385,0.000000
2,118.100000,0.014579,0.000000
3,118.100000,0.042553,0.000000
4,118.100000,0.059833,0.000000
5,118.100000,0.049277,0.000000
6,118.100000,0.059853,0.000000
7,118.100000,0.080387,0.000000
8,118.100000,0.080386,0.000000
9,118.100000,0.042553,0.000000
0,119.100000,0.059833,0.000000
1,119.100000,0.080385,0.000000
2,119.100000,0.014564,0.000000
3,119.100000,0.042553,0.000000
4,119.100000,0.059833,0.000000
5,119.100000,0.049286,0.000000
6,119.100000,0.070038,0.000000
7,119.100000,0.080385,0.000000
8,119.100000,0.080385,0.000000
9,119.100000,0.042553,0.000000
0,120.100000,0.080387,0.000000
1,120.100000,0.014595,0.000000
2,120.100000,0.042553,0.000000
3,120.100000,0.059833,0.000000
4,120.100000,0.080386,0.000000
5,120.100000,0.080386,0.000000
6,120.100000,0.621351,0.000000
7,120.100000,0.014571,0.000000
8,120.100000,0.014564,0.000000
9,120.100000,0.080385,0.000000
0,121.100000,0.080389,0.000000
1,121.100000,0.014596,0.000000
2,121.100000,0.042553,0.000000
3,121.100000,0.059833,0.000000
4,121.100000,0.080386,0.000000
5,121.100000,0.080386,0.000000
6,121.100000,0.621351,0.000000
7,121.100000,0.014556,0.000000
8,121.100000,0.014562,0.000000
9,121.100000,0.080386,0.000000
0,122.100000,0.080394,0.000000
1,122.100000,0.014577,0.000000
2,122.100000,0.042553,0.000000
3,122.100000,0.059833,0.000000
4,122.100000,0.080385,0.000000
5,122.100000,0.080385,0.000000
6,122.100000,0.072924,0.000000
7,122.100000,0.014562,0.000000
8,122.100000,0.014563,0.000000
9,122.100000,0.080385,0.000000
0,123.100000,0.080388,0.000000
1,123.100000,0.014587,0.000000
2,123.100000,0.042553,0.000000
3,123.100000,0.059833,0.000000
4,123.100000,0.080385,0.000000
5,123.100000,0.080386,0.000000
6,123.100000,0.051752,0.000000
7,123.100000,0.014560,0.000000
8,123.100000,0.014574,0.000000
9,123.100000,0.080386,0.000000
0,124.100000,0.080387,0.000000
1,124.100000,0.014578,0.000000
2,124.100000,0.042553,0.000000
3,124.100000,0.059833,0.000000
4,124.100000,0.080387,0.000000
5,124.100000,0.080386,0.000000
6,124.100000,0.049925,0.000000
7,124.100000,0.014576,0.000000
8,124.100000,0.014566,0.000000
9,124.100000,0.080386,0.000000
0,125.100000,0.080389,0.000000
1,125.100000,0.014568,0.000000
2,125.100000,0.042553,0.000000
3,125.100000,0.059833,0.000000
4,125.100000,0.080385,0.000000
5,125.100000,0.080385,0.000000
6,125.100000,0.049223,0.000000
7,125.100000,0.014580,0.000000
8,125.100000,0.014571,0.000000
9,125.100000,0.080386,0.000000
0,126.100000,0.080390,0.000000
1,126.100000,0.014589,0.000000
2,126.100000,0.042553,0.000000
3,126.100000,0.059833,0.000000
4,126.100000,0.080385,0.000000
5,126.100000,0.080386,0.000000
6,126.100000,0.049160,0.000000
7,126.100000,0.014553,0.000000
8,126.100000,0.014579,0.000000
9,126.100000,0.080386,0.000000
0,127.100000,0.080390,0.000000
1,127.100000,0.014573,0.000000
2,127.100000,0.042553,0.000000
3,127.100000,0.059833,0.000000
4,127.100000,0.080385,0.000000
5,127.100000,0.080386,0.000000
6,127.100000,0.049174,0.000000
7,127.100000,0.014545,0.000000
8,127.100000,0.014561,0.000000
9,127.100000,0.080386,0.000000
0,128.100000,0.080388,0.000000
1,128.100000,0.014561,0.000000
2,128.100000,0.042553,0.000000
3,128.100000,0.059833,0.000000
4,128.100000,0.080387,0.000000
5,128.100000,0.080387,0.000000
6,128.100000,0.049185,0.000000
7,128.100000,0.014563,0.000000
8,128.100000,0.014585,0.000000
9,128.100000,0.080386,0.000000
0,129.100000,0.080396,0.000000
1,129.100000,0.014565,0.000000
2,129.100000,0.042553,0.000000
3,129.100000,0.059833,0.000000
4,129.100000,0.080385,0.000000
5,129.100000,0.080385,0.000000
6,129.100000,0.049130,0.000000
7,129.100000,0.014578,0.000000
8,129.100000,0.014601,0.000000
9,129.100000,0.080386,0.000000
0,130.100000,0.014782,0.000000
1,130.100000,0.042553,0.000000
2,130.100000,0.059833,0.000000
3,130.100000,0.080386,0.000000
4,130.100000,0.049294,0.000000
5,130.100000,0.014575,0.000000
6,130.100000,0.015475,0.000000
7,130.100000,0.059833,0.000000
8,130.100000,0.059833,0.000000
9,130.100000,0.014569,0.000000
0,131.100000,0.014854,0.000000
1,131.100000,0.042553,0.000000
2,131.100000,0.059833,0.000000
3,131.100000,0.080385,0.000000
4,131.100000,0.049300,0.000000
5,131.100000,0.014560,0.000000
6,131.100000,0.015453,0.000000
7,131.100000,0.059833,0.000000
8,131.100000,0.059833,0.000000
9,131.100000,0.014554,0.000000
0,132.100000,0.014860,0.000000
1,132.100000,0.042553,0.000000
2,132.100000,0.059833,0.000000
3,132.100000,0.080386,0.000000
4,132.100000,0.049298,0.000000
5,132.100000,0.014561,0.000000
6,132.100000,0.014596,0.000000
7,132.100000,0.059833,0.000000
8,132.100000,0.059833,0.000000
9,132.100000,0.014547,0.000000
0,133.100000,0.014884,0.000000
1,133.100000,0.042553,0.000000
2,133.100000,0.059833,0.000000
3,133.100000,0.080385,0.000000
4,133.100000,0.049294,0.000000
5,133.100000,0.014559,0.000000
6,133.100000,0.014590,0.000000
7,133.100000,0.059833,0.000000
8,133.100000,0.059833,0.000000
9,133.100000,0.014573,0.000000
0,134.100000,0.014932,0.000000
1,134.100000,0.042553,0.000000
2,134.100000,0.059833,0.000000
3,134.100000,0.080387,0.000000
4,134.100000,0.049282,0.000000
5,134.100000,0.014569,0.000000
6,134.100000,0.014583,0.000000
7,134.100000,0.059833,0.000000
8,134.100000,0.059833,0.000000
9,134.100000,0.014571,0.000000
0,135.100000,0.015034,0.000000
1,135.100000,0.042553,0.000000
2,135.100000,0.059833,0.000000
3,135.100000,0.080385,0.000000
4,135.100000,0.049276,0.000000
5,135.100000,0.014560,0.000000
6,135.100000,0.014577,0.000000
7,135.100000,0.059833,0.000000
8,135.100000,0.059833,0.000000
9,135.100000,0.014575,0.000000
0,136.100000,0.015057,0.000000
1,136.100000,0.042553,0.000000
2,136.100000,0.059833,0.000000
3,136.100000,0.080386,0.000000
4,136.100000,0.049281,0.000000
5,136.100000,0.014549,0.000000
6,136.100000,0.014571,0.000000
7,136.100000,0.059833,0.000000
8,136.100000,0.059833,0.000000
9,136.100000,0.014598,0.000000
0,137.100000,0.015092,0.000000
1,137.100000,0.042553,0.000000
2,137.100000,0.059833,0.000000
3,137.100000,0.080386,0.000000
4,137.100000,0.049280,0.000000
5,137.100000,0.014557,0.000000
6,137.100000,0.014566,0.000000
7,137.100000,0.059833,0.000000
8,137.100000,0.059833,0.000000
9,137.100000,0.014576,0.000000
0,138.100000,0.015143,0.000000
1,138.100000,0.042553,0.000000
2,138.100000,0.059833,0.000000
3,138.100000,0.080385,0.000000
4,138.100000,0.049285,0.000000
5,138.100000,0.014569,0.000000
6,138.100000,0.014561,0.000000
7,138.100000,0.059833,0.000000
8,138.100000,0.059833,0.000000
9,138.100000,0.014585,0.000000
0,139.100000,0.015312,0.000000
1,139.100000,0.042553,0.000000
2,139.100000,0.059833,0.000000
3,139.100000,0.080386,0.000000
4,139.100000,0.049282,0.000000
5,139.100000,0.014570,0.000000
6,139.100000,0.014556,0.000000
7,139.100000,0.059833,0.000000
8,139.100000,0.059833,0.000000
9,139.100000,0.014579,0.000000
0,140.100000,0.621269,0.000000
1,140.100000,0.059833,0.000000
2,140.100000,0.080386,0.000000
3,140.100000,0.049286,0.000000
4,140.100000,0.014603,0.000000
5,140.100000,0.042554,0.000000
6,140.100000,0.080369,0.000000
7,140.100000,0.049287,0.000000
8,140.100000,0.049293,0.000000
9,140.100000,0.059833,0.000000
0,141.100000,0.621284,0.000000
1,141.100000,0.059833,0.000000
2,141.100000,0.080385,0.000000
3,141.100000,0.049283,0.000000
4,141.100000,0.014589,0.000000
5,141.100000,0.042553,0.000000
6,141.100000,0.080369,0.000000
7,141.100000,0.049287,0.000000
8,141.100000,0.049288,0.000000
9,141.100000,0.059833,0.000000
0,142.100000,0.621284,0.000000
1,142.100000,0.059833,0.000000
2,142.100000,0.080386,0.000000
3,142.100000,0.049305,0.000000
4,142.100000,0.014577,0.000000
5,142.100000,0.042553,0.000000
6,142.100000,0.080369,0.000000
7,142.100000,0.049279,0.000000
8,142.100000,0.049284,0.000000
9,142.100000,0.059833,0.000000
0,143.100000,0.621286,0.000000
1,143.100000,0.059833,0.000000
2,143.100000,0.080385,0.000000
3,143.100000,0.049300,0.000000
4,143.100000,0.014577,0.000000
5,143.100000,0.042553,0.000000
6,143.100000,0.080368,0.000000
7,143.100000,0.049282,0.000000
8,143.100000,0.049275,0.000000
9,143.100000,0.059833,0.000000
0,144.100000,0.621288,0.000000
1,144.100000,0.059832,0.000000
2,144.100000,0.080387,0.000000
3,144.100000,0.049284,0.000000
4,144.100000,0.014570,0.000000
5,144.100000,0.042553,0.000000
6,144.100000,0.080368,0.000000
7,144.100000,0.049288,0.000000
8,144.100000,0.049283,0.000000
9,144.100000,0.059833,0.000000
0,145.100000,0.621304,0.000000
1,145.100000,0.059832,0.000000
2,145.100000,0.080385,0.000000
3,145.100000,0.049294,0.000000
4,145.100000,0.014572,0.000000
5,145.100000,0.042553,0.000000
6,145.100000,0.080368,0.000000
7,145.100000,0.049277,0.000000
8,145.100000,0.049280,0.000000
9,145.100000,0.059833,0.000000
0,146.100000,0.621306,0.000000
1,146.100000,0.059833,0.000000
2,146.100000,0.080385,0.000000
3,146.100000,0.049294,0.000000
4,146.100000,0.014585,0.000000
5,146.100000,0.042553,0.000000
6,146.100000,0.080371,0.000000
7,146.100000,0.049291,0.000000
8,146.100000,0.049289,0.000000
9,146.100000,0.059833,0.000000
0,147.100000,0.621304,0.000000
1,147.100000,0.059832,0.000000
2,147.100000,0.080386,0.000000
3,147.100000,0.049297,0.000000
4,147.100000,0.014596,0.000000
5,147.100000,0.042553,0.000000
6,147.100000,0.080399,0.000000
7,147.100000,0.049294,0.000000
8,147.100000,0.049272,0.000000
9,147.100000,0.059833,0.000000
0,148.100000,0.621309,0.000000
1,148.100000,0.059832,0.000000
2,148.100000,0.080386,0.000000
3,148.100000,0.049294,0.000000
4,148.100000,0.014597,0.000000
5,148.100000,0.042553,0.000000
6,148.100000,0.080377,0.000000
7,148.100000,0.049291,0.000000
8,148.100000,0.049284,0.000000
9,148.100000,0.059833,0.000000
0,149.100000,0.621310,0.000000
1,149.100000,0.059832,0.000000
2,149.100000,0.080386,0.000000
3,149.100000,0.049286,0.000000
4,149.100000,0.014599,0.000000
5,149.100000,0.042553,0.000000
6,149.100000,0.080374,0.000000
7,149.100000,0.049293,0.000000
8,149.100000,0.049299,0.000000
9,149.100000,0.059833,0.000000
0,150.100000,0.844963,0.000000
1,150.100000,0.080392,0.000000
2,150.100000,0.049284,0.000000
3,150.100000,0.014564,0.000000
4,150.100000,0.042553,0.000000
5,150.100000,0.059833,0.000000
6,150.100000,0.042553,0.000000
7,150.100000,0.042553,0.000000
8,150.100000,0.042553,0.000000
9,150.100000,0.049307,0.000000
0,151.100000,0.844963,0.000000
1,151.100000,0.080392,0.000000
2,151.100000,0.049293,0.000000
3,151.100000,0.014569,0.000000
4,151.100000,0.042553,0.000000
5,151.100000,0.059833,0.000000
6,151.100000,0.042553,0.000000
7,151.100000,0.042553,0.000000
8,151.100000,0.042553,0.000000
9,151.100000,0.049311,0.000000
0,152.100000,0.844963,0.000000
1,152.100000,0.080387,0.000000
2,152.100000,0.049280,0.000000
3,152.100000,0.014561,0.000000
4,152.100000,0.042553,0.000000
5,152.100000,0.059833,0.000000
6,152.100000,0.042553,0.000000
7,152.100000,0.042553,0.000000
8,152.100000,0.042553,0.000000
9,152.100000,0.049296,0.000000
0,153.100000,0.844963,0.000000
1,153.100000,0.080397,0.000000
2,153.100000,0.049313,0.000000
3,153.100000,0.014556,0.000000
4,153.100000,0.042553,0.000000
5,153.100000,0.059833,0.000000
6,153.100000,0.042553,0.000000
7,153.100000,0.042553,0.000000
8,153.100000,0.042553,0.000000
9,153.100000,0.049303,0.000000
0,154.100000,0.844963,0.000000
1,154.100000,0.080390,0.000000
2,154.100000,0.049306,0.000000
3,154.100000,0.014597,0.000000
4,154.100000,0.042553,0.000000
5,154.100000,0.059833,0.000000
6,154.100000,0.042553,0.000000
7,154.100000,0.042553,0.000000
8,154.100000,0.042553,0.000000
9,154.100000,0.049309,0.000000
0,155.100000,0.844963,0.000000
1,155.100000,0.080443,0.000000
2,155.100000,0.049295,0.000000
3,155.100000,0.014598,0.000000
4,155.100000,0.042553,0.000000
5,155.100000,0.059833,0.000000
6,155.100000,0.042553,0.000000
7,155.100000,0.042553,0.000000
8,155.100000,0.042553,0.000000
9,155.100000,0.049289,0.000000
0,156.100000,0.844963,0.000000
1,156.100000,0.080410,0.000000
2,156.100000,0.049297,0.000000
3,156.100000,0.014577,0.000000
4,156.100000,0.042553,0.000000
5,156.100000,0.059833,0.000000
6,156.100000,0.042554,0.000000
7,156.100000,0.042553,0.000000
8,156.100000,0.042553,0.000000
9,156.100000,0.049293,0.000000
0,157.100000,0.844963,0.000000
1,157.100000,0.080890,0.000000
2,157.100000,0.049290,0.000000
3,157.100000,0.014570,0.000000
4,157.100000,0.042553,0.000000
5,157.100000,0.059833,0.000000
6,157.100000,0.042553,0.000000
7,157.100000,0.042553,0.000000
8,157.100000,0.042553,0.000000
9,157.100000,0.049292,0.000000
0,158.100000,0.844963,0.000000
1,158.100000,0.082054,0.000000
2,158.100000,0.049284,0.000000
3,158.100000,0.014565,0.000000
4,158.100000,0.042553,0.000000
5,158.100000,0.059833,0.000000
6,158.100000,0.042553,0.000000
7,158.100000,0.042553,0.000000
8,158.100000,0.042553,0.000000
9,158.100000,0.049282,0.000000
0,159.100000,0.844963,0.000000
1,159.100000,0.112219,0.000000
2,159.100000,0.049288,0.000000
3,159.100000,0.014575,0.000000
4,159.100000,0.042553,0.000000
5,159.100000,0.059833,0.000000
6,159.100000,0.042553,0.000000
7,159.100000,0.042553,0.000000
8,159.100000,0.042553,0.000000
9,159.100000,0.049286,0.000000
0,160.100000,0.679893,0.000000
1,160.100000,0.015184,0.000000
2,160.100000,0.014552,0.000000
3,160.100000,0.042553,0.000000
4,160.100000,0.059833,0.000000
5,160.100000,0.049281,0.000000
6,160.100000,0.014588,0.000000
7,160.100000,0.080385,0.000000
8,160.100000,0.080387,0.000000
9,160.100000,0.042553,0.000000
0,161.100000,0.679894,0.000000
1,161.100000,0.015201,0.000000
2,161.100000,0.014569,0.000000
3,161.100000,0.042553,0.000000
4,161.100000,0.059833,0.000000
5,161.100000,0.049287,0.000000
6,161.100000,0.014587,0.000000
7,161.100000,0.080385,0.000000
8,161.100000,0.080385,0.000000
9,161.100000,0.042553,0.000000
0,162.100000,0.679895,0.000000
1,162.100000,0.015272,0.000000
2,162.100000,0.014578,0.000000
3,162.100000,0.042553,0.000000
4,162.100000,0.059833,0.000000
5,162.100000,0.049288,0.000000
6,162.100000,0.014569,0.000000
7,162.100000,0.080386,0.000000
8,162.100000,0.080386,0.000000
9,162.100000,0.042553,0.000000
0,163.100000,0.679897,0.000000
1,163.100000,0.015844,0.000000
2,163.100000,0.014577,0.000000
3,163.100000,0.042553,0.000000
4,163.100000,0.059833,0.000000
5,163.100000,0.049274,0.000000
6,163.100000,0.014574,0.000000
7,163.100000,0.080386,0.000000
8,163.100000,0.080387,0.000000
9,163.100000,0.042553,0.000000
0,164.100000,0.679897,0.000000
1,164.100000,0.016999,0.000000
2,164.100000,0.014574,0.000000
3,164.100000,0.042553,0.000000
4,164.100000,0.059833,0.000000
5,164.100000,0.049280,0.000000
6,164.100000,0.014565,0.000000
7,164.100000,0.080385,0.000000
8,164.100000,0.080385,0.000000
9,164.100000,0.042553,0.000000
0,165.100000,0.679902,0.000000
1,165.100000,0.019146,0.000000
2,165.100000,0.014579,0.000000
3,165.100000,0.042553,0.000000
4,165.100000,0.059833,0.000000
5,165.100000,0.049278,0.000000
6,165.100000,0.014565,0.000000
7,165.100000,0.080385,0.000000
8,165.100000,0.080386,0.000000
9,165.100000,0.042553,0.000000
0,166.100000,0.679901,0.000000
1,166.100000,0.027037,0.000000
2,166.100000,0.014581,0.000000
3,166.100000,0.042553,0.000000
4,166.100000,0.059833,0.000000
5,166.100000,0.049283,0.000000
6,166.100000,0.014582,0.000000
7,166.100000,0.080386,0.000000
8,166.100000,0.080387,0.000000
9,166.100000,0.042553,0.000000
0,167.100000,0.679901,0.000000
1,167.100000,0.860760,0.000000
2,167.100000,0.014562,0.000000
3,167.100000,0.042553,0.000000
4,167.100000,0.059833,0.000000
5,167.100000,0.049275,0.000000
6,167.100000,0.014567,0.000000
7,167.100000,0.080385,0.000000
8,167.100000,0.080385,0.000000
9,167.100000,0.042553,0.000000
0,168.100000,0.679902,0.000000
1,168.100000,0.942043,0.000000
2,168.100000,0.014558,0.000000
3,168.100000,0.042553,0.000000
4,168.100000,0.059833,0.000000
5,168.100000,0.049284,0.000000
6,168.100000,0.014573,0.000000
7,168.100000,0.080386,0.000000
8,168.100000,0.080385,0.000000
9,168.100000,0.042553,0.000000
0,169.100000,0.679903,0.000000
1,169.100000,0.948944,0.000000
2,169.100000,0.014556,0.000000
3,169.100000,0.042553,0.000000
4,169.100000,0.059833,0.000000
5,169.100000,0.049276,0.000000
6,169.100000,0.014591,0.000000
7,169.100000,0.080385,0.000000
8,169.100000,0.080386,0.000000
9,169.100000,0.042553,0.000000
0,170.100000,0.948184,0.000000
1,170.100000,0.621304,0.000000
2,170.100000,0.042553,0.000000
3,170.100000,0.059833,0.000000
4,170.100000,0.080386,0.000000
5,170.100000,0.080386,0.000000
6,170.100000,0.042553,0.000000
7,170.100000,0.014571,0.000000
8,170.100000,0.014579,0.000000
9,170.100000,0.080385,0.000000
0,171.100000,0.948183,0.000000
1,171.100000,0.621304,0.000000
2,171.100000,0.042553,0.000000
3,171.100000,0.059833,0.000000
4,171.100000,0.080386,0.000000
5,171.100000,0.080386,0.000000
6,171.100000,0.042553,0.000000
7,171.100000,0.014585,0.000000
8,171.100000,0.014571,0.000000
9,171.100000,0.080385,0.000000
0,172.100000,0.948177,0.000000
1,172.100000,0.621311,0.000000
2,172.100000,0.042553,0.000000
3,172.100000,0.059834,0.000000
4,172.100000,0.080386,0.000000
5,172.100000,0.080386,0.000000
6,172.100000,0.042553,0.000000
7,172.100000,0.014584,0.000000
8,172.100000,0.014577,0.000000
9,172.100000,0.080386,0.000000
0,173.100000,0.948167,0.000000
1,173.100000,0.621303,0.000000
2,173.100000,0.042553,0.000000
3,173.100000,0.059833,0.000000
4,173.100000,0.080385,0.000000
5,173.100000,0.080385,0.000000
6,173.100000,0.042553,0.000000
7,173.100000,0.014558,0.000000
8,173.100000,0.014580,0.000000
9,173.100000,0.080385,0.000000
0,174.100000,0.948161,0.000000
1,174.100000,0.621316,0.000000
2,174.100000,0.042553,0.000000
3,174.100000,0.059833,0.000000
4,174.100000,0.080386,0.000000
5,174.100000,0.080386,0.000000
6,174.100000,0.042553,0.000000
7,174.100000,0.014551,0.000000
8,174.100000,0.014568,0.000000
9,174.100000,0.080386,0.000000
0,175.100000,0.948183,0.000000
1,175.100000,0.621320,0.000000
2,175.100000,0.042553,0.000000
3,175.100000,0.059833,0.000000
4,175.100000,0.080386,0.000000
5,175.100000,0.080385,0.000000
6,175.100000,0.042553,0.000000
7,175.100000,0.014564,0.000000
8,175.100000,0.014570,0.000000
9,175.100000,0.080386,0.000000
0,176.100000,0.948186,0.000000
1,176.100000,0.621315,0.000000
2,176.100000,0.042553,0.000000
3,176.100000,0.059833,0.000000
4,176.100000,0.080386,0.000000
5,176.100000,0.080386,0.000000
6,176.100000,0.042553,0.000000
7,176.100000,0.014561,0.000000
8,176.100000,0.014578,0.000000
9,176.100000,0.080385,0.000000
0,177.100000,0.948184,0.000000
1,177.100000,0.621317,0.000000
2,177.100000,0.042553,0.000000
3,177.100000,0.059833,0.000000
4,177.100000,0.080385,0.000000
5,177.100000,0.080386,0.000000
6,177.100000,0.042553,0.000000
7,177.100000,0.014635,0.000000
8,177.100000,0.014574,0.000000
9,177.100000,0.080386,0.000000
0,178.100000,0.080366,0.000000
1,178.100000,0.621322,0.000000
2,178.100000,0.042553,0.000000
3,178.100000,0.059833,0.000000
4,178.100000,0.080385,0.000000
5,178.100000,0.080385,0.000000
6,178.100000,0.042553,0.000000
7,178.100000,0.014965,0.000000
8,178.100000,0.014563,0.000000
9,178.100000,0.080386,0.000000
0,179.100000,0.080375,0.000000
1,179.100000,0.621325,0.000000
2,179.100000,0.042553,0.000000
3,179.100000,0.059833,0.000000
4,179.100000,0.080385,0.000000
5,179.100000,0.080386,0.000000
6,179.100000,0.042553,0.000000
7,179.100000,0.014871,0.000000
8,179.100000,0.014554,0.000000
9,179.100000,0.080385,0.000000
0,180.100000,0.015395,0.000000
1,180.100000,0.844963,0.000000
2,180.100000,0.059833,0.000000
3,180.100000,0.080384,0.000000
4,180.100000,0.049280,0.000000
5,180.100000,0.014583,0.000000
6,180.100000,0.059833,0.000000
7,180.100000,0.059830,0.000000
8,180.100000,0.059833,0.000000
9,180.100000,0.014580,0.000000
0,181.100000,0.015368,0.000000
1,181.100000,0.844963,0.000000
2,181.100000,0.059833,0.000000
3,181.100000,0.080387,0.000000
4,181.100000,0.049275,0.000000
5,181.100000,0.014565,0.000000
6,181.100000,0.059834,0.000000
7,181.100000,0.059831,0.000000
8,181.100000,0.059833,0.000000
9,181.100000,0.014584,0.000000
0,182.100000,0.015338,0.000000
1,182.100000,0.844963,0.000000
2,182.100000,0.059833,0.000000
3,182.100000,0.080385,0.000000
4,182.100000,0.049279,0.000000
5,182.100000,0.014548,0.000000
6,182.100000,0.059833,0.000000
7,182.100000,0.059832,0.000000
8,182.100000,0.059834,0.000000
9,182.100000,0.014586,0.000000
0,183.100000,0.015310,0.000000
1,183.100000,0.844963,0.000000
2,183.100000,0.059833,0.000000
3,183.100000,0.080385,0.000000
4,183.100000,0.049278,0.000000
5,183.100000,0.014557,0.000000
6,183.100000,0.059833,0.000000
7,183.100000,0.059833,0.000000
8,183.100000,0.059833,0.000000
9,183.100000,0.014568,0.000000
0,184.100000,0.015268,0.000000
1,184.100000,0.844963,0.000000
2,184.100000,0.059833,0.000000
3,184.100000,0.080386,0.000000
4,184.100000,0.049279,0.000000
5,184.100000,0.014575,0.000000
6,184.100000,0.059834,0.000000
7,184.100000,0.059833,0.000000
8,184.100000,0.059833,0.000000
9,184.100000,0.014564,0.000000
0,185.100000,0.015228,0.000000
1,185.100000,0.844963,0.000000
2,185.100000,0.059833,0.000000
3,185.100000,0.080385,0.000000
4,185.100000,0.049299,0.000000
5,185.100000,0.014565,0.000000
6,185.100000,0.059833,0.000000
7,185.100000,0.059834,0.000000
8,185.100000,0.059833,0.000000
9,185.100000,0.014575,0.000000
0,186.100000,0.015196,0.000000
1,186.100000,0.844963,0.000000
2,186.100000,0.059833,0.000000
3,186.100000,0.080385,0.000000
4,186.100000,0.049289,0.000000
5,186.100000,0.014588,0.000000
6,186.100000,0.059833,0.000000
7,186.100000,0.059836,0.000000
8,186.100000,0.059833,0.000000
9,186.100000,0.014585,0.000000
0,187.100000,0.015173,0.000000
1,187.100000,0.844963,0.000000
2,187.100000,0.059833,0.000000
3,187.100000,0.080386,0.000000
4,187.100000,0.049281,0.000000
5,187.100000,0.014606,0.000000
6,187.100000,0.059833,0.000000
7,187.100000,0.059839,0.000000
8,187.100000,0.059833,0.000000
9,187.100000,0.014573,0.000000
0,188.100000,0.014596,0.000000
1,188.100000,0.844963,0.000000
2,188.100000,0.059833,0.000000
3,188.100000,0.080387,0.000000
4,188.100000,0.049284,0.000000
5,188.100000,0.014580,0.000000
6,188.100000,0.059833,0.000000
7,188.100000,0.059838,0.000000
8,188.100000,0.059833,0.000000
9,188.100000,0.014562,0.000000
0,189.100000,0.014590,0.000000
1,189.100000,0.844963,0.000000
2,189.100000,0.059833,0.000000
3,189.100000,0.080385,0.000000
4,189.100000,0.049284,0.000000
5,189.100000,0.014562,0.000000
6,189.100000,0.059833,0.000000
7,189.100000,0.059838,0.000000
8,189.100000,0.059833,0.000000
9,189.100000,0.014553,0.000000
0,190.100000,0.049088,0.000000
1,190.100000,0.679900,0.000000
2,190.100000,0.080385,0.000000
3,190.100000,0.049290,0.000000
4,190.100000,0.014573,0.000000
5,190.100000,0.042553,0.000000
6,190.100000,0.049299,0.000000
7,190.100000,0.049088,0.000000
8,190.100000,0.049282,0.000000
9,190.100000,0.059833,0.000000
0,191.100000,0.049088,0.000000
1,191.100000,0.679901,0.000000
2,191.100000,0.080385,0.000000
3,191.100000,0.049283,0.000000
4,191.100000,0.014567,0.000000
5,191.100000,0.042554,0.000000
6,191.100000,0.049296,0.000000
7,191.100000,0.049088,0.000000
8,191.100000,0.049281,0.000000
9,191.100000,0.059833,0.000000
0,192.100000,0.049089,0.000000
1,192.100000,0.679902,0.000000
2,192.100000,0.080386,0.000000
3,192.100000,0.049310,0.000000
4,192.100000,0.014570,0.000000
5,192.100000,0.042553,0.000000
6,192.100000,0.049306,0.000000
7,192.100000,0.049089,0.000000
8,192.100000,0.049282,0.000000
9,192.100000,0.059834,0.000000
0,193.100000,0.049089,0.000000
1,193.100000,0.679904,0.000000
2,193.100000,0.080386,0.000000
3,193.100000,0.049307,0.000000
4,193.100000,0.014574,0.000000
5,193.100000,0.042553,0.000000
6,193.100000,0.049290,0.000000
7,193.100000,0.049089,0.000000
8,193.100000,0.049277,0.000000
9,193.100000,0.059833,0.000000
0,194.100000,0.049089,0.000000
1,194.100000,0.679905,0.000000
2,194.100000,0.080386,0.000000
3,194.100000,0.049291,0.000000
4,194.100000,0.014565,0.000000
5,194.100000,0.042553,0.000000
6,194.100000,0.049313,0.000000
7,194.100000,0.049089,0.000000
8,194.100000,0.049304,0.000000
9,194.100000,0.059833,0.000000
0,195.100000,0.049090,0.000000
1,195.100000,0.679904,0.000000
2,195.100000,0.080385,0.000000
3,195.100000,0.049288,0.000000
4,195.100000,0.014568,0.000000
5,195.100000,0.042553,0.000000
6,195.100000,0.049297,0.000000
7,195.100000,0.049090,0.000000
8,195.100000,0.049296,0.000000
9,195.100000,0.059833,0.000000
0,196.100000,0.049090,0.000000
1,196.100000,0.679905,0.000000
2,196.100000,0.080386,0.000000
3,196.100000,0.049298,0.000000
4,196.100000,0.014578,0.000000
5,196.100000,0.042553,0.000000
6,196.100000,0.049290,0.000000
7,196.100000,0.049090,0.000000
8,196.100000,0.049282,0.000000
9,196.100000,0.059833,0.000000
0,197.100000,0.049090,0.000000
1,197.100000,0.679906,0.000000
2,197.100000,0.080385,0.000000
3,197.100000,0.049304,0.000000
4,197.100000,0.014591,0.000000
5,197.100000,0.042553,0.000000
6,197.100000,0.049284,0.000000
7,197.100000,0.049090,0.000000
8,197.100000,0.049281,0.000000
9,197.100000,0.059833,0.000000
0,198.100000,0.049091,0.000000
1,198.100000,0.679905,0.000000
2,198.100000,0.080387,0.000000
3,198.100000,0.049289,0.000000
4,198.100000,0.014590,0.000000
5,198.100000,0.042553,0.000000
6,198.100000,0.049281,0.000000
7,198.100000,0.049091,0.000000
8,198.100000,0.049279,0.000000
9,198.100000,0.059833,0.000000
0,199.100000,0.049091,0.000000
1,199.100000,0.059831,0.000000
2,199.100000,0.080385,0.000000
3,199.100000,0.049288,0.000000
4,199.100000,0.014574,0.000000
5,199.100000,0.042553,0.000000
6,199.100000,0.049285,0.000000
7,199.100000,0.049091,0.000000
8,199.100000,0.049271,0.000000
9,199.100000,0.059833,0.000000
0,200.100000,0.042553,0.000000
1,200.100000,0.015424,0.000000
2,200.100000,0.049286,0.000000
3,200.100000,0.014552,0.000000
4,200.100000,0.042553,0.000000
5,200.100000,0.059833,0.000000
6,200.100000,0.080386,0.000000
7,200.100000,0.042553,0.000000
8,200.100000,0.042553,0.000000
9,200.100000,0.049277,0.000000
0,201.100000,0.042553,0.000000
1,201.100000,0.015391,0.000000
2,201.100000,0.049282,0.000000
3,201.100000,0.014561,0.000000
4,201.100000,0.042553,0.000000
5,201.100000,0.059833,0.000000
6,201.100000,0.080385,0.000000
7,201.100000,0.042553,0.000000
8,201.100000,0.042553,0.000000
9,201.100000,0.049295,0.000000
0,202.100000,0.042553,0.000000
1,202.100000,0.015360,0.000000
2,202.100000,0.049403,0.000000
3,202.100000,0.014568,0.000000
4,202.100000,0.042553,0.000000
5,202.100000,0.059833,0.000000
6,202.100000,0.080385,0.000000
7,202.100000,0.042553,0.000000
8,202.100000,0.042553,0.000000
9,202.100000,0.049300,0.000000
0,203.100000,0.042553,0.000000
1,203.100000,0.015330,0.000000
2,203.100000,0.049368,0.000000
3,203.100000,0.014547,0.000000
4,203.100000,0.042553,0.000000
5,203.100000,0.059833,0.000000
6,203.100000,0.080387,0.000000
7,203.100000,0.042553,0.000000
8,203.100000,0.042553,0.000000
9,203.100000,0.049290,0.000000
0,204.100000,0.042553,0.000000
1,204.100000,0.015296,0.000000
2,204.100000,0.049346,0.000000
3,204.100000,0.014541,0.000000
4,204.100000,0.042553,0.000000
5,204.100000,0.059833,0.000000
6,204.100000,0.080385,0.000000
7,204.100000,0.042553,0.000000
8,204.100000,0.042553,0.000000
9,204.100000,0.049284,0.000000
0,205.100000,0.042553,0.000000
1,205.100000,0.015255,0.000000
2,205.100000,0.049371,0.000000
3,205.100000,0.014555,0.000000
4,205.100000,0.042553,0.000000
5,205.100000,0.059833,0.000000
6,205.100000,0.080386,0.000000
7,205.100000,0.042553,0.000000
8,205.100000,0.042553,0.000000
9,205.100000,0.049285,0.000000
0,206.100000,0.042553,0.000000
1,206.100000,0.015212,0.000000
2,206.100000,0.049363,0.000000
3,206.100000,0.014553,0.000000
4,206.100000,0.042553,0.000000
5,206.100000,0.059833,0.000000
6,206.100000,0.080385,0.000000
7,206.100000,0.042553,0.000000
8,206.100000,0.042553,0.000000
9,206.100000,0.049290,0.000000
0,207.100000,0.042553,0.000000
1,207.100000,0.015177,0.000000
2,207.100000,0.049364,0.000000
3,207.100000,0.014563,0.000000
4,207.100000,0.042553,0.000000
5,207.100000,0.059833,0.000000
6,207.100000,0.080385,0.000000
7,207.100000,0.042553,0.000000
8,207.100000,0.042553,0.000000
9,207.100000,0.049277,0.000000
0,208.100000,0.042553,0.000000
1,208.100000,0.015155,0.000000
2,208.100000,0.049385,0.000000
3,208.100000,0.014561,0.000000
4,208.100000,0.042553,0.000000
5,208.100000,0.059833,0.000000
6,208.100000,0.080386,0.000000
7,208.100000,0.042553,0.000000
8,208.100000,0.042553,0.000000
9,208.100000,0.049271,0.000000
0,209.100000,0.042553,0.000000
1,209.100000,0.014596,0.000000
2,209.100000,0.049367,0.000000
3,209.100000,0.014559,0.000000
4,209.100000,0.042553,0.000000
5,209.100000,0.059833,0.000000
6,209.100000,0.080386,0.000000
7,209.100000,0.042553,0.000000
8,209.100000,0.042553,0.000000
9,209.100000,0.049275,0.000000
0,210.100000,0.059840,0.000000
1,210.100000,0.080370,0.000000
2,210.100000,0.080390,0.000000
3,210.100000,0.042553,0.000000
4,210.100000,0.059833,0.000000
5,210.100000,0.049285,0.000000
6,210.100000,0.014592,0.000000
7,210.100000,0.080367,0.000000
8,210.100000,0.080386,0.000000
9,210.100000,0.042553,0.000000
0,211.100000,0.059840,0.000000
1,211.100000,0.080370,0.000000
2,211.100000,0.080390,0.000000
3,211.100000,0.042553,0.000000
4,211.100000,0.059833,0.000000
5,211.100000,0.049290,0.000000
6,211.100000,0.014579,0.000000
7,211.100000,0.080367,0.000000
8,211.100000,0.080386,0.000000
9,211.100000,0.042553,0.000000
0,212.100000,0.059840,0.000000
1,212.100000,0.080370,0.000000
2,212.100000,0.080387,0.000000
3,212.100000,0.042553,0.000000
4,212.100000,0.059833,0.000000
5,212.100000,0.049285,0.000000
6,212.100000,0.014573,0.000000
7,212.100000,0.080366,0.000000
8,212.100000,0.080387,0.000000
9,212.100000,0.042553,0.000000
0,213.100000,0.059840,0.000000
1,213.100000,0.080371,0.000000
2,213.100000,0.080384,0.000000
3,213.100000,0.042554,0.000000
4,213.100000,0.059834,0.000000
5,213.100000,0.049286,0.000000
6,213.100000,0.014569,0.000000
7,213.100000,0.080366,0.000000
8,213.100000,0.080385,0.000000
9,213.100000,0.042553,0.000000
0,214.100000,0.059850,0.000000
1,214.100000,0.080402,0.000000
2,214.100000,0.080389,0.000000
3,214.100000,0.042553,0.000000
4,214.100000,0.059833,0.000000
5,214.100000,0.049286,0.000000
6,214.100000,0.014574,0.000000
7,214.100000,0.080366,0.000000
8,214.100000,0.080386,0.000000
9,214.100000,0.042553,0.000000
0,215.100000,0.059846,0.000000
1,215.100000,0.080378,0.000000
2,215.100000,0.080388,0.000000
3,215.100000,0.042553,0.000000
4,215.100000,0.059833,0.000000
5,215.100000,0.049273,0.000000
6,215.100000,0.014564,0.000000
7,215.100000,0.080366,0.000000
8,215.100000,0.080386,0.000000
9,215.100000,0.042553,0.000000
0,216.100000,0.059847,0.000000
1,216.100000,0.080375,0.000000
2,216.100000,0.080384,0.000000
3,216.100000,0.042553,0.000000
4,216.100000,0.059833,0.000000
5,216.100000,0.049283,0.000000
6,216.100000,0.014601,0.000000
7,216.100000,0.080366,0.000000
8,216.100000,0.080386,0.000000
9,216.100000,0.042553,0.000000
0,217.100000,0.059847,0.000000
1,217.100000,0.080375,0.000000
2,217.100000,0.080385,0.000000
3,217.100000,0.042553,0.000000
4,217.100000,0.059833,0.000000
5,217.100000,0.049285,0.000000
6,217.100000,0.014591,0.000000
7,217.100000,0.080366,0.000000
8,217.100000,0.080386,0.000000
9,217.100000,0.042553,0.000000
0,218.100000,0.059847,0.000000
1,218.100000,0.080375,0.000000
2,218.100000,0.080387,0.000000
3,218.100000,0.042553,0.000000
4,218.100000,0.059834,0.000000
5,218.100000,0.049276,0.000000
6,218.100000,0.014564,0.000000
7,218.100000,0.080366,0.000000
8,218.100000,0.080386,0.000000
9,218.100000,0.042553,0.000000
0,219.100000,0.059847,0.000000
1,219.100000,0.080374,0.000000
2,219.100000,0.080393,0.000000
3,219.100000,0.042553,0.000000
4,219.100000,0.059833,0.000000
5,219.100000,0.049289,0.000000
6,219.100000,0.014566,0.000000
7,219.100000,0.080369,0.000000
8,219.100000,0.080385,0.000000
9,219.100000,0.042553,0.000000
0,220.100000,0.080372,0.000000
1,220.100000,0.088689,0.000000
2,220.100000,0.014646,0.000000
3,220.100000,0.059833,0.000000
4,220.100000,0.080385,0.000000
5,220.100000,0.080385,0.000000
6,220.100000,0.042553,0.000000
7,220.100000,0.014528,0.000000
8,220.100000,0.014557,0.000000
9,220.100000,0.080385,0.000000
0,221.100000,0.080373,0.000000
1,221.100000,0.070630,0.000000
2,221.100000,0.014636,0.000000
3,221.100000,0.059833,0.000000
4,221.100000,0.080386,0.000000
5,221.100000,0.080387,0.000000
6,221.100000,0.042553,0.000000
7,221.100000,0.014557,0.000000
8,221.100000,0.014557,0.000000
9,221.100000,0.080387,0.000000
0,222.100000,0.080379,0.000000
1,222.100000,0.058093,0.000000
2,222.100000,0.014640,0.000000
3,222.100000,0.059833,0.000000
4,222.100000,0.080385,0.000000
5,222.100000,0.080385,0.000000
6,222.100000,0.042553,0.000000
7,222.100000,0.014579,0.000000
8,222.100000,0.014565,0.000000
9,222.100000,0.080387,0.000000
0,223.100000,0.080417,0.000000
1,223.100000,0.621335,0.000000
2,223.100000,0.014664,0.000000
3,223.100000,0.059833,0.000000
4,223.100000,0.080386,0.000000
5,223.100000,0.080386,0.000000
6,223.100000,0.042553,0.000000
7,223.100000,0.014598,0.000000
8,223.100000,0.014571,0.000000
9,223.100000,0.080392,0.000000
0,224.100000,0.080498,0.000000
1,224.100000,0.049299,0.000000
2,224.100000,0.014659,0.000000
3,224.100000,0.059833,0.000000
4,224.100000,0.080386,0.000000
5,224.100000,0.080386,0.000000
6,224.100000,0.042553,0.000000
7,224.100000,0.014604,0.000000
8,224.100000,0.014574,0.000000
9,224.100000,0.080388,0.000000
0,225.100000,0.080385,0.000000
1,225.100000,0.049298,0.000000
2,225.100000,0.014716,0.000000
3,225.100000,0.059833,0.000000
4,225.100000,0.080386,0.000000
5,225.100000,0.080385,0.000000
6,225.100000,0.042553,0.000000
7,225.100000,0.014605,0.000000
8,225.100000,0.014577,0.000000
9,225.100000,0.080387,0.000000
0,226.100000,0.080387,0.000000
1,226.100000,0.049293,0.000000
2,226.100000,0.014776,0.000000
3,226.100000,0.059833,0.000000
4,226.100000,0.080386,0.000000
5,226.100000,0.080386,0.000000
6,226.100000,0.042553,0.000000
7,226.100000,0.014602,0.000000
8,226.100000,0.014574,0.000000
9,226.100000,0.080388,0.000000
0,227.100000,0.080386,0.000000
1,227.100000,0.049299,0.000000
2,227.100000,0.014811,0.000000
3,227.100000,0.059833,0.000000
4,227.100000,0.080385,0.000000
5,227.100000,0.080384,0.000000
6,227.100000,0.042553,0.000000
7,227.100000,0.014591,0.000000
8,227.100000,0.014575,0.000000
9,227.100000,0.080387,0.000000
0,228.100000,0.080386,0.000000
1,228.100000,0.049289,0.000000
2,228.100000,0.014840,0.000000
3,228.100000,0.059833,0.000000
4,228.100000,0.080386,0.000000
5,228.100000,0.080386,0.000000
6,228.100000,0.042553,0.000000
7,228.100000,0.014533,0.000000
8,228.100000,0.014555,0.000000
9,228.100000,0.080387,0.000000
0,229.100000,0.080385,0.000000
1,229.100000,0.049280,0.000000
2,229.100000,0.014830,0.000000
3,229.100000,0.059833,0.000000
4,229.100000,0.080386,0.000000
5,229.100000,0.080385,0.000000
6,229.100000,0.042553,0.000000
7,229.100000,0.014559,0.000000
8,229.100000,0.014554,0.000000
9,229.100000,0.080386,0.000000
0,230.100000,0.014590,0.000000
1,230.100000,0.042553,0.000000
2,230.100000,0.042554,0.000000
3,230.100000,0.080385,0.000000
4,230.100000,0.049277,0.000000
5,230.100000,0.014565,0.000000
6,230.100000,0.059833,0.000000
7,230.100000,0.059833,0.000000
8,230.100000,0.059833,0.000000
9,230.100000,0.014588,0.000000
0,231.100000,0.014574,0.000000
1,231.100000,0.042553,0.000000
2,231.100000,0.042554,0.000000
3,231.100000,0.080386,0.000000
4,231.100000,0.049274,0.000000
5,231.100000,0.014570,0.000000
6,231.100000,0.059833,0.000000
7,231.100000,0.059833,0.000000
8,231.100000,0.059833,0.000000
9,231.100000,0.014597,0.000000
0,232.100000,0.014565,0.000000
1,232.100000,0.042553,0.000000
2,232.100000,0.042554,0.000000
3,232.100000,0.080385,0.000000
4,232.100000,0.049287,0.000000
5,232.100000,0.014559,0.000000
6,232.100000,0.059833,0.000000
7,232.100000,0.059833,0.000000
8,232.100000,0.059833,0.000000
9,232.100000,0.014731,0.000000
0,233.100000,0.014553,0.000000
1,233.100000,0.042553,0.000000
2,233.100000,0.844964,0.000000
3,233.100000,0.080386,0.000000
4,233.100000,0.049283,0.000000
5,233.100000,0.014563,0.000000
6,233.100000,0.059833,0.000000
7,233.100000,0.059833,0.000000
8,233.100000,0.059833,0.000000
9,233.100000,0.014725,0.000000
0,234.100000,0.014555,0.000000
1,234.100000,0.042553,0.000000
2,234.100000,0.742473,0.000000
3,234.100000,0.080386,0.000000
4,234.100000,0.049288,0.000000
5,234.100000,0.014583,0.000000
6,234.100000,0.059833,0.000000
7,234.100000,0.059833,0.000000
8,234.100000,0.059833,0.000000
9,234.100000,0.014772,0.000000
0,235.100000,0.014558,0.000000
1,235.100000,0.042553,0.000000
2,235.100000,0.042558,0.000000
3,235.100000,0.080387,0.000000
4,235.100000,0.049292,0.000000
5,235.100000,0.014574,0.000000
6,235.100000,0.059833,0.000000
7,235.100000,0.059833,0.000000
8,235.100000,0.059833,0.000000
9,235.100000,0.014784,0.000000
0,236.100000,0.014572,0.000000
1,236.100000,0.042553,0.000000
2,236.100000,0.042559,0.000000
3,236.100000,0.080386,0.000000
4,236.100000,0.049289,0.000000
5,236.100000,0.014562,0.000000
6,236.100000,0.059833,0.000000
7,236.100000,0.059833,0.000000
8,236.100000,0.059833,0.000000
9,236.100000,0.014803,0.000000
0,237.100000,0.014580,0.000000
1,237.100000,0.042553,0.000000
2,237.100000,0.844963,0.000000
3,237.100000,0.080385,0.000000
4,237.100000,0.049300,0.000000
5,237.100000,0.014571,0.000000
6,237.100000,0.059833,0.000000
7,237.100000,0.059833,0.000000
8,237.100000,0.059833,0.000000
9,237.100000,0.014805,0.000000
0,238.100000,0.014603,0.000000
1,238.100000,0.042553,0.000000
2,238.100000,0.844963,0.000000
3,238.100000,0.080385,0.000000
4,238.100000,0.049296,0.000000
5,238.100000,0.014573,0.000000
6,238.100000,0.059833,0.000000
7,238.100000,0.059833,0.000000
8,238.100000,0.059833,0.000000
9,238.100000,0.014834,0.000000
0,239.100000,0.014601,0.000000
1,239.100000,0.042553,0.000000
2,239.100000,0.844963,0.000000
3,239.100000,0.080387,0.000000
4,239.100000,0.049282,0.000000
5,239.100000,0.014581,0.000000
6,239.100000,0.059833,0.000000
7,239.100000,0.059833,0.000000
8,239.100000,0.059833,0.000000
9,239.100000,0.014851,0.000000
0,240.100000,0.049293,0.000000
1,240.100000,0.049284,0.000000
2,240.100000,0.679776,0.000000
3,240.100000,0.049304,0.000000
4,240.100000,0.014573,0.000000
5,240.100000,0.042553,0.000000
6,240.100000,0.049270,0.000000
7,240.100000,0.049280,0.000000
8,240.100000,0.049302,0.000000
9,240.100000,0.059833,0.000000
0,241.100000,0.049297,0.000000
1,241.100000,0.049265,0.000000
2,241.100000,0.679785,0.000000
3,241.100000,0.049304,0.000000
4,241.100000,0.014582,0.000000
5,241.100000,0.042553,0.000000
6,241.100000,0.049292,0.000000
7,241.100000,0.049273,0.000000
8,241.100000,0.049299,0.000000
9,241.100000,0.059833,0.000000
0,242.100000,0.049294,0.000000
1,242.100000,0.049286,0.000000
2,242.100000,0.679791,0.000000
3,242.100000,0.049303,0.000000
4,242.100000,0.014576,0.000000
5,242.100000,0.042553,0.000000
6,242.100000,0.049285,0.000000
7,242.100000,0.049285,0.000000
8,242.100000,0.049299,0.000000
9,242.100000,0.059834,0.000000
0,243.100000,0.049287,0.000000
1,243.100000,0.049284,0.000000
2,243.100000,0.679846,0.000000
3,243.100000,0.049298,0.000000
4,243.100000,0.014585,0.000000
5,243.100000,0.042553,0.000000
6,243.100000,0.049282,0.000000
7,243.100000,0.049279,0.000000
8,243.100000,0.049281,0.000000
9,243.100000,0.059834,0.000000
0,244.100000,0.049280,0.000000
1,244.100000,0.049285,0.000000
2,244.100000,0.679849,0.000000
3,244.100000,0.049292,0.000000
4,244.100000,0.014576,0.000000
5,244.100000,0.042553,0.000000
6,244.100000,0.049289,0.000000
7,244.100000,0.049275,0.000000
8,244.100000,0.049294,0.000000
9,244.100000,0.059834,0.000000
0,245.100000,0.049277,0.000000
1,245.100000,0.049294,0.000000
2,245.100000,0.679878,0.000000
3,245.100000,0.049287,0.000000
4,245.100000,0.014584,0.000000
5,245.100000,0.042553,0.000000
6,245.100000,0.049275,0.000000
7,245.100000,0.049277,0.000000
8,245.100000,0.049297,0.000000
9,245.100000,0.059834,0.000000
0,246.100000,0.049280,0.000000
1,246.100000,0.049286,0.000000
2,246.100000,0.679868,0.000000
3,246.100000,0.049287,0.000000
4,246.100000,0.014594,0.000000
5,246.100000,0.042553,0.000000
6,246.100000,0.049275,0.000000
7,246.100000,0.049277,0.000000
8,246.100000,0.049288,0.000000
9,246.100000,0.059835,0.000000
0,247.100000,0.049284,0.000000
1,247.100000,0.049281,0.000000
2,247.100000,0.679879,0.000000
3,247.100000,0.049289,0.000000
4,247.100000,0.014575,0.000000
5,247.100000,0.042553,0.000000
6,247.100000,0.049274,0.000000
7,247.100000,0.049281,0.000000
8,247.100000,0.049282,0.000000
9,247.100000,0.059835,0.000000
0,248.100000,0.049287,0.000000
1,248.100000,0.049287,0.000000
2,248.100000,0.679876,0.000000
3,248.100000,0.049290,0.000000
4,248.100000,0.014557,0.000000
5,248.100000,0.042553,0.000000
6,248.100000,0.049282,0.000000
7,248.100000,0.049295,0.000000
8,248.100000,0.049279,0.000000
9,248.100000,0.059835,0.000000
0,249.100000,0.049291,0.000000
1,249.100000,0.049302,0.000000
2,249.100000,0.679873,0.000000
3,249.100000,0.049283,0.000000
4,249.100000,0.014547,0.000000
5,249.100000,0.042553,0.000000
6,249.100000,0.049292,0.000000
7,249.100000,0.049279,0.000000
8,249.100000,0.049288,0.000000
9,249.100000,0.059835,0.000000
0,250.100000,0.014578,0.000000
1,250.100000,0.014570,0.000000
2,250.100000,0.948135,0.000000
3,250.100000,0.014579,0.000000
4,250.100000,0.042553,0.000000
5,250.100000,0.059833,0.000000
6,250.100000,0.080385,0.000000
7,250.100000,0.042553,0.000000
8,250.100000,0.042553,0.000000
9,250.100000,0.621237,0.000000
0,251.100000,0.014577,0.000000
1,251.100000,0.014569,0.000000
2,251.100000,0.948119,0.000000
3,251.100000,0.014577,0.000000
4,251.100000,0.042553,0.000000
5,251.100000,0.059833,0.000000
6,251.100000,0.080385,0.000000
7,251.100000,0.042553,0.000000
8,251.100000,0.042553,0.000000
9,251.100000,0.621241,0.000000
0,252.100000,0.014565,0.000000
1,252.100000,0.014570,0.000000
2,252.100000,0.948116,0.000000
3,252.100000,0.014557,0.000000
4,252.100000,0.042554,0.000000
5,252.100000,0.059833,0.000000
6,252.100000,0.080386,0.000000
7,252.100000,0.042553,0.000000
8,252.100000,0.042553,0.000000
9,252.100000,0.621236,0.000000
0,253.100000,0.014579,0.000000
1,253.100000,0.014568,0.000000
2,253.100000,0.948129,0.000000
3,253.100000,0.014570,0.000000
4,253.100000,0.042553,0.000000
5,253.100000,0.059833,0.000000
6,253.100000,0.080385,0.000000
7,253.100000,0.042553,0.000000
8,253.100000,0.042553,0.000000
9,253.100000,0.621241,0.000000
0,254.100000,0.014565,0.000000
1,254.100000,0.014592,0.000000
2,254.100000,0.948132,0.000000
3,254.100000,0.014586,0.000000
4,254.100000,0.042553,0.000000
5,254.100000,0.059833,0.000000
6,254.100000,0.080386,0.000000
7,254.100000,0.042553,0.000000
8,254.100000,0.042553,0.000000
9,254.100000,0.621240,0.000000
0,255.100000,0.014575,0.000000
1,255.100000,0.014581,0.000000
2,255.100000,0.948136,0.000000
3,255.100000,0.014582,0.000000
4,255.100000,0.042553,0.000000
5,255.100000,0.059833,0.000000
6,255.100000,0.080385,0.000000
7,255.100000,0.042553,0.000000
8,255.100000,0.042553,0.000000
9,255.100000,0.621282,0.000000
0,256.100000,0.014583,0.000000
1,256.100000,0.014580,0.000000
2,256.100000,0.948129,0.000000
3,256.100000,0.014575,0.000000
4,256.100000,0.042553,0.000000
5,256.100000,0.059833,0.000000
6,256.100000,0.080386,0.000000
7,256.100000,0.042553,0.000000
8,256.100000,0.042553,0.000000
9,256.100000,0.621280,0.000000
0,257.100000,0.014574,0.000000
1,257.100000,0.014576,0.000000
2,257.100000,0.948130,0.000000
3,257.100000,0.014574,0.000000
4,257.100000,0.042553,0.000000
5,257.100000,0.059833,0.000000
6,257.100000,0.080385,0.000000
7,257.100000,0.042553,0.000000
8,257.100000,0.042553,0.000000
9,257.100000,0.621276,0.000000
0,258.100000,0.014557,0.000000
1,258.100000,0.014570,0.000000
2,258.100000,0.948126,0.000000
3,258.100000,0.014563,0.000000
4,258.100000,0.042553,0.000000
5,258.100000,0.059833,0.000000
6,258.100000,0.080387,0.000000
7,258.100000,0.042553,0.000000
8,258.100000,0.042553,0.000000
9,258.100000,0.621282,0.000000
0,259.100000,0.014571,0.000000
1,259.100000,0.014589,0.000000
2,259.100000,0.948127,0.000000
3,259.100000,0.014558,0.000000
4,259.100000,0.042553,0.000000
5,259.100000,0.059833,0.000000
6,259.100000,0.080385,0.000000
7,259.100000,0.042553,0.000000
8,259.100000,0.042553,0.000000
9,259.100000,0.621286,0.000000
0,260.100000,0.042553,0.000000
1,260.100000,0.059833,0.000000
2,260.100000,0.621312,0.000000
3,260.100000,0.042553,0.000000
4,260.100000,0.049282,0.000000
5,260.100000,0.049285,0.000000
6,260.100000,0.014560,0.000000
7,260.100000,0.080385,0.000000
8,260.100000,0.080384,0.000000
9,260.100000,0.844963,0.000000
0,261.100000,0.042553,0.000000
1,261.100000,0.059833,0.000000
2,261.100000,0.621309,0.000000
3,261.100000,0.042553,0.000000
4,261.100000,0.049279,0.000000
5,261.100000,0.049278,0.000000
6,261.100000,0.014575,0.000000
7,261.100000,0.080385,0.000000
8,261.100000,0.080386,0.000000
9,261.100000,0.844963,0.000000
0,262.100000,0.042553,0.000000
1,262.100000,0.059833,0.000000
2,262.100000,0.621312,0.000000
3,262.100000,0.042553,0.000000
4,262.100000,0.049304,0.000000
5,262.100000,0.049277,0.000000
6,262.100000,0.014573,0.000000
7,262.100000,0.080387,0.000000
8,262.100000,0.080386,0.000000
9,262.100000,0.844963,0.000000
0,263.100000,0.042553,0.000000
1,263.100000,0.059833,0.000000
2,263.100000,0.621311,0.000000
3,263.100000,0.042553,0.000000
4,263.100000,0.049292,0.000000
5,263.100000,0.049277,0.000000
6,263.100000,0.014569,0.000000
7,263.100000,0.080385,0.000000
8,263.100000,0.080386,0.000000
9,263.100000,0.844963,0.000000
0,264.100000,0.042553,0.000000
1,264.100000,0.059833,0.000000
2,264.100000,0.621319,0.000000
3,264.100000,0.042553,0.000000
4,264.100000,0.049281,0.000000
5,264.100000,0.049286,0.000000
6,264.100000,0.014560,0.000000
7,264.100000,0.080386,0.000000
8,264.100000,0.080385,0.000000
9,264.100000,0.844963,0.000000
0,265.100000,0.042553,0.000000
1,265.100000,0.059833,0.000000
2,265.100000,0.621315,0.000000
3,265.100000,0.042553,0.000000
4,265.100000,0.049280,0.000000
5,265.100000,0.049297,0.000000
6,265.100000,0.014575,0.000000
7,265.100000,0.080385,0.000000
8,265.100000,0.080386,0.000000
9,265.100000,0.844963,0.000000
0,266.100000,0.042554,0.000000
1,266.100000,0.059833,0.000000
2,266.100000,0.621318,0.000000
3,266.100000,0.042553,0.000000
4,266.100000,0.049287,0.000000
5,266.100000,0.049294,0.000000
6,266.100000,0.014584,0.000000
7,266.100000,0.080387,0.000000
8,266.100000,0.080385,0.000000
9,266.100000,0.844963,0.000000
0,267.100000,0.042553,0.000000
1,267.100000,0.059833,0.000000
2,267.100000,0.621317,0.000000
3,267.100000,0.042553,0.000000
4,267.100000,0.049287,0.000000
5,267.100000,0.049287,0.000000
6,267.100000,0.014576,0.000000
7,267.100000,0.080384,0.000000
8,267.100000,0.080386,0.000000
9,267.100000,0.844963,0.000000
0,268.100000,0.042553,0.000000
1,268.100000,0.059833,0.000000
2,268.100000,0.621319,0.000000
3,268.100000,0.042553,0.000000
4,268.100000,0.049282,0.000000
5,268.100000,0.049275,0.000000
6,268.100000,0.014560,0.000000
7,268.100000,0.080387,0.000000
8,268.100000,0.080385,0.000000
9,268.100000,0.844963,0.000000
0,269.100000,0.042553,0.000000
1,269.100000,0.059833,0.000000
2,269.100000,0.621319,0.000000
3,269.100000,0.042553,0.000000
4,269.100000,0.049285,0.000000
5,269.100000,0.049273,0.000000
6,269.100000,0.014571,0.000000
7,269.100000,0.080386,0.000000
8,269.100000,0.080386,0.000000
9,269.100000,0.844963,0.000000
0,270.100000,0.059833,0.000000
1,270.100000,0.080385,0.000000
2,270.100000,0.014704,0.000000
3,270.100000,0.059833,0.000000
4,270.100000,0.059833,0.000000
5,270.100000,0.014571,0.000000
6,270.100000,0.042553,0.000000
7,270.100000,0.014563,0.000000
8,270.100000,0.014561,0.000000
9,270.100000,0.948229,0.000000
0,271.100000,0.059833,0.000000
1,271.100000,0.080387,0.000000
2,271.100000,0.015006,0.000000
3,271.100000,0.059833,0.000000
4,271.100000,0.059833,0.000000
5,271.100000,0.014572,0.000000
6,271.100000,0.042553,0.000000
7,271.100000,0.014544,0.000000
8,271.100000,0.014581,0.000000
9,271.100000,0.948227,0.000000
0,272.100000,0.059833,0.000000
1,272.100000,0.080385,0.000000
2,272.100000,0.014966,0.000000
3,272.100000,0.059833,0.000000
4,272.100000,0.059834,0.000000
5,272.100000,0.014570,0.000000
6,272.100000,0.042553,0.000000
7,272.100000,0.014553,0.000000
8,272.100000,0.014574,0.000000
9,272.100000,0.948230,0.000000
0,273.100000,0.059834,0.000000
1,273.100000,0.080386,0.000000
2,273.100000,0.014926,0.000000
3,273.100000,0.059833,0.000000
4,273.100000,0.059833,0.000000
5,273.100000,0.014557,0.000000
6,273.100000,0.042553,0.000000
7,273.100000,0.014558,0.000000
8,273.100000,0.014571,0.000000
9,273.100000,0.948224,0.000000
0,274.100000,0.059833,0.000000
1,274.100000,0.080384,0.000000
2,274.100000,0.014896,0.000000
3,274.100000,0.059833,0.000000
4,274.100000,0.059833,0.000000
5,274.100000,0.014554,0.000000
6,274.100000,0.042553,0.000000
7,274.100000,0.014574,0.000000
8,274.100000,0.014598,0.000000
9,274.100000,0.948238,0.000000
0,275.100000,0.059834,0.000000
1,275.100000,0.080386,0.000000
2,275.100000,0.014918,0.000000
3,275.100000,0.059833,0.000000
4,275.100000,0.059833,0.000000
5,275.100000,0.014584,0.000000
6,275.100000,0.042553,0.000000
7,275.100000,0.014567,0.000000
8,275.100000,0.014595,0.000000
9,275.100000,0.948243,0.000000
0,276.100000,0.059833,0.000000
1,276.100000,0.080386,0.000000
2,276.100000,0.014965,0.000000
3,276.100000,0.059833,0.000000
4,276.100000,0.059834,0.000000
5,276.100000,0.014591,0.000000
6,276.100000,0.042553,0.000000
7,276.100000,0.014563,0.000000
8,276.100000,0.014579,0.000000
9,276.100000,0.948222,0.000000
0,277.100000,0.059833,0.000000
1,277.100000,0.080385,0.000000
2,277.100000,0.014945,0.000000
3,277.100000,0.059833,0.000000
4,277.100000,0.059833,0.000000
5,277.100000,0.014576,0.000000
6,277.100000,0.042553,0.000000
7,277.100000,0.014572,0.000000
8,277.100000,0.014569,0.000000
9,277.100000,0.948227,0.000000
0,278.100000,0.059833,0.000000
1,278.100000,0.080386,0.000000
2,278.100000,0.014943,0.000000
3,278.100000,0.059833,0.000000
4,278.100000,0.059833,0.000000
5,278.100000,0.014585,0.000000
6,278.100000,0.042553,0.000000
7,278.100000,0.014575,0.000000
8,278.100000,0.014572,0.000000
9,278.100000,0.948216,0.000000
0,279.100000,0.059833,0.000000
1,279.100000,0.080386,0.000000
2,279.100000,0.014966,0.000000
3,279.100000,0.059833,0.000000
4,279.100000,0.059833,0.000000
5,279.100000,0.014586,0.000000
6,279.100000,0.042554,0.000000
7,279.100000,0.014568,0.000000
8,279.100000,0.014565,0.000000
9,279.100000,0.948218,0.000000
0,280.100000,0.080385,0.000000
1,280.100000,0.042553,0.000000
2,280.100000,0.042553,0.000000
3,280.100000,0.080386,0.000000
4,280.100000,0.080386,0.000000
5,280.100000,0.080386,0.000000
6,280.100000,0.059833,0.000000
7,280.100000,0.059833,0.000000
8,280.100000,0.059833,0.000000
9,280.100000,0.958275,0.000000
0,281.100000,0.080387,0.000000
1,281.100000,0.042553,0.000000
2,281.100000,0.042553,0.000000
3,281.100000,0.080386,0.000000
4,281.100000,0.080386,0.000000
5,281.100000,0.080386,0.000000
6,281.100000,0.059833,0.000000
7,281.100000,0.059833,0.000000
8,281.100000,0.059833,0.000000
9,281.100000,0.958126,0.000000
0,282.100000,0.080386,0.000000
1,282.100000,0.042553,0.000000
2,282.100000,0.042553,0.000000
3,282.100000,0.080386,0.000000
4,282.100000,0.080385,0.000000
5,282.100000,0.080385,0.000000
6,282.100000,0.059833,0.000000
7,282.100000,0.059833,0.000000
8,282.100000,0.059833,0.000000
9,282.100000,0.958133,0.000000
0,283.100000,0.080385,0.000000
1,283.100000,0.042553,0.000000
2,283.100000,0.042553,0.000000
3,283.100000,0.080387,0.000000
4,283.100000,0.080385,0.000000
5,283.100000,0.080386,0.000000
6,283.100000,0.059833,0.000000
7,283.100000,0.059833,0.000000
8,283.100000,0.059833,0.000000
9,283.100000,0.958147,0.000000
0,284.100000,0.080385,0.000000
1,284.100000,0.042553,0.000000
2,284.100000,0.042553,0.000000
3,284.100000,0.080392,0.000000
4,284.100000,0.080386,0.000000
5,284.100000,0.080386,0.000000
6,284.100000,0.059833,0.000000
7,284.100000,0.059833,0.000000
8,284.100000,0.059833,0.000000
9,284.100000,0.958113,0.000000
0,285.100000,0.080386,0.000000
1,285.100000,0.042553,0.000000
2,285.100000,0.042553,0.000000
3,285.100000,0.080395,0.000000
4,285.100000,0.080386,0.000000
5,285.100000,0.080384,0.000000
6,285.100000,0.059834,0.000000
7,285.100000,0.059833,0.000000
8,285.100000,0.059833,0.000000
9,285.100000,0.958029,0.000000
0,286.100000,0.080386,0.000000
1,286.100000,0.042553,0.000000
2,286.100000,0.042553,0.000000
3,286.100000,0.080392,0.000000
4,286.100000,0.080387,0.000000
5,286.100000,0.080386,0.000000
6,286.100000,0.059833,0.000000
7,286.100000,0.059833,0.000000
8,286.100000,0.059833,0.000000
9,286.100000,0.958012,0.000000
0,287.100000,0.080385,0.000000
1,287.100000,0.042553,0.000000
2,287.100000,0.042553,0.000000
3,287.100000,0.080403,0.000000
4,287.100000,0.080386,0.000000
5,287.100000,0.080385,0.000000
6,287.100000,0.059833,0.000000
7,287.100000,0.059833,0.000000
8,287.100000,0.059833,0.000000
9,287.100000,0.957954,0.000000
0,288.100000,0.080386,0.000000
1,288.100000,0.042553,0.000000
2,288.100000,0.042553,0.000000
3,288.100000,0.080397,0.000000
4,288.100000,0.080385,0.000000
5,288.100000,0.080385,0.000000
6,288.100000,0.059833,0.000000
7,288.100000,0.059833,0.000000
8,288.100000,0.059833,0.000000
9,288.100000,0.957911,0.000000
0,289.100000,0.080385,0.000000
1,289.100000,0.042553,0.000000
2,289.100000,0.042553,0.000000
3,289.100000,0.080876,0.000000
4,289.100000,0.080385,0.000000
5,289.100000,0.080386,0.000000
6,289.100000,0.059833,0.000000
7,289.100000,0.059833,0.000000
8,289.100000,0.059833,0.000000
9,289.100000,0.957964,0.000000
0,290.100000,0.049306,0.000000
1,290.100000,0.049277,0.000000
2,290.100000,0.059846,0.000000
3,290.100000,0.621249,0.000000
4,290.100000,0.049273,0.000000
5,290.100000,0.014549,0.000000
6,290.100000,0.049289,0.000000
7,290.100000,0.049289,0.000000
8,290.100000,0.049291,0.000000
9,290.100000,0.679890,0.000000
0,291.100000,0.049287,0.000000
1,291.100000,0.049280,0.000000
2,291.100000,0.059846,0.000000
3,291.100000,0.621252,0.000000
4,291.100000,0.049289,0.000000
5,291.100000,0.014557,0.000000
6,291.100000,0.049281,0.000000
7,291.100000,0.049299,0.000000
8,291.100000,0.049283,0.000000
9,291.100000,0.679892,0.000000
0,292.100000,0.049314,0.000000
1,292.100000,0.049289,0.000000
2,292.100000,0.059846,0.000000
3,292.100000,0.621271,0.000000
4,292.100000,0.049280,0.000000
5,292.100000,0.014575,0.000000
6,292.100000,0.049297,0.000000
7,292.100000,0.049302,0.000000
8,292.100000,0.049280,0.000000
9,292.100000,0.679896,0.000000
0,293.100000,0.049312,0.000000
1,293.100000,0.049284,0.000000
2,293.100000,0.059846,0.000000
3,293.100000,0.621305,0.000000
4,293.100000,0.049285,0.000000
5,293.100000,0.014575,0.000000
6,293.100000,0.049290,0.000000
7,293.100000,0.049302,0.000000
8,293.100000,0.049284,0.000000
9,293.100000,0.679893,0.000000
0,294.100000,0.049294,0.000000
1,294.100000,0.049273,0.000000
2,294.100000,0.059845,0.000000
3,294.100000,0.621307,0.000000
4,294.100000,0.049285,0.000000
5,294.100000,0.014559,0.000000
6,294.100000,0.049276,0.000000
7,294.100000,0.049298,0.000000
8,294.100000,0.049302,0.000000
9,294.100000,0.679895,0.000000
0,295.100000,0.049292,0.000000
1,295.100000,0.049277,0.000000
2,295.100000,0.059844,0.000000
3,295.100000,0.621302,0.000000
4,295.100000,0.049280,0.000000
5,295.100000,0.014562,0.000000
6,295.100000,0.049324,0.000000
7,295.100000,0.049296,0.000000
8,295.100000,0.049298,0.000000
9,295.100000,0.679896,0.000000
0,296.100000,0.049289,0.000000
1,296.100000,0.049281,0.000000
2,296.100000,0.059842,0.000000
3,296.100000,0.621313,0.000000
4,296.100000,0.049291,0.000000
5,296.100000,0.014565,0.000000
6,296.100000,0.049311,0.000000
7,296.100000,0.049286,0.000000
8,296.100000,0.049289,0.000000
9,296.100000,0.679898,0.000000
0,297.100000,0.049297,0.000000
1,297.100000,0.049281,0.000000
2,297.100000,0.074507,0.000000
3,297.100000,0.621314,0.000000
4,297.100000,0.049283,0.000000
5,297.100000,0.014559,0.000000
6,297.100000,0.049308,0.000000
7,297.100000,0.049284,0.000000
8,297.100000,0.049295,0.000000
9,297.100000,0.679898,0.000000
0,298.100000,0.049286,0.000000
1,298.100000,0.049276,0.000000
2,298.100000,0.059833,0.000000
3,298.100000,0.621335,0.000000
4,298.100000,0.049282,0.000000
5,298.100000,0.014561,0.000000
6,298.100000,0.049309,0.000000
7,298.100000,0.049311,0.000000
8,298.100000,0.049292,0.000000
9,298.100000,0.679899,0.000000
0,299.100000,0.049289,0.000000
1,299.100000,0.049271,0.000000
2,299.100000,0.059833,0.000000
3,299.100000,0.621330,0.000000
4,299.100000,0.049281,0.000000
5,299.100000,0.014560,0.000000
6,299.100000,0.049307,0.000000
7,299.100000,0.049299,0.000000
8,299.100000,0.049278,0.000000
9,299.100000,0.679899,0.000000
0,300.100000,0.042553,0.000000
1,300.100000,0.080386,0.000000
2,300.100000,0.080386,0.000000
3,300.100000,0.958306,0.000000
4,300.100000,0.014562,0.000000
5,300.100000,0.042553,0.000000
6,300.100000,0.014564,0.000000
7,300.100000,0.042553,0.000000
8,300.100000,0.042553,0.000000
9,300.100000,0.621341,0.000000
0,301.100000,0.042553,0.000000
1,301.100000,0.080386,0.000000
2,301.100000,0.080385,0.000000
3,301.100000,0.958111,0.000000
4,301.100000,0.014566,0.000000
5,301.100000,0.042553,0.000000
6,301.100000,0.014556,0.000000
7,301.100000,0.042553,0.000000
8,301.100000,0.042553,0.000000
9,301.100000,0.060889,0.000000
0,302.100000,0.042553,0.000000
1,302.100000,0.080385,0.000000
2,302.100000,0.080386,0.000000
3,302.100000,0.958124,0.000000
4,302.100000,0.014554,0.000000
5,302.100000,0.042553,0.000000
6,302.100000,0.014562,0.000000
7,302.100000,0.042553,0.000000
8,302.100000,0.042553,0.000000
9,302.100000,0.569483,0.000000
0,303.100000,0.042553,0.000000
1,303.100000,0.080385,0.000000
2,303.100000,0.080386,0.000000
3,303.100000,0.958041,0.000000
4,303.100000,0.014559,0.000000
5,303.100000,0.042553,0.000000
6,303.100000,0.014557,0.000000
7,303.100000,0.042553,0.000000
8,303.100000,0.042553,0.000000
9,303.100000,0.147676,0.000000
0,304.100000,0.042553,0.000000
1,304.100000,0.080385,0.000000
2,304.100000,0.080385,0.000000
3,304.100000,0.957843,0.000000
4,304.100000,0.014574,0.000000
5,304.100000,0.042553,0.000000
6,304.100000,0.014562,0.000000
7,304.100000,0.042553,0.000000
8,304.100000,0.042553,0.000000
9,304.100000,0.063111,0.000000
0,305.100000,0.042553,0.000000
1,305.100000,0.080386,0.000000
2,305.100000,0.080385,0.000000
3,305.100000,0.957749,0.000000
4,305.100000,0.014580,0.000000
5,305.100000,0.042554,0.000000
6,305.100000,0.014561,0.000000
7,305.100000,0.042553,0.000000
8,305.100000,0.042553,0.000000
9,305.100000,0.053479,0.000000
0,306.100000,0.042553,0.000000
1,306.100000,0.080386,0.000000
2,306.100000,0.080386,0.000000
3,306.100000,0.957658,0.000000
4,306.100000,0.014561,0.000000
5,306.100000,0.042553,0.000000
6,306.100000,0.014554,0.000000
7,306.100000,0.042553,0.000000
8,306.100000,0.042553,0.000000
9,306.100000,0.051450,0.000000
0,307.100000,0.042553,0.000000
1,307.100000,0.080386,0.000000
2,307.100000,0.080385,0.000000
3,307.100000,0.957605,0.000000
4,307.100000,0.014555,0.000000
5,307.100000,0.042553,0.000000
6,307.100000,0.014554,0.000000
7,307.100000,0.042553,0.000000
8,307.100000,0.042553,0.000000
9,307.100000,0.052283,0.000000
0,308.100000,0.042553,0.000000
1,308.100000,0.080385,0.000000
2,308.100000,0.080386,0.000000
3,308.100000,0.957619,0.000000
4,308.100000,0.014550,0.000000
5,308.100000,0.042553,0.000000
6,308.100000,0.014571,0.000000
7,308.100000,0.042553,0.000000
8,308.100000,0.042553,0.000000
9,308.100000,0.052781,0.000000
0,309.100000,0.042553,0.000000
1,309.100000,0.080386,0.000000
2,309.100000,0.080386,0.000000
3,309.100000,0.957598,0.000000
4,309.100000,0.014555,0.000000
5,309.100000,0.042553,0.000000
6,309.100000,0.014577,0.000000
7,309.100000,0.042553,0.000000
8,309.100000,0.042553,0.000000
9,309.100000,0.053505,0.000000
0,310.100000,0.049271,0.000000
1,310.100000,0.059833,0.000000
2,310.100000,0.049280,0.000000
3,310.100000,0.042554,0.000000
4,310.100000,0.014550,0.000000
5,310.100000,0.059833,0.000000
6,310.100000,0.080385,0.000000
7,310.100000,0.080386,0.000000
8,310.100000,0.080385,0.000000
9,310.100000,0.042553,0.000000
0,311.100000,0.049297,0.000000
1,311.100000,0.059833,0.000000
2,311.100000,0.049286,0.000000
3,311.100000,0.042554,0.000000
4,311.100000,0.014561,0.000000
5,311.100000,0.059833,0.000000
6,311.100000,0.080385,0.000000
7,311.100000,0.080385,0.000000
8,311.100000,0.080386,0.000000
9,311.100000,0.042553,0.000000
0,312.100000,0.049295,0.000000
1,312.100000,0.059833,0.000000
2,312.100000,0.049281,0.000000
3,312.100000,0.042554,0.000000
4,312.100000,0.014581,0.000000
5,312.100000,0.059833,0.000000
6,312.100000,0.080386,0.000000
7,312.100000,0.080386,0.000000
8,312.100000,0.080385,0.000000
9,312.100000,0.042553,0.000000
0,313.100000,0.049288,0.000000
1,313.100000,0.059834,0.000000
2,313.100000,0.049277,0.000000
3,313.100000,0.042554,0.000000
4,313.100000,0.014595,0.000000
5,313.100000,0.059833,0.000000
6,313.100000,0.080385,0.000000
7,313.100000,0.080387,0.000000
8,313.100000,0.080386,0.000000
9,313.100000,0.042553,0.000000
0,314.100000,0.049290,0.000000
1,314.100000,0.059833,0.000000
2,314.100000,0.049275,0.000000
3,314.100000,0.042554,0.000000
4,314.100000,0.014567,0.000000
5,314.100000,0.059833,0.000000
6,314.100000,0.080385,0.000000
7,314.100000,0.080385,0.000000
8,314.100000,0.080386,0.000000
9,314.100000,0.042553,0.000000
0,315.100000,0.049281,0.000000
1,315.100000,0.059833,0.000000
2,315.100000,0.049323,0.000000
3,315.100000,0.042553,0.000000
4,315.100000,0.014556,0.000000
5,315.100000,0.059834,0.000000
6,315.100000,0.080387,0.000000
7,315.100000,0.080386,0.000000
8,315.100000,0.080386,0.000000
9,315.100000,0.042553,0.000000
0,316.100000,0.049278,0.000000
1,316.100000,0.059833,0.000000
2,316.100000,0.049313,0.000000
3,316.100000,0.042553,0.000000
4,316.100000,0.014551,0.000000
5,316.100000,0.059833,0.000000
6,316.100000,0.080385,0.000000
7,316.100000,0.080386,0.000000
8,316.100000,0.080387,0.000000
9,316.100000,0.042553,0.000000
0,317.100000,0.049274,0.000000
1,317.100000,0.059833,0.000000
2,317.100000,0.049300,0.000000
3,317.100000,0.042553,0.000000
4,317.100000,0.014555,0.000000
5,317.100000,0.059833,0.000000
6,317.100000,0.080386,0.000000
7,317.100000,0.080385,0.000000
8,317.100000,0.080384,0.000000
9,317.100000,0.042553,0.000000
0,318.100000,0.049272,0.000000
1,318.100000,0.059833,0.000000
2,318.100000,0.049289,0.000000
3,318.100000,0.042553,0.000000
4,318.100000,0.014571,0.000000
5,318.100000,0.059833,0.000000
6,318.100000,0.080386,0.000000
7,318.100000,0.080386,0.000000
8,318.100000,0.080386,0.000000
9,318.100000,0.042553,0.000000
0,319.100000,0.049264,0.000000
1,319.100000,0.059833,0.000000
2,319.100000,0.049293,0.000000
3,319.100000,0.042553,0.000000
4,319.100000,0.014588,0.000000
5,319.100000,0.059833,0.000000
6,319.100000,0.080386,0.000000
7,319.100000,0.080386,0.000000
8,319.100000,0.080385,0.000000
9,319.100000,0.042553,0.000000
0,320.100000,0.059833,0.000000
1,320.100000,0.014571,0.000000
2,320.100000,0.014564,0.000000
3,320.100000,0.059838,0.000000
4,320.100000,0.042553,0.000000
5,320.100000,0.049280,0.000000
6,320.100000,0.042553,0.000000
7,320.100000,0.014555,0.000000
8,320.100000,0.014549,0.000000
9,320.100000,0.080369,0.000000
0,321.100000,0.059833,0.000000
1,321.100000,0.014573,0.000000
2,321.100000,0.014559,0.000000
3,321.100000,0.059838,0.000000
4,321.100000,0.042553,0.000000
5,321.100000,0.049284,0.000000
6,321.100000,0.042553,0.000000
7,321.100000,0.014553,0.000000
8,321.100000,0.014559,0.000000
9,321.100000,0.080371,0.000000
0,322.100000,0.059833,0.000000
1,322.100000,0.014566,0.000000
2,322.100000,0.014569,0.000000
3,322.100000,0.059838,0.000000
4,322.100000,0.042553,0.000000
5,322.100000,0.049288,0.000000
6,322.100000,0.042553,0.000000
7,322.100000,0.014554,0.000000
8,322.100000,0.014562,0.000000
9,322.100000,0.080401,0.000000
0,323.100000,0.059833,0.000000
1,323.100000,0.014578,0.000000
2,323.100000,0.014560,0.000000
3,323.100000,0.059838,0.000000
4,323.100000,0.042553,0.000000
5,323.100000,0.049293,0.000000
6,323.100000,0.042553,0.000000
7,323.100000,0.014565,0.000000
8,323.100000,0.014562,0.000000
9,323.100000,0.080377,0.000000
0,324.100000,0.059833,0.000000
1,324.100000,0.014569,0.000000
2,324.100000,0.014569,0.000000
3,324.100000,0.059839,0.000000
4,324.100000,0.042553,0.000000
5,324.100000,0.049287,0.000000
6,324.100000,0.042553,0.000000
7,324.100000,0.014575,0.000000
8,324.100000,0.014555,0.000000
9,324.100000,0.080375,0.000000
0,325.100000,0.059833,0.000000
1,325.100000,0.014569,0.000000
2,325.100000,0.014592,0.000000
3,325.100000,0.059839,0.000000
4,325.100000,0.042553,0.000000
5,325.100000,0.049288,0.000000
6,325.100000,0.042553,0.000000
7,325.100000,0.014571,0.000000
8,325.100000,0.014566,0.000000
9,325.100000,0.080374,0.000000
0,326.100000,0.059833,0.000000
1,326.100000,0.014557,0.000000
2,326.100000,0.014576,0.000000
3,326.100000,0.059839,0.000000
4,326.100000,0.042553,0.000000
5,326.100000,0.049288,0.000000
6,326.100000,0.042553,0.000000
7,326.100000,0.014566,0.000000
8,326.100000,0.014560,0.000000
9,326.100000,0.080374,0.000000
0,327.100000,0.059833,0.000000
1,327.100000,0.014555,0.000000
2,327.100000,0.014559,0.000000
3,327.100000,0.059839,0.000000
4,327.100000,0.042553,0.000000
5,327.100000,0.049294,0.000000
6,327.100000,0.042553,0.000000
7,327.100000,0.014589,0.000000
8,327.100000,0.014554,0.000000
9,327.100000,0.080374,0.000000
0,328.100000,0.059833,0.000000
1,328.100000,0.014553,0.000000
2,328.100000,0.014556,0.000000
3,328.100000,0.059839,0.000000
4,328.100000,0.042553,0.000000
5,328.100000,0.049279,0.000000
6,328.100000,0.042553,0.000000
7,328.100000,0.014614,0.000000
8,328.100000,0.014560,0.000000
9,328.100000,0.080375,0.000000
0,329.100000,0.059833,0.000000
1,329.100000,0.014567,0.000000
2,329.100000,0.014552,0.000000
3,329.100000,0.059839,0.000000
4,329.100000,0.042553,0.000000
5,329.100000,0.049276,0.000000
6,329.100000,0.042553,0.000000
7,329.100000,0.014596,0.000000
8,329.100000,0.014568,0.000000
9,329.100000,0.080380,0.000000
0,330.100000,0.080386,0.000000
1,330.100000,0.042553,0.000000
2,330.100000,0.042553,0.000000
3,330.100000,0.080369,0.000000
4,330.100000,0.059833,0.000000
5,330.100000,0.080386,0.000000
6,330.100000,0.014574,0.000000
7,330.100000,0.059833,0.000000
8,330.100000,0.059833,0.000000
9,330.100000,0.014541,0.000000
0,331.100000,0.080386,0.000000
1,331.100000,0.042553,0.000000
2,331.100000,0.042553,0.000000
3,331.100000,0.080368,0.000000
4,331.100000,0.059833,0.000000
5,331.100000,0.080385,0.000000
6,331.100000,0.014564,0.000000
7,331.100000,0.059833,0.000000
8,331.100000,0.059833,0.000000
9,331.100000,0.014566,0.000000
0,332.100000,0.080385,0.000000
1,332.100000,0.042553,0.000000
2,332.100000,0.042553,0.000000
3,332.100000,0.080368,0.000000
4,332.100000,0.059833,0.000000
5,332.100000,0.080385,0.000000
6,332.100000,0.014559,0.000000
7,332.100000,0.059833,0.000000
8,332.100000,0.059833,0.000000
9,332.100000,0.014565,0.000000
0,333.100000,0.080386,0.000000
1,333.100000,0.042553,0.000000
2,333.100000,0.042553,0.000000
3,333.100000,0.080368,0.000000
4,333.100000,0.059833,0.000000
5,333.100000,0.080385,0.000000
6,333.100000,0.014570,0.000000
7,333.100000,0.059833,0.000000
8,333.100000,0.059833,0.000000
9,333.100000,0.014578,0.000000
0,334.100000,0.080386,0.000000
1,334.100000,0.042553,0.000000
2,334.100000,0.042553,0.000000
3,334.100000,0.080368,0.000000
4,334.100000,0.059833,0.000000
5,334.100000,0.080387,0.000000
6,334.100000,0.014584,0.000000
7,334.100000,0.059833,0.000000
8,334.100000,0.059833,0.000000
9,334.100000,0.014573,0.000000
0,335.100000,0.080386,0.000000
1,335.100000,0.042553,0.000000
2,335.100000,0.042553,0.000000
3,335.100000,0.080370,0.000000
4,335.100000,0.059833,0.000000
5,335.100000,0.080386,0.000000
6,335.100000,0.014594,0.000000
7,335.100000,0.059834,0.000000
8,335.100000,0.059833,0.000000
9,335.100000,0.014564,0.000000
0,336.100000,0.080387,0.000000
1,336.100000,0.042553,0.000000
2,336.100000,0.042553,0.000000
3,336.100000,0.080397,0.000000
4,336.100000,0.059833,0.000000
5,336.100000,0.080386,0.000000
6,336.100000,0.014577,0.000000
7,336.100000,0.059833,0.000000
8,336.100000,0.059833,0.000000
9,336.100000,0.014577,0.000000
0,337.100000,0.080385,0.000000
1,337.100000,0.042553,0.000000
2,337.100000,0.042553,0.000000
3,337.100000,0.080377,0.000000
4,337.100000,0.059833,0.000000
5,337.100000,0.080385,0.000000
6,337.100000,0.014555,0.000000
7,337.100000,0.059833,0.000000
8,337.100000,0.059833,0.000000
9,337.100000,0.014578,0.000000
0,338.100000,0.080385,0.000000
1,338.100000,0.042553,0.000000
2,338.100000,0.042553,0.000000
3,338.100000,0.080374,0.000000
4,338.100000,0.059833,0.000000
5,338.100000,0.080385,0.000000
6,338.100000,0.014556,0.000000
7,338.100000,0.059833,0.000000
8,338.100000,0.059834,0.000000
9,338.100000,0.014564,0.000000
0,339.100000,0.080386,0.000000
1,339.100000,0.042553,0.000000
2,339.100000,0.042553,0.000000
3,339.100000,0.080374,0.000000
4,339.100000,0.059833,0.000000
5,339.100000,0.080386,0.000000
6,339.100000,0.014580,0.000000
7,339.100000,0.059833,0.000000
8,339.100000,0.059833,0.000000
9,339.100000,0.014562,0.000000
0,340.100000,0.014559,0.000000
1,340.100000,0.014582,0.000000
2,340.100000,0.059833,0.000000
3,340.100000,0.142228,0.000000
4,340.100000,0.080386,0.000000
5,340.100000,0.014579,0.000000
6,340.100000,0.059833,0.000000
7,340.100000,0.080386,0.000000
8,340.100000,0.049282,0.000000
9,340.100000,0.059833,0.000000
0,341.100000,0.014573,0.000000
1,341.100000,0.014593,0.000000
2,341.100000,0.059833,0.000000
3,341.100000,0.111813,0.000000
4,341.100000,0.080385,0.000000
5,341.100000,0.014596,0.000000
6,341.100000,0.059833,0.000000
7,341.100000,0.080385,0.000000
8,341.100000,0.049281,0.000000
9,341.100000,0.059833,0.000000
0,342.100000,0.014528,0.000000
1,342.100000,0.014585,0.000000
2,342.100000,0.059833,0.000000
3,342.100000,0.088520,0.000000
4,342.100000,0.080386,0.000000
5,342.100000,0.014578,0.000000
6,342.100000,0.059833,0.000000
7,342.100000,0.080385,0.000000
8,342.100000,0.049278,0.000000
9,342.100000,0.059833,0.000000
0,343.100000,0.014527,0.000000
1,343.100000,0.014583,0.000000
2,343.100000,0.059833,0.000000
3,343.100000,0.070488,0.000000
4,343.100000,0.080385,0.000000
5,343.100000,0.014564,0.000000
6,343.100000,0.059833,0.000000
7,343.100000,0.080386,0.000000
8,343.100000,0.049293,0.000000
9,343.100000,0.059833,0.000000
0,344.100000,0.014526,0.000000
1,344.100000,0.014575,0.000000
2,344.100000,0.059833,0.000000
3,344.100000,0.057964,0.000000
4,344.100000,0.080386,0.000000
5,344.100000,0.014566,0.000000
6,344.100000,0.059833,0.000000
7,344.100000,0.080386,0.000000
8,344.100000,0.049291,0.000000
9,344.100000,0.059833,0.000000
0,345.100000,0.014525,0.000000
1,345.100000,0.014544,0.000000
2,345.100000,0.059833,0.000000
3,345.100000,0.621331,0.000000
4,345.100000,0.080386,0.000000
5,345.100000,0.014565,0.000000
6,345.100000,0.059833,0.000000
7,345.100000,0.080386,0.000000
8,345.100000,0.049287,0.000000
9,345.100000,0.059833,0.000000
0,346.100000,0.014533,0.000000
1,346.100000,0.014546,0.000000
2,346.100000,0.059833,0.000000
3,346.100000,0.049281,0.000000
4,346.100000,0.080386,0.000000
5,346.100000,0.014573,0.000000
6,346.100000,0.059833,0.000000
7,346.100000,0.080385,0.000000
8,346.100000,0.049288,0.000000
9,346.100000,0.059833,0.000000
0,347.100000,0.014562,0.000000
1,347.100000,0.014569,0.000000
2,347.100000,0.059834,0.000000
3,347.100000,0.049280,0.000000
4,347.100000,0.080385,0.000000
5,347.100000,0.014582,0.000000
6,347.100000,0.059833,0.000000
7,347.100000,0.080385,0.000000
8,347.100000,0.049275,0.000000
9,347.100000,0.059833,0.000000
0,348.100000,0.014564,0.000000
1,348.100000,0.014569,0.000000
2,348.100000,0.059833,0.000000
3,348.100000,0.049279,0.000000
4,348.100000,0.080386,0.000000
5,348.100000,0.014569,0.000000
6,348.100000,0.059833,0.000000
7,348.100000,0.080386,0.000000
8,348.100000,0.049290,0.000000
9,348.100000,0.059833,0.000000
0,349.100000,0.014542,0.000000
1,349.100000,0.014562,0.000000
2,349.100000,0.059833,0.000000
3,349.100000,0.049279,0.000000
4,349.100000,0.080385,0.000000
5,349.100000,0.014562,0.000000
6,349.100000,0.059833,0.000000
7,349.100000,0.080385,0.000000
8,349.100000,0.049293,0.000000
9,349.100000,0.059833,0.000000
0,350.100000,0.042553,0.000000
1,350.100000,0.059833,0.000000
2,350.100000,0.080386,0.000000
3,350.100000,0.014583,0.000000
4,350.100000,0.049293,0.000000
5,350.100000,0.042553,0.000000
6,350.100000,0.049304,0.000000
7,350.100000,0.049316,0.000000
8,350.100000,0.042553,0.000000
9,350.100000,0.049279,0.000000
0,351.100000,0.042554,0.000000
1,351.100000,0.059833,0.000000
2,351.100000,0.080386,0.000000
3,351.100000,0.014570,0.000000
4,351.100000,0.049291,0.000000
5,351.100000,0.042553,0.000000
6,351.100000,0.049286,0.000000
7,351.100000,0.049304,0.000000
8,351.100000,0.042553,0.000000
9,351.100000,0.049296,0.000000
0,352.100000,0.042554,0.000000
1,352.100000,0.059833,0.000000
2,352.100000,0.080385,0.000000
3,352.100000,0.014576,0.000000
4,352.100000,0.049286,0.000000
5,352.100000,0.042553,0.000000
6,352.100000,0.049303,0.000000
7,352.100000,0.049295,0.000000
8,352.100000,0.042553,0.000000
9,352.100000,0.049297,0.000000
0,353.100000,0.042554,0.000000
1,353.100000,0.059833,0.000000
2,353.100000,0.080386,0.000000
3,353.100000,0.014575,0.000000
4,353.100000,0.049278,0.000000
5,353.100000,0.042553,0.000000
6,353.100000,0.049295,0.000000
7,353.100000,0.049288,0.000000
8,353.100000,0.042553,0.000000
9,353.100000,0.049287,0.000000
0,354.100000,0.042554,0.000000
1,354.100000,0.059833,0.000000
2,354.100000,0.080386,0.000000
3,354.100000,0.014581,0.000000
4,354.100000,0.049292,0.000000
5,354.100000,0.042553,0.000000
6,354.100000,0.049295,0.000000
7,354.100000,0.049286,0.000000
8,354.100000,0.042553,0.000000
9,354.100000,0.049289,0.000000
0,355.100000,0.042554,0.000000
1,355.100000,0.059833,0.000000
2,355.100000,0.080385,0.000000
3,355.100000,0.014585,0.000000
4,355.100000,0.049290,0.000000
5,355.100000,0.042553,0.000000
6,355.100000,0.049297,0.000000
7,355.100000,0.049294,0.000000
8,355.100000,0.042553,0.000000
9,355.100000,0.049279,0.000000
0,356.100000,0.042554,0.000000
1,356.100000,0.059833,0.000000
2,356.100000,0.080386,0.000000
3,356.100000,0.014565,0.000000
4,356.100000,0.049279,0.000000
5,356.100000,0.042553,0.000000
6,356.100000,0.049294,0.000000
7,356.100000,0.049295,0.000000
8,356.100000,0.042553,0.000000
9,356.100000,0.049281,0.000000
0,357.100000,0.042554,0.000000
1,357.100000,0.059833,0.000000
2,357.100000,0.080386,0.000000
3,357.100000,0.014551,0.000000
4,357.100000,0.049288,0.000000
5,357.100000,0.042553,0.000000
6,357.100000,0.049294,0.000000
7,357.100000,0.049294,0.000000
8,357.100000,0.042553,0.000000
9,357.100000,0.049288,0.000000
0,358.100000,0.042554,0.000000
1,358.100000,0.059833,0.000000
2,358.100000,0.080385,0.000000
3,358.100000,0.014568,0.000000
4,358.100000,0.049283,0.000000
5,358.100000,0.042553,0.000000
6,358.100000,0.049286,0.000000
7,358.100000,0.049277,0.000000
8,358.100000,0.042553,0.000000
9,358.100000,0.049280,0.000000
0,359.100000,0.042554,0.000000
1,359.100000,0.059833,0.000000
2,359.100000,0.080386,0.000000
3,359.100000,0.014573,0.000000
4,359.100000,0.049290,0.000000
5,359.100000,0.042553,0.000000
6,359.100000,0.049301,0.000000
7,359.100000,0.049297,0.000000
8,359.100000,0.042553,0.000000
9,359.100000,0.049289,0.000000
0,360.100000,0.621120,0.000000
1,360.100000,0.080386,0.000000
2,360.100000,0.049288,0.000000
3,360.100000,0.042553,0.000000
4,360.100000,0.014573,0.000000
5,360.100000,0.059833,0.000000
6,360.100000,0.042553,0.000000
7,360.100000,0.042553,0.000000
8,360.100000,0.080386,0.000000
9,360.100000,0.049287,0.000000
0,361.100000,0.621125,0.000000
1,361.100000,0.080386,0.000000
2,361.100000,0.049281,0.000000
3,361.100000,0.042553,0.000000
4,361.100000,0.014567,0.000000
5,361.100000,0.059833,0.000000
6,361.100000,0.042553,0.000000
7,361.100000,0.042553,0.000000
8,361.100000,0.080385,0.000000
9,361.100000,0.049294,0.000000
0,362.100000,0.621115,0.000000
1,362.100000,0.080385,0.000000
2,362.100000,0.049293,0.000000
3,362.100000,0.042553,0.000000
4,362.100000,0.014563,0.000000
5,362.100000,0.059833,0.000000
6,362.100000,0.042553,0.000000
7,362.100000,0.042553,0.000000
8,362.100000,0.080386,0.000000
9,362.100000,0.049285,0.000000
0,363.100000,0.621121,0.000000
1,363.100000,0.080387,0.000000
2,363.100000,0.049286,0.000000
3,363.100000,0.042553,0.000000
4,363.100000,0.014572,0.000000
5,363.100000,0.059833,0.000000
6,363.100000,0.042553,0.000000
7,363.100000,0.042553,0.000000
8,363.100000,0.080386,0.000000
9,363.100000,0.049319,0.000000
0,364.100000,0.621152,0.000000
1,364.100000,0.080386,0.000000
2,364.100000,0.049280,0.000000
3,364.100000,0.042553,0.000000
4,364.100000,0.014582,0.000000
5,364.100000,0.059834,0.000000
6,364.100000,0.042553,0.000000
7,364.100000,0.042553,0.000000
8,364.100000,0.080386,0.000000
9,364.100000,0.049312,0.000000
0,365.100000,0.621161,0.000000
1,365.100000,0.080385,0.000000
2,365.100000,0.049284,0.000000
3,365.100000,0.042553,0.000000
4,365.100000,0.014563,0.000000
5,365.100000,0.059833,0.000000
6,365.100000,0.042553,0.000000
7,365.100000,0.042553,0.000000
8,365.100000,0.080385,0.000000
9,365.100000,0.049301,0.000000
0,366.100000,0.621182,0.000000
1,366.100000,0.080386,0.000000
2,366.100000,0.049285,0.000000
3,366.100000,0.042553,0.000000
4,366.100000,0.014557,0.000000
5,366.100000,0.059833,0.000000
6,366.100000,0.042553,0.000000
7,366.100000,0.042553,0.000000
8,366.100000,0.080386,0.000000
9,366.100000,0.049295,0.000000
0,367.100000,0.621175,0.000000
1,367.100000,0.080385,0.000000
2,367.100000,0.049282,0.000000
3,367.100000,0.042553,0.000000
4,367.100000,0.014559,0.000000
5,367.100000,0.059833,0.000000
6,367.100000,0.042553,0.000000
7,367.100000,0.042553,0.000000
8,367.100000,0.080386,0.000000
9,367.100000,0.049282,0.000000
0,368.100000,0.621190,0.000000
1,368.100000,0.080386,0.000000
2,368.100000,0.049272,0.000000
3,368.100000,0.042553,0.000000
4,368.100000,0.014574,0.000000
5,368.100000,0.059833,0.000000
6,368.100000,0.042553,0.000000
7,368.100000,0.042553,0.000000
8,368.100000,0.080384,0.000000
9,368.100000,0.049299,0.000000
0,369.100000,0.621167,0.000000
1,369.100000,0.080386,0.000000
2,369.100000,0.049284,0.000000
3,369.100000,0.042553,0.000000
4,369.100000,0.014564,0.000000
5,369.100000,0.059833,0.000000
6,369.100000,0.042553,0.000000
7,369.100000,0.042554,0.000000
8,369.100000,0.080387,0.000000
9,369.100000,0.049283,0.000000
0,370.100000,0.059833,0.000000
1,370.100000,0.049277,0.000000
2,370.100000,0.014568,0.000000
3,370.100000,0.059833,0.000000
4,370.100000,0.042553,0.000000
5,370.100000,0.049296,0.000000
6,370.100000,0.080385,0.000000
7,370.100000,0.080399,0.000000
8,370.100000,0.014561,0.000000
9,370.100000,0.042553,0.000000
0,371.100000,0.059833,0.000000
1,371.100000,0.049281,0.000000
2,371.100000,0.014561,0.000000
3,371.100000,0.059833,0.000000
4,371.100000,0.042553,0.000000
5,371.100000,0.049293,0.000000
6,371.100000,0.080387,0.000000
7,371.100000,0.080442,0.000000
8,371.100000,0.014564,0.000000
9,371.100000,0.042553,0.000000
0,372.100000,0.059833,0.000000
1,372.100000,0.049281,0.000000
2,372.100000,0.014564,0.000000
3,372.100000,0.059833,0.000000
4,372.100000,0.042553,0.000000
5,372.100000,0.049288,0.000000
6,372.100000,0.080385,0.000000
7,372.100000,0.080446,0.000000
8,372.100000,0.014530,0.000000
9,372.100000,0.042553,0.000000
0,373.100000,0.059833,0.000000
1,373.100000,0.049291,0.000000
2,373.100000,0.014559,0.000000
3,373.100000,0.059833,0.000000
4,373.100000,0.042553,0.000000
5,373.100000,0.049285,0.000000
6,373.100000,0.080385,0.000000
7,373.100000,0.084415,0.000000
8,373.100000,0.014524,0.000000
9,373.100000,0.042553,0.000000
0,374.100000,0.059833,0.000000
1,374.100000,0.049280,0.000000
2,374.100000,0.014568,0.000000
3,374.100000,0.059833,0.000000
4,374.100000,0.042553,0.000000
5,374.100000,0.049283,0.000000
6,374.100000,0.080386,0.000000
7,374.100000,0.098334,0.000000
8,374.100000,0.014525,0.000000
9,374.100000,0.042553,0.000000
0,375.100000,0.059833,0.000000
1,375.100000,0.049284,0.000000
2,375.100000,0.014572,0.000000
3,375.100000,0.059834,0.000000
4,375.100000,0.042553,0.000000
5,375.100000,0.049292,0.000000
6,375.100000,0.080385,0.000000
7,375.100000,0.116748,0.000000
8,375.100000,0.014525,0.000000
9,375.100000,0.042553,0.000000
0,376.100000,0.059833,0.000000
1,376.100000,0.049285,0.000000
2,376.100000,0.014563,0.000000
3,376.100000,0.059833,0.000000
4,376.100000,0.042553,0.000000
5,376.100000,0.049288,0.000000
6,376.100000,0.080386,0.000000
7,376.100000,0.149377,0.000000
8,376.100000,0.014524,0.000000
9,376.100000,0.042553,0.000000
0,377.100000,0.059833,0.000000
1,377.100000,0.049285,0.000000
2,377.100000,0.014568,0.000000
3,377.100000,0.059833,0.000000
4,377.100000,0.042553,0.000000
5,377.100000,0.049285,0.000000
6,377.100000,0.080385,0.000000
7,377.100000,0.193015,0.000000
8,377.100000,0.014629,0.000000
9,377.100000,0.042553,0.000000
0,378.100000,0.059833,0.000000
1,378.100000,0.049301,0.000000
2,378.100000,0.014589,0.000000
3,378.100000,0.059833,0.000000
4,378.100000,0.042553,0.000000
5,378.100000,0.049289,0.000000
6,378.100000,0.080386,0.000000
7,378.100000,0.948280,0.000000
8,378.100000,0.014655,0.000000
9,378.100000,0.042553,0.000000
0,379.100000,0.059833,0.000000
1,379.100000,0.049298,0.000000
2,379.100000,0.014594,0.000000
3,379.100000,0.059833,0.000000
4,379.100000,0.042553,0.000000
5,379.100000,0.049283,0.000000
6,379.100000,0.080387,0.000000
7,379.100000,0.948149,0.000000
8,379.100000,0.014700,0.000000
9,379.100000,0.042553,0.000000
0,380.100000,0.294092,0.000000
1,380.100000,0.042553,0.000000
2,380.100000,0.042553,0.000000
3,380.100000,0.080385,0.000000
4,380.100000,0.059833,0.000000
5,380.100000,0.080386,0.000000
6,380.100000,0.049294,0.000000
7,380.100000,0.885361,0.000000
8,380.100000,0.059831,0.000000
9,380.100000,0.080387,0.000000
0,381.100000,0.942169,0.000000
1,381.100000,0.042554,0.000000
2,381.100000,0.042553,0.000000
3,381.100000,0.080386,0.000000
4,381.100000,0.059833,0.000000
5,381.100000,0.080386,0.000000
6,381.100000,0.049289,0.000000
7,381.100000,0.914645,0.000000
8,381.100000,0.059831,0.000000
9,381.100000,0.080385,0.000000
0,382.100000,0.947790,0.000000
1,382.100000,0.042553,0.000000
2,382.100000,0.042553,0.000000
3,382.100000,0.080385,0.000000
4,382.100000,0.059833,0.000000
5,382.100000,0.080385,0.000000
6,382.100000,0.049285,0.000000
7,382.100000,0.945037,0.000000
8,382.100000,0.059831,0.000000
9,382.100000,0.080385,0.000000
0,383.100000,0.947919,0.000000
1,383.100000,0.042553,0.000000
2,383.100000,0.042553,0.000000
3,383.100000,0.080386,0.000000
4,383.100000,0.059833,0.000000
5,383.100000,0.080386,0.000000
6,383.100000,0.049294,0.000000
7,383.100000,0.953355,0.000000
8,383.100000,0.059831,0.000000
9,383.100000,0.080386,0.000000
0,384.100000,0.947999,0.000000
1,384.100000,0.042553,0.000000
2,384.100000,0.042553,0.000000
3,384.100000,0.080385,0.000000
4,384.100000,0.059833,0.000000
5,384.100000,0.080385,0.000000
6,384.100000,0.049283,0.000000
7,384.100000,0.958444,0.000000
8,384.100000,0.059831,0.000000
9,384.100000,0.080385,0.000000
0,385.100000,0.948016,0.000000
1,385.100000,0.042553,0.000000
2,385.100000,0.042553,0.000000
3,385.100000,0.080385,0.000000
4,385.100000,0.059833,0.000000
5,385.100000,0.080386,0.000000
6,385.100000,0.049286,0.000000
7,385.100000,0.958263,0.000000
8,385.100000,0.059831,0.000000
9,385.100000,0.080386,0.000000
0,386.100000,0.948038,0.000000
1,386.100000,0.042553,0.000000
2,386.100000,0.042553,0.000000
3,386.100000,0.080386,0.000000
4,386.100000,0.059833,0.000000
5,386.100000,0.080385,0.000000
6,386.100000,0.049290,0.000000
7,386.100000,0.958301,0.000000
8,386.100000,0.059831,0.000000
9,386.100000,0.080386,0.000000
0,387.100000,0.948055,0.000000
1,387.100000,0.042553,0.000000
2,387.100000,0.042554,0.000000
3,387.100000,0.080386,0.000000
4,387.100000,0.059833,0.000000
5,387.100000,0.080385,0.000000
6,387.100000,0.049282,0.000000
7,387.100000,0.958373,0.000000
8,387.100000,0.059832,0.000000
9,387.100000,0.080386,0.000000
0,388.100000,0.948057,0.000000
1,388.100000,0.042553,0.000000
2,388.100000,0.042553,0.000000
3,388.100000,0.080386,0.000000
4,388.100000,0.059833,0.000000
5,388.100000,0.080386,0.000000
6,388.100000,0.049302,0.000000
7,388.100000,0.958393,0.000000
8,388.100000,0.059832,0.000000
9,388.100000,0.080386,0.000000
0,389.100000,0.948077,0.000000
1,389.100000,0.042553,0.000000
2,389.100000,0.042553,0.000000
3,389.100000,0.080386,0.000000
4,389.100000,0.059833,0.000000
5,389.100000,0.080385,0.000000
6,389.100000,0.049296,0.000000
7,389.100000,0.958389,0.000000
8,389.100000,0.059834,0.000000
9,389.100000,0.080386,0.000000
0,390.100000,0.016055,0.000000
1,390.100000,0.059833,0.000000
2,390.100000,0.059833,0.000000
3,390.100000,0.049285,0.000000
4,390.100000,0.080386,0.000000
5,390.100000,0.014580,0.000000
6,390.100000,0.014564,0.000000
7,390.100000,0.679873,0.000000
8,390.100000,0.049156,0.000000
9,390.100000,0.014573,0.000000
0,391.100000,0.015993,0.000000
1,391.100000,0.059833,0.000000
2,391.100000,0.059833,0.000000
3,391.100000,0.049274,0.000000
4,391.100000,0.080385,0.000000
5,391.100000,0.014566,0.000000
6,391.100000,0.014559,0.000000
7,391.100000,0.679886,0.000000
8,391.100000,0.049122,0.000000
9,391.100000,0.014562,0.000000
0,392.100000,0.015967,0.000000
1,392.100000,0.059833,0.000000
2,392.100000,0.059833,0.000000
3,392.100000,0.049294,0.000000
4,392.100000,0.080385,0.000000
5,392.100000,0.014555,0.000000
6,392.100000,0.014561,0.000000
7,392.100000,0.679886,0.000000
8,392.100000,0.049114,0.000000
9,392.100000,0.014566,0.000000
0,393.100000,0.015947,0.000000
1,393.100000,0.059833,0.000000
2,393.100000,0.059833,0.000000
3,393.100000,0.049288,0.000000
4,393.100000,0.080387,0.000000
5,393.100000,0.014563,0.000000
6,393.100000,0.014553,0.000000
7,393.100000,0.679899,0.000000
8,393.100000,0.049112,0.000000
9,393.100000,0.014567,0.000000
0,394.100000,0.015932,0.000000
1,394.100000,0.059833,0.000000
2,394.100000,0.059833,0.000000
3,394.100000,0.049291,0.000000
4,394.100000,0.080385,0.000000
5,394.100000,0.014570,0.000000
6,394.100000,0.014561,0.000000
7,394.100000,0.679899,0.000000
8,394.100000,0.049112,0.000000
9,394.100000,0.014569,0.000000
0,395.100000,0.015925,0.000000
1,395.100000,0.059833,0.000000
2,395.100000,0.059833,0.000000
3,395.100000,0.049284,0.000000
4,395.100000,0.080386,0.000000
5,395.100000,0.014567,0.000000
6,395.100000,0.014564,0.000000
7,395.100000,0.679900,0.000000
8,395.100000,0.049110,0.000000
9,395.100000,0.014574,0.000000
0,396.100000,0.015916,0.000000
1,396.100000,0.059833,0.000000
2,396.100000,0.059833,0.000000
3,396.100000,0.049297,0.000000
4,396.100000,0.080385,0.000000
5,396.100000,0.014567,0.000000
6,396.100000,0.014546,0.000000
7,396.100000,0.679899,0.000000
8,396.100000,0.049104,0.000000
9,396.100000,0.014559,0.000000
0,397.100000,0.015904,0.000000
1,397.100000,0.059833,0.000000
2,397.100000,0.059833,0.000000
3,397.100000,0.049288,0.000000
4,397.100000,0.080387,0.000000
5,397.100000,0.014573,0.000000
6,397.100000,0.014553,0.000000
7,397.100000,0.679900,0.000000
8,397.100000,0.049092,0.000000
9,397.100000,0.014556,0.000000
0,398.100000,0.015886,0.000000
1,398.100000,0.059833,0.000000
2,398.100000,0.059833,0.000000
3,398.100000,0.049286,0.000000
4,398.100000,0.080385,0.000000
5,398.100000,0.014593,0.000000
6,398.100000,0.014574,0.000000
7,398.100000,0.679901,0.000000
8,398.100000,0.049088,0.000000
9,398.100000,0.014587,0.000000
0,399.100000,0.015805,0.000000
1,399.100000,0.059833,0.000000
2,399.100000,0.059833,0.000000
3,399.100000,0.049278,0.000000
4,399.100000,0.080385,0.000000
5,399.100000,0.014591,0.000000
6,399.100000,0.014580,0.000000
7,399.100000,0.679903,0.000000
8,399.100000,0.049088,0.000000
9,399.100000,0.014575,0.000000
0,400.100000,0.042553,0.000000
1,400.100000,0.014591,0.000000
2,400.100000,0.080385,0.000000
3,400.100000,0.014562,0.000000
4,400.100000,0.049281,0.000000
5,400.100000,0.042553,0.000000
6,400.100000,0.059833,0.000000
7,400.100000,0.621337,0.000000
8,400.100000,0.042553,0.000000
9,400.100000,0.059833,0.000000
0,401.100000,0.042553,0.000000
1,401.100000,0.014592,0.000000
2,401.100000,0.080386,0.000000
3,401.100000,0.014585,0.000000
4,401.100000,0.049280,0.000000
5,401.100000,0.042553,0.000000
6,401.100000,0.059833,0.000000
7,401.100000,0.621340,0.000000
8,401.100000,0.042553,0.000000
9,401.100000,0.059833,0.000000
0,402.100000,0.042553,0.000000
1,402.100000,0.014600,0.000000
2,402.100000,0.080385,0.000000
3,402.100000,0.014582,0.000000
4,402.100000,0.049288,0.000000
5,402.100000,0.042553,0.000000
6,402.100000,0.059833,0.000000
7,402.100000,0.621343,0.000000
8,402.100000,0.042553,0.000000
9,402.100000,0.059833,0.000000
0,403.100000,0.042553,0.000000
1,403.100000,0.014580,0.000000
2,403.100000,0.080385,0.000000
3,403.100000,0.014593,0.000000
4,403.100000,0.049279,0.000000
5,403.100000,0.042553,0.000000
6,403.100000,0.059833,0.000000
7,403.100000,0.621342,0.000000
8,403.100000,0.042553,0.000000
9,403.100000,0.059833,0.000000
0,404.100000,0.042553,0.000000
1,404.100000,0.014567,0.000000
2,404.100000,0.080386,0.000000
3,404.100000,0.014588,0.000000
4,404.100000,0.049285,0.000000
5,404.100000,0.042554,0.000000
6,404.100000,0.059833,0.000000
7,404.100000,0.621341,0.000000
8,404.100000,0.042553,0.000000
9,404.100000,0.059834,0.000000
0,405.100000,0.042553,0.000000
1,405.100000,0.014558,0.000000
2,405.100000,0.080385,0.000000
3,405.100000,0.014573,0.000000
4,405.100000,0.049275,0.000000
5,405.100000,0.042553,0.000000
6,405.100000,0.059833,0.000000
7,405.100000,0.621345,0.000000
8,405.100000,0.042553,0.000000
9,405.100000,0.059833,0.000000
0,406.100000,0.042553,0.000000
1,406.100000,0.014576,0.000000
2,406.100000,0.080385,0.000000
3,406.100000,0.014560,0.000000
4,406.100000,0.049285,0.000000
5,406.100000,0.042553,0.000000
6,406.100000,0.059833,0.000000
7,406.100000,0.060954,0.000000
8,406.100000,0.042553,0.000000
9,406.100000,0.059833,0.000000
0,407.100000,0.042553,0.000000
1,407.100000,0.014563,0.000000
2,407.100000,0.080385,0.000000
3,407.100000,0.014584,0.000000
4,407.100000,0.049277,0.000000
5,407.100000,0.042553,0.000000
6,407.100000,0.059833,0.000000
7,407.100000,0.574821,0.000000
8,407.100000,0.042553,0.000000
9,407.100000,0.059833,0.000000
0,408.100000,0.042553,0.000000
1,408.100000,0.014558,0.000000
2,408.100000,0.080386,0.000000
3,408.100000,0.014573,0.000000
4,408.100000,0.049290,0.000000
5,408.100000,0.042553,0.000000
6,408.100000,0.059834,0.000000
7,408.100000,0.143358,0.000000
8,408.100000,0.042553,0.000000
9,408.100000,0.059833,0.000000
0,409.100000,0.042553,0.000000
1,409.100000,0.014568,0.000000
2,409.100000,0.080386,0.000000
3,409.100000,0.014559,0.000000
4,409.100000,0.049282,0.000000
5,409.100000,0.042553,0.000000
6,409.100000,0.059833,0.000000
7,409.100000,0.077346,0.000000
8,409.100000,0.042553,0.000000
9,409.100000,0.059833,0.000000
0,410.100000,0.049090,0.000000
1,410.100000,0.080386,0.000000
2,410.100000,0.049280,0.000000
3,410.100000,0.042553,0.000000
4,410.100000,0.014576,0.000000
5,410.100000,0.059833,0.000000
6,410.100000,0.049285,0.000000
7,410.100000,0.042553,0.000000
8,410.100000,0.080368,0.000000
9,410.100000,0.059833,0.000000
0,411.100000,0.049091,0.000000
1,411.100000,0.080386,0.000000
2,411.100000,0.049280,0.000000
3,411.100000,0.042553,0.000000
4,411.100000,0.014574,0.000000
5,411.100000,0.059833,0.000000
6,411.100000,0.049295,0.000000
7,411.100000,0.042553,0.000000
8,411.100000,0.080368,0.000000
9,411.100000,0.059833,0.000000
0,412.100000,0.049091,0.000000
1,412.100000,0.080386,0.000000
2,412.100000,0.049273,0.000000
3,412.100000,0.042553,0.000000
4,412.100000,0.014565,0.000000
5,412.100000,0.059833,0.000000
6,412.100000,0.049293,0.000000
7,412.100000,0.042553,0.000000
8,412.100000,0.080368,0.000000
9,412.100000,0.059833,0.000000
0,413.100000,0.049092,0.000000
1,413.100000,0.080385,0.000000
2,413.100000,0.049271,0.000000
3,413.100000,0.042553,0.000000
4,413.100000,0.014558,0.000000
5,413.100000,0.059833,0.000000
6,413.100000,0.049292,0.000000
7,413.100000,0.042553,0.000000
8,413.100000,0.080368,0.000000
9,413.100000,0.059833,0.000000
0,414.100000,0.049092,0.000000
1,414.100000,0.080385,0.000000
2,414.100000,0.049286,0.000000
3,414.100000,0.042553,0.000000
4,414.100000,0.014574,0.000000
5,414.100000,0.059834,0.000000
6,414.100000,0.049279,0.000000
7,414.100000,0.042553,0.000000
8,414.100000,0.080368,0.000000
9,414.100000,0.059833,0.000000
0,415.100000,0.049092,0.000000
1,415.100000,0.080386,0.000000
2,415.100000,0.049282,0.000000
3,415.100000,0.042553,0.000000
4,415.100000,0.014585,0.000000
5,415.100000,0.059833,0.000000
6,415.100000,0.049287,0.000000
7,415.100000,0.042553,0.000000
8,415.100000,0.080368,0.000000
9,415.100000,0.059833,0.000000
0,416.100000,0.049102,0.000000
1,416.100000,0.080385,0.000000
2,416.100000,0.049283,0.000000
3,416.100000,0.042553,0.000000
4,416.100000,0.014589,0.000000
5,416.100000,0.059833,0.000000
6,416.100000,0.049278,0.000000
7,416.100000,0.042553,0.000000
8,416.100000,0.080370,0.000000
9,416.100000,0.059833,0.000000
0,417.100000,0.559030,0.000000
1,417.100000,0.080386,0.000000
2,417.100000,0.049277,0.000000
3,417.100000,0.042553,0.000000
4,417.100000,0.014560,0.000000
5,417.100000,0.059833,0.000000
6,417.100000,0.049295,0.000000
7,417.100000,0.042553,0.000000
8,417.100000,0.080399,0.000000
9,417.100000,0.059833,0.000000
0,418.100000,0.368508,0.000000
1,418.100000,0.080385,0.000000
2,418.100000,0.049276,0.000000
3,418.100000,0.042553,0.000000
4,418.100000,0.014556,0.000000
5,418.100000,0.059833,0.000000
6,418.100000,0.049290,0.000000
7,418.100000,0.042553,0.000000
8,418.100000,0.080376,0.000000
9,418.100000,0.059834,0.000000
0,419.100000,0.253223,0.000000
1,419.100000,0.080386,0.000000
2,419.100000,0.049288,0.000000
3,419.100000,0.042553,0.000000
4,419.100000,0.014561,0.000000
5,419.100000,0.059833,0.000000
6,419.100000,0.049285,0.000000
7,419.100000,0.042553,0.000000
8,419.100000,0.080373,0.000000
9,419.100000,0.059833,0.000000
0,420.100000,0.059846,0.000000
1,420.100000,0.049283,0.000000
2,420.100000,0.014578,0.000000
3,420.100000,0.059833,0.000000
4,420.100000,0.042553,0.000000
5,420.100000,0.049294,0.000000
6,420.100000,0.042553,0.000000
7,420.100000,0.080370,0.000000
8,420.100000,0.014594,0.000000
9,420.100000,0.049298,0.000000
0,421.100000,0.059847,0.000000
1,421.100000,0.049296,0.000000
2,421.100000,0.014551,0.000000
3,421.100000,0.059833,0.000000
4,421.100000,0.042553,0.000000
5,421.100000,0.049286,0.000000
6,421.100000,0.042553,0.000000
7,421.100000,0.080370,0.000000
8,421.100000,0.014597,0.000000
9,421.100000,0.049285,0.000000
0,422.100000,0.059846,0.000000
1,422.100000,0.049280,0.000000
2,422.100000,0.014548,0.000000
3,422.100000,0.059833,0.000000
4,422.100000,0.042553,0.000000
5,422.100000,0.049296,0.000000
6,422.100000,0.042553,0.000000
7,422.100000,0.080369,0.000000
8,422.100000,0.014595,0.000000
9,422.100000,0.049286,0.000000
0,423.100000,0.059845,0.000000
1,423.100000,0.049276,0.000000
2,423.100000,0.014558,0.000000
3,423.100000,0.059833,0.000000
4,423.100000,0.042553,0.000000
5,423.100000,0.049287,0.000000
6,423.100000,0.042553,0.000000
7,423.100000,0.080369,0.000000
8,423.100000,0.014590,0.000000
9,423.100000,0.049285,0.000000
0,424.100000,0.059844,0.000000
1,424.100000,0.049277,0.000000
2,424.100000,0.014581,0.000000
3,424.100000,0.059833,0.000000
4,424.100000,0.042553,0.000000
5,424.100000,0.049282,0.000000
6,424.100000,0.042553,0.000000
7,424.100000,0.080369,0.000000
8,424.100000,0.014583,0.000000
9,424.100000,0.049284,0.000000
0,425.100000,0.059842,0.000000
1,425.100000,0.049275,0.000000
2,425.100000,0.014584,0.000000
3,425.100000,0.059833,0.000000
4,425.100000,0.042554,0.000000
5,425.100000,0.049279,0.000000
6,425.100000,0.042553,0.000000
7,425.100000,0.080369,0.000000
8,425.100000,0.014536,0.000000
9,425.100000,0.049290,0.000000
0,426.100000,0.074682,0.000000
1,426.100000,0.049274,0.000000
2,426.100000,0.014573,0.000000
3,426.100000,0.059833,0.000000
4,426.100000,0.042553,0.000000
5,426.100000,0.049293,0.000000
6,426.100000,0.042553,0.000000
7,426.100000,0.080369,0.000000
8,426.100000,0.014553,0.000000
9,426.100000,0.049280,0.000000
0,427.100000,0.059833,0.000000
1,427.100000,0.049288,0.000000
2,427.100000,0.014586,0.000000
3,427.100000,0.059833,0.000000
4,427.100000,0.042553,0.000000
5,427.100000,0.049281,0.000000
6,427.100000,0.042553,0.000000
7,427.100000,0.080368,0.000000
8,427.100000,0.014602,0.000000
9,427.100000,0.049295,0.000000
0,428.100000,0.059833,0.000000
1,428.100000,0.049293,0.000000
2,428.100000,0.014598,0.000000
3,428.100000,0.059833,0.000000
4,428.100000,0.042553,0.000000
5,428.100000,0.049295,0.000000
6,428.100000,0.042553,0.000000
7,428.100000,0.080368,0.000000
8,428.100000,0.014579,0.000000
9,428.100000,0.049293,0.000000
0,429.100000,0.059833,0.000000
1,429.100000,0.049282,0.000000
2,429.100000,0.014583,0.000000
3,429.100000,0.059833,0.000000
4,429.100000,0.042553,0.000000
5,429.100000,0.049286,0.000000
6,429.100000,0.042553,0.000000
7,429.100000,0.080368,0.000000
8,429.100000,0.014568,0.000000
9,429.100000,0.049275,0.000000
0,430.100000,0.080386,0.000000
1,430.100000,0.042553,0.000000
2,430.100000,0.042553,0.000000
3,430.100000,0.080386,0.000000
4,430.100000,0.014568,0.000000
5,430.100000,0.080385,0.000000
6,430.100000,0.080385,0.000000
7,430.100000,0.014532,0.000000
8,430.100000,0.059833,0.000000
9,430.100000,0.042553,0.000000
0,431.100000,0.080386,0.000000
1,431.100000,0.042553,0.000000
2,431.100000,0.042553,0.000000
3,431.100000,0.080386,0.000000
4,431.100000,0.014580,0.000000
5,431.100000,0.080386,0.000000
6,431.100000,0.080386,0.000000
7,431.100000,0.014530,0.000000
8,431.100000,0.059833,0.000000
9,431.100000,0.042553,0.000000
0,432.100000,0.080385,0.000000
1,432.100000,0.042553,0.000000
2,432.100000,0.042553,0.000000
3,432.100000,0.080385,0.000000
4,432.100000,0.014572,0.000000
5,432.100000,0.080385,0.000000
6,432.100000,0.080385,0.000000
7,432.100000,0.014528,0.000000
8,432.100000,0.059833,0.000000
9,432.100000,0.042553,0.000000
0,433.100000,0.080385,0.000000
1,433.100000,0.042553,0.000000
2,433.100000,0.042553,0.000000
3,433.100000,0.080385,0.000000
4,433.100000,0.014574,0.000000
5,433.100000,0.080386,0.000000
6,433.100000,0.080386,0.000000
7,433.100000,0.014527,0.000000
8,433.100000,0.059833,0.000000
9,433.100000,0.042553,0.000000
0,434.100000,0.080385,0.000000
1,434.100000,0.042553,0.000000
2,434.100000,0.042553,0.000000
3,434.100000,0.080386,0.000000
4,434.100000,0.014566,0.000000
5,434.100000,0.080385,0.000000
6,434.100000,0.080386,0.000000
7,434.100000,0.014526,0.000000
8,434.100000,0.059834,0.000000
9,434.100000,0.042553,0.000000
0,435.100000,0.080386,0.000000
1,435.100000,0.042553,0.000000
2,435.100000,0.042553,0.000000
3,435.100000,0.080386,0.000000
4,435.100000,0.014548,0.000000
5,435.100000,0.080386,0.000000
6,435.100000,0.080385,0.000000
7,435.100000,0.014525,0.000000
8,435.100000,0.059833,0.000000
9,435.100000,0.042553,0.000000
0,436.100000,0.080385,0.000000
1,436.100000,0.042553,0.000000
2,436.100000,0.042553,0.000000
3,436.100000,0.080387,0.000000
4,436.100000,0.014579,0.000000
5,436.100000,0.080385,0.000000
6,436.100000,0.080386,0.000000
7,436.100000,0.014524,0.000000
8,436.100000,0.059833,0.000000
9,436.100000,0.042553,0.000000
0,437.100000,0.080385,0.000000
1,437.100000,0.042553,0.000000
2,437.100000,0.042553,0.000000
3,437.100000,0.080385,0.000000
4,437.100000,0.014590,0.000000
5,437.100000,0.080386,0.000000
6,437.100000,0.080386,0.000000
7,437.100000,0.014536,0.000000
8,437.100000,0.059833,0.000000
9,437.100000,0.042553,0.000000
0,438.100000,0.080386,0.000000
1,438.100000,0.042553,0.000000
2,438.100000,0.042553,0.000000
3,438.100000,0.080385,0.000000
4,438.100000,0.014573,0.000000
5,438.100000,0.080385,0.000000
6,438.100000,0.080386,0.000000
7,438.100000,0.014519,0.000000
8,438.100000,0.059833,0.000000
9,438.100000,0.042553,0.000000
0,439.100000,0.080385,0.000000
1,439.100000,0.042553,0.000000
2,439.100000,0.042553,0.000000
3,439.100000,0.080387,0.000000
4,439.100000,0.014565,0.000000
5,439.100000,0.080386,0.000000
6,439.100000,0.080385,0.000000
7,439.100000,0.014549,0.000000
8,439.100000,0.059833,0.000000
9,439.100000,0.042553,0.000000
0,440.100000,0.014566,0.000000
1,440.100000,0.059833,0.000000
2,440.100000,0.059833,0.000000
3,440.100000,0.049289,0.000000
4,440.100000,0.059833,0.000000
5,440.100000,0.014573,0.000000
6,440.100000,0.014586,0.000000
7,440.100000,0.059847,0.000000
8,440.100000,0.049273,0.000000
9,440.100000,0.080387,0.000000
0,441.100000,0.014571,0.000000
1,441.100000,0.059833,0.000000
2,441.100000,0.059833,0.000000
3,441.100000,0.049302,0.000000
4,441.100000,0.059833,0.000000
5,441.100000,0.014576,0.000000
6,441.100000,0.014581,0.000000
7,441.100000,0.059847,0.000000
8,441.100000,0.049273,0.000000
9,441.100000,0.080385,0.000000
0,442.100000,0.014576,0.000000
1,442.100000,0.059833,0.000000
2,442.100000,0.059833,0.000000
3,442.100000,0.049288,0.000000
4,442.100000,0.059833,0.000000
5,442.100000,0.014575,0.000000
6,442.100000,0.014581,0.000000
7,442.100000,0.059847,0.000000
8,442.100000,0.049275,0.000000
9,442.100000,0.080386,0.000000
0,443.100000,0.014587,0.000000
1,443.100000,0.059833,0.000000
2,443.100000,0.059833,0.000000
3,443.100000,0.049276,0.000000
4,443.100000,0.059833,0.000000
5,443.100000,0.014579,0.000000
6,443.100000,0.014582,0.000000
7,443.100000,0.059846,0.000000
8,443.100000,0.049283,0.000000
9,443.100000,0.080386,0.000000
0,444.100000,0.014583,0.000000
1,444.100000,0.059833,0.000000
2,444.100000,0.059833,0.000000
3,444.100000,0.049276,0.000000
4,444.100000,0.059833,0.000000
5,444.100000,0.014571,0.000000
6,444.100000,0.014569,0.000000
7,444.100000,0.059846,0.000000
8,444.100000,0.049290,0.000000
9,444.100000,0.080386,0.000000
0,445.100000,0.014569,0.000000
1,445.100000,0.059833,0.000000
2,445.100000,0.059833,0.000000
3,445.100000,0.049279,0.000000
4,445.100000,0.059833,0.000000
5,445.100000,0.014574,0.000000
6,445.100000,0.014563,0.000000
7,445.100000,0.059844,0.000000
8,445.100000,0.049279,0.000000
9,445.100000,0.080385,0.000000
0,446.100000,0.014565,0.000000
1,446.100000,0.059833,0.000000
2,446.100000,0.059833,0.000000
3,446.100000,0.049276,0.000000
4,446.100000,0.059833,0.000000
5,446.100000,0.014570,0.000000
6,446.100000,0.014590,0.000000
7,446.100000,0.059842,0.000000
8,446.100000,0.049283,0.000000
9,446.100000,0.080386,0.000000
0,447.100000,0.014571,0.000000
1,447.100000,0.059833,0.000000
2,447.100000,0.059833,0.000000
3,447.100000,0.049292,0.000000
4,447.100000,0.059833,0.000000
5,447.100000,0.014573,0.000000
6,447.100000,0.014591,0.000000
7,447.100000,0.074216,0.000000
8,447.100000,0.049282,0.000000
9,447.100000,0.080386,0.000000
0,448.100000,0.014565,0.000000
1,448.100000,0.059833,0.000000
2,448.100000,0.059833,0.000000
3,448.100000,0.049289,0.000000
4,448.100000,0.059833,0.000000
5,448.100000,0.014569,0.000000
6,448.100000,0.014578,0.000000
7,448.100000,0.059833,0.000000
8,448.100000,0.049282,0.000000
9,448.100000,0.080386,0.000000
0,449.100000,0.014574,0.000000
1,449.100000,0.059833,0.000000
2,449.100000,0.059833,0.000000
3,449.100000,0.049277,0.000000
4,449.100000,0.059833,0.000000
5,449.100000,0.014579,0.000000
6,449.100000,0.014569,0.000000
7,449.100000,0.059833,0.000000
8,449.100000,0.049281,0.000000
9,449.100000,0.080386,0.000000
0,450.100000,0.042553,0.000000
1,450.100000,0.080386,0.000000
2,450.100000,0.080386,0.000000
3,450.100000,0.014582,0.000000
4,450.100000,0.080385,0.000000
5,450.100000,0.042553,0.000000
6,450.100000,0.059833,0.000000
7,450.100000,0.049289,0.000000
8,450.100000,0.042553,0.000000
9,450.100000,0.014568,0.000000
0,451.100000,0.042553,0.000000
1,451.100000,0.080386,0.000000
2,451.100000,0.080386,0.000000
3,451.100000,0.014596,0.000000
4,451.100000,0.080386,0.000000
5,451.100000,0.042553,0.000000
6,451.100000,0.059833,0.000000
7,451.100000,0.049284,0.000000
8,451.100000,0.042553,0.000000
9,451.100000,0.014578,0.000000
0,452.100000,0.042553,0.000000
1,452.100000,0.080385,0.000000
2,452.100000,0.080385,0.000000
3,452.100000,0.014579,0.000000
4,452.100000,0.080386,0.000000
5,452.100000,0.042553,0.000000
6,452.100000,0.059833,0.000000
7,452.100000,0.049290,0.000000
8,452.100000,0.042553,0.000000
9,452.100000,0.014592,0.000000
0,453.100000,0.042553,0.000000
1,453.100000,0.080385,0.000000
2,453.100000,0.080386,0.000000
3,453.100000,0.014557,0.000000
4,453.100000,0.080385,0.000000
5,453.100000,0.042553,0.000000
6,453.100000,0.059833,0.000000
7,453.100000,0.049285,0.000000
8,453.100000,0.042553,0.000000
9,453.100000,0.014593,0.000000
0,454.100000,0.042553,0.000000
1,454.100000,0.080386,0.000000
2,454.100000,0.080386,0.000000
3,454.100000,0.014551,0.000000
4,454.100000,0.080386,0.000000
5,454.100000,0.042553,0.000000
6,454.100000,0.059833,0.000000
7,454.100000,0.049294,0.000000
8,454.100000,0.042553,0.000000
9,454.100000,0.014580,0.000000
0,455.100000,0.042553,0.000000
1,455.100000,0.080386,0.000000
2,455.100000,0.080386,0.000000
3,455.100000,0.014569,0.000000
4,455.100000,0.080385,0.000000
5,455.100000,0.042553,0.000000
6,455.100000,0.059833,0.000000
7,455.100000,0.049288,0.000000
8,455.100000,0.042553,0.000000
9,455.100000,0.014585,0.000000
0,456.100000,0.042553,0.000000
1,456.100000,0.080385,0.000000
2,456.100000,0.080385,0.000000
3,456.100000,0.014580,0.000000
4,456.100000,0.080385,0.000000
5,456.100000,0.042553,0.000000
6,456.100000,0.059833,0.000000
7,456.100000,0.049275,0.000000
8,456.100000,0.042553,0.000000
9,456.100000,0.014580,0.000000
0,457.100000,0.042553,0.000000
1,457.100000,0.080385,0.000000
2,457.100000,0.080386,0.000000
3,457.100000,0.014569,0.000000
4,457.100000,0.080386,0.000000
5,457.100000,0.042553,0.000000
6,457.100000,0.059833,0.000000
7,457.100000,0.049284,0.000000
8,457.100000,0.042553,0.000000
9,457.100000,0.014588,0.000000
0,458.100000,0.042553,0.000000
1,458.100000,0.080386,0.000000
2,458.100000,0.080385,0.000000
3,458.100000,0.014567,0.000000
4,458.100000,0.080386,0.000000
5,458.100000,0.042553,0.000000
6,458.100000,0.059833,0.000000
7,458.100000,0.049284,0.000000
8,458.100000,0.042553,0.000000
9,458.100000,0.014585,0.000000
0,459.100000,0.042553,0.000000
1,459.100000,0.080385,0.000000
2,459.100000,0.080386,0.000000
3,459.100000,0.014570,0.000000
4,459.100000,0.080386,0.000000
5,459.100000,0.042553,0.000000
6,459.100000,0.059833,0.000000
7,459.100000,0.049273,0.000000
8,459.100000,0.042553,0.000000
9,459.100000,0.014568,0.000000
0,460.100000,0.080386,0.000000
1,460.100000,0.014570,0.000000
2,460.100000,0.049271,0.000000
3,460.100000,0.042553,0.000000
4,460.100000,0.049287,0.000000
5,460.100000,0.059833,0.000000
6,460.100000,0.049299,0.000000
7,460.100000,0.042553,0.000000
8,460.100000,0.080385,0.000000
9,460.100000,0.059833,0.000000
0,461.100000,0.080385,0.000000
1,461.100000,0.014584,0.000000
2,461.100000,0.049281,0.000000
3,461.100000,0.042553,0.000000
4,461.100000,0.049285,0.000000
5,461.100000,0.059833,0.000000
6,461.100000,0.049301,0.000000
7,461.100000,0.042553,0.000000
8,461.100000,0.080386,0.000000
9,461.100000,0.059833,0.000000
0,462.100000,0.080385,0.000000
1,462.100000,0.014575,0.000000
2,462.100000,0.049277,0.000000
3,462.100000,0.042553,0.000000
4,462.100000,0.049280,0.000000
5,462.100000,0.059833,0.000000
6,462.100000,0.049293,0.000000
7,462.100000,0.042553,0.000000
8,462.100000,0.080385,0.000000
9,462.100000,0.059834,0.000000
0,463.100000,0.080386,0.000000
1,463.100000,0.014553,0.000000
2,463.100000,0.049292,0.000000
3,463.100000,0.042553,0.000000
4,463.100000,0.049283,0.000000
5,463.100000,0.059833,0.000000
6,463.100000,0.049289,0.000000
7,463.100000,0.042553,0.000000
8,463.100000,0.080385,0.000000
9,463.100000,0.059833,0.000000
0,464.100000,0.080386,0.000000
1,464.100000,0.014550,0.000000
2,464.100000,0.049300,0.000000
3,464.100000,0.042553,0.000000
4,464.100000,0.049282,0.000000
5,464.100000,0.059833,0.000000
6,464.100000,0.049282,0.000000
7,464.100000,0.042553,0.000000
8,464.100000,0.080385,0.000000
9,464.100000,0.059833,0.000000
0,465.100000,0.080386,0.000000
1,465.100000,0.014542,0.000000
2,465.100000,0.049300,0.000000
3,465.100000,0.042553,0.000000
4,465.100000,0.049278,0.000000
5,465.100000,0.059833,0.000000
6,465.100000,0.049283,0.000000
7,465.100000,0.042553,0.000000
8,465.100000,0.080385,0.000000
9,465.100000,0.059833,0.000000
0,466.100000,0.080386,0.000000
1,466.100000,0.014548,0.000000
2,466.100000,0.049291,0.000000
3,466.100000,0.042553,0.000000
4,466.100000,0.049275,0.000000
5,466.100000,0.059833,0.000000
6,466.100000,0.049283,0.000000
7,466.100000,0.042553,0.000000
8,466.100000,0.080385,0.000000
9,466.100000,0.059833,0.000000
0,467.100000,0.080385,0.000000
1,467.100000,0.014569,0.000000
2,467.100000,0.049295,0.000000
3,467.100000,0.042553,0.000000
4,467.100000,0.049282,0.000000
5,467.100000,0.059833,0.000000
6,467.100000,0.049272,0.000000
7,467.100000,0.042553,0.000000
8,467.100000,0.080387,0.000000
9,467.100000,0.059833,0.000000
0,468.100000,0.080385,0.000000
1,468.100000,0.014556,0.000000
2,468.100000,0.049298,0.000000
3,468.100000,0.042553,0.000000
4,468.100000,0.049285,0.000000
5,468.100000,0.059833,0.000000
6,468.100000,0.049293,0.000000
7,468.100000,0.042553,0.000000
8,468.100000,0.080386,0.000000
9,468.100000,0.059833,0.000000
0,469.100000,0.080386,0.000000
1,469.100000,0.014559,0.000000
2,469.100000,0.049298,0.000000
3,469.100000,0.042553,0.000000
4,469.100000,0.049281,0.000000
5,469.100000,0.059833,0.000000
6,469.100000,0.049294,0.000000
7,469.100000,0.042553,0.000000
8,469.100000,0.080386,0.000000
9,469.100000,0.059833,0.000000
0,470.100000,0.049285,0.000000
1,470.100000,0.049279,0.000000
2,470.100000,0.014610,0.000000
3,470.100000,0.059833,0.000000
4,470.100000,0.014574,0.000000
5,470.100000,0.049285,0.000000
6,470.100000,0.042553,0.000000
7,470.100000,0.080385,0.000000
8,470.100000,0.014567,0.000000
9,470.100000,0.049294,0.000000
0,471.100000,0.049274,0.000000
1,471.100000,0.049290,0.000000
2,471.100000,0.014577,0.000000
3,471.100000,0.059834,0.000000
4,471.100000,0.014581,0.000000
5,471.100000,0.049290,0.000000
6,471.100000,0.042553,0.000000
7,471.100000,0.080386,0.000000
8,471.100000,0.014591,0.000000
9,471.100000,0.049325,0.000000
0,472.100000,0.049276,0.000000
1,472.100000,0.049284,0.000000
2,472.100000,0.014555,0.000000
3,472.100000,0.059833,0.000000
4,472.100000,0.014582,0.000000
5,472.100000,0.049283,0.000000
6,472.100000,0.042553,0.000000
7,472.100000,0.080385,0.000000
8,472.100000,0.014596,0.000000
9,472.100000,0.049314,0.000000
0,473.100000,0.049282,0.000000
1,473.100000,0.049283,0.000000
2,473.100000,0.014561,0.000000
3,473.100000,0.059833,0.000000
4,473.100000,0.014577,0.000000
5,473.100000,0.049278,0.000000
6,473.100000,0.042553,0.000000
7,473.100000,0.080385,0.000000
8,473.100000,0.014591,0.000000
9,473.100000,0.049309,0.000000
0,474.100000,0.049287,0.000000
1,474.100000,0.049280,0.000000
2,474.100000,0.014563,0.000000
3,474.100000,0.059833,0.000000
4,474.100000,0.014566,0.000000
5,474.100000,0.049293,0.000000
6,474.100000,0.042553,0.000000
7,474.100000,0.080386,0.000000
8,474.100000,0.014578,0.000000
9,474.100000,0.049301,0.000000
0,475.100000,0.049280,0.000000
1,475.100000,0.049292,0.000000
2,475.100000,0.014581,0.000000
3,475.100000,0.059833,0.000000
4,475.100000,0.014572,0.000000
5,475.100000,0.049297,0.000000
6,475.100000,0.042553,0.000000
7,475.100000,0.080386,0.000000
8,475.100000,0.014571,0.000000
9,475.100000,0.049303,0.000000
0,476.100000,0.049315,0.000000
1,476.100000,0.049294,0.000000
2,476.100000,0.014583,0.000000
3,476.100000,0.059833,0.000000
4,476.100000,0.014567,0.000000
5,476.100000,0.049282,0.000000
6,476.100000,0.042553,0.000000
7,476.100000,0.080385,0.000000
8,476.100000,0.014575,0.000000
9,476.100000,0.049294,0.000000
0,477.100000,0.049309,0.000000
1,477.100000,0.049290,0.000000
2,477.100000,0.014577,0.000000
3,477.100000,0.059833,0.000000
4,477.100000,0.014578,0.000000
5,477.100000,0.049293,0.000000
6,477.100000,0.042553,0.000000
7,477.100000,0.080386,0.000000
8,477.100000,0.014578,0.000000
9,477.100000,0.049301,0.000000
0,478.100000,0.049293,0.000000
1,478.100000,0.049287,0.000000
2,478.100000,0.014567,0.000000
3,478.100000,0.059833,0.000000
4,478.100000,0.014574,0.000000
5,478.100000,0.049295,0.000000
6,478.100000,0.042553,0.000000
7,478.100000,0.080385,0.000000
8,478.100000,0.014575,0.000000
9,478.100000,0.049298,0.000000
0,479.100000,0.049284,0.000000
1,479.100000,0.049284,0.000000
2,479.100000,0.014563,0.000000
3,479.100000,0.059833,0.000000
4,479.100000,0.014566,0.000000
5,479.100000,0.049289,0.000000
6,479.100000,0.042553,0.000000
7,479.100000,0.080386,0.000000
8,479.100000,0.014594,0.000000
9,479.100000,0.049289,0.000000
0,480.100000,0.059833,0.000000
1,480.100000,0.042553,0.000000
2,480.100000,0.042553,0.000000
3,480.100000,0.080386,0.000000
4,480.100000,0.042553,0.000000
5,480.100000,0.080386,0.000000
6,480.100000,0.080385,0.000000
7,480.100000,0.014562,0.000000
8,480.100000,0.059833,0.000000
9,480.100000,0.042553,0.000000
0,481.100000,0.059833,0.000000
1,481.100000,0.042553,0.000000
2,481.100000,0.042553,0.000000
3,481.100000,0.080386,0.000000
4,481.100000,0.042553,0.000000
5,481.100000,0.080385,0.000000
6,481.100000,0.080386,0.000000
7,481.100000,0.014583,0.000000
8,481.100000,0.059833,0.000000
9,481.100000,0.042553,0.000000
0,482.100000,0.059833,0.000000
1,482.100000,0.042553,0.000000
2,482.100000,0.042553,0.000000
3,482.100000,0.080385,0.000000
4,482.100000,0.042553,0.000000
5,482.100000,0.080386,0.000000
6,482.100000,0.080385,0.000000
7,482.100000,0.014570,0.000000
8,482.100000,0.059833,0.000000
9,482.100000,0.042553,0.000000
0,483.100000,0.059833,0.000000
1,483.100000,0.042553,0.000000
2,483.100000,0.042553,0.000000
3,483.100000,0.080386,0.000000
4,483.100000,0.042553,0.000000
5,483.100000,0.080385,0.000000
6,483.100000,0.080385,0.000000
7,483.100000,0.014558,0.000000
8,483.100000,0.059833,0.000000
9,483.100000,0.042553,0.000000
0,484.100000,0.059833,0.000000
1,484.100000,0.042553,0.000000
2,484.100000,0.042553,0.000000
3,484.100000,0.080386,0.000000
4,484.100000,0.042553,0.000000
5,484.100000,0.080386,0.000000
6,484.100000,0.080386,0.000000
7,484.100000,0.014565,0.000000
8,484.100000,0.059833,0.000000
9,484.100000,0.042553,0.000000
0,485.100000,0.059833,0.000000
1,485.100000,0.042553,0.000000
2,485.100000,0.042553,0.000000
3,485.100000,0.080386,0.000000
4,485.100000,0.042553,0.000000
5,485.100000,0.080386,0.000000
6,485.100000,0.080386,0.000000
7,485.100000,0.014571,0.000000
8,485.100000,0.059833,0.000000
9,485.100000,0.042553,0.000000
0,486.100000,0.059833,0.000000
1,486.100000,0.042553,0.000000
2,486.100000,0.042553,0.000000
3,486.100000,0.080385,0.000000
4,486.100000,0.042553,0.000000
5,486.100000,0.080386,0.000000
6,486.100000,0.080387,0.000000
7,486.100000,0.014576,0.000000
8,486.100000,0.059833,0.000000
9,486.100000,0.042553,0.000000
0,487.100000,0.059834,0.000000
1,487.100000,0.042553,0.000000
2,487.100000,0.042553,0.000000
3,487.100000,0.080385,0.000000
4,487.100000,0.042553,0.000000
5,487.100000,0.080385,0.000000
6,487.100000,0.080385,0.000000
7,487.100000,0.014580,0.000000
8,487.100000,0.059833,0.000000
9,487.100000,0.042553,0.000000
0,488.100000,0.059833,0.000000
1,488.100000,0.042553,0.000000
2,488.100000,0.042553,0.000000
3,488.100000,0.080387,0.000000
4,488.100000,0.042553,0.000000
5,488.100000,0.080386,0.000000
6,488.100000,0.080386,0.000000
7,488.100000,0.014558,0.000000
8,488.100000,0.059833,0.000000
9,488.100000,0.042553,0.000000
0,489.100000,0.059833,0.000000
1,489.100000,0.042553,0.000000
2,489.100000,0.042553,0.000000
3,489.100000,0.080385,0.000000
4,489.100000,0.042553,0.000000
5,489.100000,0.080385,0.000000
6,489.100000,0.080384,0.000000
7,489.100000,0.014556,0.000000
8,489.100000,0.059833,0.000000
9,489.100000,0.042553,0.000000
0,490.100000,0.080386,0.000000
1,490.100000,0.049285,0.000000
2,490.100000,0.059833,0.000000
3,490.100000,0.049283,0.000000
4,490.100000,0.059833,0.000000
5,490.100000,0.014559,0.000000
6,490.100000,0.014584,0.000000
7,490.100000,0.059833,0.000000
8,490.100000,0.049289,0.000000
9,490.100000,0.080386,0.000000
0,491.100000,0.080387,0.000000
1,491.100000,0.049293,0.000000
2,491.100000,0.059833,0.000000
3,491.100000,0.049289,0.000000
4,491.100000,0.059833,0.000000
5,491.100000,0.014558,0.000000
6,491.100000,0.014570,0.000000
7,491.100000,0.059833,0.000000
8,491.100000,0.049279,0.000000
9,491.100000,0.080385,0.000000
0,492.100000,0.080385,0.000000
1,492.100000,0.049307,0.000000
2,492.100000,0.059834,0.000000
3,492.100000,0.049284,0.000000
4,492.100000,0.059833,0.000000
5,492.100000,0.014571,0.000000
6,492.100000,0.014588,0.000000
7,492.100000,0.059833,0.000000
8,492.100000,0.049301,0.000000
9,492.100000,0.080386,0.000000
0,493.100000,0.080385,0.000000
1,493.100000,0.049298,0.000000
2,493.100000,0.059833,0.000000
3,493.100000,0.049280,0.000000
4,493.100000,0.059833,0.000000
5,493.100000,0.014558,0.000000
6,493.100000,0.014582,0.000000
7,493.100000,0.059833,0.000000
8,493.100000,0.049299,0.000000
9,493.100000,0.080386,0.000000
0,494.100000,0.080386,0.000000
1,494.100000,0.049294,0.000000
2,494.100000,0.059833,0.000000
3,494.100000,0.049283,0.000000
4,494.100000,0.059833,0.000000
5,494.100000,0.014555,0.000000
6,494.100000,0.014562,0.000000
7,494.100000,0.059833,0.000000
8,494.100000,0.049288,0.000000
9,494.100000,0.080386,0.000000
0,495.100000,0.080386,0.000000
1,495.100000,0.049283,0.000000
2,495.100000,0.059833,0.000000
3,495.100000,0.049283,0.000000
4,495.100000,0.059833,0.000000
5,495.100000,0.014558,0.000000
6,495.100000,0.014561,0.000000
7,495.100000,0.059833,0.000000
8,495.100000,0.049304,0.000000
9,495.100000,0.080385,0.000000
0,496.100000,0.080386,0.000000
1,496.100000,0.049282,0.000000
2,496.100000,0.059833,0.000000
3,496.100000,0.049280,0.000000
4,496.100000,0.059833,0.000000
5,496.100000,0.014557,0.000000
6,496.100000,0.014575,0.000000
7,496.100000,0.059833,0.000000
8,496.100000,0.049292,0.000000
9,496.100000,0.080385,0.000000
0,497.100000,0.080385,0.000000
1,497.100000,0.049278,0.000000
2,497.100000,0.059833,0.000000
3,497.100000,0.049283,0.000000
4,497.100000,0.059833,0.000000
5,497.100000,0.014557,0.000000
6,497.100000,0.014568,0.000000
7,497.100000,0.059833,0.000000
8,497.100000,0.049295,0.000000
9,497.100000,0.080385,0.000000
0,498.100000,0.080386,0.000000
1,498.100000,0.049297,0.000000
2,498.100000,0.059833,0.000000
3,498.100000,0.049274,0.000000
4,498.100000,0.059833,0.000000
5,498.100000,0.014553,0.000000
6,498.100000,0.014591,0.000000
7,498.100000,0.059833,0.000000
8,498.100000,0.049301,0.000000
9,498.100000,0.080386,0.000000
0,499.100000,0.080385,0.000000
1,499.100000,0.049290,0.000000
2,499.100000,0.059833,0.000000
3,499.100000,0.049280,0.000000
4,499.100000,0.059833,0.000000
5,499.100000,0.014565,0.000000
6,499.100000,0.014584,0.000000
7,499.100000,0.059833,0.000000
8,499.100000,0.049286,0.000000
9,499.100000,0.080386,0.000000
0,500.100000,0.014585,0.000000
1,500.100000,0.059833,0.000000
2,500.100000,0.080386,0.000000
3,500.100000,0.014562,0.000000
4,500.100000,0.080385,0.000000
5,500.100000,0.042553,0.000000
6,500.100000,0.059833,0.000000
7,500.100000,0.049284,0.000000
8,500.100000,0.042553,0.000000
9,500.100000,0.014553,0.000000
0,501.100000,0.014592,0.000000
1,501.100000,0.059833,0.000000
2,501.100000,0.080386,0.000000
3,501.100000,0.014579,0.000000
4,501.100000,0.080386,0.000000
5,501.100000,0.042553,0.000000
6,501.100000,0.059833,0.000000
7,501.100000,0.049275,0.000000
8,501.100000,0.042553,0.000000
9,501.100000,0.014562,0.000000
0,502.100000,0.014572,0.000000
1,502.100000,0.059833,0.000000
2,502.100000,0.080386,0.000000
3,502.100000,0.014584,0.000000
4,502.100000,0.080386,0.000000
5,502.100000,0.042553,0.000000
6,502.100000,0.059833,0.000000
7,502.100000,0.049276,0.000000
8,502.100000,0.042553,0.000000
9,502.100000,0.014572,0.000000
0,503.100000,0.014560,0.000000
1,503.100000,0.059833,0.000000
2,503.100000,0.080386,0.000000
3,503.100000,0.014576,0.000000
4,503.100000,0.080385,0.000000
5,503.100000,0.042553,0.000000
6,503.100000,0.059833,0.000000
7,503.100000,0.049278,0.000000
8,503.100000,0.042554,0.000000
9,503.100000,0.014574,0.000000
0,504.100000,0.014559,0.000000
1,504.100000,0.059833,0.000000
2,504.100000,0.080386,0.000000
3,504.100000,0.014566,0.000000
4,504.100000,0.080385,0.000000
5,504.100000,0.042553,0.000000
6,504.100000,0.059833,0.000000
7,504.100000,0.049283,0.000000
8,504.100000,0.042553,0.000000
9,504.100000,0.014574,0.000000
0,505.100000,0.014570,0.000000
1,505.100000,0.059833,0.000000
2,505.100000,0.080386,0.000000
3,505.100000,0.014591,0.000000
4,505.100000,0.080385,0.000000
5,505.100000,0.042553,0.000000
6,505.100000,0.059833,0.000000
7,505.100000,0.049279,0.000000
8,505.100000,0.042553,0.000000
9,505.100000,0.014560,0.000000
0,506.100000,0.014587,0.000000
1,506.100000,0.059833,0.000000
2,506.100000,0.080385,0.000000
3,506.100000,0.014595,0.000000
4,506.100000,0.080386,0.000000
5,506.100000,0.042553,0.000000
6,506.100000,0.059833,0.000000
7,506.100000,0.049275,0.000000
8,506.100000,0.042553,0.000000
9,506.100000,0.014555,0.000000
0,507.100000,0.014583,0.000000
1,507.100000,0.059833,0.000000
2,507.100000,0.080386,0.000000
3,507.100000,0.014571,0.000000
4,507.100000,0.080386,0.000000
5,507.100000,0.042553,0.000000
6,507.100000,0.059833,0.000000
7,507.100000,0.049291,0.000000
8,507.100000,0.042553,0.000000
9,507.100000,0.014567,0.000000
0,508.100000,0.014570,0.000000
1,508.100000,0.059833,0.000000
2,508.100000,0.080386,0.000000
3,508.100000,0.014576,0.000000
4,508.100000,0.080386,0.000000
5,508.100000,0.042553,0.000000
6,508.100000,0.059833,0.000000
7,508.100000,0.049289,0.000000
8,508.100000,0.042553,0.000000
9,508.100000,0.014572,0.000000
0,509.100000,0.014557,0.000000
1,509.100000,0.059834,0.000000
2,509.100000,0.080385,0.000000
3,509.100000,0.014578,0.000000
4,509.100000,0.080386,0.000000
5,509.100000,0.042553,0.000000
6,509.100000,0.059833,0.000000
7,509.100000,0.049285,0.000000
8,509.100000,0.042553,0.000000
9,509.100000,0.014570,0.000000
0,510.100000,0.049303,0.000000
1,510.100000,0.080387,0.000000
2,510.100000,0.049277,0.000000
3,510.100000,0.042553,0.000000
4,510.100000,0.049288,0.000000
5,510.100000,0.059833,0.000000
6,510.100000,0.042553,0.000000
7,510.100000,0.042553,0.000000
8,510.100000,0.080385,0.000000
9,510.100000,0.059833,0.000000
0,511.100000,0.049292,0.000000
1,511.100000,0.080385,0.000000
2,511.100000,0.049275,0.000000
3,511.100000,0.042553,0.000000
4,511.100000,0.049292,0.000000
5,511.100000,0.059833,0.000000
6,511.100000,0.042553,0.000000
7,511.100000,0.042553,0.000000
8,511.100000,0.080386,0.000000
9,511.100000,0.059833,0.000000
0,512.100000,0.049286,0.000000
1,512.100000,0.080385,0.000000
2,512.100000,0.049271,0.000000
3,512.100000,0.042553,0.000000
4,512.100000,0.049277,0.000000
5,512.100000,0.059833,0.000000
6,512.100000,0.042553,0.000000
7,512.100000,0.042553,0.000000
8,512.100000,0.080385,0.000000
9,512.100000,0.059833,0.000000
0,513.100000,0.049288,0.000000
1,513.100000,0.080386,0.000000
2,513.100000,0.049295,0.000000
3,513.100000,0.042553,0.000000
4,513.100000,0.049287,0.000000
5,513.100000,0.059833,0.000000
6,513.100000,0.042553,0.000000
7,513.100000,0.042553,0.000000
8,513.100000,0.080386,0.000000
9,513.100000,0.059833,0.000000
0,514.100000,0.049279,0.000000
1,514.100000,0.080386,0.000000
2,514.100000,0.049290,0.000000
3,514.100000,0.042553,0.000000
4,514.100000,0.049293,0.000000
5,514.100000,0.059833,0.000000
6,514.100000,0.042553,0.000000
7,514.100000,0.042553,0.000000
8,514.100000,0.080386,0.000000
9,514.100000,0.059833,0.000000
0,515.100000,0.049296,0.000000
1,515.100000,0.080386,0.000000
2,515.100000,0.049300,0.000000
3,515.100000,0.042553,0.000000
4,515.100000,0.049286,0.000000
5,515.100000,0.059833,0.000000
6,515.100000,0.042553,0.000000
7,515.100000,0.042553,0.000000
8,515.100000,0.080386,0.000000
9,515.100000,0.059833,0.000000
0,516.100000,0.049296,0.000000
1,516.100000,0.080386,0.000000
2,516.100000,0.049299,0.000000
3,516.100000,0.042553,0.000000
4,516.100000,0.049284,0.000000
5,516.100000,0.059833,0.000000
6,516.100000,0.042553,0.000000
7,516.100000,0.042553,0.000000
8,516.100000,0.080386,0.000000
9,516.100000,0.059833,0.000000
0,517.100000,0.049287,0.000000
1,517.100000,0.080386,0.000000
2,517.100000,0.049287,0.000000
3,517.100000,0.042553,0.000000
4,517.100000,0.049297,0.000000
5,517.100000,0.059833,0.000000
6,517.100000,0.042553,0.000000
7,517.100000,0.042553,0.000000
8,517.100000,0.080385,0.000000
9,517.100000,0.059833,0.000000
0,518.100000,0.049283,0.000000
1,518.100000,0.080386,0.000000
2,518.100000,0.049273,0.000000
3,518.100000,0.042553,0.000000
4,518.100000,0.049290,0.000000
5,518.100000,0.059833,0.000000
6,518.100000,0.042553,0.000000
7,518.100000,0.042553,0.000000
8,518.100000,0.080386,0.000000
9,518.100000,0.059833,0.000000
0,519.100000,0.049295,0.000000
1,519.100000,0.080386,0.000000
2,519.100000,0.049294,0.000000
3,519.100000,0.042553,0.000000
4,519.100000,0.049294,0.000000
5,519.100000,0.059833,0.000000
6,519.100000,0.042553,0.000000
7,519.100000,0.042553,0.000000
8,519.100000,0.080386,0.000000
9,519.100000,0.059833,0.000000
0,520.100000,0.042553,0.000000
1,520.100000,0.014588,0.000000
2,520.100000,0.014585,0.000000
3,520.100000,0.059833,0.000000
4,520.100000,0.014577,0.000000
5,520.100000,0.049282,0.000000
6,520.100000,0.049302,0.000000
7,520.100000,0.080385,0.000000
8,520.100000,0.014583,0.000000
9,520.100000,0.049299,0.000000
0,521.100000,0.042553,0.000000
1,521.100000,0.014572,0.000000
2,521.100000,0.014589,0.000000
3,521.100000,0.059833,0.000000
4,521.100000,0.014585,0.000000
5,521.100000,0.049277,0.000000
6,521.100000,0.049291,0.000000
7,521.100000,0.080386,0.000000
8,521.100000,0.014576,0.000000
9,521.100000,0.049296,0.000000
0,522.100000,0.042553,0.000000
1,522.100000,0.014571,0.000000
2,522.100000,0.014589,0.000000
3,522.100000,0.059833,0.000000
4,522.100000,0.014568,0.000000
5,522.100000,0.049279,0.000000
6,522.100000,0.049294,0.000000
7,522.100000,0.080385,0.000000
8,522.100000,0.014575,0.000000
9,522.100000,0.049284,0.000000
0,523.100000,0.042553,0.000000
1,523.100000,0.014557,0.000000
2,523.100000,0.014591,0.000000
3,523.100000,0.059833,0.000000
4,523.100000,0.014559,0.000000
5,523.100000,0.049282,0.000000
6,523.100000,0.049294,0.000000
7,523.100000,0.080386,0.000000
8,523.100000,0.014565,0.000000
9,523.100000,0.049282,0.000000
0,524.100000,0.042553,0.000000
1,524.100000,0.014573,0.000000
2,524.100000,0.014580,0.000000
3,524.100000,0.059833,0.000000
4,524.100000,0.014570,0.000000
5,524.100000,0.049284,0.000000
6,524.100000,0.049296,0.000000
7,524.100000,0.080393,0.000000
8,524.100000,0.014563,0.000000
9,524.100000,0.049274,0.000000
0,525.100000,0.042553,0.000000
1,525.100000,0.014585,0.000000
2,525.100000,0.014575,0.000000
3,525.100000,0.059834,0.000000
4,525.100000,0.014568,0.000000
5,525.100000,0.049273,0.000000
6,525.100000,0.049289,0.000000
7,525.100000,0.080391,0.000000
8,525.100000,0.014576,0.000000
9,525.100000,0.049277,0.000000
0,526.100000,0.042553,0.000000
1,526.100000,0.014581,0.000000
2,526.100000,0.014591,0.000000
3,526.100000,0.059833,0.000000
4,526.100000,0.014562,0.000000
5,526.100000,0.049278,0.000000
6,526.100000,0.049281,0.000000
7,526.100000,0.080389,0.000000
8,526.100000,0.014576,0.000000
9,526.100000,0.049287,0.000000
0,527.100000,0.042553,0.000000
1,527.100000,0.014569,0.000000
2,527.100000,0.014583,0.000000
3,527.100000,0.059833,0.000000
4,527.100000,0.014564,0.000000
5,527.100000,0.049290,0.000000
6,527.100000,0.049281,0.000000
7,527.100000,0.080386,0.000000
8,527.100000,0.014578,0.000000
9,527.100000,0.049285,0.000000
0,528.100000,0.042553,0.000000
1,528.100000,0.014579,0.000000
2,528.100000,0.014562,0.000000
3,528.100000,0.059833,0.000000
4,528.100000,0.014579,0.000000
5,528.100000,0.049283,0.000000
6,528.100000,0.049283,0.000000
7,528.100000,0.080388,0.000000
8,528.100000,0.014580,0.000000
9,528.100000,0.049276,0.000000
0,529.100000,0.042553,0.000000
1,529.100000,0.014574,0.000000
2,529.100000,0.014559,0.000000
3,529.100000,0.059833,0.000000
4,529.100000,0.014575,0.000000
5,529.100000,0.049280,0.000000
6,529.100000,0.049284,0.000000
7,529.100000,0.080386,0.000000
8,529.100000,0.014574,0.000000
9,529.100000,0.049294,0.000000
0,530.100000,0.059833,0.000000
1,530.100000,0.042553,0.000000
2,530.100000,0.042553,0.000000
3,530.100000,0.080385,0.000000
4,530.100000,0.042553,0.000000
5,530.100000,0.080386,0.000000
6,530.100000,0.042553,0.000000
7,530.100000,0.014546,0.000000
8,530.100000,0.059833,0.000000
9,530.100000,0.042553,0.000000
0,531.100000,0.059833,0.000000
1,531.100000,0.042553,0.000000
2,531.100000,0.042553,0.000000
3,531.100000,0.080387,0.000000
4,531.100000,0.042553,0.000000
5,531.100000,0.080386,0.000000
6,531.100000,0.042553,0.000000
7,531.100000,0.014560,0.000000
8,531.100000,0.059833,0.000000
9,531.100000,0.042553,0.000000
0,532.100000,0.059833,0.000000
1,532.100000,0.042553,0.000000
2,532.100000,0.042553,0.000000
3,532.100000,0.080386,0.000000
4,532.100000,0.042553,0.000000
5,532.100000,0.080386,0.000000
6,532.100000,0.042553,0.000000
7,532.100000,0.014587,0.000000
8,532.100000,0.059833,0.000000
9,532.100000,0.042553,0.000000
0,533.100000,0.059833,0.000000
1,533.100000,0.042553,0.000000
2,533.100000,0.042553,0.000000
3,533.100000,0.080385,0.000000
4,533.100000,0.042553,0.000000
5,533.100000,0.080387,0.000000
6,533.100000,0.042553,0.000000
7,533.100000,0.014732,0.000000
8,533.100000,0.059833,0.000000
9,533.100000,0.042553,0.000000
0,534.100000,0.059833,0.000000
1,534.100000,0.042553,0.000000
2,534.100000,0.042553,0.000000
3,534.100000,0.080387,0.000000
4,534.100000,0.042553,0.000000
5,534.100000,0.080385,0.000000
6,534.100000,0.042553,0.000000
7,534.100000,0.014758,0.000000
8,534.100000,0.059833,0.000000
9,534.100000,0.042553,0.000000
0,535.100000,0.059833,0.000000
1,535.100000,0.042553,0.000000
2,535.100000,0.042553,0.000000
3,535.100000,0.080385,0.000000
4,535.100000,0.042553,0.000000
5,535.100000,0.080386,0.000000
6,535.100000,0.042553,0.000000
7,535.100000,0.014757,0.000000
8,535.100000,0.059833,0.000000
9,535.100000,0.042553,0.000000
0,536.100000,0.059833,0.000000
1,536.100000,0.042553,0.000000
2,536.100000,0.042553,0.000000
3,536.100000,0.080385,0.000000
4,536.100000,0.042553,0.000000
5,536.100000,0.080385,0.000000
6,536.100000,0.042553,0.000000
7,536.100000,0.014765,0.000000
8,536.100000,0.059833,0.000000
9,536.100000,0.042553,0.000000
0,537.100000,0.059833,0.000000
1,537.100000,0.042553,0.000000
2,537.100000,0.042553,0.000000
3,537.100000,0.080386,0.000000
4,537.100000,0.042553,0.000000
5,537.100000,0.080386,0.000000
6,537.100000,0.042553,0.000000
7,537.100000,0.014854,0.000000
8,537.100000,0.059833,0.000000
9,537.100000,0.042553,0.000000
0,538.100000,0.059833,0.000000
1,538.100000,0.042553,0.000000
2,538.100000,0.042553,0.000000
3,538.100000,0.080385,0.000000
4,538.100000,0.042553,0.000000
5,538.100000,0.080386,0.000000
6,538.100000,0.042553,0.000000
7,538.100000,0.014929,0.000000
8,538.100000,0.059833,0.000000
9,538.100000,0.042553,0.000000
0,539.100000,0.059833,0.000000
1,539.100000,0.042553,0.000000
2,539.100000,0.042553,0.000000
3,539.100000,0.080386,0.000000
4,539.100000,0.042553,0.000000
5,539.100000,0.080385,0.000000
6,539.100000,0.042553,0.000000
7,539.100000,0.014930,0.000000
8,539.100000,0.059833,0.000000
9,539.100000,0.042553,0.000000
0,540.100000,0.080386,0.000000
1,540.100000,0.049290,0.000000
2,540.100000,0.059833,0.000000
3,540.100000,0.049286,0.000000
4,540.100000,0.059833,0.000000
5,540.100000,0.014556,0.000000
6,540.100000,0.080385,0.000000
7,540.100000,0.059834,0.000000
8,540.100000,0.049281,0.000000
9,540.100000,0.080386,0.000000
0,541.100000,0.080385,0.000000
1,541.100000,0.049284,0.000000
2,541.100000,0.059833,0.000000
3,541.100000,0.049277,0.000000
4,541.100000,0.059833,0.000000
5,541.100000,0.014557,0.000000
6,541.100000,0.080386,0.000000
7,541.100000,0.059834,0.000000
8,541.100000,0.049275,0.000000
9,541.100000,0.080385,0.000000
0,542.100000,0.080386,0.000000
1,542.100000,0.049281,0.000000
2,542.100000,0.059833,0.000000
3,542.100000,0.049282,0.000000
4,542.100000,0.059833,0.000000
5,542.100000,0.014564,0.000000
6,542.100000,0.080385,0.000000
7,542.100000,0.059834,0.000000
8,542.100000,0.049297,0.000000
9,542.100000,0.080385,0.000000
0,543.100000,0.080386,0.000000
1,543.100000,0.049285,0.000000
2,543.100000,0.059833,0.000000
3,543.100000,0.049289,0.000000
4,543.100000,0.059833,0.000000
5,543.100000,0.014566,0.000000
6,543.100000,0.080386,0.000000
7,543.100000,0.059834,0.000000
8,543.100000,0.049291,0.000000
9,543.100000,0.080386,0.000000
0,544.100000,0.080385,0.000000
1,544.100000,0.049281,0.000000
2,544.100000,0.059833,0.000000
3,544.100000,0.049284,0.000000
4,544.100000,0.059833,0.000000
5,544.100000,0.014565,0.000000
6,544.100000,0.080386,0.000000
7,544.100000,0.059835,0.000000
8,544.100000,0.049282,0.000000
9,544.100000,0.080386,0.000000
0,545.100000,0.080386,0.000000
1,545.100000,0.049275,0.000000
2,545.100000,0.059833,0.000000
3,545.100000,0.049274,0.000000
4,545.100000,0.059833,0.000000
5,545.100000,0.014549,0.000000
6,545.100000,0.080386,0.000000
7,545.100000,0.059835,0.000000
8,545.100000,0.049288,0.000000
9,545.100000,0.080386,0.000000
0,546.100000,0.080386,0.000000
1,546.100000,0.049280,0.000000
2,546.100000,0.059833,0.000000
3,546.100000,0.049301,0.000000
4,546.100000,0.059833,0.000000
5,546.100000,0.014551,0.000000
6,546.100000,0.080386,0.000000
7,546.100000,0.059835,0.000000
8,546.100000,0.049290,0.000000
9,546.100000,0.080386,0.000000
0,547.100000,0.080384,0.000000
1,547.100000,0.049284,0.000000
2,547.100000,0.059833,0.000000
3,547.100000,0.049297,0.000000
4,547.100000,0.059833,0.000000
5,547.100000,0.014569,0.000000
6,547.100000,0.080385,0.000000
7,547.100000,0.059835,0.000000
8,547.100000,0.049282,0.000000
9,547.100000,0.080386,0.000000
0,548.100000,0.080387,0.000000
1,548.100000,0.049286,0.000000
2,548.100000,0.059833,0.000000
3,548.100000,0.049283,0.000000
4,548.100000,0.059833,0.000000
5,548.100000,0.014564,0.000000
6,548.100000,0.080386,0.000000
7,548.100000,0.059833,0.000000
8,548.100000,0.049279,0.000000
9,548.100000,0.080385,0.000000
0,549.100000,0.080386,0.000000
1,549.100000,0.049286,0.000000
2,549.100000,0.059833,0.000000
3,549.100000,0.049278,0.000000
4,549.100000,0.059833,0.000000
5,549.100000,0.014565,0.000000
6,549.100000,0.080386,0.000000
7,549.100000,0.059838,0.000000
8,549.100000,0.049286,0.000000
9,549.100000,0.080385,0.000000
0,550.100000,0.014563,0.000000
1,550.100000,0.059833,0.000000
2,550.100000,0.080385,0.000000
3,550.100000,0.014543,0.000000
4,550.100000,0.080386,0.000000
5,550.100000,0.042553,0.000000
6,550.100000,0.014576,0.000000
7,550.100000,0.621302,0.000000
8,550.100000,0.042553,0.000000
9,550.100000,0.014572,0.000000
0,551.100000,0.014553,0.000000
1,551.100000,0.059833,0.000000
2,551.100000,0.080385,0.000000
3,551.100000,0.014551,0.000000
4,551.100000,0.080385,0.000000
5,551.100000,0.042553,0.000000
6,551.100000,0.014569,0.000000
7,551.100000,0.621296,0.000000
8,551.100000,0.042553,0.000000
9,551.100000,0.014571,0.000000
0,552.100000,0.014543,0.000000
1,552.100000,0.059833,0.000000
2,552.100000,0.080386,0.000000
3,552.100000,0.014583,0.000000
4,552.100000,0.080386,0.000000
5,552.100000,0.042553,0.000000
6,552.100000,0.014565,0.000000
7,552.100000,0.621297,0.000000
8,552.100000,0.042553,0.000000
9,552.100000,0.014568,0.000000
0,553.100000,0.014546,0.000000
1,553.100000,0.059833,0.000000
2,553.100000,0.080386,0.000000
3,553.100000,0.014587,0.000000
4,553.100000,0.080386,0.000000
5,553.100000,0.042553,0.000000
6,553.100000,0.014571,0.000000
7,553.100000,0.621292,0.000000
8,553.100000,0.042553,0.000000
9,553.100000,0.014573,0.000000
0,554.100000,0.014563,0.000000
1,554.100000,0.059834,0.000000
2,554.100000,0.080386,0.000000
3,554.100000,0.014579,0.000000
4,554.100000,0.080386,0.000000
5,554.100000,0.042553,0.000000
6,554.100000,0.014571,0.000000
7,554.100000,0.621297,0.000000
8,554.100000,0.042553,0.000000
9,554.100000,0.014566,0.000000
0,555.100000,0.014567,0.000000
1,555.100000,0.059833,0.000000
2,555.100000,0.080385,0.000000
3,555.100000,0.014570,0.000000
4,555.100000,0.080386,0.000000
5,555.100000,0.042553,0.000000
6,555.100000,0.014579,0.000000
7,555.100000,0.621299,0.000000
8,555.100000,0.042553,0.000000
9,555.100000,0.014570,0.000000
0,556.100000,0.014575,0.000000
1,556.100000,0.059833,0.000000
2,556.100000,0.080385,0.000000
3,556.100000,0.014567,0.000000
4,556.100000,0.080385,0.000000
5,556.100000,0.042553,0.000000
6,556.100000,0.014573,0.000000
7,556.100000,0.621299,0.000000
8,556.100000,0.042553,0.000000
9,556.100000,0.014579,0.000000
0,557.100000,0.014586,0.000000
1,557.100000,0.059833,0.000000
2,557.100000,0.080386,0.000000
3,557.100000,0.014560,0.000000
4,557.100000,0.080386,0.000000
5,557.100000,0.042553,0.000000
6,557.100000,0.014563,0.000000
7,557.100000,0.621307,0.000000
8,557.100000,0.042553,0.000000
9,557.100000,0.014574,0.000000
0,558.100000,0.014572,0.000000
1,558.100000,0.059833,0.000000
2,558.100000,0.080385,0.000000
3,558.100000,0.014567,0.000000
4,558.100000,0.080385,0.000000
5,558.100000,0.042553,0.000000
6,558.100000,0.014555,0.000000
7,558.100000,0.621298,0.000000
8,558.100000,0.042553,0.000000
9,558.100000,0.014567,0.000000
0,559.100000,0.014586,0.000000
1,559.100000,0.059833,0.000000
2,559.100000,0.080386,0.000000
3,559.100000,0.014571,0.000000
4,559.100000,0.080386,0.000000
5,559.100000,0.042553,0.000000
6,559.100000,0.014554,0.000000
7,559.100000,0.621310,0.000000
8,559.100000,0.042553,0.000000
9,559.100000,0.014573,0.000000
0,560.100000,0.042553,0.000000
1,560.100000,0.080386,0.000000
2,560.100000,0.049272,0.000000
3,560.100000,0.042553,0.000000
4,560.100000,0.049286,0.000000
5,560.100000,0.059833,0.000000
6,560.100000,0.059833,0.000000
7,560.100000,0.844963,0.000000
8,560.100000,0.080385,0.000000
9,560.100000,0.059833,0.000000
0,561.100000,0.042553,0.000000
1,561.100000,0.080385,0.000000
2,561.100000,0.049263,0.000000
3,561.100000,0.042553,0.000000
4,561.100000,0.049282,0.000000
5,561.100000,0.059833,0.000000
6,561.100000,0.059833,0.000000
7,561.100000,0.844963,0.000000
8,561.100000,0.080386,0.000000
9,561.100000,0.059833,0.000000
0,562.100000,0.042554,0.000000
1,562.100000,0.080386,0.000000
2,562.100000,0.049274,0.000000
3,562.100000,0.042553,0.000000
4,562.100000,0.049298,0.000000
5,562.100000,0.059833,0.000000
6,562.100000,0.059833,0.000000
7,562.100000,0.844963,0.000000
8,562.100000,0.080386,0.000000
9,562.100000,0.059833,0.000000
0,563.100000,0.042553,0.000000
1,563.100000,0.080385,0.000000
2,563.100000,0.049282,0.000000
3,563.100000,0.042553,0.000000
4,563.100000,0.049294,0.000000
5,563.100000,0.059833,0.000000
6,563.100000,0.059833,0.000000
7,563.100000,0.844963,0.000000
8,563.100000,0.080385,0.000000
9,563.100000,0.059833,0.000000
0,564.100000,0.042553,0.000000
1,564.100000,0.080386,0.000000
2,564.100000,0.049279,0.000000
3,564.100000,0.042553,0.000000
4,564.100000,0.049292,0.000000
5,564.100000,0.059833,0.000000
6,564.100000,0.059833,0.000000
7,564.100000,0.844963,0.000000
8,564.100000,0.080385,0.000000
9,564.100000,0.059833,0.000000
0,565.100000,0.042553,0.000000
1,565.100000,0.080386,0.000000
2,565.100000,0.049299,0.000000
3,565.100000,0.042553,0.000000
4,565.100000,0.049286,0.000000
5,565.100000,0.059833,0.000000
6,565.100000,0.059833,0.000000
7,565.100000,0.844963,0.000000
8,565.100000,0.080387,0.000000
9,565.100000,0.059833,0.000000
0,566.100000,0.042553,0.000000
1,566.100000,0.080385,0.000000
2,566.100000,0.049294,0.000000
3,566.100000,0.042553,0.000000
4,566.100000,0.049306,0.000000
5,566.100000,0.059833,0.000000
6,566.100000,0.059833,0.000000
7,566.100000,0.844963,0.000000
8,566.100000,0.080385,0.000000
9,566.100000,0.059833,0.000000
0,567.100000,0.042553,0.000000
1,567.100000,0.080386,0.000000
2,567.100000,0.049287,0.000000
3,567.100000,0.042553,0.000000
4,567.100000,0.049292,0.000000
5,567.100000,0.059833,0.000000
6,567.100000,0.059834,0.000000
7,567.100000,0.844963,0.000000
8,567.100000,0.080386,0.000000
9,567.100000,0.059833,0.000000
0,568.100000,0.042553,0.000000
1,568.100000,0.080386,0.000000
2,568.100000,0.049288,0.000000
3,568.100000,0.042553,0.000000
4,568.100000,0.049281,0.000000
5,568.100000,0.059833,0.000000
6,568.100000,0.059833,0.000000
7,568.100000,0.844963,0.000000
8,568.100000,0.080386,0.000000
9,568.100000,0.059833,0.000000
0,569.100000,0.042553,0.000000
1,569.100000,0.080385,0.000000
2,569.100000,0.049294,0.000000
3,569.100000,0.042553,0.000000
4,569.100000,0.049288,0.000000
5,569.100000,0.059834,0.000000
6,569.100000,0.059833,0.000000
7,569.100000,0.844963,0.000000
8,569.100000,0.080386,0.000000
9,569.100000,0.059833,0.000000
0,570.100000,0.049295,0.000000
1,570.100000,0.014585,0.000000
2,570.100000,0.014614,0.000000
3,570.100000,0.059833,0.000000
4,570.100000,0.014564,0.000000
5,570.100000,0.049287,0.000000
6,570.100000,0.049283,0.000000
7,570.100000,0.948199,0.000000
8,570.100000,0.014562,0.000000
9,570.100000,0.049284,0.000000
0,571.100000,0.049289,0.000000
1,571.100000,0.014583,0.000000
2,571.100000,0.014577,0.000000
3,571.100000,0.059833,0.000000
4,571.100000,0.014563,0.000000
5,571.100000,0.049298,0.000000
6,571.100000,0.049269,0.000000
7,571.100000,0.948234,0.000000
8,571.100000,0.014565,0.000000
9,571.100000,0.049299,0.000000
0,572.100000,0.049282,0.000000
1,572.100000,0.014561,0.000000
2,572.100000,0.014561,0.000000
3,572.100000,0.059833,0.000000
4,572.100000,0.014562,0.000000
5,572.100000,0.049300,0.000000
6,572.100000,0.049274,0.000000
7,572.100000,0.948226,0.000000
8,572.100000,0.014580,0.000000
9,572.100000,0.049299,0.000000
0,573.100000,0.049285,0.000000
1,573.100000,0.014570,0.000000
2,573.100000,0.014552,0.000000
3,573.100000,0.059833,0.000000
4,573.100000,0.014555,0.000000
5,573.100000,0.049301,0.000000
6,573.100000,0.049271,0.000000
7,573.100000,0.948203,0.000000
8,573.100000,0.014570,0.000000
9,573.100000,0.049283,0.000000
0,574.100000,0.049279,0.000000
1,574.100000,0.014583,0.000000
2,574.100000,0.014553,0.000000
3,574.100000,0.059833,0.000000
4,574.100000,0.014554,0.000000
5,574.100000,0.049289,0.000000
6,574.100000,0.049281,0.000000
7,574.100000,0.948194,0.000000
8,574.100000,0.014580,0.000000
9,574.100000,0.049296,0.000000
0,575.100000,0.049284,0.000000
1,575.100000,0.014574,0.000000
2,575.100000,0.014565,0.000000
3,575.100000,0.059833,0.000000
4,575.100000,0.014582,0.000000
5,575.100000,0.049300,0.000000
6,575.100000,0.049275,0.000000
7,575.100000,0.948199,0.000000
8,575.100000,0.014573,0.000000
9,575.100000,0.049291,0.000000
0,576.100000,0.049279,0.000000
1,576.100000,0.014602,0.000000
2,576.100000,0.014563,0.000000
3,576.100000,0.059833,0.000000
4,576.100000,0.014587,0.000000
5,576.100000,0.049289,0.000000
6,576.100000,0.049277,0.000000
7,576.100000,0.948199,0.000000
8,576.100000,0.014559,0.000000
9,576.100000,0.049292,0.000000
0,577.100000,0.049282,0.000000
1,577.100000,0.014583,0.000000
2,577.100000,0.014566,0.000000
3,577.100000,0.059833,0.000000
4,577.100000,0.014583,0.000000
5,577.100000,0.049284,0.000000
6,577.100000,0.049283,0.000000
7,577.100000,0.948198,0.000000
8,577.100000,0.014565,0.000000
9,577.100000,0.049292,0.000000
0,578.100000,0.049279,0.000000
1,578.100000,0.014574,0.000000
2,578.100000,0.014570,0.000000
3,578.100000,0.059833,0.000000
4,578.100000,0.014569,0.000000
5,578.100000,0.049275,0.000000
6,578.100000,0.049292,0.000000
7,578.100000,0.948200,0.000000
8,578.100000,0.014585,0.000000
9,578.100000,0.049282,0.000000
0,579.100000,0.049281,0.000000
1,579.100000,0.014566,0.000000
2,579.100000,0.014596,0.000000
3,579.100000,0.059833,0.000000
4,579.100000,0.014557,0.000000
5,579.100000,0.049274,0.000000
6,579.100000,0.049282,0.000000
7,579.100000,0.948212,0.000000
8,579.100000,0.014573,0.000000
9,579.100000,0.049280,0.000000
0,580.100000,0.059833,0.000000
1,580.100000,0.042553,0.000000
2,580.100000,0.042553,0.000000
3,580.100000,0.080386,0.000000
4,580.100000,0.042553,0.000000
5,580.100000,0.080386,0.000000
6,580.100000,0.080386,0.000000
7,580.100000,0.957907,0.000000
8,580.100000,0.059833,0.000000
9,580.100000,0.042553,0.000000
0,581.100000,0.059833,0.000000
1,581.100000,0.042553,0.000000
2,581.100000,0.042553,0.000000
3,581.100000,0.080386,0.000000
4,581.100000,0.042553,0.000000
5,581.100000,0.080387,0.000000
6,581.100000,0.080392,0.000000
7,581.100000,0.957725,0.000000
8,581.100000,0.059833,0.000000
9,581.100000,0.042553,0.000000
0,582.100000,0.059833,0.000000
1,582.100000,0.042553,0.000000
2,582.100000,0.042553,0.000000
3,582.100000,0.080386,0.000000
4,582.100000,0.042553,0.000000
5,582.100000,0.080385,0.000000
6,582.100000,0.080392,0.000000
7,582.100000,0.957762,0.000000
8,582.100000,0.059833,0.000000
9,582.100000,0.042553,0.000000
0,583.100000,0.059833,0.000000
1,583.100000,0.042553,0.000000
2,583.100000,0.042553,0.000000
3,583.100000,0.080385,0.000000
4,583.100000,0.042553,0.000000
5,583.100000,0.080384,0.000000
6,583.100000,0.080386,0.000000
7,583.100000,0.957736,0.000000
8,583.100000,0.059833,0.000000
9,583.100000,0.042553,0.000000
0,584.100000,0.059833,0.000000
1,584.100000,0.042553,0.000000
2,584.100000,0.042553,0.000000
3,584.100000,0.080385,0.000000
4,584.100000,0.042553,0.000000
5,584.100000,0.080386,0.000000
6,584.100000,0.080387,0.000000
7,584.100000,0.957688,0.000000
8,584.100000,0.059833,0.000000
9,584.100000,0.042553,0.000000
0,585.100000,0.059833,0.000000
1,585.100000,0.042553,0.000000
2,585.100000,0.042553,0.000000
3,585.100000,0.080387,0.000000
4,585.100000,0.042553,0.000000
5,585.100000,0.080386,0.000000
6,585.100000,0.080387,0.000000
7,585.100000,0.957659,0.000000
8,585.100000,0.059833,0.000000
9,585.100000,0.042553,0.000000
0,586.100000,0.059833,0.000000
1,586.100000,0.042553,0.000000
2,586.100000,0.042553,0.000000
3,586.100000,0.080385,0.000000
4,586.100000,0.042553,0.000000
5,586.100000,0.080384,0.000000
6,586.100000,0.080387,0.000000
7,586.100000,0.957627,0.000000
8,586.100000,0.059833,0.000000
9,586.100000,0.042553,0.000000
0,587.100000,0.059833,0.000000
1,587.100000,0.042553,0.000000
2,587.100000,0.042553,0.000000
3,587.100000,0.080385,0.000000
4,587.100000,0.042553,0.000000
5,587.100000,0.080386,0.000000
6,587.100000,0.080387,0.000000
7,587.100000,0.957656,0.000000
8,587.100000,0.059833,0.000000
9,587.100000,0.042553,0.000000
0,588.100000,0.059833,0.000000
1,588.100000,0.042553,0.000000
2,588.100000,0.042553,0.000000
3,588.100000,0.080386,0.000000
4,588.100000,0.042553,0.000000
5,588.100000,0.080386,0.000000
6,588.100000,0.080387,0.000000
7,588.100000,0.957640,0.000000
8,588.100000,0.059833,0.000000
9,588.100000,0.042553,0.000000
0,589.100000,0.059833,0.000000
1,589.100000,0.042553,0.000000
2,589.100000,0.042553,0.000000
3,589.100000,0.080386,0.000000
4,589.100000,0.042553,0.000000
5,589.100000,0.080385,0.000000
6,589.100000,0.080390,0.000000
7,589.100000,0.015500,0.000000
8,589.100000,0.059833,0.000000
9,589.100000,0.042553,0.000000
0,590.100000,0.049278,0.000000
1,590.100000,0.049289,0.000000
2,590.100000,0.059833,0.000000
3,590.100000,0.049292,0.000000
4,590.100000,0.059833,0.000000
5,590.100000,0.014566,0.000000
6,590.100000,0.042554,0.000000
7,590.100000,0.059835,0.000000
8,590.100000,0.049324,0.000000
9,590.100000,0.080385,0.000000
0,591.100000,0.049284,0.000000
1,591.100000,0.049291,0.000000
2,591.100000,0.059833,0.000000
3,591.100000,0.049288,0.000000
4,591.100000,0.059833,0.000000
5,591.100000,0.014569,0.000000
6,591.100000,0.042554,0.000000
7,591.100000,0.059836,0.000000
8,591.100000,0.049322,0.000000
9,591.100000,0.080386,0.000000
0,592.100000,0.049278,0.000000
1,592.100000,0.049292,0.000000
2,592.100000,0.059833,0.000000
3,592.100000,0.049285,0.000000
4,592.100000,0.059833,0.000000
5,592.100000,0.014554,0.000000
6,592.100000,0.042554,0.000000
7,592.100000,0.059836,0.000000
8,592.100000,0.049305,0.000000
9,592.100000,0.080385,0.000000
0,593.100000,0.049281,0.000000
1,593.100000,0.049290,0.000000
2,593.100000,0.059833,0.000000
3,593.100000,0.049285,0.000000
4,593.100000,0.059833,0.000000
5,593.100000,0.014565,0.000000
6,593.100000,0.042554,0.000000
7,593.100000,0.059837,0.000000
8,593.100000,0.049304,0.000000
9,593.100000,0.080386,0.000000
0,594.100000,0.049273,0.000000
1,594.100000,0.049297,0.000000
2,594.100000,0.059833,0.000000
3,594.100000,0.049301,0.000000
4,594.100000,0.059833,0.000000
5,594.100000,0.014567,0.000000
6,594.100000,0.042554,0.000000
7,594.100000,0.059837,0.000000
8,594.100000,0.049285,0.000000
9,594.100000,0.080386,0.000000
0,595.100000,0.049278,0.000000
1,595.100000,0.049298,0.000000
2,595.100000,0.059833,0.000000
3,595.100000,0.049291,0.000000
4,595.100000,0.059833,0.000000
5,595.100000,0.014557,0.000000
6,595.100000,0.042555,0.000000
7,595.100000,0.059837,0.000000
8,595.100000,0.049288,0.000000
9,595.100000,0.080386,0.000000
0,596.100000,0.049278,0.000000
1,596.100000,0.049297,0.000000
2,596.100000,0.059833,0.000000
3,596.100000,0.049295,0.000000
4,596.100000,0.059833,0.000000
5,596.100000,0.014559,0.000000
6,596.100000,0.042556,0.000000
7,596.100000,0.059838,0.000000
8,596.100000,0.049285,0.000000
9,596.100000,0.080386,0.000000
0,597.100000,0.049277,0.000000
1,597.100000,0.049286,0.000000
2,597.100000,0.059833,0.000000
3,597.100000,0.049290,0.000000
4,597.100000,0.059833,0.000000
5,597.100000,0.014564,0.000000
6,597.100000,0.042555,0.000000
7,597.100000,0.059838,0.000000
8,597.100000,0.049289,0.000000
9,597.100000,0.080385,0.000000
0,598.100000,0.049285,0.000000
1,598.100000,0.049292,0.000000
2,598.100000,0.059833,0.000000
3,598.100000,0.049281,0.000000
4,598.100000,0.059833,0.000000
5,598.100000,0.014575,0.000000
6,598.100000,0.042556,0.000000
7,598.100000,0.059839,0.000000
8,598.100000,0.049290,0.000000
9,598.100000,0.080387,0.000000
0,599.100000,0.049282,0.000000
1,599.100000,0.049298,0.000000
2,599.100000,0.059833,0.000000
3,599.100000,0.049278,0.000000
4,599.100000,0.059833,0.000000
5,599.100000,0.014580,0.000000
6,599.100000,0.042556,0.000000
7,599.100000,0.059838,0.000000
8,599.100000,0.049291,0.000000
9,599.100000,0.080385,0.000000
0,600.100000,0.080385,0.000000
1,600.100000,0.059833,0.000000
2,600.100000,0.080385,0.000000
3,600.100000,0.014568,0.000000
4,600.100000,0.080385,0.000000
5,600.100000,0.042553,0.000000
6,600.100000,0.080384,0.000000
7,600.100000,0.049088,0.000000
8,600.100000,0.042553,0.000000
9,600.100000,0.014545,0.000000
0,601.100000,0.080386,0.000000
1,601.100000,0.059833,0.000000
2,601.100000,0.080386,0.000000
3,601.100000,0.014572,0.000000
4,601.100000,0.080386,0.000000
5,601.100000,0.042553,0.000000
6,601.100000,0.080395,0.000000
7,601.100000,0.049088,0.000000
8,601.100000,0.042553,0.000000
9,601.100000,0.014578,0.000000
0,602.100000,0.080385,0.000000
1,602.100000,0.059833,0.000000
2,602.100000,0.080385,0.000000
3,602.100000,0.014566,0.000000
4,602.100000,0.080387,0.000000
5,602.100000,0.042553,0.000000
6,602.100000,0.080395,0.000000
7,602.100000,0.049088,0.000000
8,602.100000,0.042553,0.000000
9,602.100000,0.014588,0.000000
0,603.100000,0.080387,0.000000
1,603.100000,0.059833,0.000000
2,603.100000,0.080385,0.000000
3,603.100000,0.014559,0.000000
4,603.100000,0.080385,0.000000
5,603.100000,0.042553,0.000000
6,603.100000,0.080389,0.000000
7,603.100000,0.049089,0.000000
8,603.100000,0.042553,0.000000
9,603.100000,0.014584,0.000000
0,604.100000,0.080386,0.000000
1,604.100000,0.059833,0.000000
2,604.100000,0.080385,0.000000
3,604.100000,0.014579,0.000000
4,604.100000,0.080386,0.000000
5,604.100000,0.042553,0.000000
6,604.100000,0.080392,0.000000
7,604.100000,0.049089,0.000000
8,604.100000,0.042553,0.000000
9,604.100000,0.014577,0.000000
0,605.100000,0.080385,0.000000
1,605.100000,0.059833,0.000000
2,605.100000,0.080386,0.000000
3,605.100000,0.014581,0.000000
4,605.100000,0.080386,0.000000
5,605.100000,0.042553,0.000000
6,605.100000,0.080391,0.000000
7,605.100000,0.049089,0.000000
8,605.100000,0.042553,0.000000
9,605.100000,0.014589,0.000000
0,606.100000,0.080387,0.000000
1,606.100000,0.059833,0.000000
2,606.100000,0.080385,0.000000
3,606.100000,0.014576,0.000000
4,606.100000,0.080385,0.000000
5,606.100000,0.042553,0.000000
6,606.100000,0.080392,0.000000
7,606.100000,0.049090,0.000000
8,606.100000,0.042553,0.000000
9,606.100000,0.014579,0.000000
0,607.100000,0.080385,0.000000
1,607.100000,0.059833,0.000000
2,607.100000,0.080387,0.000000
3,607.100000,0.014561,0.000000
4,607.100000,0.080386,0.000000
5,607.100000,0.042553,0.000000
6,607.100000,0.080397,0.000000
7,607.100000,0.049090,0.000000
8,607.100000,0.042553,0.000000
9,607.100000,0.014615,0.000000
0,608.100000,0.080385,0.000000
1,608.100000,0.059833,0.000000
2,608.100000,0.080385,0.000000
3,608.100000,0.014558,0.000000
4,608.100000,0.080385,0.000000
5,608.100000,0.042553,0.000000
6,608.100000,0.080387,0.000000
7,608.100000,0.049090,0.000000
8,608.100000,0.042553,0.000000
9,608.100000,0.014623,0.000000
0,609.100000,0.080386,0.000000
1,609.100000,0.059833,0.000000
2,609.100000,0.080385,0.000000
3,609.100000,0.014563,0.000000
4,609.100000,0.080385,0.000000
5,609.100000,0.042553,0.000000
6,609.100000,0.080399,0.000000
7,609.100000,0.049091,0.000000
8,609.100000,0.042553,0.000000
9,609.100000,0.014584,0.000000
0,610.100000,0.014561,0.000000
1,610.100000,0.080386,0.000000
2,610.100000,0.049284,0.000000
3,610.100000,0.042553,0.000000
4,610.100000,0.049290,0.000000
5,610.100000,0.059833,0.000000
6,610.100000,0.014801,0.000000
7,610.100000,0.042553,0.000000
8,610.100000,0.080386,0.000000
9,610.100000,0.059833,0.000000
0,611.100000,0.014585,0.000000
1,611.100000,0.080385,0.000000
2,611.100000,0.049275,0.000000
3,611.100000,0.042553,0.000000
4,611.100000,0.049299,0.000000
5,611.100000,0.059833,0.000000
6,611.100000,0.014828,0.000000
7,611.100000,0.042553,0.000000
8,611.100000,0.080386,0.000000
9,611.100000,0.059833,0.000000
0,612.100000,0.014591,0.000000
1,612.100000,0.080386,0.000000
2,612.100000,0.049277,0.000000
3,612.100000,0.042553,0.000000
4,612.100000,0.049293,0.000000
5,612.100000,0.059833,0.000000
6,612.100000,0.014875,0.000000
7,612.100000,0.042553,0.000000
8,612.100000,0.080386,0.000000
9,612.100000,0.059833,0.000000
0,613.100000,0.014586,0.000000
1,613.100000,0.080385,0.000000
2,613.100000,0.049271,0.000000
3,613.100000,0.042553,0.000000
4,613.100000,0.049279,0.000000
5,613.100000,0.059833,0.000000
6,613.100000,0.014853,0.000000
7,613.100000,0.042553,0.000000
8,613.100000,0.080385,0.000000
9,613.100000,0.059833,0.000000
0,614.100000,0.014585,0.000000
1,614.100000,0.080385,0.000000
2,614.100000,0.049283,0.000000
3,614.100000,0.042553,0.000000
4,614.100000,0.049302,0.000000
5,614.100000,0.059833,0.000000
6,614.100000,0.014827,0.000000
7,614.100000,0.042553,0.000000
8,614.100000,0.080386,0.000000
9,614.100000,0.059833,0.000000
0,615.100000,0.014580,0.000000
1,615.100000,0.080386,0.000000
2,615.100000,0.049278,0.000000
3,615.100000,0.042553,0.000000
4,615.100000,0.049290,0.000000
5,615.100000,0.059833,0.000000
6,615.100000,0.014820,0.000000
7,615.100000,0.042553,0.000000
8,615.100000,0.080385,0.000000
9,615.100000,0.059833,0.000000
0,616.100000,0.014581,0.000000
1,616.100000,0.080385,0.000000
2,616.100000,0.049270,0.000000
3,616.100000,0.042553,0.000000
4,616.100000,0.049299,0.000000
5,616.100000,0.059833,0.000000
6,616.100000,0.014853,0.000000
7,616.100000,0.042553,0.000000
8,616.100000,0.080386,0.000000
9,616.100000,0.059833,0.000000
0,617.100000,0.014573,0.000000
1,617.100000,0.080386,0.000000
2,617.100000,0.049278,0.000000
3,617.100000,0.042553,0.000000
4,617.100000,0.049284,0.000000
5,617.100000,0.059833,0.000000
6,617.100000,0.014841,0.000000
7,617.100000,0.042553,0.000000
8,617.100000,0.080385,0.000000
9,617.100000,0.059833,0.000000
0,618.100000,0.014571,0.000000
1,618.100000,0.080385,0.000000
2,618.100000,0.049282,0.000000
3,618.100000,0.042553,0.000000
4,618.100000,0.049333,0.000000
5,618.100000,0.059833,0.000000
6,618.100000,0.014842,0.000000
7,618.100000,0.042553,0.000000
8,618.100000,0.080386,0.000000
9,618.100000,0.059833,0.000000
0,619.100000,0.014555,0.000000
1,619.100000,0.080385,0.000000
2,619.100000,0.049286,0.000000
3,619.100000,0.042553,0.000000
4,619.100000,0.049324,0.000000
5,619.100000,0.059833,0.000000
6,619.100000,0.014841,0.000000
7,619.100000,0.042553,0.000000
8,619.100000,0.080386,0.000000
9,619.100000,0.059833,0.000000
0,620.100000,0.042553,0.000000
1,620.100000,0.014597,0.000000
2,620.100000,0.014570,0.000000
3,620.100000,0.059833,0.000000
4,620.100000,0.014609,0.000000
5,620.100000,0.049319,0.000000
6,620.100000,0.059832,0.000000
7,620.100000,0.080373,0.000000
8,620.100000,0.014563,0.000000
9,620.100000,0.049279,0.000000
0,621.100000,0.042553,0.000000
1,621.100000,0.014587,0.000000
2,621.100000,0.014560,0.000000
3,621.100000,0.059834,0.000000
4,621.100000,0.014617,0.000000
5,621.100000,0.049364,0.000000
6,621.100000,0.059834,0.000000
7,621.100000,0.080373,0.000000
8,621.100000,0.014550,0.000000
9,621.100000,0.049285,0.000000
0,622.100000,0.042553,0.000000
1,622.100000,0.014590,0.000000
2,622.100000,0.014566,0.000000
3,622.100000,0.059833,0.000000
4,622.100000,0.014591,0.000000
5,622.100000,0.049362,0.000000
6,622.100000,0.059834,0.000000
7,622.100000,0.080374,0.000000
8,622.100000,0.014567,0.000000
9,622.100000,0.049325,0.000000
0,623.100000,0.042553,0.000000
1,623.100000,0.014573,0.000000
2,623.100000,0.014592,0.000000
3,623.100000,0.059833,0.000000
4,623.100000,0.014577,0.000000
5,623.100000,0.049376,0.000000
6,623.100000,0.059835,0.000000
7,623.100000,0.080379,0.000000
8,623.100000,0.014570,0.000000
9,623.100000,0.049314,0.000000
0,624.100000,0.042553,0.000000
1,624.100000,0.014568,0.000000
2,624.100000,0.014605,0.000000
3,624.100000,0.059833,0.000000
4,624.100000,0.014578,0.000000
5,624.100000,0.049368,0.000000
6,624.100000,0.059835,0.000000
7,624.100000,0.080416,0.000000
8,624.100000,0.014574,0.000000
9,624.100000,0.049296,0.000000
0,625.100000,0.042553,0.000000
1,625.100000,0.014565,0.000000
2,625.100000,0.014576,0.000000
3,625.100000,0.059833,0.000000
4,625.100000,0.014565,0.000000
5,625.100000,0.618848,0.000000
6,625.100000,0.059835,0.000000
7,625.100000,0.080543,0.000000
8,625.100000,0.014568,0.000000
9,625.100000,0.049293,0.000000
0,626.100000,0.042553,0.000000
1,626.100000,0.014576,0.000000
2,626.100000,0.014568,0.000000
3,626.100000,0.059833,0.000000
4,626.100000,0.014571,0.000000
5,626.100000,0.619145,0.000000
6,626.100000,0.059835,0.000000
7,626.100000,0.080387,0.000000
8,626.100000,0.014550,0.000000
9,626.100000,0.049287,0.000000
0,627.100000,0.042553,0.000000
1,627.100000,0.014567,0.000000
2,627.100000,0.014667,0.000000
3,627.100000,0.059833,0.000000
4,627.100000,0.014582,0.000000
5,627.100000,0.620709,0.000000
6,627.100000,0.059835,0.000000
7,627.100000,0.080385,0.000000
8,627.100000,0.014545,0.000000
9,627.100000,0.049288,0.000000
0,628.100000,0.042553,0.000000
1,628.100000,0.014566,0.000000
2,628.100000,0.014654,0.000000
3,628.100000,0.059833,0.000000
4,628.100000,0.014582,0.000000
5,628.100000,0.620691,0.000000
6,628.100000,0.059836,0.000000
7,628.100000,0.080385,0.000000
8,628.100000,0.014575,0.000000
9,628.100000,0.049296,0.000000
0,629.100000,0.042553,0.000000
1,629.100000,0.014573,0.000000
2,629.100000,0.014637,0.000000
3,629.100000,0.059833,0.000000
4,629.100000,0.014594,0.000000
5,629.100000,0.621038,0.000000
6,629.100000,0.059835,0.000000
7,629.100000,0.080386,0.000000
8,629.100000,0.014581,0.000000
9,629.100000,0.049295,0.000000
0,630.100000,0.049303,0.000000
1,630.100000,0.042553,0.000000
2,630.100000,0.042553,0.000000
3,630.100000,0.080385,0.000000
4,630.100000,0.042553,0.000000
5,630.100000,0.080395,0.000000
6,630.100000,0.065245,0.000000
7,630.100000,0.014592,0.000000
8,630.100000,0.059833,0.000000
9,630.100000,0.042553,0.000000
0,631.100000,0.049300,0.000000
1,631.100000,0.042553,0.000000
2,631.100000,0.042553,0.000000
3,631.100000,0.080386,0.000000
4,631.100000,0.042553,0.000000
5,631.100000,0.080390,0.000000
6,631.100000,0.049657,0.000000
7,631.100000,0.014579,0.000000
8,631.100000,0.059833,0.000000
9,631.100000,0.042553,0.000000
0,632.100000,0.049291,0.000000
1,632.100000,0.042553,0.000000
2,632.100000,0.042553,0.000000
3,632.100000,0.080386,0.000000
4,632.100000,0.042553,0.000000
5,632.100000,0.080391,0.000000
6,632.100000,0.049233,0.000000
7,632.100000,0.014572,0.000000
8,632.100000,0.059833,0.000000
9,632.100000,0.042553,0.000000
0,633.100000,0.049302,0.000000
1,633.100000,0.042553,0.000000
2,633.100000,0.042553,0.000000
3,633.100000,0.080384,0.000000
4,633.100000,0.042553,0.000000
5,633.100000,0.080408,0.000000
6,633.100000,0.049156,0.000000
7,633.100000,0.014558,0.000000
8,633.100000,0.059833,0.000000
9,633.100000,0.042553,0.000000
0,634.100000,0.049293,0.000000
1,634.100000,0.042553,0.000000
2,634.100000,0.042553,0.000000
3,634.100000,0.080385,0.000000
4,634.100000,0.042553,0.000000
5,634.100000,0.080408,0.000000
6,634.100000,0.049135,0.000000
7,634.100000,0.014560,0.000000
8,634.100000,0.059833,0.000000
9,634.100000,0.042553,0.000000
0,635.100000,0.049295,0.000000
1,635.100000,0.042553,0.000000
2,635.100000,0.042554,0.000000
3,635.100000,0.080385,0.000000
4,635.100000,0.042553,0.000000
5,635.100000,0.083577,0.000000
6,635.100000,0.049124,0.000000
7,635.100000,0.014583,0.000000
8,635.100000,0.059833,0.000000
9,635.100000,0.042553,0.000000
0,636.100000,0.049303,0.000000
1,636.100000,0.042553,0.000000
2,636.100000,0.042554,0.000000
3,636.100000,0.080386,0.000000
4,636.100000,0.042553,0.000000
5,636.100000,0.097299,0.000000
6,636.100000,0.049118,0.000000
7,636.100000,0.014580,0.000000
8,636.100000,0.059833,0.000000
9,636.100000,0.042553,0.000000
0,637.100000,0.049291,0.000000
1,637.100000,0.042553,0.000000
2,637.100000,0.042554,0.000000
3,637.100000,0.080386,0.000000
4,637.100000,0.042553,0.000000
5,637.100000,0.115784,0.000000
6,637.100000,0.049113,0.000000
7,637.100000,0.014565,0.000000
8,637.100000,0.059833,0.000000
9,637.100000,0.042553,0.000000
0,638.100000,0.049280,0.000000
1,638.100000,0.042553,0.000000
2,638.100000,0.042555,0.000000
3,638.100000,0.080385,0.000000
4,638.100000,0.042553,0.000000
5,638.100000,0.149503,0.000000
6,638.100000,0.049106,0.000000
7,638.100000,0.014569,0.000000
8,638.100000,0.059833,0.000000
9,638.100000,0.042553,0.000000
0,639.100000,0.049300,0.000000
1,639.100000,0.042553,0.000000
2,639.100000,0.042555,0.000000
3,639.100000,0.080385,0.000000
4,639.100000,0.042553,0.000000
5,639.100000,0.197455,0.000000
6,639.100000,0.049093,0.000000
7,639.100000,0.014560,0.000000
8,639.100000,0.059833,0.000000
9,639.100000,0.042553,0.000000
0,640.100000,0.059833,0.000000
1,640.100000,0.059833,0.000000
2,640.100000,0.059832,0.000000
3,640.100000,0.049277,0.000000
4,640.100000,0.059833,0.000000
5,640.100000,0.016388,0.000000
6,640.100000,0.014596,0.000000
7,640.100000,0.059833,0.000000
8,640.100000,0.049284,0.000000
9,640.100000,0.080385,0.000000
0,641.100000,0.059833,0.000000
1,641.100000,0.059833,0.000000
2,641.100000,0.059832,0.000000
3,641.100000,0.049275,0.000000
4,641.100000,0.059834,0.000000
5,641.100000,0.019291,0.000000
6,641.100000,0.014590,0.000000
7,641.100000,0.059833,0.000000
8,641.100000,0.049287,0.000000
9,641.100000,0.080385,0.000000
0,642.100000,0.059833,0.000000
1,642.100000,0.059833,0.000000
2,642.100000,0.059832,0.000000
3,642.100000,0.049275,0.000000
4,642.100000,0.059833,0.000000
5,642.100000,0.023307,0.000000
6,642.100000,0.014583,0.000000
7,642.100000,0.059833,0.000000
8,642.100000,0.049288,0.000000
9,642.100000,0.080385,0.000000
0,643.100000,0.059833,0.000000
1,643.100000,0.059834,0.000000
2,643.100000,0.059832,0.000000
3,643.100000,0.049276,0.000000
4,643.100000,0.059833,0.000000
5,643.100000,0.033767,0.000000
6,643.100000,0.014577,0.000000
7,643.100000,0.059833,0.000000
8,643.100000,0.049280,0.000000
9,643.100000,0.080386,0.000000
0,644.100000,0.059833,0.000000
1,644.100000,0.059833,0.000000
2,644.100000,0.059832,0.000000
3,644.100000,0.049279,0.000000
4,644.100000,0.059833,0.000000
5,644.100000,0.958471,0.000000
6,644.100000,0.014571,0.000000
7,644.100000,0.059833,0.000000
8,644.100000,0.049276,0.000000
9,644.100000,0.080385,0.000000
0,645.100000,0.059833,0.000000
1,645.100000,0.059833,0.000000
2,645.100000,0.059832,0.000000
3,645.100000,0.049284,0.000000
4,645.100000,0.059833,0.000000
5,645.100000,0.958496,0.000000
6,645.100000,0.014566,0.000000
7,645.100000,0.059833,0.000000
8,645.100000,0.049302,0.000000
9,645.100000,0.080386,0.000000
0,646.100000,0.059833,0.000000
1,646.100000,0.059833,0.000000
2,646.100000,0.059833,0.000000
3,646.100000,0.049284,0.000000
4,646.100000,0.059833,0.000000
5,646.100000,0.958492,0.000000
6,646.100000,0.014561,0.000000
7,646.100000,0.059833,0.000000
8,646.100000,0.049295,0.000000
9,646.100000,0.080386,0.000000
0,647.100000,0.059833,0.000000
1,647.100000,0.059833,0.000000
2,647.100000,0.059833,0.000000
3,647.100000,0.049275,0.000000
4,647.100000,0.059833,0.000000
5,647.100000,0.958417,0.000000
6,647.100000,0.014556,0.000000
7,647.100000,0.059833,0.000000
8,647.100000,0.049298,0.000000
9,647.100000,0.080385,0.000000
0,648.100000,0.059833,0.000000
1,648.100000,0.059833,0.000000
2,648.100000,0.059831,0.000000
3,648.100000,0.049276,0.000000
4,648.100000,0.059833,0.000000
5,648.100000,0.958366,0.000000
6,648.100000,0.014552,0.000000
7,648.100000,0.059833,0.000000
8,648.100000,0.049296,0.000000
9,648.100000,0.080385,0.000000
0,649.100000,0.059833,0.000000
1,649.100000,0.059833,0.000000
2,649.100000,0.059834,0.000000
3,649.100000,0.049314,0.000000
4,649.100000,0.059833,0.000000
5,649.100000,0.958406,0.000000
6,649.100000,0.014547,0.000000
7,649.100000,0.059834,0.000000
8,649.100000,0.049288,0.000000
9,649.100000,0.080387,0.000000
0,650.100000,0.080386,0.000000
1,650.100000,0.080385,0.000000
2,650.100000,0.948218,0.000000
3,650.100000,0.014563,0.000000
4,650.100000,0.080386,0.000000
5,650.100000,0.844963,0.000000
6,650.100000,0.042553,0.000000
7,650.100000,0.049281,0.000000
8,650.100000,0.042553,0.000000
9,650.100000,0.014560,0.000000
0,651.100000,0.080386,0.000000
1,651.100000,0.080386,0.000000
2,651.100000,0.948193,0.000000
3,651.100000,0.014559,0.000000
4,651.100000,0.080386,0.000000
5,651.100000,0.844963,0.000000
6,651.100000,0.042553,0.000000
7,651.100000,0.049279,0.000000
8,651.100000,0.042553,0.000000
9,651.100000,0.014561,0.000000
0,652.100000,0.080386,0.000000
1,652.100000,0.080385,0.000000
2,652.100000,0.948178,0.000000
3,652.100000,0.014565,0.000000
4,652.100000,0.080385,0.000000
5,652.100000,0.844963,0.000000
6,652.100000,0.042553,0.000000
7,652.100000,0.049300,0.000000
8,652.100000,0.042553,0.000000
9,652.100000,0.014591,0.000000
0,653.100000,0.080385,0.000000
1,653.100000,0.080387,0.000000
2,653.100000,0.948247,0.000000
3,653.100000,0.014576,0.000000
4,653.100000,0.080385,0.000000
5,653.100000,0.844963,0.000000
6,653.100000,0.042553,0.000000
7,653.100000,0.049293,0.000000
8,653.100000,0.042553,0.000000
9,653.100000,0.014598,0.000000
0,654.100000,0.080386,0.000000
1,654.100000,0.080385,0.000000
2,654.100000,0.080367,0.000000
3,654.100000,0.014581,0.000000
4,654.100000,0.080385,0.000000
5,654.100000,0.844963,0.000000
6,654.100000,0.042553,0.000000
7,654.100000,0.049285,0.000000
8,654.100000,0.042553,0.000000
9,654.100000,0.014590,0.000000
0,655.100000,0.080386,0.000000
1,655.100000,0.080386,0.000000
2,655.100000,0.080375,0.000000
3,655.100000,0.014575,0.000000
4,655.100000,0.080386,0.000000
5,655.100000,0.844963,0.000000
6,655.100000,0.042553,0.000000
7,655.100000,0.049290,0.000000
8,655.100000,0.042553,0.000000
9,655.100000,0.014571,0.000000
0,656.100000,0.080386,0.000000
1,656.100000,0.080385,0.000000
2,656.100000,0.080375,0.000000
3,656.100000,0.014555,0.000000
4,656.100000,0.080386,0.000000
5,656.100000,0.844963,0.000000
6,656.100000,0.042553,0.000000
7,656.100000,0.049282,0.000000
8,656.100000,0.042553,0.000000
9,656.100000,0.014559,0.000000
0,657.100000,0.080386,0.000000
1,657.100000,0.080386,0.000000
2,657.100000,0.080375,0.000000
3,657.100000,0.014567,0.000000
4,657.100000,0.080385,0.000000
5,657.100000,0.844963,0.000000
6,657.100000,0.042553,0.000000
7,657.100000,0.049282,0.000000
8,657.100000,0.042553,0.000000
9,657.100000,0.014572,0.000000
0,658.100000,0.080385,0.000000
1,658.100000,0.080386,0.000000
2,658.100000,0.080375,0.000000
3,658.100000,0.014564,0.000000
4,658.100000,0.080385,0.000000
5,658.100000,0.844963,0.000000
6,658.100000,0.042553,0.000000
7,658.100000,0.049288,0.000000
8,658.100000,0.042553,0.000000
9,658.100000,0.014592,0.000000
0,659.100000,0.080387,0.000000
1,659.100000,0.080386,0.000000
2,659.100000,0.080375,0.000000
3,659.100000,0.014563,0.000000
4,659.100000,0.080387,0.000000
5,659.100000,0.844963,0.000000
6,659.100000,0.042553,0.000000
7,659.100000,0.049299,0.000000
8,659.100000,0.042553,0.000000
9,659.100000,0.014582,0.000000
0,660.100000,0.014572,0.000000
1,660.100000,0.014568,0.000000
2,660.100000,0.049146,0.000000
3,660.100000,0.042553,0.000000
4,660.100000,0.049286,0.000000
5,660.100000,0.679898,0.000000
6,660.100000,0.080415,0.000000
7,660.100000,0.042553,0.000000
8,660.100000,0.014563,0.000000
9,660.100000,0.059833,0.000000
0,661.100000,0.014567,0.000000
1,661.100000,0.014565,0.000000
2,661.100000,0.049119,0.000000
3,661.100000,0.042553,0.000000
4,661.100000,0.049277,0.000000
5,661.100000,0.679899,0.000000
6,661.100000,0.080469,0.000000
7,661.100000,0.042553,0.000000
8,661.100000,0.014556,0.000000
9,661.100000,0.059833,0.000000
0,662.100000,0.014555,0.000000
1,662.100000,0.014573,0.000000
2,662.100000,0.049103,0.000000
3,662.100000,0.042553,0.000000
4,662.100000,0.049268,0.000000
5,662.100000,0.679901,0.000000
6,662.100000,0.080386,0.000000
7,662.100000,0.042553,0.000000
8,662.100000,0.014561,0.000000
9,662.100000,0.059833,0.000000
0,663.100000,0.014568,0.000000
1,663.100000,0.014566,0.000000
2,663.100000,0.049090,0.000000
3,663.100000,0.042553,0.000000
4,663.100000,0.049286,0.000000
5,663.100000,0.679904,0.000000
6,663.100000,0.080386,0.000000
7,663.100000,0.042553,0.000000
8,663.100000,0.014566,0.000000
9,663.100000,0.059833,0.000000
0,664.100000,0.014571,0.000000
1,664.100000,0.014576,0.000000
2,664.100000,0.049088,0.000000
3,664.100000,0.042553,0.000000
4,664.100000,0.049285,0.000000
5,664.100000,0.679903,0.000000
6,664.100000,0.080385,0.000000
7,664.100000,0.042553,0.000000
8,664.100000,0.014555,0.000000
9,664.100000,0.059833,0.000000
0,665.100000,0.014578,0.000000
1,665.100000,0.014577,0.000000
2,665.100000,0.049088,0.000000
3,665.100000,0.042553,0.000000
4,665.100000,0.049293,0.000000
5,665.100000,0.679904,0.000000
6,665.100000,0.080386,0.000000
7,665.100000,0.042553,0.000000
8,665.100000,0.014570,0.000000
9,665.100000,0.059833,0.000000
0,666.100000,0.014571,0.000000
1,666.100000,0.014558,0.000000
2,666.100000,0.049088,0.000000
3,666.100000,0.042553,0.000000
4,666.100000,0.049288,0.000000
5,666.100000,0.679905,0.000000
6,666.100000,0.080385,0.000000
7,666.100000,0.042553,0.000000
8,666.100000,0.014573,0.000000
9,666.100000,0.059833,0.000000
0,667.100000,0.014595,0.000000
1,667.100000,0.014553,0.000000
2,667.100000,0.049088,0.000000
3,667.100000,0.042553,0.000000
4,667.100000,0.049291,0.000000
5,667.100000,0.679905,0.000000
6,667.100000,0.080386,0.000000
7,667.100000,0.042553,0.000000
8,667.100000,0.014572,0.000000
9,667.100000,0.059833,0.000000
0,668.100000,0.014602,0.000000
1,668.100000,0.014557,0.000000
2,668.100000,0.049089,0.000000
3,668.100000,0.042553,0.000000
4,668.100000,0.049284,0.000000
5,668.100000,0.679906,0.000000
6,668.100000,0.080386,0.000000
7,668.100000,0.042553,0.000000
8,668.100000,0.014561,0.000000
9,668.100000,0.059833,0.000000
0,669.100000,0.014590,0.000000
1,669.100000,0.014553,0.000000
2,669.100000,0.049089,0.000000
3,669.100000,0.042553,0.000000
4,669.100000,0.049280,0.000000
5,669.100000,0.679906,0.000000
6,669.100000,0.080386,0.000000
7,669.100000,0.042553,0.000000
8,669.100000,0.014560,0.000000
9,669.100000,0.059833,0.000000
0,670.100000,0.042553,0.000000
1,670.100000,0.049294,0.000000
2,670.100000,0.014561,0.000000
3,670.100000,0.059833,0.000000
4,670.100000,0.014559,0.000000
5,670.100000,0.621348,0.000000
6,670.100000,0.014578,0.000000
7,670.100000,0.080385,0.000000
8,670.100000,0.080386,0.000000
9,670.100000,0.049290,0.000000
0,671.100000,0.042553,0.000000
1,671.100000,0.049277,0.000000
2,671.100000,0.014556,0.000000
3,671.100000,0.059833,0.000000
4,671.100000,0.014545,0.000000
5,671.100000,0.621351,0.000000
6,671.100000,0.014584,0.000000
7,671.100000,0.080386,0.000000
8,671.100000,0.080386,0.000000
9,671.100000,0.049295,0.000000
0,672.100000,0.042553,0.000000
1,672.100000,0.049271,0.000000
2,672.100000,0.014552,0.000000
3,672.100000,0.059833,0.000000
4,672.100000,0.014569,0.000000
5,672.100000,0.621349,0.000000
6,672.100000,0.014583,0.000000
7,672.100000,0.080386,0.000000
8,672.100000,0.080386,0.000000
9,672.100000,0.049282,0.000000
0,673.100000,0.042553,0.000000
1,673.100000,0.049283,0.000000
2,673.100000,0.014547,0.000000
3,673.100000,0.059833,0.000000
4,673.100000,0.014576,0.000000
5,673.100000,0.621344,0.000000
6,673.100000,0.014581,0.000000
7,673.100000,0.080386,0.000000
8,673.100000,0.080386,0.000000
9,673.100000,0.049283,0.000000
0,674.100000,0.042553,0.000000
1,674.100000,0.049287,0.000000
2,674.100000,0.014544,0.000000
3,674.100000,0.059833,0.000000
4,674.100000,0.014585,0.000000
5,674.100000,0.621347,0.000000
6,674.100000,0.014575,0.000000
7,674.100000,0.080386,0.000000
8,674.100000,0.080386,0.000000
9,674.100000,0.049287,0.000000
0,675.100000,0.042553,0.000000
1,675.100000,0.049291,0.000000
2,675.100000,0.014540,0.000000
3,675.100000,0.059834,0.000000
4,675.100000,0.014575,0.000000
5,675.100000,0.621347,0.000000
6,675.100000,0.014571,0.000000
7,675.100000,0.080385,0.000000
8,675.100000,0.080385,0.000000
9,675.100000,0.049284,0.000000
0,676.100000,0.042553,0.000000
1,676.100000,0.049286,0.000000
2,676.100000,0.014537,0.000000
3,676.100000,0.059833,0.000000
4,676.100000,0.014580,0.000000
5,676.100000,0.621347,0.000000
6,676.100000,0.014572,0.000000
7,676.100000,0.080387,0.000000
8,676.100000,0.080385,0.000000
9,676.100000,0.049283,0.000000
0,677.100000,0.042553,0.000000
1,677.100000,0.049276,0.000000
2,677.100000,0.014535,0.000000
3,677.100000,0.059833,0.000000
4,677.100000,0.014580,0.000000
5,677.100000,0.061078,0.000000
6,677.100000,0.014589,0.000000
7,677.100000,0.080385,0.000000
8,677.100000,0.080385,0.000000
9,677.100000,0.049275,0.000000
0,678.100000,0.042553,0.000000
1,678.100000,0.049282,0.000000
2,678.100000,0.014532,0.000000
3,678.100000,0.059833,0.000000
4,678.100000,0.014574,0.000000
5,678.100000,0.589657,0.000000
6,678.100000,0.014590,0.000000
7,678.100000,0.080386,0.000000
8,678.100000,0.080387,0.000000
9,678.100000,0.049307,0.000000
0,679.100000,0.042553,0.000000
1,679.100000,0.049279,0.000000
2,679.100000,0.014530,0.000000
3,679.100000,0.059833,0.000000
4,679.100000,0.014578,0.000000
5,679.100000,0.548013,0.000000
6,679.100000,0.014577,0.000000
7,679.100000,0.080386,0.000000
8,679.100000,0.080385,0.000000
9,679.100000,0.049301,0.000000
0,680.100000,0.049287,0.000000
1,680.100000,0.042553,0.000000
2,680.100000,0.042553,0.000000
3,680.100000,0.080386,0.000000
4,680.100000,0.042553,0.000000
5,680.100000,0.080376,0.000000
6,680.100000,0.059833,0.000000
7,680.100000,0.014572,0.000000
8,680.100000,0.014567,0.000000
9,680.100000,0.042553,0.000000
0,681.100000,0.049287,0.000000
1,681.100000,0.042553,0.000000
2,681.100000,0.042553,0.000000
3,681.100000,0.080385,0.000000
4,681.100000,0.042553,0.000000
5,681.100000,0.080375,0.000000
6,681.100000,0.059833,0.000000
7,681.100000,0.014580,0.000000
8,681.100000,0.014561,0.000000
9,681.100000,0.042553,0.000000
0,682.100000,0.049285,0.000000
1,682.100000,0.042553,0.000000
2,682.100000,0.042553,0.000000
3,682.100000,0.080386,0.000000
4,682.100000,0.042553,0.000000
5,682.100000,0.080375,0.000000
6,682.100000,0.059833,0.000000
7,682.100000,0.014568,0.000000
8,682.100000,0.014549,0.000000
9,682.100000,0.042553,0.000000
0,683.100000,0.049286,0.000000
1,683.100000,0.042553,0.000000
2,683.100000,0.042553,0.000000
3,683.100000,0.080385,0.000000
4,683.100000,0.042553,0.000000
5,683.100000,0.080375,0.000000
6,683.100000,0.059833,0.000000
7,683.100000,0.014577,0.000000
8,683.100000,0.014551,0.000000
9,683.100000,0.042553,0.000000
0,684.100000,0.049278,0.000000
1,684.100000,0.042553,0.000000
2,684.100000,0.042553,0.000000
3,684.100000,0.080386,0.000000
4,684.100000,0.042553,0.000000
5,684.100000,0.080374,0.000000
6,684.100000,0.059833,0.000000
7,684.100000,0.014569,0.000000
8,684.100000,0.014565,0.000000
9,684.100000,0.042553,0.000000
0,685.100000,0.049279,0.000000
1,685.100000,0.042553,0.000000
2,685.100000,0.042553,0.000000
3,685.100000,0.080385,0.000000
4,685.100000,0.042553,0.000000
5,685.100000,0.080373,0.000000
6,685.100000,0.059833,0.000000
7,685.100000,0.014567,0.000000
8,685.100000,0.014584,0.000000
9,685.100000,0.042554,0.000000
0,686.100000,0.049275,0.000000
1,686.100000,0.042553,0.000000
2,686.100000,0.042553,0.000000
3,686.100000,0.080386,0.000000
4,686.100000,0.042554,0.000000
5,686.100000,0.080369,0.000000
6,686.100000,0.059833,0.000000
7,686.100000,0.014564,0.000000
8,686.100000,0.014583,0.000000
9,686.100000,0.042553,0.000000
0,687.100000,0.049278,0.000000
1,687.100000,0.042553,0.000000
2,687.100000,0.042553,0.000000
3,687.100000,0.080386,0.000000
4,687.100000,0.042553,0.000000
5,687.100000,0.080370,0.000000
6,687.100000,0.059833,0.000000
7,687.100000,0.014562,0.000000
8,687.100000,0.014574,0.000000
9,687.100000,0.042553,0.000000
0,688.100000,0.049282,0.000000
1,688.100000,0.042553,0.000000
2,688.100000,0.042553,0.000000
3,688.100000,0.080384,0.000000
4,688.100000,0.042553,0.000000
5,688.100000,0.080370,0.000000
6,688.100000,0.059833,0.000000
7,688.100000,0.014563,0.000000
8,688.100000,0.014568,0.000000
9,688.100000,0.042553,0.000000
0,689.100000,0.049275,0.000000
1,689.100000,0.042553,0.000000
2,689.100000,0.042553,0.000000
3,689.100000,0.080386,0.000000
4,689.100000,0.042553,0.000000
5,689.100000,0.080370,0.000000
6,689.100000,0.059833,0.000000
7,689.100000,0.014559,0.000000
8,689.100000,0.014556,0.000000
9,689.100000,0.042553,0.000000
0,690.100000,0.059833,0.000000
1,690.100000,0.049288,0.000000
2,690.100000,0.059840,0.000000
3,690.100000,0.049272,0.000000
4,690.100000,0.042553,0.000000
5,690.100000,0.014577,0.000000
6,690.100000,0.049283,0.000000
7,690.100000,0.059833,0.000000
8,690.100000,0.059833,0.000000
9,690.100000,0.080385,0.000000
0,691.100000,0.059833,0.000000
1,691.100000,0.049295,0.000000
2,691.100000,0.059840,0.000000
3,691.100000,0.049275,0.000000
4,691.100000,0.042553,0.000000
5,691.100000,0.014571,0.000000
6,691.100000,0.049282,0.000000
7,691.100000,0.059834,0.000000
8,691.100000,0.059833,0.000000
9,691.100000,0.080387,0.000000
0,692.100000,0.059833,0.000000
1,692.100000,0.049287,0.000000
2,692.100000,0.059840,0.000000
3,692.100000,0.049282,0.000000
4,692.100000,0.042553,0.000000
5,692.100000,0.014566,0.000000
6,692.100000,0.049323,0.000000
7,692.100000,0.059833,0.000000
8,692.100000,0.059833,0.000000
9,692.100000,0.080386,0.000000
0,693.100000,0.059833,0.000000
1,693.100000,0.049286,0.000000
2,693.100000,0.059840,0.000000
3,693.100000,0.049281,0.000000
4,693.100000,0.042553,0.000000
5,693.100000,0.014561,0.000000
6,693.100000,0.049319,0.000000
7,693.100000,0.059833,0.000000
8,693.100000,0.059834,0.000000
9,693.100000,0.080385,0.000000
0,694.100000,0.059833,0.000000
1,694.100000,0.049273,0.000000
2,694.100000,0.059841,0.000000
3,694.100000,0.049277,0.000000
4,694.100000,0.042554,0.000000
5,694.100000,0.014556,0.000000
6,694.100000,0.049308,0.000000
7,694.100000,0.059833,0.000000
8,694.100000,0.059833,0.000000
9,694.100000,0.080385,0.000000
0,695.100000,0.059833,0.000000
1,695.100000,0.049272,0.000000
2,695.100000,0.059850,0.000000
3,695.100000,0.049285,0.000000
4,695.100000,0.042553,0.000000
5,695.100000,0.014552,0.000000
6,695.100000,0.049307,0.000000
7,695.100000,0.059833,0.000000
8,695.100000,0.059833,0.000000
9,695.100000,0.080386,0.000000
0,696.100000,0.059833,0.000000
1,696.100000,0.049272,0.000000
2,696.100000,0.059847,0.000000
3,696.100000,0.049293,0.000000
4,696.100000,0.042553,0.000000
5,696.100000,0.014547,0.000000
6,696.100000,0.049300,0.000000
7,696.100000,0.059833,0.000000
8,696.100000,0.059833,0.000000
9,696.100000,0.080385,0.000000
0,697.100000,0.059833,0.000000
1,697.100000,0.049276,0.000000
2,697.100000,0.059847,0.000000
3,697.100000,0.049291,0.000000
4,697.100000,0.042553,0.000000
5,697.100000,0.014544,0.000000
6,697.100000,0.049315,0.000000
7,697.100000,0.059833,0.000000
8,697.100000,0.059833,0.000000
9,697.100000,0.080386,0.000000
0,698.100000,0.059834,0.000000
1,698.100000,0.049283,0.000000
2,698.100000,0.059847,0.000000
3,698.100000,0.049283,0.000000
4,698.100000,0.042553,0.000000
5,698.100000,0.014540,0.000000
6,698.100000,0.049310,0.000000
7,698.100000,0.059833,0.000000
8,698.100000,0.059833,0.000000
9,698.100000,0.080385,0.000000
0,699.100000,0.059833,0.000000
1,699.100000,0.049273,0.000000
2,699.100000,0.059847,0.000000
3,699.100000,0.049291,0.000000
4,699.100000,0.042553,0.000000
5,699.100000,0.014537,0.000000
6,699.100000,0.049304,0.000000
7,699.100000,0.059833,0.000000
8,699.100000,0.059833,0.000000
9,699.100000,0.080385,0.000000
0,700.100000,0.080386,0.000000
1,700.100000,0.059833,0.000000
2,700.100000,0.080372,0.000000
3,700.100000,0.014562,0.000000
4,700.100000,0.059843,0.000000
5,700.100000,0.042553,0.000000
6,700.100000,0.042553,0.000000
7,700.100000,0.049280,0.000000
8,700.100000,0.049271,0.000000
9,700.100000,0.014551,0.000000
0,701.100000,0.080386,0.000000
1,701.100000,0.059833,0.000000
2,701.100000,0.080371,0.000000
3,701.100000,0.014576,0.000000
4,701.100000,0.059840,0.000000
5,701.100000,0.042553,0.000000
6,701.100000,0.042553,0.000000
7,701.100000,0.049280,0.000000
8,701.100000,0.049287,0.000000
9,701.100000,0.014566,0.000000
0,702.100000,0.080386,0.000000
1,702.100000,0.059833,0.000000
2,702.100000,0.080373,0.000000
3,702.100000,0.014566,0.000000
4,702.100000,0.059840,0.000000
5,702.100000,0.042553,0.000000
6,702.100000,0.042553,0.000000
7,702.100000,0.049270,0.000000
8,702.100000,0.049286,0.000000
9,702.100000,0.014559,0.000000
0,703.100000,0.080386,0.000000
1,703.100000,0.059834,0.000000
2,703.100000,0.080379,0.000000
3,703.100000,0.014563,0.000000
4,703.100000,0.059840,0.000000
5,703.100000,0.042553,0.000000
6,703.100000,0.042553,0.000000
7,703.100000,0.049276,0.000000
8,703.100000,0.049279,0.000000
9,703.100000,0.014561,0.000000
0,704.100000,0.080385,0.000000
1,704.100000,0.059833,0.000000
2,704.100000,0.080417,0.000000
3,704.100000,0.014571,0.000000
4,704.100000,0.059839,0.000000
5,704.100000,0.042553,0.000000
6,704.100000,0.042553,0.000000
7,704.100000,0.049290,0.000000
8,704.100000,0.049280,0.000000
9,704.100000,0.014570,0.000000
0,705.100000,0.080385,0.000000
1,705.100000,0.059833,0.000000
2,705.100000,0.080493,0.000000
3,705.100000,0.014565,0.000000
4,705.100000,0.059839,0.000000
5,705.100000,0.042553,0.000000
6,705.100000,0.042553,0.000000
7,705.100000,0.049287,0.000000
8,705.100000,0.049277,0.000000
9,705.100000,0.014566,0.000000
0,706.100000,0.080386,0.000000
1,706.100000,0.059833,0.000000
2,706.100000,0.080385,0.000000
3,706.100000,0.014578,0.000000
4,706.100000,0.059839,0.000000
5,706.100000,0.042553,0.000000
6,706.100000,0.042553,0.000000
7,706.100000,0.049279,0.000000
8,706.100000,0.049287,0.000000
9,706.100000,0.014568,0.000000
0,707.100000,0.080386,0.000000
1,707.100000,0.059833,0.000000
2,707.100000,0.080386,0.000000
3,707.100000,0.014574,0.000000
4,707.100000,0.059839,0.000000
5,707.100000,0.042553,0.000000
6,707.100000,0.042553,0.000000
7,707.100000,0.049295,0.000000
8,707.100000,0.049284,0.000000
9,707.100000,0.014578,0.000000
0,708.100000,0.080385,0.000000
1,708.100000,0.059833,0.000000
2,708.100000,0.080386,0.000000
3,708.100000,0.014576,0.000000
4,708.100000,0.059815,0.000000
5,708.100000,0.042553,0.000000
6,708.100000,0.042553,0.000000
7,708.100000,0.049302,0.000000
8,708.100000,0.049285,0.000000
9,708.100000,0.014590,0.000000
0,709.100000,0.080385,0.000000
1,709.100000,0.059833,0.000000
2,709.100000,0.080386,0.000000
3,709.100000,0.014567,0.000000
4,709.100000,0.059812,0.000000
5,709.100000,0.042553,0.000000
6,709.100000,0.042553,0.000000
7,709.100000,0.049285,0.000000
8,709.100000,0.049277,0.000000
9,709.100000,0.014587,0.000000
0,710.100000,0.014560,0.000000
1,710.100000,0.080385,0.000000
2,710.100000,0.049272,0.000000
3,710.100000,0.042553,0.000000
4,710.100000,0.080611,0.000000
5,710.100000,0.059840,0.000000
6,710.100000,0.080386,0.000000
7,710.100000,0.042553,0.000000
8,710.100000,0.042553,0.000000
9,710.100000,0.059833,0.000000
0,711.100000,0.014550,0.000000
1,711.100000,0.080386,0.000000
2,711.100000,0.049283,0.000000
3,711.100000,0.042553,0.000000
4,711.100000,0.080493,0.000000
5,711.100000,0.059840,0.000000
6,711.100000,0.080385,0.000000
7,711.100000,0.042553,0.000000
8,711.100000,0.042553,0.000000
9,711.100000,0.059833,0.000000
0,712.100000,0.014585,0.000000
1,712.100000,0.080385,0.000000
2,712.100000,0.049281,0.000000
3,712.100000,0.042553,0.000000
4,712.100000,0.080445,0.000000
5,712.100000,0.059840,0.000000
6,712.100000,0.080386,0.000000
7,712.100000,0.042553,0.000000
8,712.100000,0.042553,0.000000
9,712.100000,0.059833,0.000000
0,713.100000,0.014580,0.000000
1,713.100000,0.080385,0.000000
2,713.100000,0.049281,0.000000
3,713.100000,0.042553,0.000000
4,713.100000,0.080433,0.000000
5,713.100000,0.059840,0.000000
6,713.100000,0.080387,0.000000
7,713.100000,0.042553,0.000000
8,713.100000,0.042553,0.000000
9,713.100000,0.059833,0.000000
0,714.100000,0.014547,0.000000
1,714.100000,0.080386,0.000000
2,714.100000,0.049283,0.000000
3,714.100000,0.042553,0.000000
4,714.100000,0.080443,0.000000
5,714.100000,0.059840,0.000000
6,714.100000,0.080385,0.000000
7,714.100000,0.042553,0.000000
8,714.100000,0.042553,0.000000
9,714.100000,0.059833,0.000000
0,715.100000,0.014538,0.000000
1,715.100000,0.080387,0.000000
2,715.100000,0.049286,0.000000
3,715.100000,0.042553,0.000000
4,715.100000,0.080502,0.000000
5,715.100000,0.059840,0.000000
6,715.100000,0.080387,0.000000
7,715.100000,0.042553,0.000000
8,715.100000,0.042553,0.000000
9,715.100000,0.059833,0.000000
0,716.100000,0.014561,0.000000
1,716.100000,0.080384,0.000000
2,716.100000,0.049282,0.000000
3,716.100000,0.042553,0.000000
4,716.100000,0.081055,0.000000
5,716.100000,0.059840,0.000000
6,716.100000,0.080385,0.000000
7,716.100000,0.042553,0.000000
8,716.100000,0.042553,0.000000
9,716.100000,0.059833,0.000000
0,717.100000,0.014570,0.000000
1,717.100000,0.080386,0.000000
2,717.100000,0.049289,0.000000
3,717.100000,0.042553,0.000000
4,717.100000,0.084661,0.000000
5,717.100000,0.059841,0.000000
6,717.100000,0.080386,0.000000
7,717.100000,0.042553,0.000000
8,717.100000,0.042553,0.000000
9,717.100000,0.059833,0.000000
0,718.100000,0.014572,0.000000
1,718.100000,0.080387,0.000000
2,718.100000,0.049289,0.000000
3,718.100000,0.042553,0.000000
4,718.100000,0.080385,0.000000
5,718.100000,0.059850,0.000000
6,718.100000,0.080386,0.000000
7,718.100000,0.042553,0.000000
8,718.100000,0.042553,0.000000
9,718.100000,0.059833,0.000000
0,719.100000,0.014578,0.000000
1,719.100000,0.080384,0.000000
2,719.100000,0.049288,0.000000
3,719.100000,0.042553,0.000000
4,719.100000,0.080386,0.000000
5,719.100000,0.059847,0.000000
6,719.100000,0.080386,0.000000
7,719.100000,0.042553,0.000000
8,719.100000,0.042553,0.000000
9,719.100000,0.059833,0.000000
0,720.100000,0.042553,0.000000
1,720.100000,0.014559,0.000000
2,720.100000,0.014559,0.000000
3,720.100000,0.059833,0.000000
4,720.100000,0.049279,0.000000
5,720.100000,0.369907,0.000000
6,720.100000,0.014594,0.000000
7,720.100000,0.080385,0.000000
8,720.100000,0.080385,0.000000
9,720.100000,0.049295,0.000000
0,721.100000,0.042553,0.000000
1,721.100000,0.014577,0.000000
2,721.100000,0.014555,0.000000
3,721.100000,0.059833,0.000000
4,721.100000,0.049278,0.000000
5,721.100000,0.254078,0.000000
6,721.100000,0.014589,0.000000
7,721.100000,0.080386,0.000000
8,721.100000,0.080386,0.000000
9,721.100000,0.049299,0.000000
0,722.100000,0.042553,0.000000
1,722.100000,0.014565,0.000000
2,722.100000,0.014558,0.000000
3,722.100000,0.059833,0.000000
4,722.100000,0.049287,0.000000
5,722.100000,0.185401,0.000000
6,722.100000,0.014567,0.000000
7,722.100000,0.080386,0.000000
8,722.100000,0.080385,0.000000
9,722.100000,0.049286,0.000000
0,723.100000,0.042553,0.000000
1,723.100000,0.014554,0.000000
2,723.100000,0.014566,0.000000
3,723.100000,0.059833,0.000000
4,723.100000,0.049288,0.000000
5,723.100000,0.142484,0.000000
6,723.100000,0.014553,0.000000
7,723.100000,0.080386,0.000000
8,723.100000,0.080387,0.000000
9,723.100000,0.049280,0.000000
0,724.100000,0.042553,0.000000
1,724.100000,0.014563,0.000000
2,724.100000,0.014574,0.000000
3,724.100000,0.059834,0.000000
4,724.100000,0.049275,0.000000
5,724.100000,0.111972,0.000000
6,724.100000,0.014582,0.000000
7,724.100000,0.080386,0.000000
8,724.100000,0.080385,0.000000
9,724.100000,0.049289,0.000000
0,725.100000,0.042553,0.000000
1,725.100000,0.014562,0.000000
2,725.100000,0.014575,0.000000
3,725.100000,0.059833,0.000000
4,725.100000,0.049281,0.000000
5,725.100000,0.088609,0.000000
6,725.100000,0.014580,0.000000
7,725.100000,0.080385,0.000000
8,725.100000,0.080386,0.000000
9,725.100000,0.049287,0.000000
0,726.100000,0.042553,0.000000
1,726.100000,0.014558,0.000000
2,726.100000,0.014571,0.000000
3,726.100000,0.059833,0.000000
4,726.100000,0.049283,0.000000
5,726.100000,0.070506,0.000000
6,726.100000,0.014562,0.000000
7,726.100000,0.080386,0.000000
8,726.100000,0.080385,0.000000
9,726.100000,0.049309,0.000000
0,727.100000,0.042553,0.000000
1,727.100000,0.014560,0.000000
2,727.100000,0.014585,0.000000
3,727.100000,0.059833,0.000000
4,727.100000,0.049277,0.000000
5,727.100000,0.058049,0.000000
6,727.100000,0.014584,0.000000
7,727.100000,0.080386,0.000000
8,727.100000,0.080386,0.000000
9,727.100000,0.049294,0.000000
0,728.100000,0.042553,0.000000
1,728.100000,0.014570,0.000000
2,728.100000,0.014574,0.000000
3,728.100000,0.059833,0.000000
4,728.100000,0.049289,0.000000
5,728.100000,0.621334,0.000000
6,728.100000,0.014575,0.000000
7,728.100000,0.080386,0.000000
8,728.100000,0.080385,0.000000
9,728.100000,0.049314,0.000000
0,729.100000,0.042553,0.000000
1,729.100000,0.014568,0.000000
2,729.100000,0.014556,0.000000
3,729.100000,0.059833,0.000000
4,729.100000,0.049291,0.000000
5,729.100000,0.049281,0.000000
6,729.100000,0.014576,0.000000
7,729.100000,0.080386,0.000000
8,729.100000,0.080385,0.000000
9,729.100000,0.049311,0.000000
0,730.100000,0.049289,0.000000
1,730.100000,0.042553,0.000000
2,730.100000,0.042553,0.000000
3,730.100000,0.080386,0.000000
4,730.100000,0.014570,0.000000
5,730.100000,0.080385,0.000000
6,730.100000,0.059833,0.000000
7,730.100000,0.014591,0.000000
8,730.100000,0.014561,0.000000
9,730.100000,0.042553,0.000000
0,731.100000,0.049277,0.000000
1,731.100000,0.042554,0.000000
2,731.100000,0.042553,0.000000
3,731.100000,0.080385,0.000000
4,731.100000,0.014566,0.000000
5,731.100000,0.080386,0.000000
6,731.100000,0.059833,0.000000
7,731.100000,0.014563,0.000000
8,731.100000,0.014561,0.000000
9,731.100000,0.042553,0.000000
0,732.100000,0.049290,0.000000
1,732.100000,0.042553,0.000000
2,732.100000,0.042553,0.000000
3,732.100000,0.080386,0.000000
4,732.100000,0.014542,0.000000
5,732.100000,0.080386,0.000000
6,732.100000,0.059834,0.000000
7,732.100000,0.014560,0.000000
8,732.100000,0.014564,0.000000
9,732.100000,0.042554,0.000000
0,733.100000,0.049291,0.000000
1,733.100000,0.042553,0.000000
2,733.100000,0.042553,0.000000
3,733.100000,0.080386,0.000000
4,733.100000,0.014539,0.000000
5,733.100000,0.080386,0.000000
6,733.100000,0.059833,0.000000
7,733.100000,0.014558,0.000000
8,733.100000,0.014571,0.000000
9,733.100000,0.042553,0.000000
0,734.100000,0.049283,0.000000
1,734.100000,0.042553,0.000000
2,734.100000,0.042553,0.000000
3,734.100000,0.080385,0.000000
4,734.100000,0.014536,0.000000
5,734.100000,0.080386,0.000000
6,734.100000,0.059834,0.000000
7,734.100000,0.014557,0.000000
8,734.100000,0.014564,0.000000
9,734.100000,0.042553,0.000000
0,735.100000,0.049274,0.000000
1,735.100000,0.042553,0.000000
2,735.100000,0.042553,0.000000
3,735.100000,0.080385,0.000000
4,735.100000,0.014553,0.000000
5,735.100000,0.080386,0.000000
6,735.100000,0.059833,0.000000
7,735.100000,0.014564,0.000000
8,735.100000,0.014554,0.000000
9,735.100000,0.042553,0.000000
0,736.100000,0.049278,0.000000
1,736.100000,0.042553,0.000000
2,736.100000,0.042553,0.000000
3,736.100000,0.080385,0.000000
4,736.100000,0.014570,0.000000
5,736.100000,0.080385,0.000000
6,736.100000,0.059833,0.000000
7,736.100000,0.014583,0.000000
8,736.100000,0.014560,0.000000
9,736.100000,0.042553,0.000000
0,737.100000,0.049275,0.000000
1,737.100000,0.042553,0.000000
2,737.100000,0.042553,0.000000
3,737.100000,0.080386,0.000000
4,737.100000,0.014575,0.000000
5,737.100000,0.080385,0.000000
6,737.100000,0.059833,0.000000
7,737.100000,0.014572,0.000000
8,737.100000,0.014551,0.000000
9,737.100000,0.042553,0.000000
0,738.100000,0.049290,0.000000
1,738.100000,0.042553,0.000000
2,738.100000,0.042553,0.000000
3,738.100000,0.080386,0.000000
4,738.100000,0.014566,0.000000
5,738.100000,0.080386,0.000000
6,738.100000,0.059833,0.000000
7,738.100000,0.014576,0.000000
8,738.100000,0.014556,0.000000
9,738.100000,0.042553,0.000000
0,739.100000,0.049286,0.000000
1,739.100000,0.042553,0.000000
2,739.100000,0.042554,0.000000
3,739.100000,0.080385,0.000000
4,739.100000,0.014580,0.000000
5,739.100000,0.080386,0.000000
6,739.100000,0.059833,0.000000
7,739.100000,0.014582,0.000000
8,739.100000,0.014579,0.000000
9,739.100000,0.042553,0.000000
0,740.100000,0.059833,0.000000
1,740.100000,0.059833,0.000000
2,740.100000,0.059833,0.000000
3,740.100000,0.049290,0.000000
4,740.100000,0.042553,0.000000
5,740.100000,0.014586,0.000000
6,740.100000,0.049272,0.000000
7,740.100000,0.059833,0.000000
8,740.100000,0.059833,0.000000
9,740.100000,0.042553,0.000000
0,741.100000,0.059833,0.000000
1,741.100000,0.059833,0.000000
2,741.100000,0.059833,0.000000
3,741.100000,0.049285,0.000000
4,741.100000,0.042553,0.000000
5,741.100000,0.014570,0.000000
6,741.100000,0.049276,0.000000
7,741.100000,0.059833,0.000000
8,741.100000,0.059833,0.000000
9,741.100000,0.042553,0.000000
0,742.100000,0.059833,0.000000
1,742.100000,0.059833,0.000000
2,742.100000,0.059833,0.000000
3,742.100000,0.049284,0.000000
4,742.100000,0.042553,0.000000
5,742.100000,0.014572,0.000000
6,742.100000,0.049282,0.000000
7,742.100000,0.059833,0.000000
8,742.100000,0.059833,0.000000
9,742.100000,0.042553,0.000000
0,743.100000,0.059833,0.000000
1,743.100000,0.059833,0.000000
2,743.100000,0.059833,0.000000
3,743.100000,0.049283,0.000000
4,743.100000,0.042553,0.000000
5,743.100000,0.014567,0.000000
6,743.100000,0.049274,0.000000
7,743.100000,0.059833,0.000000
8,743.100000,0.059833,0.000000
9,743.100000,0.042553,0.000000
0,744.100000,0.059833,0.000000
1,744.100000,0.059834,0.000000
2,744.100000,0.059833,0.000000
3,744.100000,0.049286,0.000000
4,744.100000,0.042553,0.000000
5,744.100000,0.014575,0.000000
6,744.100000,0.049288,0.000000
7,744.100000,0.059833,0.000000
8,744.100000,0.059833,0.000000
9,744.100000,0.042553,0.000000
0,745.100000,0.059833,0.000000
1,745.100000,0.059833,0.000000
2,745.100000,0.059834,0.000000
3,745.100000,0.049284,0.000000
4,745.100000,0.042553,0.000000
5,745.100000,0.014585,0.000000
6,745.100000,0.049281,0.000000
7,745.100000,0.059833,0.000000
8,745.100000,0.059833,0.000000
9,745.100000,0.042553,0.000000
0,746.100000,0.059833,0.000000
1,746.100000,0.059833,0.000000
2,746.100000,0.059833,0.000000
3,746.100000,0.049290,0.000000
4,746.100000,0.042553,0.000000
5,746.100000,0.014572,0.000000
6,746.100000,0.049281,0.000000
7,746.100000,0.059833,0.000000
8,746.100000,0.059833,0.000000
9,746.100000,0.042553,0.000000
0,747.100000,0.059833,0.000000
1,747.100000,0.059833,0.000000
2,747.100000,0.059833,0.000000
3,747.100000,0.049289,0.000000
4,747.100000,0.042553,0.000000
5,747.100000,0.014563,0.000000
6,747.100000,0.049283,0.000000
7,747.100000,0.059833,0.000000
8,747.100000,0.059833,0.000000
9,747.100000,0.042553,0.000000
0,748.100000,0.059833,0.000000
1,748.100000,0.059833,0.000000
2,748.100000,0.059833,0.000000
3,748.100000,0.049289,0.000000
4,748.100000,0.042553,0.000000
5,748.100000,0.014591,0.000000
6,748.100000,0.049279,0.000000
7,748.100000,0.059833,0.000000
8,748.100000,0.059833,0.000000
9,748.100000,0.042553,0.000000
0,749.100000,0.059833,0.000000
1,749.100000,0.059833,0.000000
2,749.100000,0.059833,0.000000
3,749.100000,0.049289,0.000000
4,749.100000,0.042553,0.000000
5,749.100000,0.014589,0.000000
6,749.100000,0.049279,0.000000
7,749.100000,0.059833,0.000000
8,749.100000,0.059833,0.000000
9,749.100000,0.042553,0.000000
0,750.100000,0.080386,0.000000
1,750.100000,0.080385,0.000000
2,750.100000,0.080386,0.000000
3,750.100000,0.014563,0.000000
4,750.100000,0.059833,0.000000
5,750.100000,0.042553,0.000000
6,750.100000,0.042553,0.000000
7,750.100000,0.049282,0.000000
8,750.100000,0.049306,0.000000
9,750.100000,0.080385,0.000000
0,751.100000,0.080385,0.000000
1,751.100000,0.080387,0.000000
2,751.100000,0.080385,0.000000
3,751.100000,0.014552,0.000000
4,751.100000,0.059833,0.000000
5,751.100000,0.042553,0.000000
6,751.100000,0.042553,0.000000
7,751.100000,0.049279,0.000000
8,751.100000,0.049302,0.000000
9,751.100000,0.080386,0.000000
0,752.100000,0.080386,0.000000
1,752.100000,0.080385,0.000000
2,752.100000,0.080386,0.000000
3,752.100000,0.014576,0.000000
4,752.100000,0.059833,0.000000
5,752.100000,0.042553,0.000000
6,752.100000,0.042553,0.000000
7,752.100000,0.049292,0.000000
8,752.100000,0.049289,0.000000
9,752.100000,0.080385,0.000000
0,753.100000,0.080386,0.000000
1,753.100000,0.080386,0.000000
2,753.100000,0.080386,0.000000
3,753.100000,0.014594,0.000000
4,753.100000,0.059833,0.000000
5,753.100000,0.042553,0.000000
6,753.100000,0.042553,0.000000
7,753.100000,0.049288,0.000000
8,753.100000,0.049298,0.000000
9,753.100000,0.080386,0.000000
0,754.100000,0.080385,0.000000
1,754.100000,0.080386,0.000000
2,754.100000,0.080386,0.000000
3,754.100000,0.014561,0.000000
4,754.100000,0.059833,0.000000
5,754.100000,0.042553,0.000000
6,754.100000,0.042553,0.000000
7,754.100000,0.049277,0.000000
8,754.100000,0.049290,0.000000
9,754.100000,0.080385,0.000000
0,755.100000,0.080386,0.000000
1,755.100000,0.080385,0.000000
2,755.100000,0.080386,0.000000
3,755.100000,0.014549,0.000000
4,755.100000,0.059833,0.000000
5,755.100000,0.042553,0.000000
6,755.100000,0.042553,0.000000
7,755.100000,0.049288,0.000000
8,755.100000,0.049296,0.000000
9,755.100000,0.080387,0.000000
0,756.100000,0.080386,0.000000
1,756.100000,0.080386,0.000000
2,756.100000,0.080385,0.000000
3,756.100000,0.014547,0.000000
4,756.100000,0.059833,0.000000
5,756.100000,0.042553,0.000000
6,756.100000,0.042553,0.000000
7,756.100000,0.049284,0.000000
8,756.100000,0.049300,0.000000
9,756.100000,0.080386,0.000000
0,757.100000,0.080386,0.000000
1,757.100000,0.080386,0.000000
2,757.100000,0.080386,0.000000
3,757.100000,0.014560,0.000000
4,757.100000,0.059833,0.000000
5,757.100000,0.042553,0.000000
6,757.100000,0.042553,0.000000
7,757.100000,0.049281,0.000000
8,757.100000,0.049294,0.000000
9,757.100000,0.080385,0.000000
0,758.100000,0.080386,0.000000
1,758.100000,0.080386,0.000000
2,758.100000,0.080386,0.000000
3,758.100000,0.014574,0.000000
4,758.100000,0.059833,0.000000
5,758.100000,0.042553,0.000000
6,758.100000,0.042553,0.000000
7,758.100000,0.049282,0.000000
8,758.100000,0.049304,0.000000
9,758.100000,0.080386,0.000000
0,759.100000,0.080386,0.000000
1,759.100000,0.080386,0.000000
2,759.100000,0.080386,0.000000
3,759.100000,0.014568,0.000000
4,759.100000,0.059833,0.000000
5,759.100000,0.042553,0.000000
6,759.100000,0.042553,0.000000
7,759.100000,0.049284,0.000000
8,759.100000,0.049294,0.000000
9,759.100000,0.080385,0.000000
0,760.100000,0.014576,0.000000
1,760.100000,0.014590,0.000000
2,760.100000,0.049279,0.000000
3,760.100000,0.042553,0.000000
4,760.100000,0.080385,0.000000
5,760.100000,0.059833,0.000000
6,760.100000,0.080386,0.000000
7,760.100000,0.042553,0.000000
8,760.100000,0.042553,0.000000
9,760.100000,0.014563,0.000000
0,761.100000,0.014571,0.000000
1,761.100000,0.014576,0.000000
2,761.100000,0.049270,0.000000
3,761.100000,0.042553,0.000000
4,761.100000,0.080387,0.000000
5,761.100000,0.059833,0.000000
6,761.100000,0.080386,0.000000
7,761.100000,0.042553,0.000000
8,761.100000,0.042553,0.000000
9,761.100000,0.014569,0.000000
0,762.100000,0.014580,0.000000
1,762.100000,0.014570,0.000000
2,762.100000,0.049284,0.000000
3,762.100000,0.042553,0.000000
4,762.100000,0.080386,0.000000
5,762.100000,0.059833,0.000000
6,762.100000,0.080385,0.000000
7,762.100000,0.042553,0.000000
8,762.100000,0.042553,0.000000
9,762.100000,0.014575,0.000000
0,763.100000,0.014579,0.000000
1,763.100000,0.014572,0.000000
2,763.100000,0.049279,0.000000
3,763.100000,0.042553,0.000000
4,763.100000,0.080386,0.000000
5,763.100000,0.059833,0.000000
6,763.100000,0.080386,0.000000
7,763.100000,0.042553,0.000000
8,763.100000,0.042553,0.000000
9,763.100000,0.014578,0.000000
0,764.100000,0.014570,0.000000
1,764.100000,0.014571,0.000000
2,764.100000,0.049283,0.000000
3,764.100000,0.042553,0.000000
4,764.100000,0.080385,0.000000
5,764.100000,0.059833,0.000000
6,764.100000,0.080385,0.000000
7,764.100000,0.042553,0.000000
8,764.100000,0.042553,0.000000
9,764.100000,0.014576,0.000000
0,765.100000,0.014565,0.000000
1,765.100000,0.014569,0.000000
2,765.100000,0.049282,0.000000
3,765.100000,0.042553,0.000000
4,765.100000,0.080386,0.000000
5,765.100000,0.059833,0.000000
6,765.100000,0.080386,0.000000
7,765.100000,0.042553,0.000000
8,765.100000,0.042553,0.000000
9,765.100000,0.014567,0.000000
0,766.100000,0.014566,0.000000
1,766.100000,0.014561,0.000000
2,766.100000,0.049281,0.000000
3,766.100000,0.042553,0.000000
4,766.100000,0.080386,0.000000
5,766.100000,0.059833,0.000000
6,766.100000,0.080384,0.000000
7,766.100000,0.042553,0.000000
8,766.100000,0.042553,0.000000
9,766.100000,0.014561,0.000000
0,767.100000,0.014562,0.000000
1,767.100000,0.014565,0.000000
2,767.100000,0.049282,0.000000
3,767.100000,0.042553,0.000000
4,767.100000,0.080387,0.000000
5,767.100000,0.059833,0.000000
6,767.100000,0.080387,0.000000
7,767.100000,0.042553,0.000000
8,767.100000,0.042553,0.000000
9,767.100000,0.014573,0.000000
0,768.100000,0.014571,0.000000
1,768.100000,0.014572,0.000000
2,768.100000,0.049281,0.000000
3,768.100000,0.042553,0.000000
4,768.100000,0.080385,0.000000
5,768.100000,0.059833,0.000000
6,768.100000,0.080385,0.000000
7,768.100000,0.042553,0.000000
8,768.100000,0.042553,0.000000
9,768.100000,0.014572,0.000000
0,769.100000,0.014571,0.000000
1,769.100000,0.014568,0.000000
2,769.100000,0.049279,0.000000
3,769.100000,0.042553,0.000000
4,769.100000,0.080385,0.000000
5,769.100000,0.059833,0.000000
6,769.100000,0.080386,0.000000
7,769.100000,0.042553,0.000000
8,769.100000,0.042553,0.000000
9,769.100000,0.014596,0.000000
0,770.100000,0.042553,0.000000
1,770.100000,0.049298,0.000000
2,770.100000,0.014563,0.000000
3,770.100000,0.059833,0.000000
4,770.100000,0.049288,0.000000
5,770.100000,0.014583,0.000000
6,770.100000,0.014563,0.000000
7,770.100000,0.042554,0.000000
8,770.100000,0.014574,0.000000
9,770.100000,0.059833,0.000000
0,771.100000,0.042553,0.000000
1,771.100000,0.049301,0.000000
2,771.100000,0.014562,0.000000
3,771.100000,0.059833,0.000000
4,771.100000,0.049289,0.000000
5,771.100000,0.014579,0.000000
6,771.100000,0.014551,0.000000
7,771.100000,0.042554,0.000000
8,771.100000,0.014563,0.000000
9,771.100000,0.059833,0.000000
0,772.100000,0.042553,0.000000
1,772.100000,0.049296,0.000000
2,772.100000,0.014565,0.000000
3,772.100000,0.059833,0.000000
4,772.100000,0.049285,0.000000
5,772.100000,0.014578,0.000000
6,772.100000,0.014547,0.000000
7,772.100000,0.042554,0.000000
8,772.100000,0.014565,0.000000
9,772.100000,0.059833,0.000000
0,773.100000,0.042553,0.000000
1,773.100000,0.049288,0.000000
2,773.100000,0.014572,0.000000
3,773.100000,0.059833,0.000000
4,773.100000,0.049285,0.000000
5,773.100000,0.014580,0.000000
6,773.100000,0.014552,0.000000
7,773.100000,0.042554,0.000000
8,773.100000,0.014603,0.000000
9,773.100000,0.059833,0.000000
0,774.100000,0.042553,0.000000
1,774.100000,0.049301,0.000000
2,774.100000,0.014569,0.000000
3,774.100000,0.059833,0.000000
4,774.100000,0.049282,0.000000
5,774.100000,0.014569,0.000000
6,774.100000,0.014569,0.000000
7,774.100000,0.042554,0.000000
8,774.100000,0.014599,0.000000
9,774.100000,0.059833,0.000000
0,775.100000,0.042553,0.000000
1,775.100000,0.049295,0.000000
2,775.100000,0.014558,0.000000
3,775.100000,0.059833,0.000000
4,775.100000,0.049275,0.000000
5,775.100000,0.014566,0.000000
6,775.100000,0.014598,0.000000
7,775.100000,0.042554,0.000000
8,775.100000,0.014558,0.000000
9,775.100000,0.059833,0.000000
0,776.100000,0.042553,0.000000
1,776.100000,0.049290,0.000000
2,776.100000,0.014565,0.000000
3,776.100000,0.059833,0.000000
4,776.100000,0.049303,0.000000
5,776.100000,0.014561,0.000000
6,776.100000,0.014605,0.000000
7,776.100000,0.042554,0.000000
8,776.100000,0.014547,0.000000
9,776.100000,0.059834,0.000000
0,777.100000,0.042553,0.000000
1,777.100000,0.049282,0.000000
2,777.100000,0.014577,0.000000
3,777.100000,0.059833,0.000000
4,777.100000,0.049295,0.000000
5,777.100000,0.014558,0.000000
6,777.100000,0.014529,0.000000
7,777.100000,0.042554,0.000000
8,777.100000,0.014563,0.000000
9,777.100000,0.059833,0.000000
0,778.100000,0.042553,0.000000
1,778.100000,0.049284,0.000000
2,778.100000,0.014579,0.000000
3,778.100000,0.059833,0.000000
4,778.100000,0.049285,0.000000
5,778.100000,0.014550,0.000000
6,778.100000,0.014529,0.000000
7,778.100000,0.042554,0.000000
8,778.100000,0.014568,0.000000
9,778.100000,0.059833,0.000000
0,779.100000,0.042553,0.000000
1,779.100000,0.049286,0.000000
2,779.100000,0.014571,0.000000
3,779.100000,0.059833,0.000000
4,779.100000,0.049276,0.000000
5,779.100000,0.014559,0.000000
6,779.100000,0.014545,0.000000
7,779.100000,0.042554,0.000000
8,779.100000,0.014583,0.000000
9,779.100000,0.059833,0.000000
0,780.100000,0.049291,0.000000
1,780.100000,0.042553,0.000000
2,780.100000,0.042553,0.000000
3,780.100000,0.080387,0.000000
4,780.100000,0.014581,0.000000
5,780.100000,0.042553,0.000000
6,780.100000,0.059832,0.000000
7,780.100000,0.080379,0.000000
8,780.100000,0.080386,0.000000
9,780.100000,0.049278,0.000000
0,781.100000,0.049299,0.000000
1,781.100000,0.042553,0.000000
2,781.100000,0.042553,0.000000
3,781.100000,0.080385,0.000000
4,781.100000,0.014593,0.000000
5,781.100000,0.042553,0.000000
6,781.100000,0.059832,0.000000
7,781.100000,0.080383,0.000000
8,781.100000,0.080386,0.000000
9,781.100000,0.049291,0.000000
0,782.100000,0.049299,0.000000
1,782.100000,0.042553,0.000000
2,782.100000,0.042553,0.000000
3,782.100000,0.080386,0.000000
4,782.100000,0.014571,0.000000
5,782.100000,0.042553,0.000000
6,782.100000,0.059830,0.000000
7,782.100000,0.080379,0.000000
8,782.100000,0.080385,0.000000
9,782.100000,0.049293,0.000000
0,783.100000,0.049289,0.000000
1,783.100000,0.042553,0.000000
2,783.100000,0.042553,0.000000
3,783.100000,0.080385,0.000000
4,783.100000,0.014568,0.000000
5,783.100000,0.042553,0.000000
6,783.100000,0.059831,0.000000
7,783.100000,0.080386,0.000000
8,783.100000,0.080386,0.000000
9,783.100000,0.049283,0.000000
0,784.100000,0.049289,0.000000
1,784.100000,0.042553,0.000000
2,784.100000,0.042553,0.000000
3,784.100000,0.080386,0.000000
4,784.100000,0.014562,0.000000
5,784.100000,0.042553,0.000000
6,784.100000,0.059832,0.000000
7,784.100000,0.080383,0.000000
8,784.100000,0.080386,0.000000
9,784.100000,0.049298,0.000000
0,785.100000,0.049288,0.000000
1,785.100000,0.042553,0.000000
2,785.100000,0.042553,0.000000
3,785.100000,0.080386,0.000000
4,785.100000,0.014570,0.000000
5,785.100000,0.042553,0.000000
6,785.100000,0.059833,0.000000
7,785.100000,0.080372,0.000000
8,785.100000,0.080386,0.000000
9,785.100000,0.049288,0.000000
0,786.100000,0.049284,0.000000
1,786.100000,0.042553,0.000000
2,786.100000,0.042553,0.000000
3,786.100000,0.080385,0.000000
4,786.100000,0.014567,0.000000
5,786.100000,0.042553,0.000000
6,786.100000,0.059834,0.000000
7,786.100000,0.080373,0.000000
8,786.100000,0.080385,0.000000
9,786.100000,0.049278,0.000000
0,787.100000,0.049294,0.000000
1,787.100000,0.042553,0.000000
2,787.100000,0.042553,0.000000
3,787.100000,0.080386,0.000000
4,787.100000,0.014583,0.000000
5,787.100000,0.042553,0.000000
6,787.100000,0.059835,0.000000
7,787.100000,0.080381,0.000000
8,787.100000,0.080386,0.000000
9,787.100000,0.049293,0.000000
0,788.100000,0.049289,0.000000
1,788.100000,0.042553,0.000000
2,788.100000,0.042553,0.000000
3,788.100000,0.080385,0.000000
4,788.100000,0.014580,0.000000
5,788.100000,0.042553,0.000000
6,788.100000,0.059842,0.000000
7,788.100000,0.080375,0.000000
8,788.100000,0.080386,0.000000
9,788.100000,0.049288,0.000000
0,789.100000,0.049291,0.000000
1,789.100000,0.042553,0.000000
2,789.100000,0.042553,0.000000
3,789.100000,0.080386,0.000000
4,789.100000,0.014564,0.000000
5,789.100000,0.042553,0.000000
6,789.100000,0.059866,0.000000
7,789.100000,0.080383,0.000000
8,789.100000,0.080386,0.000000
9,789.100000,0.049290,0.000000
0,790.100000,0.059833,0.000000
1,790.100000,0.059833,0.000000
2,790.100000,0.059833,0.000000
3,790.100000,0.049286,0.000000
4,790.100000,0.042553,0.000000
5,790.100000,0.049297,0.000000
6,790.100000,0.621312,0.000000
7,790.100000,0.015031,0.000000
8,790.100000,0.014570,0.000000
9,790.100000,0.042553,0.000000
0,791.100000,0.059833,0.000000
1,791.100000,0.059833,0.000000
2,791.100000,0.059833,0.000000
3,791.100000,0.049277,0.000000
4,791.100000,0.042553,0.000000
5,791.100000,0.049288,0.000000
6,791.100000,0.621309,0.000000
7,791.100000,0.015037,0.000000
8,791.100000,0.014568,0.000000
9,791.100000,0.042553,0.000000
0,792.100000,0.059833,0.000000
1,792.100000,0.059833,0.000000
2,792.100000,0.059833,0.000000
3,792.100000,0.049276,0.000000
4,792.100000,0.042553,0.000000
5,792.100000,0.049276,0.000000
6,792.100000,0.621311,0.000000
7,792.100000,0.015059,0.000000
8,792.100000,0.014571,0.000000
9,792.100000,0.042553,0.000000
0,793.100000,0.059833,0.000000
1,793.100000,0.059833,0.000000
2,793.100000,0.059833,0.000000
3,793.100000,0.049296,0.000000
4,793.100000,0.042553,0.000000
5,793.100000,0.049270,0.000000
6,793.100000,0.621328,0.000000
7,793.100000,0.015209,0.000000
8,793.100000,0.014566,0.000000
9,793.100000,0.042553,0.000000
0,794.100000,0.059833,0.000000
1,794.100000,0.059833,0.000000
2,794.100000,0.059833,0.000000
3,794.100000,0.049288,0.000000
4,794.100000,0.042553,0.000000
5,794.100000,0.049283,0.000000
6,794.100000,0.621327,0.000000
7,794.100000,0.015227,0.000000
8,794.100000,0.014565,0.000000
9,794.100000,0.042553,0.000000
0,795.100000,0.059833,0.000000
1,795.100000,0.059833,0.000000
2,795.100000,0.059833,0.000000
3,795.100000,0.049287,0.000000
4,795.100000,0.042553,0.000000
5,795.100000,0.049292,0.000000
6,795.100000,0.621324,0.000000
7,795.100000,0.015131,0.000000
8,795.100000,0.014566,0.000000
9,795.100000,0.042553,0.000000
0,796.100000,0.059833,0.000000
1,796.100000,0.059833,0.000000
2,796.100000,0.059834,0.000000
3,796.100000,0.049287,0.000000
4,796.100000,0.042553,0.000000
5,796.100000,0.049279,0.000000
6,796.100000,0.621329,0.000000
7,796.100000,0.015084,0.000000
8,796.100000,0.014566,0.000000
9,796.100000,0.042553,0.000000
0,797.100000,0.059833,0.000000
1,797.100000,0.059833,0.000000
2,797.100000,0.059833,0.000000
3,797.100000,0.049288,0.000000
4,797.100000,0.042553,0.000000
5,797.100000,0.049289,0.000000
6,797.100000,0.621334,0.000000
7,797.100000,0.015173,0.000000
8,797.100000,0.014583,0.000000
9,797.100000,0.042554,0.000000
0,798.100000,0.059833,0.000000
1,798.100000,0.059833,0.000000
2,798.100000,0.059833,0.000000
3,798.100000,0.049280,0.000000
4,798.100000,0.042553,0.000000
5,798.100000,0.049285,0.000000
6,798.100000,0.621337,0.000000
7,798.100000,0.015566,0.000000
8,798.100000,0.014587,0.000000
9,798.100000,0.042553,0.000000
0,799.100000,0.059833,0.000000
1,799.100000,0.059833,0.000000
2,799.100000,0.059833,0.000000
3,799.100000,0.049269,0.000000
4,799.100000,0.042553,0.000000
5,799.100000,0.049291,0.000000
6,799.100000,0.621338,0.000000
7,799.100000,0.015600,0.000000
8,799.100000,0.014568,0.000000
9,799.100000,0.042553,0.000000
0,800.100000,0.080386,0.000000
1,800.100000,0.014575,0.000000
2,800.100000,0.080386,0.000000
3,800.100000,0.014579,0.000000
4,800.100000,0.059833,0.000000
5,800.100000,0.080386,0.000000
6,800.100000,0.948161,0.000000
7,800.100000,0.059833,0.000000
8,800.100000,0.059833,0.000000
9,800.100000,0.080385,0.000000
0,801.100000,0.080385,0.000000
1,801.100000,0.014556,0.000000
2,801.100000,0.080385,0.000000
3,801.100000,0.014590,0.000000
4,801.100000,0.059833,0.000000
5,801.100000,0.080385,0.000000
6,801.100000,0.948163,0.000000
7,801.100000,0.059833,0.000000
8,801.100000,0.059833,0.000000
9,801.100000,0.080386,0.000000
0,802.100000,0.080385,0.000000
1,802.100000,0.014556,0.000000
2,802.100000,0.080386,0.000000
3,802.100000,0.014582,0.000000
4,802.100000,0.059833,0.000000
5,802.100000,0.080385,0.000000
6,802.100000,0.948164,0.000000
7,802.100000,0.059832,0.000000
8,802.100000,0.059833,0.000000
9,802.100000,0.080386,0.000000
0,803.100000,0.080386,0.000000
1,803.100000,0.014554,0.000000
2,803.100000,0.080386,0.000000
3,803.100000,0.014557,0.000000
4,803.100000,0.059833,0.000000
5,803.100000,0.080386,0.000000
6,803.100000,0.948166,0.000000
7,803.100000,0.059833,0.000000
8,803.100000,0.059833,0.000000
9,803.100000,0.080386,0.000000
0,804.100000,0.080386,0.000000
1,804.100000,0.014562,0.000000
2,804.100000,0.080385,0.000000
3,804.100000,0.014580,0.000000
4,804.100000,0.059833,0.000000
5,804.100000,0.080386,0.000000
6,804.100000,0.948159,0.000000
7,804.100000,0.059833,0.000000
8,804.100000,0.059833,0.000000
9,804.100000,0.080385,0.000000
0,805.100000,0.080385,0.000000
1,805.100000,0.014557,0.000000
2,805.100000,0.080385,0.000000
3,805.100000,0.014581,0.000000
4,805.100000,0.059833,0.000000
5,805.100000,0.080386,0.000000
6,805.100000,0.948160,0.000000
7,805.100000,0.059833,0.000000
8,805.100000,0.059833,0.000000
9,805.100000,0.080386,0.000000
0,806.100000,0.080386,0.000000
1,806.100000,0.014577,0.000000
2,806.100000,0.080386,0.000000
3,806.100000,0.014570,0.000000
4,806.100000,0.059833,0.000000
5,806.100000,0.080385,0.000000
6,806.100000,0.948184,0.000000
7,806.100000,0.059833,0.000000
8,806.100000,0.059833,0.000000
9,806.100000,0.080385,0.000000
0,807.100000,0.080385,0.000000
1,807.100000,0.014578,0.000000
2,807.100000,0.080386,0.000000
3,807.100000,0.014574,0.000000
4,807.100000,0.059833,0.000000
5,807.100000,0.080386,0.000000
6,807.100000,0.080367,0.000000
7,807.100000,0.059833,0.000000
8,807.100000,0.059833,0.000000
9,807.100000,0.080386,0.000000
0,808.100000,0.080385,0.000000
1,808.100000,0.014574,0.000000
2,808.100000,0.080385,0.000000
3,808.100000,0.014574,0.000000
4,808.100000,0.059833,0.000000
5,808.100000,0.080385,0.000000
6,808.100000,0.080375,0.000000
7,808.100000,0.059833,0.000000
8,808.100000,0.059833,0.000000
9,808.100000,0.080386,0.000000
0,809.100000,0.080386,0.000000
1,809.100000,0.014568,0.000000
2,809.100000,0.080386,0.000000
3,809.100000,0.014565,0.000000
4,809.100000,0.059833,0.000000
5,809.100000,0.080387,0.000000
6,809.100000,0.080375,0.000000
7,809.100000,0.059833,0.000000
8,809.100000,0.059833,0.000000
9,809.100000,0.080386,0.000000
0,810.100000,0.014584,0.000000
1,810.100000,0.080386,0.000000
2,810.100000,0.049310,0.000000
3,810.100000,0.042553,0.000000
4,810.100000,0.080390,0.000000
5,810.100000,0.014587,0.000000
6,810.100000,0.042553,0.000000
7,810.100000,0.621291,0.000000
8,810.100000,0.049294,0.000000
9,810.100000,0.014571,0.000000
0,811.100000,0.014565,0.000000
1,811.100000,0.080385,0.000000
2,811.100000,0.049323,0.000000
3,811.100000,0.042553,0.000000
4,811.100000,0.080388,0.000000
5,811.100000,0.014567,0.000000
6,811.100000,0.042553,0.000000
7,811.100000,0.621291,0.000000
8,811.100000,0.049285,0.000000
9,811.100000,0.014578,0.000000
0,812.100000,0.014567,0.000000
1,812.100000,0.080385,0.000000
2,812.100000,0.049326,0.000000
3,812.100000,0.042553,0.000000
4,812.100000,0.080387,0.000000
5,812.100000,0.014567,0.000000
6,812.100000,0.042553,0.000000
7,812.100000,0.621288,0.000000
8,812.100000,0.049291,0.000000
9,812.100000,0.014566,0.000000
0,813.100000,0.014586,0.000000
1,813.100000,0.080386,0.000000
2,813.100000,0.049318,0.000000
3,813.100000,0.042553,0.000000
4,813.100000,0.080388,0.000000
5,813.100000,0.014576,0.000000
6,813.100000,0.042553,0.000000
7,813.100000,0.621296,0.000000
8,813.100000,0.049289,0.000000
9,813.100000,0.014546,0.000000
0,814.100000,0.014572,0.000000
1,814.100000,0.080386,0.000000
2,814.100000,0.049320,0.000000
3,814.100000,0.042553,0.000000
4,814.100000,0.080388,0.000000
5,814.100000,0.014576,0.000000
6,814.100000,0.042553,0.000000
7,814.100000,0.621290,0.000000
8,814.100000,0.049282,0.000000
9,814.100000,0.014573,0.000000
0,815.100000,0.014559,0.000000
1,815.100000,0.080386,0.000000
2,815.100000,0.049341,0.000000
3,815.100000,0.042554,0.000000
4,815.100000,0.080388,0.000000
5,815.100000,0.014557,0.000000
6,815.100000,0.042553,0.000000
7,815.100000,0.621297,0.000000
8,815.100000,0.049299,0.000000
9,815.100000,0.014576,0.000000
0,816.100000,0.014562,0.000000
1,816.100000,0.080386,0.000000
2,816.100000,0.049387,0.000000
3,816.100000,0.042553,0.000000
4,816.100000,0.080389,0.000000
5,816.100000,0.014549,0.000000
6,816.100000,0.042553,0.000000
7,816.100000,0.621305,0.000000
8,816.100000,0.049289,0.000000
9,816.100000,0.014570,0.000000
0,817.100000,0.014590,0.000000
1,817.100000,0.087603,0.000000
2,817.100000,0.100431,0.000000
3,817.100000,0.042553,0.000000
4,817.100000,0.080387,0.000000
5,817.100000,0.014588,0.000000
6,817.100000,0.042553,0.000000
7,817.100000,0.621302,0.000000
8,817.100000,0.049282,0.000000
9,817.100000,0.014576,0.000000
0,818.100000,0.014587,0.000000
1,818.100000,0.080383,0.000000
2,818.100000,0.056887,0.000000
3,818.100000,0.042553,0.000000
4,818.100000,0.080386,0.000000
5,818.100000,0.014600,0.000000
6,818.100000,0.042553,0.000000
7,818.100000,0.621312,0.000000
8,818.100000,0.049283,0.000000
9,818.100000,0.014557,0.000000
0,819.100000,0.014561,0.000000
1,819.100000,0.080379,0.000000
2,819.100000,0.058936,0.000000
3,819.100000,0.042553,0.000000
4,819.100000,0.080395,0.000000
5,819.100000,0.014572,0.000000
6,819.100000,0.042553,0.000000
7,819.100000,0.621311,0.000000
8,819.100000,0.049277,0.000000
9,819.100000,0.014565,0.000000
0,820.100000,0.042553,0.000000
1,820.100000,0.128673,0.000000
2,820.100000,0.014524,0.000000
3,820.100000,0.059833,0.000000
4,820.100000,0.621143,0.000000
5,820.100000,0.042553,0.000000
6,820.100000,0.080370,0.000000
7,820.100000,0.844963,0.000000
8,820.100000,0.042553,0.000000
9,820.100000,0.059833,0.000000
0,821.100000,0.042553,0.000000
1,821.100000,0.119436,0.000000
2,821.100000,0.014524,0.000000
3,821.100000,0.059833,0.000000
4,821.100000,0.621161,0.000000
5,821.100000,0.042553,0.000000
6,821.100000,0.080370,0.000000
7,821.100000,0.844963,0.000000
8,821.100000,0.042553,0.000000
9,821.100000,0.059833,0.000000
0,822.100000,0.042553,0.000000
1,822.100000,0.111772,0.000000
2,822.100000,0.014524,0.000000
3,822.100000,0.059833,0.000000
4,822.100000,0.621186,0.000000
5,822.100000,0.042553,0.000000
6,822.100000,0.080370,0.000000
7,822.100000,0.844963,0.000000
8,822.100000,0.042553,0.000000
9,822.100000,0.059833,0.000000
0,823.100000,0.042554,0.000000
1,823.100000,0.107777,0.000000
2,823.100000,0.014536,0.000000
3,823.100000,0.059833,0.000000
4,823.100000,0.621226,0.000000
5,823.100000,0.042553,0.000000
6,823.100000,0.080369,0.000000
7,823.100000,0.844963,0.000000
8,823.100000,0.042553,0.000000
9,823.100000,0.059833,0.000000
0,824.100000,0.042553,0.000000
1,824.100000,0.108612,0.000000
2,824.100000,0.014570,0.000000
3,824.100000,0.059834,0.000000
4,824.100000,0.621228,0.000000
5,824.100000,0.042553,0.000000
6,824.100000,0.080369,0.000000
7,824.100000,0.844963,0.000000
8,824.100000,0.042553,0.000000
9,824.100000,0.059834,0.000000
0,825.100000,0.042553,0.000000
1,825.100000,0.105532,0.000000
2,825.100000,0.014612,0.000000
3,825.100000,0.059833,0.000000
4,825.100000,0.621249,0.000000
5,825.100000,0.042553,0.000000
6,825.100000,0.080369,0.000000
7,825.100000,0.844963,0.000000
8,825.100000,0.042553,0.000000
9,825.100000,0.059833,0.000000
0,826.100000,0.042553,0.000000
1,826.100000,0.097328,0.000000
2,826.100000,0.014667,0.000000
3,826.100000,0.059833,0.000000
4,826.100000,0.621247,0.000000
5,826.100000,0.042553,0.000000
6,826.100000,0.080369,0.000000
7,826.100000,0.844963,0.000000
8,826.100000,0.042553,0.000000
9,826.100000,0.059833,0.000000
0,827.100000,0.042553,0.000000
1,827.100000,0.049298,0.000000
2,827.100000,0.014685,0.000000
3,827.100000,0.059833,0.000000
4,827.100000,0.621254,0.000000
5,827.100000,0.042553,0.000000
6,827.100000,0.080369,0.000000
7,827.100000,0.844963,0.000000
8,827.100000,0.042553,0.000000
9,827.100000,0.059833,0.000000
0,828.100000,0.042553,0.000000
1,828.100000,0.049088,0.000000
2,828.100000,0.014765,0.000000
3,828.100000,0.059834,0.000000
4,828.100000,0.621286,0.000000
5,828.100000,0.042553,0.000000
6,828.100000,0.080368,0.000000
7,828.100000,0.844963,0.000000
8,828.100000,0.042553,0.000000
9,828.100000,0.059833,0.000000
0,829.100000,0.042553,0.000000
1,829.100000,0.049088,0.000000
2,829.100000,0.014814,0.000000
3,829.100000,0.059833,0.000000
4,829.100000,0.621285,0.000000
5,829.100000,0.042553,0.000000
6,829.100000,0.080368,0.000000
7,829.100000,0.844963,0.000000
8,829.100000,0.042553,0.000000
9,829.100000,0.059833,0.000000
0,830.100000,0.049280,0.000000
1,830.100000,0.042553,0.000000
2,830.100000,0.042554,0.000000
3,830.100000,0.059833,0.000000
4,830.100000,0.080887,0.000000
5,830.100000,0.059833,0.000000
6,830.100000,0.014535,0.000000
7,830.100000,0.948327,0.000000
8,830.100000,0.080387,0.000000
9,830.100000,0.049275,0.000000
0,831.100000,0.049277,0.000000
1,831.100000,0.042553,0.000000
2,831.100000,0.042554,0.000000
3,831.100000,0.059833,0.000000
4,831.100000,0.087631,0.000000
5,831.100000,0.059833,0.000000
6,831.100000,0.014532,0.000000
7,831.100000,0.948310,0.000000
8,831.100000,0.080385,0.000000
9,831.100000,0.049290,0.000000
0,832.100000,0.049295,0.000000
1,832.100000,0.042553,0.000000
2,832.100000,0.042554,0.000000
3,832.100000,0.059833,0.000000
4,832.100000,0.097343,0.000000
5,832.100000,0.059833,0.000000
6,832.100000,0.014530,0.000000
7,832.100000,0.948313,0.000000
8,832.100000,0.080385,0.000000
9,832.100000,0.049300,0.000000
0,833.100000,0.049291,0.000000
1,833.100000,0.042553,0.000000
2,833.100000,0.042555,0.000000
3,833.100000,0.059833,0.000000
4,833.100000,0.111268,0.000000
5,833.100000,0.059833,0.000000
6,833.100000,0.014528,0.000000
7,833.100000,0.948311,0.000000
8,833.100000,0.080386,0.000000
9,833.100000,0.049295,0.000000
0,834.100000,0.049285,0.000000
1,834.100000,0.042553,0.000000
2,834.100000,0.042555,0.000000
3,834.100000,0.059833,0.000000
4,834.100000,0.158628,0.000000
5,834.100000,0.059833,0.000000
6,834.100000,0.014527,0.000000
7,834.100000,0.948301,0.000000
8,834.100000,0.080385,0.000000
9,834.100000,0.049285,0.000000
0,835.100000,0.049286,0.000000
1,835.100000,0.042553,0.000000
2,835.100000,0.042554,0.000000
3,835.100000,0.059833,0.000000
4,835.100000,0.627255,0.000000
5,835.100000,0.059833,0.000000
6,835.100000,0.014526,0.000000
7,835.100000,0.948287,0.000000
8,835.100000,0.080385,0.000000
9,835.100000,0.049292,0.000000
0,836.100000,0.049290,0.000000
1,836.100000,0.042553,0.000000
2,836.100000,0.844963,0.000000
3,836.100000,0.059833,0.000000
4,836.100000,0.863665,0.000000
5,836.100000,0.059833,0.000000
6,836.100000,0.014525,0.000000
7,836.100000,0.948303,0.000000
8,836.100000,0.080386,0.000000
9,836.100000,0.049290,0.000000
0,837.100000,0.049281,0.000000
1,837.100000,0.042553,0.000000
2,837.100000,0.844963,0.000000
3,837.100000,0.059833,0.000000
4,837.100000,0.948295,0.000000
5,837.100000,0.059833,0.000000
6,837.100000,0.014524,0.000000
7,837.100000,0.948301,0.000000
8,837.100000,0.080385,0.000000
9,837.100000,0.049281,0.000000
0,838.100000,0.049290,0.000000
1,838.100000,0.042553,0.000000
2,838.100000,0.844963,0.000000
3,838.100000,0.059833,0.000000
4,838.100000,0.948294,0.000000
5,838.100000,0.059833,0.000000
6,838.100000,0.014524,0.000000
7,838.100000,0.948294,0.000000
8,838.100000,0.080386,0.000000
9,838.100000,0.049282,0.000000
0,839.100000,0.049281,0.000000
1,839.100000,0.042553,0.000000
2,839.100000,0.844963,0.000000
3,839.100000,0.059833,0.000000
4,839.100000,0.948297,0.000000
5,839.100000,0.059833,0.000000
6,839.100000,0.014523,0.000000
7,839.100000,0.948328,0.000000
8,839.100000,0.080385,0.000000
9,839.100000,0.049275,0.000000
0,840.100000,0.014580,0.000000
1,840.100000,0.059839,0.000000
2,840.100000,0.844963,0.000000
3,840.100000,0.080386,0.000000
4,840.100000,0.958477,0.000000
5,840.100000,0.049285,0.000000
6,840.100000,0.059840,0.000000
7,840.100000,0.957968,0.000000
8,840.100000,0.014564,0.000000
9,840.100000,0.042553,0.000000
0,841.100000,0.014575,0.000000
1,841.100000,0.059839,0.000000
2,841.100000,0.844963,0.000000
3,841.100000,0.080386,0.000000
4,841.100000,0.958433,0.000000
5,841.100000,0.049319,0.000000
6,841.100000,0.059840,0.000000
7,841.100000,0.957931,0.000000
8,841.100000,0.014567,0.000000
9,841.100000,0.042553,0.000000
0,842.100000,0.014570,0.000000
1,842.100000,0.059839,0.000000
2,842.100000,0.844963,0.000000
3,842.100000,0.080386,0.000000
4,842.100000,0.958357,0.000000
5,842.100000,0.049309,0.000000
6,842.100000,0.059840,0.000000
7,842.100000,0.957941,0.000000
8,842.100000,0.014563,0.000000
9,842.100000,0.042553,0.000000
0,843.100000,0.014565,0.000000
1,843.100000,0.059839,0.000000
2,843.100000,0.844963,0.000000
3,843.100000,0.080385,0.000000
4,843.100000,0.958221,0.000000
5,843.100000,0.049302,0.000000
6,843.100000,0.059840,0.000000
7,843.100000,0.957963,0.000000
8,843.100000,0.014558,0.000000
9,843.100000,0.042553,0.000000
0,844.100000,0.014566,0.000000
1,844.100000,0.059839,0.000000
2,844.100000,0.844963,0.000000
3,844.100000,0.080387,0.000000
4,844.100000,0.958149,0.000000
5,844.100000,0.049305,0.000000
6,844.100000,0.059840,0.000000
7,844.100000,0.015844,0.000000
8,844.100000,0.014552,0.000000
9,844.100000,0.042553,0.000000
0,845.100000,0.014568,0.000000
1,845.100000,0.059840,0.000000
2,845.100000,0.844963,0.000000
3,845.100000,0.080385,0.000000
4,845.100000,0.958132,0.000000
5,845.100000,0.049300,0.000000
6,845.100000,0.059840,0.000000
7,845.100000,0.015750,0.000000
8,845.100000,0.014562,0.000000
9,845.100000,0.042553,0.000000
0,846.100000,0.014566,0.000000
1,846.100000,0.059840,0.000000
2,846.100000,0.844963,0.000000
3,846.100000,0.080386,0.000000
4,846.100000,0.958156,0.000000
5,846.100000,0.049298,0.000000
6,846.100000,0.059850,0.000000
7,846.100000,0.015716,0.000000
8,846.100000,0.014571,0.000000
9,846.100000,0.042553,0.000000
0,847.100000,0.014563,0.000000
1,847.100000,0.059840,0.000000
2,847.100000,0.844963,0.000000
3,847.100000,0.080386,0.000000
4,847.100000,0.958037,0.000000
5,847.100000,0.049299,0.000000
6,847.100000,0.059846,0.000000
7,847.100000,0.015685,0.000000
8,847.100000,0.014576,0.000000
9,847.100000,0.042553,0.000000
0,848.100000,0.014553,0.000000
1,848.100000,0.059840,0.000000
2,848.100000,0.042555,0.000000
3,848.100000,0.080385,0.000000
4,848.100000,0.957858,0.000000
5,848.100000,0.049295,0.000000
6,848.100000,0.059847,0.000000
7,848.100000,0.015660,0.000000
8,848.100000,0.014573,0.000000
9,848.100000,0.042554,0.000000
0,849.100000,0.014562,0.000000
1,849.100000,0.059840,0.000000
2,849.100000,0.042554,0.000000
3,849.100000,0.080386,0.000000
4,849.100000,0.957779,0.000000
5,849.100000,0.049295,0.000000
6,849.100000,0.059847,0.000000
7,849.100000,0.015638,0.000000
8,849.100000,0.014564,0.000000
9,849.100000,0.042553,0.000000
0,850.100000,0.059833,0.000000
1,850.100000,0.014523,0.000000
2,850.100000,0.059834,0.000000
3,850.100000,0.049286,0.000000
4,850.100000,0.844963,0.000000
5,850.100000,0.080386,0.000000
6,850.100000,0.185175,0.000000
7,850.100000,0.059837,0.000000
8,850.100000,0.059834,0.000000
9,850.100000,0.080386,0.000000
0,851.100000,0.059833,0.000000
1,851.100000,0.014523,0.000000
2,851.100000,0.059835,0.000000
3,851.100000,0.049292,0.000000
4,851.100000,0.844963,0.000000
5,851.100000,0.080385,0.000000
6,851.100000,0.142349,0.000000
7,851.100000,0.059838,0.000000
8,851.100000,0.059833,0.000000
9,851.100000,0.080386,0.000000
0,852.100000,0.059833,0.000000
1,852.100000,0.014524,0.000000
2,852.100000,0.059835,0.000000
3,852.100000,0.049284,0.000000
4,852.100000,0.844963,0.000000
5,852.100000,0.080386,0.000000
6,852.100000,0.111899,0.000000
7,852.100000,0.059838,0.000000
8,852.100000,0.059833,0.000000
9,852.100000,0.080386,0.000000
0,853.100000,0.059833,0.000000
1,853.100000,0.014524,0.000000
2,853.100000,0.059836,0.000000
3,853.100000,0.049282,0.000000
4,853.100000,0.844963,0.000000
5,853.100000,0.080387,0.000000
6,853.100000,0.088578,0.000000
7,853.100000,0.059839,0.000000
8,853.100000,0.059833,0.000000
9,853.100000,0.080385,0.000000
0,854.100000,0.059833,0.000000
1,854.100000,0.014525,0.000000
2,854.100000,0.059836,0.000000
3,854.100000,0.049274,0.000000
4,854.100000,0.844963,0.000000
5,854.100000,0.080385,0.000000
6,854.100000,0.070500,0.000000
7,854.100000,0.059838,0.000000
8,854.100000,0.059833,0.000000
9,854.100000,0.080386,0.000000
0,855.100000,0.059833,0.000000
1,855.100000,0.014526,0.000000
2,855.100000,0.059837,0.000000
3,855.100000,0.049278,0.000000
4,855.100000,0.844963,0.000000
5,855.100000,0.080386,0.000000
6,855.100000,0.058087,0.000000
7,855.100000,0.059838,0.000000
8,855.100000,0.059833,0.000000
9,855.100000,0.080386,0.000000
0,856.100000,0.059833,0.000000
1,856.100000,0.014527,0.000000
2,856.100000,0.059837,0.000000
3,856.100000,0.049267,0.000000
4,856.100000,0.844963,0.000000
5,856.100000,0.080385,0.000000
6,856.100000,0.621337,0.000000
7,856.100000,0.059838,0.000000
8,856.100000,0.059833,0.000000
9,856.100000,0.080386,0.000000
0,857.100000,0.059833,0.000000
1,857.100000,0.014532,0.000000
2,857.100000,0.059839,0.000000
3,857.100000,0.049272,0.000000
4,857.100000,0.844963,0.000000
5,857.100000,0.080385,0.000000
6,857.100000,0.049301,0.000000
7,857.100000,0.059838,0.000000
8,857.100000,0.059833,0.000000
9,857.100000,0.080386,0.000000
0,858.100000,0.059833,0.000000
1,858.100000,0.014539,0.000000
2,858.100000,0.059838,0.000000
3,858.100000,0.049276,0.000000
4,858.100000,0.844963,0.000000
5,858.100000,0.080385,0.000000
6,858.100000,0.049284,0.000000
7,858.100000,0.059839,0.000000
8,858.100000,0.059833,0.000000
9,858.100000,0.080387,0.000000
0,859.100000,0.059833,0.000000
1,859.100000,0.014576,0.000000
2,859.100000,0.059838,0.000000
3,859.100000,0.049266,0.000000
4,859.100000,0.844963,0.000000
5,859.100000,0.080385,0.000000
6,859.100000,0.049286,0.000000
7,859.100000,0.059839,0.000000
8,859.100000,0.059833,0.000000
9,859.100000,0.080385,0.000000
0,860.100000,0.080385,0.000000
1,860.100000,0.014602,0.000000
2,860.100000,0.080370,0.000000
3,860.100000,0.014576,0.000000
4,860.100000,0.669895,0.000000
5,860.100000,0.014564,0.000000
6,860.100000,0.042553,0.000000
7,860.100000,0.049089,0.000000
8,860.100000,0.049285,0.000000
9,860.100000,0.014579,0.000000
0,861.100000,0.080386,0.000000
1,861.100000,0.014616,0.000000
2,861.100000,0.080370,0.000000
3,861.100000,0.014582,0.000000
4,861.100000,0.059986,0.000000
5,861.100000,0.014553,0.000000
6,861.100000,0.042553,0.000000
7,861.100000,0.049090,0.000000
8,861.100000,0.049284,0.000000
9,861.100000,0.014581,0.000000
0,862.100000,0.080386,0.000000
1,862.100000,0.014613,0.000000
2,862.100000,0.080370,0.000000
3,862.100000,0.014584,0.000000
4,862.100000,0.059940,0.000000
5,862.100000,0.014546,0.000000
6,862.100000,0.042553,0.000000
7,862.100000,0.049090,0.000000
8,862.100000,0.049286,0.000000
9,862.100000,0.014591,0.000000
0,863.100000,0.080386,0.000000
1,863.100000,0.014603,0.000000
2,863.100000,0.080370,0.000000
3,863.100000,0.014569,0.000000
4,863.100000,0.059833,0.000000
5,863.100000,0.014568,0.000000
6,863.100000,0.042553,0.000000
7,863.100000,0.049090,0.000000
8,863.100000,0.049276,0.000000
9,863.100000,0.014570,0.000000
0,864.100000,0.080385,0.000000
1,864.100000,0.014593,0.000000
2,864.100000,0.080369,0.000000
3,864.100000,0.014574,0.000000
4,864.100000,0.059835,0.000000
5,864.100000,0.014577,0.000000
6,864.100000,0.042553,0.000000
7,864.100000,0.049091,0.000000
8,864.100000,0.049279,0.000000
9,864.100000,0.014561,0.000000
0,865.100000,0.080386,0.000000
1,865.100000,0.014579,0.000000
2,865.100000,0.080369,0.000000
3,865.100000,0.014592,0.000000
4,865.100000,0.059836,0.000000
5,865.100000,0.014573,0.000000
6,865.100000,0.042553,0.000000
7,865.100000,0.049091,0.000000
8,865.100000,0.049286,0.000000
9,865.100000,0.014567,0.000000
0,866.100000,0.080386,0.000000
1,866.100000,0.014553,0.000000
2,866.100000,0.080371,0.000000
3,866.100000,0.014582,0.000000
4,866.100000,0.059836,0.000000
5,866.100000,0.014558,0.000000
6,866.100000,0.042553,0.000000
7,866.100000,0.049092,0.000000
8,866.100000,0.049290,0.000000
9,866.100000,0.014594,0.000000
0,867.100000,0.080385,0.000000
1,867.100000,0.014548,0.000000
2,867.100000,0.080401,0.000000
3,867.100000,0.014565,0.000000
4,867.100000,0.059837,0.000000
5,867.100000,0.014559,0.000000
6,867.100000,0.042553,0.000000
7,867.100000,0.049092,0.000000
8,867.100000,0.049283,0.000000
9,867.100000,0.014604,0.000000
0,868.100000,0.080386,0.000000
1,868.100000,0.014586,0.000000
2,868.100000,0.080377,0.000000
3,868.100000,0.014557,0.000000
4,868.100000,0.059837,0.000000
5,868.100000,0.014569,0.000000
6,868.100000,0.042553,0.000000
7,868.100000,0.049092,0.000000
8,868.100000,0.049291,0.000000
9,868.100000,0.014609,0.000000
0,869.100000,0.080386,0.000000
1,869.100000,0.014582,0.000000
2,869.100000,0.080375,0.000000
3,869.100000,0.014574,0.000000
4,869.100000,0.059838,0.000000
5,869.100000,0.014567,0.000000
6,869.100000,0.042553,0.000000
7,869.100000,0.049093,0.000000
8,869.100000,0.049300,0.000000
9,869.100000,0.014598,0.000000
0,870.100000,0.014615,0.000000
1,870.100000,0.080386,0.000000
2,870.100000,0.185163,0.000000
3,870.100000,0.042553,0.000000
4,870.100000,0.080374,0.000000
5,870.100000,0.042553,0.000000
6,870.100000,0.080386,0.000000
7,870.100000,0.059839,0.000000
8,870.100000,0.042553,0.000000
9,870.100000,0.059833,0.000000
0,871.100000,0.014620,0.000000
1,871.100000,0.080386,0.000000
2,871.100000,0.142410,0.000000
3,871.100000,0.042553,0.000000
4,871.100000,0.080373,0.000000
5,871.100000,0.042553,0.000000
6,871.100000,0.080385,0.000000
7,871.100000,0.059849,0.000000
8,871.100000,0.042553,0.000000
9,871.100000,0.059833,0.000000
0,872.100000,0.014598,0.000000
1,872.100000,0.080386,0.000000
2,872.100000,0.111961,0.000000
3,872.100000,0.042553,0.000000
4,872.100000,0.080369,0.000000
5,872.100000,0.042553,0.000000
6,872.100000,0.080385,0.000000
7,872.100000,0.059846,0.000000
8,872.100000,0.042553,0.000000
9,872.100000,0.059833,0.000000
0,873.100000,0.014587,0.000000
1,873.100000,0.080385,0.000000
2,873.100000,0.088662,0.000000
3,873.100000,0.042553,0.000000
4,873.100000,0.080370,0.000000
5,873.100000,0.042553,0.000000
6,873.100000,0.080386,0.000000
7,873.100000,0.059846,0.000000
8,873.100000,0.042553,0.000000
9,873.100000,0.059834,0.000000
0,874.100000,0.014562,0.000000
1,874.100000,0.080386,0.000000
2,874.100000,0.070606,0.000000
3,874.100000,0.042553,0.000000
4,874.100000,0.080370,0.000000
5,874.100000,0.042553,0.000000
6,874.100000,0.080385,0.000000
7,874.100000,0.059846,0.000000
8,874.100000,0.042553,0.000000
9,874.100000,0.059833,0.000000
0,875.100000,0.014579,0.000000
1,875.100000,0.080385,0.000000
2,875.100000,0.058107,0.000000
3,875.100000,0.042553,0.000000
4,875.100000,0.080370,0.000000
5,875.100000,0.042553,0.000000
6,875.100000,0.080386,0.000000
7,875.100000,0.059847,0.000000
8,875.100000,0.042553,0.000000
9,875.100000,0.059834,0.000000
0,876.100000,0.014590,0.000000
1,876.100000,0.080386,0.000000
2,876.100000,0.621336,0.000000
3,876.100000,0.042553,0.000000
4,876.100000,0.080370,0.000000
5,876.100000,0.042553,0.000000
6,876.100000,0.080386,0.000000
7,876.100000,0.059847,0.000000
8,876.100000,0.042554,0.000000
9,876.100000,0.059833,0.000000
0,877.100000,0.014565,0.000000
1,877.100000,0.080386,0.000000
2,877.100000,0.049272,0.000000
3,877.100000,0.042553,0.000000
4,877.100000,0.080370,0.000000
5,877.100000,0.042553,0.000000
6,877.100000,0.080386,0.000000
7,877.100000,0.059846,0.000000
8,877.100000,0.042553,0.000000
9,877.100000,0.059833,0.000000
0,878.100000,0.014572,0.000000
1,878.100000,0.080386,0.000000
2,878.100000,0.049284,0.000000
3,878.100000,0.042553,0.000000
4,878.100000,0.080370,0.000000
5,878.100000,0.042553,0.000000
6,878.100000,0.080386,0.000000
7,878.100000,0.059845,0.000000
8,878.100000,0.042553,0.000000
9,878.100000,0.059833,0.000000
0,879.100000,0.014588,0.000000
1,879.100000,0.080386,0.000000
2,879.100000,0.049277,0.000000
3,879.100000,0.042553,0.000000
4,879.100000,0.080369,0.000000
5,879.100000,0.042553,0.000000
6,879.100000,0.080386,0.000000
7,879.100000,0.059844,0.000000
8,879.100000,0.042553,0.000000
9,879.100000,0.059833,0.000000
0,880.100000,0.042553,0.000000
1,880.100000,0.049292,0.000000
2,880.100000,0.014591,0.000000
3,880.100000,0.059833,0.000000
4,880.100000,0.049090,0.000000
5,880.100000,0.059833,0.000000
6,880.100000,0.014571,0.000000
7,880.100000,0.042553,0.000000
8,880.100000,0.080385,0.000000
9,880.100000,0.049297,0.000000
0,881.100000,0.042553,0.000000
1,881.100000,0.049281,0.000000
2,881.100000,0.014601,0.000000
3,881.100000,0.059833,0.000000
4,881.100000,0.049090,0.000000
5,881.100000,0.059833,0.000000
6,881.100000,0.014568,0.000000
7,881.100000,0.042553,0.000000
8,881.100000,0.080386,0.000000
9,881.100000,0.049301,0.000000
0,882.100000,0.042553,0.000000
1,882.100000,0.049281,0.000000
2,882.100000,0.014581,0.000000
3,882.100000,0.059833,0.000000
4,882.100000,0.049090,0.000000
5,882.100000,0.059834,0.000000
6,882.100000,0.014557,0.000000
7,882.100000,0.042553,0.000000
8,882.100000,0.080386,0.000000
9,882.100000,0.049296,0.000000
0,883.100000,0.042553,0.000000
1,883.100000,0.049293,0.000000
2,883.100000,0.014566,0.000000
3,883.100000,0.059833,0.000000
4,883.100000,0.049091,0.000000
5,883.100000,0.059833,0.000000
6,883.100000,0.014570,0.000000
7,883.100000,0.042553,0.000000
8,883.100000,0.080385,0.000000
9,883.100000,0.049306,0.000000
0,884.100000,0.042553,0.000000
1,884.100000,0.049290,0.000000
2,884.100000,0.014571,0.000000
3,884.100000,0.059833,0.000000
4,884.100000,0.049091,0.000000
5,884.100000,0.059833,0.000000
6,884.100000,0.014585,0.000000
7,884.100000,0.042553,0.000000
8,884.100000,0.080386,0.000000
9,884.100000,0.049307,0.000000
0,885.100000,0.042553,0.000000
1,885.100000,0.049283,0.000000
2,885.100000,0.014558,0.000000
3,885.100000,0.059834,0.000000
4,885.100000,0.049092,0.000000
5,885.100000,0.059833,0.000000
6,885.100000,0.014576,0.000000
7,885.100000,0.042553,0.000000
8,885.100000,0.080384,0.000000
9,885.100000,0.049301,0.000000
0,886.100000,0.042553,0.000000
1,886.100000,0.049288,0.000000
2,886.100000,0.014525,0.000000
3,886.100000,0.059833,0.000000
4,886.100000,0.049092,0.000000
5,886.100000,0.059833,0.000000
6,886.100000,0.014567,0.000000
7,886.100000,0.042553,0.000000
8,886.100000,0.080387,0.000000
9,886.100000,0.049296,0.000000
0,887.100000,0.042553,0.000000
1,887.100000,0.049284,0.000000
2,887.100000,0.014524,0.000000
3,887.100000,0.059833,0.000000
4,887.100000,0.049092,0.000000
5,887.100000,0.059833,0.000000
6,887.100000,0.014567,0.000000
7,887.100000,0.042554,0.000000
8,887.100000,0.080385,0.000000
9,887.100000,0.049299,0.000000
0,888.100000,0.042553,0.000000
1,888.100000,0.049275,0.000000
2,888.100000,0.014528,0.000000
3,888.100000,0.059833,0.000000
4,888.100000,0.049093,0.000000
5,888.100000,0.059833,0.000000
6,888.100000,0.014574,0.000000
7,888.100000,0.042553,0.000000
8,888.100000,0.080385,0.000000
9,888.100000,0.049296,0.000000
0,889.100000,0.042553,0.000000
1,889.100000,0.049292,0.000000
2,889.100000,0.014540,0.000000
3,889.100000,0.059833,0.000000
4,889.100000,0.049093,0.000000
5,889.100000,0.059833,0.000000
6,889.100000,0.014577,0.000000
7,889.100000,0.042553,0.000000
8,889.100000,0.080386,0.000000
9,889.100000,0.049290,0.000000
0,890.100000,0.049291,0.000000
1,890.100000,0.042553,0.000000
2,890.100000,0.042554,0.000000
3,890.100000,0.080385,0.000000
4,890.100000,0.059840,0.000000
5,890.100000,0.049290,0.000000
6,890.100000,0.059833,0.000000
7,890.100000,0.080386,0.000000
8,890.100000,0.014546,0.000000
9,890.100000,0.042553,0.000000
0,891.100000,0.049278,0.000000
1,891.100000,0.042553,0.000000
2,891.100000,0.042554,0.000000
3,891.100000,0.080386,0.000000
4,891.100000,0.059840,0.000000
5,891.100000,0.049290,0.000000
6,891.100000,0.059833,0.000000
7,891.100000,0.080386,0.000000
8,891.100000,0.014604,0.000000
9,891.100000,0.042553,0.000000
0,892.100000,0.049303,0.000000
1,892.100000,0.042553,0.000000
2,892.100000,0.042554,0.000000
3,892.100000,0.080386,0.000000
4,892.100000,0.059840,0.000000
5,892.100000,0.049300,0.000000
6,892.100000,0.059833,0.000000
7,892.100000,0.080385,0.000000
8,892.100000,0.014598,0.000000
9,892.100000,0.042553,0.000000
0,893.100000,0.049302,0.000000
1,893.100000,0.042553,0.000000
2,893.100000,0.042554,0.000000
3,893.100000,0.080386,0.000000
4,893.100000,0.059840,0.000000
5,893.100000,0.049284,0.000000
6,893.100000,0.059831,0.000000
7,893.100000,0.080386,0.000000
8,893.100000,0.014575,0.000000
9,893.100000,0.042553,0.000000
0,894.100000,0.049309,0.000000
1,894.100000,0.042553,0.000000
2,894.100000,0.042555,0.000000
3,894.100000,0.080386,0.000000
4,894.100000,0.059840,0.000000
5,894.100000,0.049274,0.000000
6,894.100000,0.059832,0.000000
7,894.100000,0.080386,0.000000
8,894.100000,0.014546,0.000000
9,894.100000,0.042553,0.000000
0,895.100000,0.049299,0.000000
1,895.100000,0.042553,0.000000
2,895.100000,0.042555,0.000000
3,895.100000,0.080386,0.000000
4,895.100000,0.059840,0.000000
5,895.100000,0.049270,0.000000
6,895.100000,0.059833,0.000000
7,895.100000,0.080387,0.000000
8,895.100000,0.014543,0.000000
9,895.100000,0.042553,0.000000
0,896.100000,0.049291,0.000000
1,896.100000,0.042553,0.000000
2,896.100000,0.042555,0.000000
3,896.100000,0.080385,0.000000
4,896.100000,0.059840,0.000000
5,896.100000,0.049282,0.000000
6,896.100000,0.059832,0.000000
7,896.100000,0.080385,0.000000
8,896.100000,0.014557,0.000000
9,896.100000,0.042553,0.000000
0,897.100000,0.049282,0.000000
1,897.100000,0.042553,0.000000
2,897.100000,0.042556,0.000000
3,897.100000,0.080387,0.000000
4,897.100000,0.059840,0.000000
5,897.100000,0.049276,0.000000
6,897.100000,0.059832,0.000000
7,897.100000,0.080386,0.000000
8,897.100000,0.014573,0.000000
9,897.100000,0.042553,0.000000
0,898.100000,0.049281,0.000000
1,898.100000,0.042553,0.000000
2,898.100000,0.042556,0.000000
3,898.100000,0.080385,0.000000
4,898.100000,0.059850,0.000000
5,898.100000,0.049316,0.000000
6,898.100000,0.059832,0.000000
7,898.100000,0.080386,0.000000
8,898.100000,0.014589,0.000000
9,898.100000,0.042553,0.000000
0,899.100000,0.049286,0.000000
1,899.100000,0.042553,0.000000
2,899.100000,0.042555,0.000000
3,899.100000,0.080385,0.000000
4,899.100000,0.059846,0.000000
5,899.100000,0.049315,0.000000
6,899.100000,0.059832,0.000000
7,899.100000,0.080385,0.000000
8,899.100000,0.014563,0.000000
9,899.100000,0.042553,0.000000
0,900.100000,0.059833,0.000000
1,900.100000,0.049296,0.000000
2,900.100000,0.059836,0.000000
3,900.100000,0.049285,0.000000
4,900.100000,0.014568,0.000000
5,900.100000,0.080384,0.000000
6,900.100000,0.621165,0.000000
7,900.100000,0.014596,0.000000
8,900.100000,0.059833,0.000000
9,900.100000,0.080385,0.000000
0,901.100000,0.059833,0.000000
1,901.100000,0.049288,0.000000
2,901.100000,0.059837,0.000000
3,901.100000,0.049282,0.000000
4,901.100000,0.014595,0.000000
5,901.100000,0.080386,0.000000
6,901.100000,0.621258,0.000000
7,901.100000,0.014584,0.000000
8,901.100000,0.059833,0.000000
9,901.100000,0.080386,0.000000
0,902.100000,0.059833,0.000000
1,902.100000,0.049288,0.000000
2,902.100000,0.059837,0.000000
3,902.100000,0.049289,0.000000
4,902.100000,0.014610,0.000000
5,902.100000,0.080386,0.000000
6,902.100000,0.621251,0.000000
7,902.100000,0.014559,0.000000
8,902.100000,0.059833,0.000000
9,902.100000,0.080386,0.000000
0,903.100000,0.059833,0.000000
1,903.100000,0.049287,0.000000
2,903.100000,0.059841,0.000000
3,903.100000,0.049280,0.000000
4,903.100000,0.014610,0.000000
5,903.100000,0.080386,0.000000
6,903.100000,0.621241,0.000000
7,903.100000,0.014549,0.000000
8,903.100000,0.059833,0.000000
9,903.100000,0.080386,0.000000
0,904.100000,0.059834,0.000000
1,904.100000,0.049281,0.000000
2,904.100000,0.059842,0.000000
3,904.100000,0.049282,0.000000
4,904.100000,0.014602,0.000000
5,904.100000,0.080386,0.000000
6,904.100000,0.621244,0.000000
7,904.100000,0.014577,0.000000
8,904.100000,0.059833,0.000000
9,904.100000,0.080385,0.000000
0,905.100000,0.059833,0.000000
1,905.100000,0.049285,0.000000
2,905.100000,0.059844,0.000000
3,905.100000,0.049272,0.000000
4,905.100000,0.014593,0.000000
5,905.100000,0.080385,0.000000
6,905.100000,0.621260,0.000000
7,905.100000,0.014567,0.000000
8,905.100000,0.059833,0.000000
9,905.100000,0.080385,0.000000
0,906.100000,0.059833,0.000000
1,906.100000,0.049278,0.000000
2,906.100000,0.059846,0.000000
3,906.100000,0.049282,0.000000
4,906.100000,0.014581,0.000000
5,906.100000,0.080386,0.000000
6,906.100000,0.621272,0.000000
7,906.100000,0.014565,0.000000
8,906.100000,0.059833,0.000000
9,906.100000,0.080386,0.000000
0,907.100000,0.059833,0.000000
1,907.100000,0.049280,0.000000
2,907.100000,0.059849,0.000000
3,907.100000,0.049284,0.000000
4,907.100000,0.014564,0.000000
5,907.100000,0.080385,0.000000
6,907.100000,0.621279,0.000000
7,907.100000,0.014579,0.000000
8,907.100000,0.059833,0.000000
9,907.100000,0.080385,0.000000
0,908.100000,0.059833,0.000000
1,908.100000,0.049283,0.000000
2,908.100000,0.059859,0.000000
3,908.100000,0.049285,0.000000
4,908.100000,0.014562,0.000000
5,908.100000,0.080386,0.000000
6,908.100000,0.621283,0.000000
7,908.100000,0.014570,0.000000
8,908.100000,0.059833,0.000000
9,908.100000,0.080386,0.000000
0,909.100000,0.059833,0.000000
1,909.100000,0.049299,0.000000
2,909.100000,0.679934,0.000000
3,909.100000,0.049278,0.000000
4,909.100000,0.014565,0.000000
5,909.100000,0.080384,0.000000
6,909.100000,0.609399,0.000000
7,909.100000,0.014565,0.000000
8,909.100000,0.059833,0.000000
9,909.100000,0.080385,0.000000
0,910.100000,0.080385,0.000000
1,910.100000,0.049288,0.000000
2,910.100000,0.948093,0.000000
3,910.100000,0.014560,0.000000
4,910.100000,0.042553,0.000000
5,910.100000,0.014564,0.000000
6,910.100000,0.015943,0.000000
7,910.100000,0.059834,0.000000
8,910.100000,0.049290,0.000000
9,910.100000,0.014555,0.000000
0,911.100000,0.080385,0.000000
1,911.100000,0.049285,0.000000
2,911.100000,0.948107,0.000000
3,911.100000,0.014572,0.000000
4,911.100000,0.042553,0.000000
5,911.100000,0.014567,0.000000
6,911.100000,0.015933,0.000000
7,911.100000,0.059833,0.000000
8,911.100000,0.049282,0.000000
9,911.100000,0.014572,0.000000
0,912.100000,0.080387,0.000000
1,912.100000,0.049283,0.000000
2,912.100000,0.948123,0.000000
3,912.100000,0.014565,0.000000
4,912.100000,0.042553,0.000000
5,912.100000,0.014576,0.000000
6,912.100000,0.015933,0.000000
7,912.100000,0.059833,0.000000
8,912.100000,0.049307,0.000000
9,912.100000,0.014583,0.000000
0,913.100000,0.080385,0.000000
1,913.100000,0.049278,0.000000
2,913.100000,0.948116,0.000000
3,913.100000,0.014560,0.000000
4,913.100000,0.042553,0.000000
5,913.100000,0.014590,0.000000
6,913.100000,0.015929,0.000000
7,913.100000,0.059833,0.000000
8,913.100000,0.049298,0.000000
9,913.100000,0.014573,0.000000
0,914.100000,0.080386,0.000000
1,914.100000,0.049298,0.000000
2,914.100000,0.948100,0.000000
3,914.100000,0.014570,0.000000
4,914.100000,0.042553,0.000000
5,914.100000,0.014555,0.000000
6,914.100000,0.015921,0.000000
7,914.100000,0.059833,0.000000
8,914.100000,0.049284,0.000000
9,914.100000,0.014571,0.000000
0,915.100000,0.080386,0.000000
1,915.100000,0.049299,0.000000
2,915.100000,0.948101,0.000000
3,915.100000,0.014574,0.000000
4,915.100000,0.042553,0.000000
5,915.100000,0.014545,0.000000
6,915.100000,0.015928,0.000000
7,915.100000,0.059833,0.000000
8,915.100000,0.049286,0.000000
9,915.100000,0.014563,0.000000
0,916.100000,0.080385,0.000000
1,916.100000,0.049291,0.000000
2,916.100000,0.948108,0.000000
3,916.100000,0.014572,0.000000
4,916.100000,0.042553,0.000000
5,916.100000,0.014544,0.000000
6,916.100000,0.015884,0.000000
7,916.100000,0.059833,0.000000
8,916.100000,0.049287,0.000000
9,916.100000,0.014574,0.000000
0,917.100000,0.080386,0.000000
1,917.100000,0.049283,0.000000
2,917.100000,0.948110,0.000000
3,917.100000,0.014563,0.000000
4,917.100000,0.042553,0.000000
5,917.100000,0.014553,0.000000
6,917.100000,0.015822,0.000000
7,917.100000,0.059833,0.000000
8,917.100000,0.049295,0.000000
9,917.100000,0.014588,0.000000
0,918.100000,0.080385,0.000000
1,918.100000,0.049276,0.000000
2,918.100000,0.948115,0.000000
3,918.100000,0.014559,0.000000
4,918.100000,0.042553,0.000000
5,918.100000,0.014568,0.000000
6,918.100000,0.015821,0.000000
7,918.100000,0.059833,0.000000
8,918.100000,0.049283,0.000000
9,918.100000,0.014574,0.000000
0,919.100000,0.080386,0.000000
1,919.100000,0.049279,0.000000
2,919.100000,0.948116,0.000000
3,919.100000,0.014559,0.000000
4,919.100000,0.042553,0.000000
5,919.100000,0.014581,0.000000
6,919.100000,0.014596,0.000000
7,919.100000,0.059833,0.000000
8,919.100000,0.049287,0.000000
9,919.100000,0.014571,0.000000
0,920.100000,0.014561,0.000000
1,920.100000,0.059833,0.000000
2,920.100000,0.621226,0.000000
3,920.100000,0.042553,0.000000
4,920.100000,0.059833,0.000000
5,920.100000,0.042553,0.000000
6,920.100000,0.042553,0.000000
7,920.100000,0.049300,0.000000
8,920.100000,0.042553,0.000000
9,920.100000,0.059833,0.000000
0,921.100000,0.014559,0.000000
1,921.100000,0.059833,0.000000
2,921.100000,0.621226,0.000000
3,921.100000,0.042553,0.000000
4,921.100000,0.059833,0.000000
5,921.100000,0.042553,0.000000
6,921.100000,0.042553,0.000000
7,921.100000,0.049301,0.000000
8,921.100000,0.042553,0.000000
9,921.100000,0.059833,0.000000
0,922.100000,0.014564,0.000000
1,922.100000,0.059833,0.000000
2,922.100000,0.621227,0.000000
3,922.100000,0.042553,0.000000
4,922.100000,0.059833,0.000000
5,922.100000,0.042553,0.000000
6,922.100000,0.042553,0.000000
7,922.100000,0.049291,0.000000
8,922.100000,0.042554,0.000000
9,922.100000,0.059833,0.000000
0,923.100000,0.014567,0.000000
1,923.100000,0.059833,0.000000
2,923.100000,0.620897,0.000000
3,923.100000,0.042553,0.000000
4,923.100000,0.059833,0.000000
5,923.100000,0.042553,0.000000
6,923.100000,0.042553,0.000000
7,923.100000,0.049281,0.000000
8,923.100000,0.042553,0.000000
9,923.100000,0.059833,0.000000
0,924.100000,0.014564,0.000000
1,924.100000,0.059833,0.000000
2,924.100000,0.580066,0.000000
3,924.100000,0.042553,0.000000
4,924.100000,0.059833,0.000000
5,924.100000,0.042553,0.000000
6,924.100000,0.042553,0.000000
7,924.100000,0.049286,0.000000
8,924.100000,0.042553,0.000000
9,924.100000,0.059834,0.000000
0,925.100000,0.014556,0.000000
1,925.100000,0.059833,0.000000
2,925.100000,0.561230,0.000000
3,925.100000,0.042553,0.000000
4,925.100000,0.059833,0.000000
5,925.100000,0.042553,0.000000
6,925.100000,0.042553,0.000000
7,925.100000,0.049282,0.000000
8,925.100000,0.042553,0.000000
9,925.100000,0.059833,0.000000
0,926.100000,0.014578,0.000000
1,926.100000,0.059833,0.000000
2,926.100000,0.538257,0.000000
3,926.100000,0.042553,0.000000
4,926.100000,0.059833,0.000000
5,926.100000,0.042553,0.000000
6,926.100000,0.042553,0.000000
7,926.100000,0.049284,0.000000
8,926.100000,0.042553,0.000000
9,926.100000,0.059833,0.000000
0,927.100000,0.014583,0.000000
1,927.100000,0.059833,0.000000
2,927.100000,0.521438,0.000000
3,927.100000,0.042553,0.000000
4,927.100000,0.059833,0.000000
5,927.100000,0.042553,0.000000
6,927.100000,0.042553,0.000000
7,927.100000,0.049285,0.000000
8,927.100000,0.042553,0.000000
9,927.100000,0.059833,0.000000
0,928.100000,0.014572,0.000000
1,928.100000,0.059833,0.000000
2,928.100000,0.514933,0.000000
3,928.100000,0.042553,0.000000
4,928.100000,0.059833,0.000000
5,928.100000,0.042553,0.000000
6,928.100000,0.042553,0.000000
7,928.100000,0.049281,0.000000
8,928.100000,0.042553,0.000000
9,928.100000,0.059833,0.000000
0,929.100000,0.014580,0.000000
1,929.100000,0.059833,0.000000
2,929.100000,0.508384,0.000000
3,929.100000,0.042553,0.000000
4,929.100000,0.059833,0.000000
5,929.100000,0.042553,0.000000
6,929.100000,0.042553,0.000000
7,929.100000,0.049288,0.000000
8,929.100000,0.042553,0.000000
9,929.100000,0.059833,0.000000
0,930.100000,0.042553,0.000000
1,930.100000,0.080387,0.000000
2,930.100000,0.016652,0.000000
3,930.100000,0.059833,0.000000
4,930.100000,0.080385,0.000000
5,930.100000,0.059833,0.000000
6,930.100000,0.080368,0.000000
7,930.100000,0.042553,0.000000
8,930.100000,0.080386,0.000000
9,930.100000,0.049296,0.000000
0,931.100000,0.042553,0.000000
1,931.100000,0.080385,0.000000
2,931.100000,0.016364,0.000000
3,931.100000,0.059833,0.000000
4,931.100000,0.080385,0.000000
5,931.100000,0.059833,0.000000
6,931.100000,0.080368,0.000000
7,931.100000,0.042553,0.000000
8,931.100000,0.080386,0.000000
9,931.100000,0.049294,0.000000
0,932.100000,0.042553,0.000000
1,932.100000,0.080386,0.000000
2,932.100000,0.016165,0.000000
3,932.100000,0.059834,0.000000
4,932.100000,0.080386,0.000000
5,932.100000,0.059833,0.000000
6,932.100000,0.080368,0.000000
7,932.100000,0.042553,0.000000
8,932.100000,0.080386,0.000000
9,932.100000,0.049284,0.000000
0,933.100000,0.042553,0.000000
1,933.100000,0.080386,0.000000
2,933.100000,0.014596,0.000000
3,933.100000,0.059833,0.000000
4,933.100000,0.080385,0.000000
5,933.100000,0.059833,0.000000
6,933.100000,0.080368,0.000000
7,933.100000,0.042553,0.000000
8,933.100000,0.080386,0.000000
9,933.100000,0.049280,0.000000
0,934.100000,0.042553,0.000000
1,934.100000,0.080386,0.000000
2,934.100000,0.014590,0.000000
3,934.100000,0.059833,0.000000
4,934.100000,0.080386,0.000000
5,934.100000,0.059833,0.000000
6,934.100000,0.080368,0.000000
7,934.100000,0.042553,0.000000
8,934.100000,0.080386,0.000000
9,934.100000,0.049303,0.000000
0,935.100000,0.042553,0.000000
1,935.100000,0.080386,0.000000
2,935.100000,0.014583,0.000000
3,935.100000,0.059833,0.000000
4,935.100000,0.080386,0.000000
5,935.100000,0.059833,0.000000
6,935.100000,0.080368,0.000000
7,935.100000,0.042553,0.000000
8,935.100000,0.080386,0.000000
9,935.100000,0.049291,0.000000
0,936.100000,0.042553,0.000000
1,936.100000,0.080386,0.000000
2,936.100000,0.014577,0.000000
3,936.100000,0.059833,0.000000
4,936.100000,0.080386,0.000000
5,936.100000,0.059833,0.000000
6,936.100000,0.080368,0.000000
7,936.100000,0.042553,0.000000
8,936.100000,0.080385,0.000000
9,936.100000,0.049285,0.000000
0,937.100000,0.042553,0.000000
1,937.100000,0.080386,0.000000
2,937.100000,0.014571,0.000000
3,937.100000,0.059833,0.000000
4,937.100000,0.080385,0.000000
5,937.100000,0.059833,0.000000
6,937.100000,0.080367,0.000000
7,937.100000,0.042553,0.000000
8,937.100000,0.080386,0.000000
9,937.100000,0.049287,0.000000
0,938.100000,0.042553,0.000000
1,938.100000,0.080385,0.000000
2,938.100000,0.014566,0.000000
3,938.100000,0.059833,0.000000
4,938.100000,0.080386,0.000000
5,938.100000,0.059833,0.000000
6,938.100000,0.080367,0.000000
7,938.100000,0.042553,0.000000
8,938.100000,0.080385,0.000000
9,938.100000,0.049286,0.000000
0,939.100000,0.042553,0.000000
1,939.100000,0.080385,0.000000
2,939.100000,0.014561,0.000000
3,939.100000,0.059833,0.000000
4,939.100000,0.080385,0.000000
5,939.100000,0.059833,0.000000
6,939.100000,0.080367,0.000000
7,939.100000,0.042553,0.000000
8,939.100000,0.080385,0.000000
9,939.100000,0.049287,0.000000
0,940.100000,0.080386,0.000000
1,940.100000,0.014595,0.000000
2,940.100000,0.042553,0.000000
3,940.100000,0.080387,0.000000
4,940.100000,0.049284,0.000000
5,940.100000,0.049284,0.000000
6,940.100000,0.014524,0.000000
7,940.100000,0.080386,0.000000
8,940.100000,0.014582,0.000000
9,940.100000,0.042553,0.000000
0,941.100000,0.080386,0.000000
1,941.100000,0.014617,0.000000
2,941.100000,0.042553,0.000000
3,941.100000,0.080385,0.000000
4,941.100000,0.049279,0.000000
5,941.100000,0.620344,0.000000
6,941.100000,0.014523,0.000000
7,941.100000,0.080386,0.000000
8,941.100000,0.014574,0.000000
9,941.100000,0.042553,0.000000
0,942.100000,0.080385,0.000000
1,942.100000,0.014603,0.000000
2,942.100000,0.042553,0.000000
3,942.100000,0.080386,0.000000
4,942.100000,0.049275,0.000000
5,942.100000,0.619899,0.000000
6,942.100000,0.014523,0.000000
7,942.100000,0.080387,0.000000
8,942.100000,0.014550,0.000000
9,942.100000,0.042553,0.000000
0,943.100000,0.080386,0.000000
1,943.100000,0.014576,0.000000
2,943.100000,0.042553,0.000000
3,943.100000,0.080385,0.000000
4,943.100000,0.049294,0.000000
5,943.100000,0.619794,0.000000
6,943.100000,0.014524,0.000000
7,943.100000,0.080386,0.000000
8,943.100000,0.014552,0.000000
9,943.100000,0.042553,0.000000
0,944.100000,0.080386,0.000000
1,944.100000,0.014564,0.000000
2,944.100000,0.042553,0.000000
3,944.100000,0.080385,0.000000
4,944.100000,0.049303,0.000000
5,944.100000,0.620728,0.000000
6,944.100000,0.014524,0.000000
7,944.100000,0.080385,0.000000
8,944.100000,0.014566,0.000000
9,944.100000,0.042553,0.000000
0,945.100000,0.080385,0.000000
1,945.100000,0.014558,0.000000
2,945.100000,0.042553,0.000000
3,945.100000,0.080386,0.000000
4,945.100000,0.049290,0.000000
5,945.100000,0.620750,0.000000
6,945.100000,0.014525,0.000000
7,945.100000,0.080385,0.000000
8,945.100000,0.014564,0.000000
9,945.100000,0.042553,0.000000
0,946.100000,0.080385,0.000000
1,946.100000,0.014559,0.000000
2,946.100000,0.042553,0.000000
3,946.100000,0.080386,0.000000
4,946.100000,0.049278,0.000000
5,946.100000,0.620686,0.000000
6,946.100000,0.014526,0.000000
7,946.100000,0.080385,0.000000
8,946.100000,0.014565,0.000000
9,946.100000,0.042553,0.000000
0,947.100000,0.080386,0.000000
1,947.100000,0.014597,0.000000
2,947.100000,0.042553,0.000000
3,947.100000,0.080385,0.000000
4,947.100000,0.049284,0.000000
5,947.100000,0.620423,0.000000
6,947.100000,0.014527,0.000000
7,947.100000,0.080385,0.000000
8,947.100000,0.014560,0.000000
9,947.100000,0.042553,0.000000
0,948.100000,0.080386,0.000000
1,948.100000,0.014600,0.000000
2,948.100000,0.042553,0.000000
3,948.100000,0.080386,0.000000
4,948.100000,0.049277,0.000000
5,948.100000,0.621000,0.000000
6,948.100000,0.014528,0.000000
7,948.100000,0.080386,0.000000
8,948.100000,0.014571,0.000000
9,948.100000,0.042553,0.000000
0,949.100000,0.080385,0.000000
1,949.100000,0.014576,0.000000
2,949.100000,0.042553,0.000000
3,949.100000,0.080386,0.000000
4,949.100000,0.049273,0.000000
5,949.100000,0.621075,0.000000
6,949.100000,0.014530,0.000000
7,949.100000,0.080386,0.000000
8,949.100000,0.014572,0.000000
9,949.100000,0.042553,0.000000
0,950.100000,0.049280,0.000000
1,950.100000,0.042553,0.000000
2,950.100000,0.059840,0.000000
3,950.100000,0.049267,0.000000
4,950.100000,0.014579,0.000000
5,950.100000,0.080405,0.000000
6,950.100000,0.059850,0.000000
7,950.100000,0.014559,0.000000
8,950.100000,0.059833,0.000000
9,950.100000,0.080386,0.000000
0,951.100000,0.049271,0.000000
1,951.100000,0.042553,0.000000
2,951.100000,0.059840,0.000000
3,951.100000,0.049271,0.000000
4,951.100000,0.014573,0.000000
5,951.100000,0.080387,0.000000
6,951.100000,0.059847,0.000000
7,951.100000,0.014563,0.000000
8,951.100000,0.059833,0.000000
9,951.100000,0.080386,0.000000
0,952.100000,0.049290,0.000000
1,952.100000,0.042553,0.000000
2,952.100000,0.059840,0.000000
3,952.100000,0.049267,0.000000
4,952.100000,0.014571,0.000000
5,952.100000,0.080382,0.000000
6,952.100000,0.059847,0.000000
7,952.100000,0.014605,0.000000
8,952.100000,0.059833,0.000000
9,952.100000,0.080385,0.000000
0,953.100000,0.049275,0.000000
1,953.100000,0.042553,0.000000
2,953.100000,0.059849,0.000000
3,953.100000,0.049288,0.000000
4,953.100000,0.014589,0.000000
5,953.100000,0.080385,0.000000
6,953.100000,0.059847,0.000000
7,953.100000,0.014603,0.000000
8,953.100000,0.059833,0.000000
9,953.100000,0.080386,0.000000
0,954.100000,0.049278,0.000000
1,954.100000,0.042553,0.000000
2,954.100000,0.059846,0.000000
3,954.100000,0.049280,0.000000
4,954.100000,0.014595,0.000000
5,954.100000,0.080396,0.000000
6,954.100000,0.059847,0.000000
7,954.100000,0.014574,0.000000
8,954.100000,0.059833,0.000000
9,954.100000,0.080385,0.000000
0,955.100000,0.049290,0.000000
1,955.100000,0.042553,0.000000
2,955.100000,0.059846,0.000000
3,955.100000,0.049281,0.000000
4,955.100000,0.014578,0.000000
5,955.100000,0.080404,0.000000
6,955.100000,0.059847,0.000000
7,955.100000,0.014565,0.000000
8,955.100000,0.059833,0.000000
9,955.100000,0.080386,0.000000
0,956.100000,0.049284,0.000000
1,956.100000,0.042553,0.000000
2,956.100000,0.059847,0.000000
3,956.100000,0.049272,0.000000
4,956.100000,0.014562,0.000000
5,956.100000,0.080913,0.000000
6,956.100000,0.059847,0.000000
7,956.100000,0.014559,0.000000
8,956.100000,0.059833,0.000000
9,956.100000,0.080386,0.000000
0,957.100000,0.049275,0.000000
1,957.100000,0.042553,0.000000
2,957.100000,0.059847,0.000000
3,957.100000,0.049276,0.000000
4,957.100000,0.014560,0.000000
5,957.100000,0.081365,0.000000
6,957.100000,0.059846,0.000000
7,957.100000,0.014554,0.000000
8,957.100000,0.059833,0.000000
9,957.100000,0.080385,0.000000
0,958.100000,0.049283,0.000000
1,958.100000,0.042553,0.000000
2,958.100000,0.059847,0.000000
3,958.100000,0.049285,0.000000
4,958.100000,0.014552,0.000000
5,958.100000,0.109744,0.000000
6,958.100000,0.059845,0.000000
7,958.100000,0.014576,0.000000
8,958.100000,0.059833,0.000000
9,958.100000,0.080386,0.000000
0,959.100000,0.049283,0.000000
1,959.100000,0.042553,0.000000
2,959.100000,0.059846,0.000000
3,959.100000,0.049286,0.000000
4,959.100000,0.014566,0.000000
5,959.100000,0.145451,0.000000
6,959.100000,0.059842,0.000000
7,959.100000,0.014577,0.000000
8,959.100000,0.059833,0.000000
9,959.100000,0.080385,0.000000
0,960.100000,0.059834,0.000000
1,960.100000,0.049273,0.000000
2,960.100000,0.080373,0.000000
3,960.100000,0.014592,0.000000
4,960.100000,0.042553,0.000000
5,960.100000,0.015299,0.000000
6,960.100000,0.621334,0.000000
7,960.100000,0.059833,0.000000
8,960.100000,0.049321,0.000000
9,960.100000,0.014576,0.000000
0,961.100000,0.059833,0.000000
1,961.100000,0.049290,0.000000
2,961.100000,0.080379,0.000000
3,961.100000,0.014580,0.000000
4,961.100000,0.042553,0.000000
5,961.100000,0.015522,0.000000
6,961.100000,0.049287,0.000000
7,961.100000,0.059833,0.000000
8,961.100000,0.049306,0.000000
9,961.100000,0.014563,0.000000
0,962.100000,0.059834,0.000000
1,962.100000,0.049289,0.000000
2,962.100000,0.080417,0.000000
3,962.100000,0.014584,0.000000
4,962.100000,0.042553,0.000000
5,962.100000,0.015787,0.000000
6,962.100000,0.049284,0.000000
7,962.100000,0.059833,0.000000
8,962.100000,0.049287,0.000000
9,962.100000,0.014553,0.000000
0,963.100000,0.059833,0.000000
1,963.100000,0.049286,0.000000
2,963.100000,0.080483,0.000000
3,963.100000,0.014588,0.000000
4,963.100000,0.042553,0.000000
5,963.100000,0.016697,0.000000
6,963.100000,0.049283,0.000000
7,963.100000,0.059833,0.000000
8,963.100000,0.049303,0.000000
9,963.100000,0.014577,0.000000
0,964.100000,0.059833,0.000000
1,964.100000,0.049281,0.000000
2,964.100000,0.080385,0.000000
3,964.100000,0.014583,0.000000
4,964.100000,0.042553,0.000000
5,964.100000,0.023114,0.000000
6,964.100000,0.049281,0.000000
7,964.100000,0.059833,0.000000
8,964.100000,0.049303,0.000000
9,964.100000,0.014582,0.000000
0,965.100000,0.059833,0.000000
1,965.100000,0.049275,0.000000
2,965.100000,0.080386,0.000000
3,965.100000,0.014564,0.000000
4,965.100000,0.042553,0.000000
5,965.100000,0.022105,0.000000
6,965.100000,0.049289,0.000000
7,965.100000,0.059833,0.000000
8,965.100000,0.049308,0.000000
9,965.100000,0.014588,0.000000
0,966.100000,0.059833,0.000000
1,966.100000,0.049289,0.000000
2,966.100000,0.080385,0.000000
3,966.100000,0.014559,0.000000
4,966.100000,0.042553,0.000000
5,966.100000,0.023433,0.000000
6,966.100000,0.049277,0.000000
7,966.100000,0.059833,0.000000
8,966.100000,0.049294,0.000000
9,966.100000,0.014570,0.000000
0,967.100000,0.059833,0.000000
1,967.100000,0.049287,0.000000
2,967.100000,0.080385,0.000000
3,967.100000,0.014560,0.000000
4,967.100000,0.042553,0.000000
5,967.100000,0.889231,0.000000
6,967.100000,0.049287,0.000000
7,967.100000,0.059833,0.000000
8,967.100000,0.049284,0.000000
9,967.100000,0.014564,0.000000
0,968.100000,0.059833,0.000000
1,968.100000,0.049278,0.000000
2,968.100000,0.080386,0.000000
3,968.100000,0.014592,0.000000
4,968.100000,0.042553,0.000000
5,968.100000,0.880818,0.000000
6,968.100000,0.049287,0.000000
7,968.100000,0.059833,0.000000
8,968.100000,0.049293,0.000000
9,968.100000,0.014571,0.000000
0,969.100000,0.059833,0.000000
1,969.100000,0.049295,0.000000
2,969.100000,0.080386,0.000000
3,969.100000,0.014602,0.000000
4,969.100000,0.042553,0.000000
5,969.100000,0.874794,0.000000
6,969.100000,0.049278,0.000000
7,969.100000,0.059833,0.000000
8,969.100000,0.049322,0.000000
9,969.100000,0.014564,0.000000
0,970.100000,0.080386,0.000000
1,970.100000,0.059833,0.000000
2,970.100000,0.049288,0.000000
3,970.100000,0.042553,0.000000
4,970.100000,0.059833,0.000000
5,970.100000,0.844963,0.000000
6,970.100000,0.059833,0.000000
7,970.100000,0.049291,0.000000
8,970.100000,0.042553,0.000000
9,970.100000,0.014572,0.000000
0,971.100000,0.080386,0.000000
1,971.100000,0.059833,0.000000
2,971.100000,0.049281,0.000000
3,971.100000,0.042553,0.000000
4,971.100000,0.059833,0.000000
5,971.100000,0.844963,0.000000
6,971.100000,0.059834,0.000000
7,971.100000,0.049285,0.000000
8,971.100000,0.042553,0.000000
9,971.100000,0.014555,0.000000
0,972.100000,0.080386,0.000000
1,972.100000,0.059833,0.000000
2,972.100000,0.049279,0.000000
3,972.100000,0.042553,0.000000
4,972.100000,0.059833,0.000000
5,972.100000,0.844963,0.000000
6,972.100000,0.059834,0.000000
7,972.100000,0.049289,0.000000
8,972.100000,0.042553,0.000000
9,972.100000,0.014557,0.000000
0,973.100000,0.080385,0.000000
1,973.100000,0.059833,0.000000
2,973.100000,0.049307,0.000000
3,973.100000,0.042553,0.000000
4,973.100000,0.059833,0.000000
5,973.100000,0.844963,0.000000
6,973.100000,0.059833,0.000000
7,973.100000,0.049293,0.000000
8,973.100000,0.042553,0.000000
9,973.100000,0.014584,0.000000
0,974.100000,0.080386,0.000000
1,974.100000,0.059833,0.000000
2,974.100000,0.049305,0.000000
3,974.100000,0.042553,0.000000
4,974.100000,0.059833,0.000000
5,974.100000,0.844963,0.000000
6,974.100000,0.059833,0.000000
7,974.100000,0.049288,0.000000
8,974.100000,0.042553,0.000000
9,974.100000,0.014589,0.000000
0,975.100000,0.080385,0.000000
1,975.100000,0.059833,0.000000
2,975.100000,0.049287,0.000000
3,975.100000,0.042553,0.000000
4,975.100000,0.059833,0.000000
5,975.100000,0.844963,0.000000
6,975.100000,0.059833,0.000000
7,975.100000,0.049272,0.000000
8,975.100000,0.042553,0.000000
9,975.100000,0.014578,0.000000
0,976.100000,0.080386,0.000000
1,976.100000,0.059833,0.000000
2,976.100000,0.049285,0.000000
3,976.100000,0.042553,0.000000
4,976.100000,0.059833,0.000000
5,976.100000,0.844963,0.000000
6,976.100000,0.059833,0.000000
7,976.100000,0.049280,0.000000
8,976.100000,0.042553,0.000000
9,976.100000,0.014559,0.000000
0,977.100000,0.080385,0.000000
1,977.100000,0.059833,0.000000
2,977.100000,0.049293,0.000000
3,977.100000,0.042553,0.000000
4,977.100000,0.059833,0.000000
5,977.100000,0.844963,0.000000
6,977.100000,0.059834,0.000000
7,977.100000,0.049272,0.000000
8,977.100000,0.042553,0.000000
9,977.100000,0.014551,0.000000
0,978.100000,0.080385,0.000000
1,978.100000,0.059833,0.000000
2,978.100000,0.049293,0.000000
3,978.100000,0.042553,0.000000
4,978.100000,0.059833,0.000000
5,978.100000,0.844963,0.000000
6,978.100000,0.059834,0.000000
7,978.100000,0.049274,0.000000
8,978.100000,0.042553,0.000000
9,978.100000,0.014555,0.000000
0,979.100000,0.080386,0.000000
1,979.100000,0.059833,0.000000
2,979.100000,0.049281,0.000000
3,979.100000,0.042553,0.000000
4,979.100000,0.059833,0.000000
5,979.100000,0.844963,0.000000
6,979.100000,0.059833,0.000000
7,979.100000,0.049279,0.000000
8,979.100000,0.042553,0.000000
9,979.100000,0.014585,0.000000
0,980.100000,0.014564,0.000000
1,980.100000,0.014566,0.000000
2,980.100000,0.014567,0.000000
3,980.100000,0.059833,0.000000
4,980.100000,0.080387,0.000000
5,980.100000,0.679873,0.000000
6,980.100000,0.042553,0.000000
7,980.100000,0.042553,0.000000
8,980.100000,0.080386,0.000000
9,980.100000,0.059833,0.000000
0,981.100000,0.014553,0.000000
1,981.100000,0.014561,0.000000
2,981.100000,0.014564,0.000000
3,981.100000,0.059833,0.000000
4,981.100000,0.080386,0.000000
5,981.100000,0.679889,0.000000
6,981.100000,0.042553,0.000000
7,981.100000,0.042553,0.000000
8,981.100000,0.080386,0.000000
9,981.100000,0.059833,0.000000
0,982.100000,0.014550,0.000000
1,982.100000,0.014567,0.000000
2,982.100000,0.014565,0.000000
3,982.100000,0.059833,0.000000
4,982.100000,0.080386,0.000000
5,982.100000,0.679888,0.000000
6,982.100000,0.042553,0.000000
7,982.100000,0.042553,0.000000
8,982.100000,0.080386,0.000000
9,982.100000,0.059833,0.000000
0,983.100000,0.014577,0.000000
1,983.100000,0.014580,0.000000
2,983.100000,0.014565,0.000000
3,983.100000,0.059833,0.000000
4,983.100000,0.080385,0.000000
5,983.100000,0.679890,0.000000
6,983.100000,0.042553,0.000000
7,983.100000,0.042553,0.000000
8,983.100000,0.080385,0.000000
9,983.100000,0.059833,0.000000
0,984.100000,0.014590,0.000000
1,984.100000,0.014582,0.000000
2,984.100000,0.014555,0.000000
3,984.100000,0.059833,0.000000
4,984.100000,0.080386,0.000000
5,984.100000,0.679891,0.000000
6,984.100000,0.042553,0.000000
7,984.100000,0.042553,0.000000
8,984.100000,0.080386,0.000000
9,984.100000,0.059833,0.000000
0,985.100000,0.014578,0.000000
1,985.100000,0.014566,0.000000
2,985.100000,0.014566,0.000000
3,985.100000,0.059833,0.000000
4,985.100000,0.080387,0.000000
5,985.100000,0.679892,0.000000
6,985.100000,0.042553,0.000000
7,985.100000,0.042553,0.000000
8,985.100000,0.080385,0.000000
9,985.100000,0.059833,0.000000
0,986.100000,0.014572,0.000000
1,986.100000,0.014555,0.000000
2,986.100000,0.014571,0.000000
3,986.100000,0.059833,0.000000
4,986.100000,0.080385,0.000000
5,986.100000,0.679894,0.000000
6,986.100000,0.042553,0.000000
7,986.100000,0.042553,0.000000
8,986.100000,0.080386,0.000000
9,986.100000,0.059833,0.000000
0,987.100000,0.014553,0.000000
1,987.100000,0.014562,0.000000
2,987.100000,0.014573,0.000000
3,987.100000,0.059833,0.000000
4,987.100000,0.080386,0.000000
5,987.100000,0.679898,0.000000
6,987.100000,0.042553,0.000000
7,987.100000,0.042553,0.000000
8,987.100000,0.080386,0.000000
9,987.100000,0.059833,0.000000
0,988.100000,0.014545,0.000000
1,988.100000,0.014569,0.000000
2,988.100000,0.014575,0.000000
3,988.100000,0.059833,0.000000
4,988.100000,0.080385,0.000000
5,988.100000,0.679898,0.000000
6,988.100000,0.042553,0.000000
7,988.100000,0.042553,0.000000
8,988.100000,0.080386,0.000000
9,988.100000,0.059833,0.000000
0,989.100000,0.014557,0.000000
1,989.100000,0.014564,0.000000
2,989.100000,0.014570,0.000000
3,989.100000,0.059833,0.000000
4,989.100000,0.080386,0.000000
5,989.100000,0.679899,0.000000
6,989.100000,0.042553,0.000000
7,989.100000,0.042553,0.000000
8,989.100000,0.080386,0.000000
9,989.100000,0.059833,0.000000
0,990.100000,0.042553,0.000000
1,990.100000,0.080385,0.000000
2,990.100000,0.042553,0.000000
3,990.100000,0.080385,0.000000
4,990.100000,0.049289,0.000000
5,990.100000,0.621335,0.000000
6,990.100000,0.042553,0.000000
7,990.100000,0.080386,0.000000
8,990.100000,0.014575,0.000000
9,990.100000,0.049293,0.000000
0,991.100000,0.042553,0.000000
1,991.100000,0.080386,0.000000
2,991.100000,0.042553,0.000000
3,991.100000,0.080386,0.000000
4,991.100000,0.049303,0.000000
5,991.100000,0.621333,0.000000
6,991.100000,0.042553,0.000000
7,991.100000,0.080384,0.000000
8,991.100000,0.014572,0.000000
9,991.100000,0.049288,0.000000
0,992.100000,0.042553,0.000000
1,992.100000,0.080386,0.000000
2,992.100000,0.042553,0.000000
3,992.100000,0.080387,0.000000
4,992.100000,0.049299,0.000000
5,992.100000,0.621339,0.000000
6,992.100000,0.042553,0.000000
7,992.100000,0.080386,0.000000
8,992.100000,0.014572,0.000000
9,992.100000,0.049290,0.000000
0,993.100000,0.042553,0.000000
1,993.100000,0.080386,0.000000
2,993.100000,0.042553,0.000000
3,993.100000,0.080385,0.000000
4,993.100000,0.049300,0.000000
5,993.100000,0.621338,0.000000
6,993.100000,0.042553,0.000000
7,993.100000,0.080386,0.000000
8,993.100000,0.014558,0.000000
9,993.100000,0.049290,0.000000
0,994.100000,0.042553,0.000000
1,994.100000,0.080386,0.000000
2,994.100000,0.042553,0.000000
3,994.100000,0.080385,0.000000
4,994.100000,0.049292,0.000000
5,994.100000,0.621341,0.000000
6,994.100000,0.042553,0.000000
7,994.100000,0.080386,0.000000
8,994.100000,0.014539,0.000000
9,994.100000,0.049278,0.000000
0,995.100000,0.042553,0.000000
1,995.100000,0.080385,0.000000
2,995.100000,0.042553,0.000000
3,995.100000,0.080386,0.000000
4,995.100000,0.049301,0.000000
5,995.100000,0.621339,0.000000
6,995.100000,0.042553,0.000000
7,995.100000,0.080386,0.000000
8,995.100000,0.014554,0.000000
9,995.100000,0.049297,0.000000
0,996.100000,0.042553,0.000000
1,996.100000,0.080386,0.000000
2,996.100000,0.042553,0.000000
3,996.100000,0.080385,0.000000
4,996.100000,0.049294,0.000000
5,996.100000,0.621342,0.000000
6,996.100000,0.042553,0.000000
7,996.100000,0.080386,0.000000
8,996.100000,0.014580,0.000000
9,996.100000,0.049290,0.000000
0,997.100000,0.042553,0.000000
1,997.100000,0.080386,0.000000
2,997.100000,0.042553,0.000000
3,997.100000,0.080386,0.000000
4,997.100000,0.049286,0.000000
5,997.100000,0.621342,0.000000
6,997.100000,0.042553,0.000000
7,997.100000,0.080385,0.000000
8,997.100000,0.014594,0.000000
9,997.100000,0.049293,0.000000
0,998.100000,0.042553,0.000000
1,998.100000,0.080385,0.000000
2,998.100000,0.042553,0.000000
3,998.100000,0.080386,0.000000
4,998.100000,0.049285,0.000000
5,998.100000,0.621341,0.000000
6,998.100000,0.042553,0.000000
7,998.100000,0.080386,0.000000
8,998.100000,0.014592,0.000000
9,998.100000,0.049291,0.000000
0,999.100000,0.042553,0.000000
1,999.100000,0.080386,0.000000
2,999.100000,0.042553,0.000000
3,999.100000,0.080385,0.000000
4,999.100000,0.049279,0.000000
5,999.100000,0.621339,0.000000
6,999.100000,0.042553,0.000000
7,999.100000,0.080386,0.000000
8,999.100000,0.014580,0.000000
9,999.100000,0.049314,0.000000
0,1000.100000,0.049290,0.000000
1,1000.100000,0.014587,0.000000
2,1000.100000,0.059833,0.000000
3,1000.100000,0.049289,0.000000
4,1000.100000,0.014561,0.000000
5,1000.100000,0.948184,0.000000
6,1000.100000,0.080386,0.000000
7,1000.100000,0.014574,0.000000
8,1000.100000,0.059833,0.000000
9,1000.100000,0.042554,0.000000
0,1001.100000,0.049282,0.000000
1,1001.100000,0.014586,0.000000
2,1001.100000,0.059833,0.000000
3,1001.100000,0.049294,0.000000
4,1001.100000,0.014584,0.000000
5,1001.100000,0.948187,0.000000
6,1001.100000,0.080386,0.000000
7,1001.100000,0.014572,0.000000
8,1001.100000,0.059833,0.000000
9,1001.100000,0.042553,0.000000
0,1002.100000,0.049303,0.000000
1,1002.100000,0.014591,0.000000
2,1002.100000,0.059833,0.000000
3,1002.100000,0.049292,0.000000
4,1002.100000,0.014588,0.000000
5,1002.100000,0.948182,0.000000
6,1002.100000,0.080386,0.000000
7,1002.100000,0.014572,0.000000
8,1002.100000,0.059834,0.000000
9,1002.100000,0.042553,0.000000
0,1003.100000,0.049299,0.000000
1,1003.100000,0.014577,0.000000
2,1003.100000,0.059833,0.000000
3,1003.100000,0.049294,0.000000
4,1003.100000,0.014576,0.000000
5,1003.100000,0.948177,0.000000
6,1003.100000,0.080385,0.000000
7,1003.100000,0.014558,0.000000
8,1003.100000,0.059833,0.000000
9,1003.100000,0.042553,0.000000
0,1004.100000,0.049287,0.000000
1,1004.100000,0.014574,0.000000
2,1004.100000,0.059833,0.000000
3,1004.100000,0.049286,0.000000
4,1004.100000,0.014576,0.000000
5,1004.100000,0.948176,0.000000
6,1004.100000,0.080385,0.000000
7,1004.100000,0.014598,0.000000
8,1004.100000,0.059833,0.000000
9,1004.100000,0.042553,0.000000
0,1005.100000,0.049282,0.000000
1,1005.100000,0.014593,0.000000
2,1005.100000,0.059833,0.000000
3,1005.100000,0.049301,0.000000
4,1005.100000,0.014568,0.000000
5,1005.100000,0.948176,0.000000
6,1005.100000,0.080386,0.000000
7,1005.100000,0.014592,0.000000
8,1005.100000,0.059834,0.000000
9,1005.100000,0.042553,0.000000
0,1006.100000,0.049302,0.000000
1,1006.100000,0.014570,0.000000
2,1006.100000,0.059833,0.000000
3,1006.100000,0.049298,0.000000
4,1006.100000,0.014567,0.000000
5,1006.100000,0.948182,0.000000
6,1006.100000,0.080385,0.000000
7,1006.100000,0.014570,0.000000
8,1006.100000,0.059833,0.000000
9,1006.100000,0.042553,0.000000
0,1007.100000,0.049291,0.000000
1,1007.100000,0.014579,0.000000
2,1007.100000,0.059831,0.000000
3,1007.100000,0.049289,0.000000
4,1007.100000,0.014565,0.000000
5,1007.100000,0.948198,0.000000
6,1007.100000,0.080385,0.000000
7,1007.100000,0.014565,0.000000
8,1007.100000,0.059833,0.000000
9,1007.100000,0.042553,0.000000
0,1008.100000,0.049284,0.000000
1,1008.100000,0.014579,0.000000
2,1008.100000,0.059832,0.000000
3,1008.100000,0.049286,0.000000
4,1008.100000,0.014584,0.000000
5,1008.100000,0.948194,0.000000
6,1008.100000,0.080385,0.000000
7,1008.100000,0.014565,0.000000
8,1008.100000,0.059834,0.000000
9,1008.100000,0.042553,0.000000
0,1009.100000,0.049287,0.000000
1,1009.100000,0.014585,0.000000
2,1009.100000,0.059832,0.000000
3,1009.100000,0.049288,0.000000
4,1009.100000,0.014583,0.000000
5,1009.100000,0.080366,0.000000
6,1009.100000,0.080386,0.000000
7,1009.100000,0.014578,0.000000
8,1009.100000,0.059833,0.000000
9,1009.100000,0.042553,0.000000
0,1010.100000,0.059833,0.000000
1,1010.100000,0.042553,0.000000
2,1010.100000,0.080390,0.000000
3,1010.100000,0.014584,0.000000
4,1010.100000,0.042554,0.000000
5,1010.100000,0.015419,0.000000
6,1010.100000,0.014560,0.000000
7,1010.100000,0.059833,0.000000
8,1010.100000,0.049281,0.000000
9,1010.100000,0.080385,0.000000
0,1011.100000,0.059833,0.000000
1,1011.100000,0.042553,0.000000
2,1011.100000,0.080392,0.000000
3,1011.100000,0.014605,0.000000
4,1011.100000,0.042553,0.000000
5,1011.100000,0.015388,0.000000
6,1011.100000,0.014556,0.000000
7,1011.100000,0.059833,0.000000
8,1011.100000,0.049278,0.000000
9,1011.100000,0.080385,0.000000
0,1012.100000,0.059833,0.000000
1,1012.100000,0.042553,0.000000
2,1012.100000,0.080390,0.000000
3,1012.100000,0.014595,0.000000
4,1012.100000,0.042553,0.000000
5,1012.100000,0.015359,0.000000
6,1012.100000,0.014557,0.000000
7,1012.100000,0.059833,0.000000
8,1012.100000,0.049289,0.000000
9,1012.100000,0.080386,0.000000
0,1013.100000,0.059833,0.000000
1,1013.100000,0.042553,0.000000
2,1013.100000,0.080392,0.000000
3,1013.100000,0.014588,0.000000
4,1013.100000,0.042553,0.000000
5,1013.100000,0.015331,0.000000
6,1013.100000,0.014556,0.000000
7,1013.100000,0.059833,0.000000
8,1013.100000,0.049298,0.000000
9,1013.100000,0.080385,0.000000
0,1014.100000,0.059833,0.000000
1,1014.100000,0.042553,0.000000
2,1014.100000,0.080465,0.000000
3,1014.100000,0.014583,0.000000
4,1014.100000,0.042553,0.000000
5,1014.100000,0.015301,0.000000
6,1014.100000,0.014556,0.000000
7,1014.100000,0.059833,0.000000
8,1014.100000,0.049283,0.000000
9,1014.100000,0.080386,0.000000
0,1015.100000,0.059833,0.000000
1,1015.100000,0.042553,0.000000
2,1015.100000,0.081091,0.000000
3,1015.100000,0.014569,0.000000
4,1015.100000,0.042553,0.000000
5,1015.100000,0.015262,0.000000
6,1015.100000,0.014579,0.000000
7,1015.100000,0.059833,0.000000
8,1015.100000,0.049295,0.000000
9,1015.100000,0.080386,0.000000
0,1016.100000,0.059834,0.000000
1,1016.100000,0.042553,0.000000
2,1016.100000,0.121022,0.000000
3,1016.100000,0.014555,0.000000
4,1016.100000,0.042553,0.000000
5,1016.100000,0.015223,0.000000
6,1016.100000,0.014564,0.000000
7,1016.100000,0.059833,0.000000
8,1016.100000,0.049289,0.000000
9,1016.100000,0.080385,0.000000
0,1017.100000,0.059833,0.000000
1,1017.100000,0.042553,0.000000
2,1017.100000,0.153200,0.000000
3,1017.100000,0.014552,0.000000
4,1017.100000,0.042553,0.000000
5,1017.100000,0.015193,0.000000
6,1017.100000,0.014561,0.000000
7,1017.100000,0.059833,0.000000
8,1017.100000,0.049285,0.000000
9,1017.100000,0.080385,0.000000
0,1018.100000,0.059833,0.000000
1,1018.100000,0.042554,0.000000
2,1018.100000,0.185440,0.000000
3,1018.100000,0.014564,0.000000
4,1018.100000,0.042553,0.000000
5,1018.100000,0.015170,0.000000
6,1018.100000,0.014562,0.000000
7,1018.100000,0.059833,0.000000
8,1018.100000,0.049282,0.000000
9,1018.100000,0.080386,0.000000
0,1019.100000,0.059833,0.000000
1,1019.100000,0.042553,0.000000
2,1019.100000,0.229156,0.000000
3,1019.100000,0.014570,0.000000
4,1019.100000,0.042553,0.000000
5,1019.100000,0.014596,0.000000
6,1019.100000,0.014561,0.000000
7,1019.100000,0.059833,0.000000
8,1019.100000,0.049294,0.000000
9,1019.100000,0.080386,0.000000
0,1020.100000,0.042553,0.000000
1,1020.100000,0.049271,0.000000
2,1020.100000,0.621282,0.000000
3,1020.100000,0.042553,0.000000
4,1020.100000,0.059833,0.000000
5,1020.100000,0.042553,0.000000
6,1020.100000,0.059833,0.000000
7,1020.100000,0.049274,0.000000
8,1020.100000,0.042553,0.000000
9,1020.100000,0.014565,0.000000
0,1021.100000,0.042553,0.000000
1,1021.100000,0.049279,0.000000
2,1021.100000,0.621280,0.000000
3,1021.100000,0.042553,0.000000
4,1021.100000,0.059833,0.000000
5,1021.100000,0.042553,0.000000
6,1021.100000,0.059833,0.000000
7,1021.100000,0.049281,0.000000
8,1021.100000,0.042553,0.000000
9,1021.100000,0.014555,0.000000
0,1022.100000,0.042553,0.000000
1,1022.100000,0.049278,0.000000
2,1022.100000,0.621282,0.000000
3,1022.100000,0.042553,0.000000
4,1022.100000,0.059833,0.000000
5,1022.100000,0.042553,0.000000
6,1022.100000,0.059833,0.000000
7,1022.100000,0.049282,0.000000
8,1022.100000,0.042553,0.000000
9,1022.100000,0.014549,0.000000
0,1023.100000,0.042553,0.000000
1,1023.100000,0.049271,0.000000
2,1023.100000,0.621292,0.000000
3,1023.100000,0.042553,0.000000
4,1023.100000,0.059833,0.000000
5,1023.100000,0.042553,0.000000
6,1023.100000,0.059833,0.000000
7,1023.100000,0.049281,0.000000
8,1023.100000,0.042553,0.000000
9,1023.100000,0.014570,0.000000
0,1024.100000,0.042553,0.000000
1,1024.100000,0.049302,0.000000
2,1024.100000,0.621291,0.000000
3,1024.100000,0.042553,0.000000
4,1024.100000,0.059833,0.000000
5,1024.100000,0.042553,0.000000
6,1024.100000,0.059833,0.000000
7,1024.100000,0.049281,0.000000
8,1024.100000,0.042553,0.000000
9,1024.100000,0.014576,0.000000
0,1025.100000,0.042553,0.000000
1,1025.100000,0.049302,0.000000
2,1025.100000,0.621306,0.000000
3,1025.100000,0.042553,0.000000
4,1025.100000,0.059833,0.000000
5,1025.100000,0.042553,0.000000
6,1025.100000,0.059833,0.000000
7,1025.100000,0.049309,0.000000
8,1025.100000,0.042553,0.000000
9,1025.100000,0.014584,0.000000
0,1026.100000,0.042553,0.000000
1,1026.100000,0.049294,0.000000
2,1026.100000,0.621314,0.000000
3,1026.100000,0.042553,0.000000
4,1026.100000,0.059833,0.000000
5,1026.100000,0.042553,0.000000
6,1026.100000,0.059833,0.000000
7,1026.100000,0.049300,0.000000
8,1026.100000,0.042553,0.000000
9,1026.100000,0.014591,0.000000
0,1027.100000,0.042553,0.000000
1,1027.100000,0.049291,0.000000
2,1027.100000,0.621313,0.000000
3,1027.100000,0.042553,0.000000
4,1027.100000,0.059833,0.000000
5,1027.100000,0.042553,0.000000
6,1027.100000,0.059833,0.000000
7,1027.100000,0.049295,0.000000
8,1027.100000,0.042553,0.000000
9,1027.100000,0.014577,0.000000
0,1028.100000,0.042553,0.000000
1,1028.100000,0.049287,0.000000
2,1028.100000,0.621325,0.000000
3,1028.100000,0.042553,0.000000
4,1028.100000,0.059833,0.000000
5,1028.100000,0.042553,0.000000
6,1028.100000,0.059833,0.000000
7,1028.100000,0.049278,0.000000
8,1028.100000,0.042553,0.000000
9,1028.100000,0.014576,0.000000
0,1029.100000,0.042553,0.000000
1,1029.100000,0.049288,0.000000
2,1029.100000,0.061558,0.000000
3,1029.100000,0.042553,0.000000
4,1029.100000,0.059833,0.000000
5,1029.100000,0.042553,0.000000
6,1029.100000,0.059833,0.000000
7,1029.100000,0.049314,0.000000
8,1029.100000,0.042553,0.000000
9,1029.100000,0.014578,0.000000
0,1030.100000,0.080386,0.000000
1,1030.100000,0.059833,0.000000
2,1030.100000,0.015019,0.000000
3,1030.100000,0.059833,0.000000
4,1030.100000,0.080386,0.000000
5,1030.100000,0.059839,0.000000
6,1030.100000,0.049274,0.000000
7,1030.100000,0.042553,0.000000
8,1030.100000,0.080385,0.000000
9,1030.100000,0.059833,0.000000
0,1031.100000,0.080386,0.000000
1,1031.100000,0.059833,0.000000
2,1031.100000,0.015009,0.000000
3,1031.100000,0.059833,0.000000
4,1031.100000,0.080386,0.000000
5,1031.100000,0.059839,0.000000
6,1031.100000,0.049274,0.000000
7,1031.100000,0.042553,0.000000
8,1031.100000,0.080386,0.000000
9,1031.100000,0.059833,0.000000
0,1032.100000,0.080386,0.000000
1,1032.100000,0.059833,0.000000
2,1032.100000,0.014982,0.000000
3,1032.100000,0.059833,0.000000
4,1032.100000,0.080384,0.000000
5,1032.100000,0.059839,0.000000
6,1032.100000,0.049297,0.000000
7,1032.100000,0.042553,0.000000
8,1032.100000,0.080386,0.000000
9,1032.100000,0.059833,0.000000
0,1033.100000,0.080386,0.000000
1,1033.100000,0.059833,0.000000
2,1033.100000,0.014948,0.000000
3,1033.100000,0.059833,0.000000
4,1033.100000,0.080387,0.000000
5,1033.100000,0.059839,0.000000
6,1033.100000,0.049290,0.000000
7,1033.100000,0.042553,0.000000
8,1033.100000,0.080385,0.000000
9,1033.100000,0.059833,0.000000
0,1034.100000,0.080386,0.000000
1,1034.100000,0.059833,0.000000
2,1034.100000,0.014934,0.000000
3,1034.100000,0.059833,0.000000
4,1034.100000,0.080386,0.000000
5,1034.100000,0.059839,0.000000
6,1034.100000,0.049291,0.000000
7,1034.100000,0.042553,0.000000
8,1034.100000,0.080386,0.000000
9,1034.100000,0.059833,0.000000
0,1035.100000,0.080385,0.000000
1,1035.100000,0.059834,0.000000
2,1035.100000,0.014953,0.000000
3,1035.100000,0.059833,0.000000
4,1035.100000,0.080386,0.000000
5,1035.100000,0.059839,0.000000
6,1035.100000,0.049287,0.000000
7,1035.100000,0.042553,0.000000
8,1035.100000,0.080386,0.000000
9,1035.100000,0.059833,0.000000
0,1036.100000,0.080386,0.000000
1,1036.100000,0.059833,0.000000
2,1036.100000,0.014952,0.000000
3,1036.100000,0.059833,0.000000
4,1036.100000,0.080386,0.000000
5,1036.100000,0.059840,0.000000
6,1036.100000,0.049290,0.000000
7,1036.100000,0.042553,0.000000
8,1036.100000,0.080386,0.000000
9,1036.100000,0.059833,0.000000
0,1037.100000,0.080385,0.000000
1,1037.100000,0.059833,0.000000
2,1037.100000,0.014931,0.000000
3,1037.100000,0.059833,0.000000
4,1037.100000,0.080386,0.000000
5,1037.100000,0.059840,0.000000
6,1037.100000,0.049299,0.000000
7,1037.100000,0.042553,0.000000
8,1037.100000,0.080386,0.000000
9,1037.100000,0.059833,0.000000
0,1038.100000,0.080385,0.000000
1,1038.100000,0.059833,0.000000
2,1038.100000,0.014934,0.000000
3,1038.100000,0.059833,0.000000
4,1038.100000,0.080386,0.000000
5,1038.100000,0.059840,0.000000
6,1038.100000,0.049283,0.000000
7,1038.100000,0.042553,0.000000
8,1038.100000,0.080385,0.000000
9,1038.100000,0.059833,0.000000
0,1039.100000,0.080386,0.000000
1,1039.100000,0.059833,0.000000
2,1039.100000,0.014596,0.000000
3,1039.100000,0.059833,0.000000
4,1039.100000,0.080385,0.000000
5,1039.100000,0.059840,0.000000
6,1039.100000,0.049296,0.000000
7,1039.100000,0.042554,0.000000
8,1039.100000,0.080386,0.000000
9,1039.100000,0.059833,0.000000
0,1040.100000,0.014550,0.000000
1,1040.100000,0.080386,0.000000
2,1040.100000,0.042553,0.000000
3,1040.100000,0.080387,0.000000
4,1040.100000,0.049283,0.000000
5,1040.100000,0.049096,0.000000
6,1040.100000,0.042553,0.000000
7,1040.100000,0.080386,0.000000
8,1040.100000,0.080386,0.000000
9,1040.100000,0.049283,0.000000
0,1041.100000,0.014558,0.000000
1,1041.100000,0.080386,0.000000
2,1041.100000,0.042553,0.000000
3,1041.100000,0.080385,0.000000
4,1041.100000,0.049281,0.000000
5,1041.100000,0.049096,0.000000
6,1041.100000,0.042553,0.000000
7,1041.100000,0.080385,0.000000
8,1041.100000,0.080384,0.000000
9,1041.100000,0.049271,0.000000
0,1042.100000,0.014558,0.000000
1,1042.100000,0.080385,0.000000
2,1042.100000,0.042553,0.000000
3,1042.100000,0.080386,0.000000
4,1042.100000,0.049284,0.000000
5,1042.100000,0.049097,0.000000
6,1042.100000,0.042553,0.000000
7,1042.100000,0.080386,0.000000
8,1042.100000,0.080386,0.000000
9,1042.100000,0.049287,0.000000
0,1043.100000,0.014562,0.000000
1,1043.100000,0.080387,0.000000
2,1043.100000,0.042553,0.000000
3,1043.100000,0.080385,0.000000
4,1043.100000,0.049280,0.000000
5,1043.100000,0.049097,0.000000
6,1043.100000,0.042553,0.000000
7,1043.100000,0.080386,0.000000
8,1043.100000,0.080386,0.000000
9,1043.100000,0.049301,0.000000
0,1044.100000,0.014561,0.000000
1,1044.100000,0.080385,0.000000
2,1044.100000,0.042553,0.000000
3,1044.100000,0.080384,0.000000
4,1044.100000,0.049283,0.000000
5,1044.100000,0.049098,0.000000
6,1044.100000,0.042553,0.000000
7,1044.100000,0.080385,0.000000
8,1044.100000,0.080386,0.000000
9,1044.100000,0.049289,0.000000
0,1045.100000,0.014562,0.000000
1,1045.100000,0.080385,0.000000
2,1045.100000,0.042553,0.000000
3,1045.100000,0.080386,0.000000
4,1045.100000,0.049294,0.000000
5,1045.100000,0.049098,0.000000
6,1045.100000,0.042553,0.000000
7,1045.100000,0.080386,0.000000
8,1045.100000,0.080385,0.000000
9,1045.100000,0.049282,0.000000
0,1046.100000,0.014561,0.000000
1,1046.100000,0.080386,0.000000
2,1046.100000,0.042553,0.000000
3,1046.100000,0.080385,0.000000
4,1046.100000,0.049298,0.000000
5,1046.100000,0.049099,0.000000
6,1046.100000,0.042553,0.000000
7,1046.100000,0.080387,0.000000
8,1046.100000,0.080386,0.000000
9,1046.100000,0.049297,0.000000
0,1047.100000,0.014553,0.000000
1,1047.100000,0.080386,0.000000
2,1047.100000,0.042553,0.000000
3,1047.100000,0.080386,0.000000
4,1047.100000,0.049290,0.000000
5,1047.100000,0.049099,0.000000
6,1047.100000,0.042553,0.000000
7,1047.100000,0.080386,0.000000
8,1047.100000,0.080385,0.000000
9,1047.100000,0.049295,0.000000
0,1048.100000,0.014558,0.000000
1,1048.100000,0.080385,0.000000
2,1048.100000,0.042553,0.000000
3,1048.100000,0.080385,0.000000
4,1048.100000,0.049276,0.000000
5,1048.100000,0.049100,0.000000
6,1048.100000,0.042553,0.000000
7,1048.100000,0.080385,0.000000
8,1048.100000,0.080386,0.000000
9,1048.100000,0.049304,0.000000
0,1049.100000,0.014554,0.000000
1,1049.100000,0.080386,0.000000
2,1049.100000,0.042553,0.000000
3,1049.100000,0.080385,0.000000
4,1049.100000,0.049271,0.000000
5,1049.100000,0.049100,0.000000
6,1049.100000,0.042553,0.000000
7,1049.100000,0.080385,0.000000
8,1049.100000,0.080386,0.000000
9,1049.100000,0.049303,0.000000
0,1050.100000,0.042553,0.000000
1,1050.100000,0.014565,0.000000
2,1050.100000,0.059846,0.000000
3,1050.100000,0.049278,0.000000
4,1050.100000,0.014573,0.000000
5,1050.100000,0.080365,0.000000
6,1050.100000,0.080386,0.000000
7,1050.100000,0.014590,0.000000
8,1050.100000,0.014572,0.000000
9,1050.100000,0.042554,0.000000
0,1051.100000,0.042553,0.000000
1,1051.100000,0.014556,0.000000
2,1051.100000,0.059846,0.000000
3,1051.100000,0.049292,0.000000
4,1051.100000,0.014581,0.000000
5,1051.100000,0.080365,0.000000
6,1051.100000,0.080385,0.000000
7,1051.100000,0.014556,0.000000
8,1051.100000,0.014559,0.000000
9,1051.100000,0.042553,0.000000
0,1052.100000,0.042553,0.000000
1,1052.100000,0.014560,0.000000
2,1052.100000,0.059846,0.000000
3,1052.100000,0.621257,0.000000
4,1052.100000,0.014579,0.000000
5,1052.100000,0.080369,0.000000
6,1052.100000,0.080386,0.000000
7,1052.100000,0.014575,0.000000
8,1052.100000,0.014578,0.000000
9,1052.100000,0.042553,0.000000
0,1053.100000,0.042553,0.000000
1,1053.100000,0.014555,0.000000
2,1053.100000,0.059845,0.000000
3,1053.100000,0.621236,0.000000
4,1053.100000,0.014587,0.000000
5,1053.100000,0.080396,0.000000
6,1053.100000,0.080385,0.000000
7,1053.100000,0.014575,0.000000
8,1053.100000,0.014598,0.000000
9,1053.100000,0.042553,0.000000
0,1054.100000,0.042553,0.000000
1,1054.100000,0.014559,0.000000
2,1054.100000,0.059844,0.000000
3,1054.100000,0.621233,0.000000
4,1054.100000,0.014587,0.000000
5,1054.100000,0.080375,0.000000
6,1054.100000,0.080385,0.000000
7,1054.100000,0.014561,0.000000
8,1054.100000,0.014590,0.000000
9,1054.100000,0.042553,0.000000
0,1055.100000,0.042553,0.000000
1,1055.100000,0.014550,0.000000
2,1055.100000,0.059842,0.000000
3,1055.100000,0.621219,0.000000
4,1055.100000,0.014570,0.000000
5,1055.100000,0.080372,0.000000
6,1055.100000,0.080385,0.000000
7,1055.100000,0.014581,0.000000
8,1055.100000,0.014579,0.000000
9,1055.100000,0.042553,0.000000
0,1056.100000,0.042553,0.000000
1,1056.100000,0.014552,0.000000
2,1056.100000,0.074906,0.000000
3,1056.100000,0.621212,0.000000
4,1056.100000,0.014562,0.000000
5,1056.100000,0.080372,0.000000
6,1056.100000,0.080385,0.000000
7,1056.100000,0.014605,0.000000
8,1056.100000,0.014571,0.000000
9,1056.100000,0.042553,0.000000
0,1057.100000,0.042553,0.000000
1,1057.100000,0.014567,0.000000
2,1057.100000,0.059833,0.000000
3,1057.100000,0.621201,0.000000
4,1057.100000,0.014569,0.000000
5,1057.100000,0.080372,0.000000
6,1057.100000,0.080386,0.000000
7,1057.100000,0.014592,0.000000
8,1057.100000,0.014562,0.000000
9,1057.100000,0.042553,0.000000
0,1058.100000,0.042553,0.000000
1,1058.100000,0.014567,0.000000
2,1058.100000,0.059833,0.000000
3,1058.100000,0.621205,0.000000
4,1058.100000,0.014574,0.000000
5,1058.100000,0.080371,0.000000
6,1058.100000,0.080386,0.000000
7,1058.100000,0.014576,0.000000
8,1058.100000,0.014564,0.000000
9,1058.100000,0.042553,0.000000
0,1059.100000,0.042553,0.000000
1,1059.100000,0.014555,0.000000
2,1059.100000,0.059833,0.000000
3,1059.100000,0.621221,0.000000
4,1059.100000,0.014581,0.000000
5,1059.100000,0.080373,0.000000
6,1059.100000,0.080385,0.000000
7,1059.100000,0.014571,0.000000
8,1059.100000,0.014563,0.000000
9,1059.100000,0.042553,0.000000
0,1060.100000,0.049281,0.000000
1,1060.100000,0.042553,0.000000
2,1060.100000,0.080386,0.000000
3,1060.100000,0.014631,0.000000
4,1060.100000,0.042553,0.000000
5,1060.100000,0.014587,0.000000
6,1060.100000,0.014572,0.000000
7,1060.100000,0.059833,0.000000
8,1060.100000,0.059833,0.000000
9,1060.100000,0.080385,0.000000
0,1061.100000,0.049271,0.000000
1,1061.100000,0.042553,0.000000
2,1061.100000,0.080387,0.000000
3,1061.100000,0.014951,0.000000
4,1061.100000,0.042553,0.000000
5,1061.100000,0.014561,0.000000
6,1061.100000,0.014580,0.000000
7,1061.100000,0.059833,0.000000
8,1061.100000,0.059833,0.000000
9,1061.100000,0.080386,0.000000
0,1062.100000,0.049274,0.000000
1,1062.100000,0.042553,0.000000
2,1062.100000,0.080385,0.000000
3,1062.100000,0.014964,0.000000
4,1062.100000,0.042553,0.000000
5,1062.100000,0.014565,0.000000
6,1062.100000,0.014584,0.000000
7,1062.100000,0.059833,0.000000
8,1062.100000,0.059833,0.000000
9,1062.100000,0.080386,0.000000
0,1063.100000,0.049282,0.000000
1,1063.100000,0.042553,0.000000
2,1063.100000,0.080386,0.000000
3,1063.100000,0.014968,0.000000
4,1063.100000,0.042553,0.000000
5,1063.100000,0.014561,0.000000
6,1063.100000,0.014583,0.000000
7,1063.100000,0.059833,0.000000
8,1063.100000,0.059833,0.000000
9,1063.100000,0.080386,0.000000
0,1064.100000,0.049290,0.000000
1,1064.100000,0.042554,0.000000
2,1064.100000,0.080386,0.000000
3,1064.100000,0.014935,0.000000
4,1064.100000,0.042553,0.000000
5,1064.100000,0.014559,0.000000
6,1064.100000,0.014576,0.000000
7,1064.100000,0.059833,0.000000
8,1064.100000,0.059833,0.000000
9,1064.100000,0.080385,0.000000
0,1065.100000,0.049282,0.000000
1,1065.100000,0.042553,0.000000
2,1065.100000,0.080386,0.000000
3,1065.100000,0.014894,0.000000
4,1065.100000,0.042553,0.000000
5,1065.100000,0.014552,0.000000
6,1065.100000,0.014600,0.000000
7,1065.100000,0.059833,0.000000
8,1065.100000,0.059833,0.000000
9,1065.100000,0.080385,0.000000
0,1066.100000,0.049280,0.000000
1,1066.100000,0.042553,0.000000
2,1066.100000,0.080385,0.000000
3,1066.100000,0.014928,0.000000
4,1066.100000,0.042553,0.000000
5,1066.100000,0.014569,0.000000
6,1066.100000,0.014600,0.000000
7,1066.100000,0.059833,0.000000
8,1066.100000,0.059833,0.000000
9,1066.100000,0.080385,0.000000
0,1067.100000,0.049280,0.000000
1,1067.100000,0.042554,0.000000
2,1067.100000,0.080385,0.000000
3,1067.100000,0.015059,0.000000
4,1067.100000,0.042553,0.000000
5,1067.100000,0.014575,0.000000
6,1067.100000,0.014596,0.000000
7,1067.100000,0.059833,0.000000
8,1067.100000,0.059833,0.000000
9,1067.100000,0.080386,0.000000
0,1068.100000,0.049283,0.000000
1,1068.100000,0.042553,0.000000
2,1068.100000,0.080385,0.000000
3,1068.100000,0.015212,0.000000
4,1068.100000,0.042553,0.000000
5,1068.100000,0.014575,0.000000
6,1068.100000,0.014592,0.000000
7,1068.100000,0.059833,0.000000
8,1068.100000,0.059833,0.000000
9,1068.100000,0.080386,0.000000
0,1069.100000,0.049276,0.000000
1,1069.100000,0.042553,0.000000
2,1069.100000,0.080386,0.000000
3,1069.100000,0.015224,0.000000
4,1069.100000,0.042553,0.000000
5,1069.100000,0.014580,0.000000
6,1069.100000,0.014580,0.000000
7,1069.100000,0.059833,0.000000
8,1069.100000,0.059833,0.000000
9,1069.100000,0.080386,0.000000
0,1070.100000,0.059833,0.000000
1,1070.100000,0.049295,0.000000
2,1070.100000,0.049306,0.000000
3,1070.100000,0.844963,0.000000
4,1070.100000,0.059833,0.000000
5,1070.100000,0.042553,0.000000
6,1070.100000,0.059833,0.000000
7,1070.100000,0.049299,0.000000
8,1070.100000,0.049281,0.000000
9,1070.100000,0.014595,0.000000
0,1071.100000,0.059833,0.000000
1,1071.100000,0.049289,0.000000
2,1071.100000,0.049293,0.000000
3,1071.100000,0.844963,0.000000
4,1071.100000,0.059833,0.000000
5,1071.100000,0.042553,0.000000
6,1071.100000,0.059834,0.000000
7,1071.100000,0.049288,0.000000
8,1071.100000,0.049279,0.000000
9,1071.100000,0.014569,0.000000
0,1072.100000,0.059833,0.000000
1,1072.100000,0.049285,0.000000
2,1072.100000,0.049293,0.000000
3,1072.100000,0.042554,0.000000
4,1072.100000,0.059833,0.000000
5,1072.100000,0.042553,0.000000
6,1072.100000,0.059834,0.000000
7,1072.100000,0.049286,0.000000
8,1072.100000,0.049295,0.000000
9,1072.100000,0.014572,0.000000
0,1073.100000,0.059833,0.000000
1,1073.100000,0.049276,0.000000
2,1073.100000,0.049293,0.000000
3,1073.100000,0.042553,0.000000
4,1073.100000,0.059833,0.000000
5,1073.100000,0.042553,0.000000
6,1073.100000,0.059834,0.000000
7,1073.100000,0.049282,0.000000
8,1073.100000,0.049286,0.000000
9,1073.100000,0.014584,0.000000
0,1074.100000,0.059833,0.000000
1,1074.100000,0.049313,0.000000
2,1074.100000,0.049309,0.000000
3,1074.100000,0.042553,0.000000
4,1074.100000,0.059834,0.000000
5,1074.100000,0.042553,0.000000
6,1074.100000,0.059833,0.000000
7,1074.100000,0.049276,0.000000
8,1074.100000,0.049302,0.000000
9,1074.100000,0.014568,0.000000
0,1075.100000,0.059833,0.000000
1,1075.100000,0.049304,0.000000
2,1075.100000,0.049304,0.000000
3,1075.100000,0.042553,0.000000
4,1075.100000,0.059833,0.000000
5,1075.100000,0.042553,0.000000
6,1075.100000,0.059834,0.000000
7,1075.100000,0.049289,0.000000
8,1075.100000,0.049297,0.000000
9,1075.100000,0.014559,0.000000
0,1076.100000,0.059833,0.000000
1,1076.100000,0.049306,0.000000
2,1076.100000,0.049288,0.000000
3,1076.100000,0.042553,0.000000
4,1076.100000,0.059833,0.000000
5,1076.100000,0.042553,0.000000
6,1076.100000,0.059833,0.000000
7,1076.100000,0.049286,0.000000
8,1076.100000,0.049303,0.000000
9,1076.100000,0.014591,0.000000
0,1077.100000,0.059833,0.000000
1,1077.100000,0.049303,0.000000
2,1077.100000,0.049280,0.000000
3,1077.100000,0.042553,0.000000
4,1077.100000,0.059833,0.000000
5,1077.100000,0.042553,0.000000
6,1077.100000,0.059834,0.000000
7,1077.100000,0.049272,0.000000
8,1077.100000,0.049292,0.000000
9,1077.100000,0.014592,0.000000
0,1078.100000,0.059833,0.000000
1,1078.100000,0.049290,0.000000
2,1078.100000,0.049278,0.000000
3,1078.100000,0.042553,0.000000
4,1078.100000,0.059833,0.000000
5,1078.100000,0.042553,0.000000
6,1078.100000,0.059833,0.000000
7,1078.100000,0.049278,0.000000
8,1078.100000,0.049287,0.000000
9,1078.100000,0.014582,0.000000
0,1079.100000,0.059833,0.000000
1,1079.100000,0.049297,0.000000
2,1079.100000,0.049280,0.000000
3,1079.100000,0.042553,0.000000
4,1079.100000,0.059833,0.000000
5,1079.100000,0.042553,0.000000
6,1079.100000,0.059833,0.000000
7,1079.100000,0.049290,0.000000
8,1079.100000,0.049283,0.000000
9,1079.100000,0.014569,0.000000
0,1080.100000,0.080385,0.000000
1,1080.100000,0.059833,0.000000
2,1080.100000,0.014563,0.000000
3,1080.100000,0.059838,0.000000
4,1080.100000,0.080385,0.000000
5,1080.100000,0.059833,0.000000
6,1080.100000,0.049295,0.000000
7,1080.100000,0.042553,0.000000
8,1080.100000,0.042553,0.000000
9,1080.100000,0.059833,0.000000
0,1081.100000,0.080386,0.000000
1,1081.100000,0.059833,0.000000
2,1081.100000,0.014553,0.000000
3,1081.100000,0.059838,0.000000
4,1081.100000,0.080386,0.000000
5,1081.100000,0.059833,0.000000
6,1081.100000,0.049289,0.000000
7,1081.100000,0.042553,0.000000
8,1081.100000,0.042553,0.000000
9,1081.100000,0.059833,0.000000
0,1082.100000,0.080385,0.000000
1,1082.100000,0.059833,0.000000
2,1082.100000,0.014556,0.000000
3,1082.100000,0.059838,0.000000
4,1082.100000,0.080385,0.000000
5,1082.100000,0.059833,0.000000
6,1082.100000,0.049289,0.000000
7,1082.100000,0.042553,0.000000
8,1082.100000,0.042553,0.000000
9,1082.100000,0.059833,0.000000
0,1083.100000,0.080386,0.000000
1,1083.100000,0.059833,0.000000
2,1083.100000,0.014578,0.000000
3,1083.100000,0.059838,0.000000
4,1083.100000,0.080385,0.000000
5,1083.100000,0.059833,0.000000
6,1083.100000,0.049289,0.000000
7,1083.100000,0.042553,0.000000
8,1083.100000,0.042553,0.000000
9,1083.100000,0.059833,0.000000
0,1084.100000,0.080386,0.000000
1,1084.100000,0.059834,0.000000
2,1084.100000,0.014591,0.000000
3,1084.100000,0.059838,0.000000
4,1084.100000,0.080386,0.000000
5,1084.100000,0.059833,0.000000
6,1084.100000,0.049280,0.000000
7,1084.100000,0.042553,0.000000
8,1084.100000,0.042553,0.000000
9,1084.100000,0.059833,0.000000
0,1085.100000,0.080385,0.000000
1,1085.100000,0.059833,0.000000
2,1085.100000,0.014586,0.000000
3,1085.100000,0.059838,0.000000
4,1085.100000,0.080386,0.000000
5,1085.100000,0.059833,0.000000
6,1085.100000,0.049281,0.000000
7,1085.100000,0.042553,0.000000
8,1085.100000,0.042553,0.000000
9,1085.100000,0.059833,0.000000
0,1086.100000,0.080386,0.000000
1,1086.100000,0.059834,0.000000
2,1086.100000,0.014592,0.000000
3,1086.100000,0.059839,0.000000
4,1086.100000,0.080386,0.000000
5,1086.100000,0.059833,0.000000
6,1086.100000,0.049292,0.000000
7,1086.100000,0.042553,0.000000
8,1086.100000,0.042554,0.000000
9,1086.100000,0.059833,0.000000
0,1087.100000,0.080386,0.000000
1,1087.100000,0.059833,0.000000
2,1087.100000,0.014592,0.000000
3,1087.100000,0.059839,0.000000
4,1087.100000,0.080385,0.000000
5,1087.100000,0.059833,0.000000
6,1087.100000,0.049283,0.000000
7,1087.100000,0.042553,0.000000
8,1087.100000,0.042553,0.000000
9,1087.100000,0.059833,0.000000
0,1088.100000,0.080386,0.000000
1,1088.100000,0.059833,0.000000
2,1088.100000,0.014584,0.000000
3,1088.100000,0.059839,0.000000
4,1088.100000,0.080386,0.000000
5,1088.100000,0.059833,0.000000
6,1088.100000,0.049332,0.000000
7,1088.100000,0.042553,0.000000
8,1088.100000,0.042553,0.000000
9,1088.100000,0.059833,0.000000
0,1089.100000,0.080386,0.000000
1,1089.100000,0.059833,0.000000
2,1089.100000,0.014581,0.000000
3,1089.100000,0.059839,0.000000
4,1089.100000,0.080385,0.000000
5,1089.100000,0.059833,0.000000
6,1089.100000,0.049315,0.000000
7,1089.100000,0.042553,0.000000
8,1089.100000,0.042553,0.000000
9,1089.100000,0.059833,0.000000
0,1090.100000,0.014596,0.000000
1,1090.100000,0.080386,0.000000
2,1090.100000,0.042553,0.000000
3,1090.100000,0.080369,0.000000
4,1090.100000,0.049303,0.000000
5,1090.100000,0.049307,0.000000
6,1090.100000,0.042553,0.000000
7,1090.100000,0.080385,0.000000
8,1090.100000,0.080386,0.000000
9,1090.100000,0.080386,0.000000
0,1091.100000,0.014576,0.000000
1,1091.100000,0.080386,0.000000
2,1091.100000,0.042553,0.000000
3,1091.100000,0.080369,0.000000
4,1091.100000,0.049287,0.000000
5,1091.100000,0.049291,0.000000
6,1091.100000,0.042553,0.000000
7,1091.100000,0.080386,0.000000
8,1091.100000,0.080386,0.000000
9,1091.100000,0.080386,0.000000
0,1092.100000,0.014571,0.000000
1,1092.100000,0.080385,0.000000
2,1092.100000,0.042553,0.000000
3,1092.100000,0.080369,0.000000
4,1092.100000,0.049286,0.000000
5,1092.100000,0.049287,0.000000
6,1092.100000,0.042553,0.000000
7,1092.100000,0.080385,0.000000
8,1092.100000,0.080385,0.000000
9,1092.100000,0.080385,0.000000
0,1093.100000,0.014570,0.000000
1,1093.100000,0.080387,0.000000
2,1093.100000,0.042553,0.000000
3,1093.100000,0.080368,0.000000
4,1093.100000,0.049280,0.000000
5,1093.100000,0.049287,0.000000
6,1093.100000,0.042553,0.000000
7,1093.100000,0.080386,0.000000
8,1093.100000,0.080386,0.000000
9,1093.100000,0.080385,0.000000
0,1094.100000,0.014569,0.000000
1,1094.100000,0.080386,0.000000
2,1094.100000,0.042553,0.000000
3,1094.100000,0.080368,0.000000
4,1094.100000,0.049372,0.000000
5,1094.100000,0.049288,0.000000
6,1094.100000,0.042553,0.000000
7,1094.100000,0.080385,0.000000
8,1094.100000,0.080387,0.000000
9,1094.100000,0.080385,0.000000
0,1095.100000,0.014560,0.000000
1,1095.100000,0.080385,0.000000
2,1095.100000,0.042553,0.000000
3,1095.100000,0.080368,0.000000
4,1095.100000,0.049349,0.000000
5,1095.100000,0.049282,0.000000
6,1095.100000,0.042553,0.000000
7,1095.100000,0.080385,0.000000
8,1095.100000,0.080386,0.000000
9,1095.100000,0.080386,0.000000
0,1096.100000,0.014554,0.000000
1,1096.100000,0.080386,0.000000
2,1096.100000,0.042553,0.000000
3,1096.100000,0.080368,0.000000
4,1096.100000,0.049329,0.000000
5,1096.100000,0.049276,0.000000
6,1096.100000,0.042553,0.000000
7,1096.100000,0.080386,0.000000
8,1096.100000,0.080385,0.000000
9,1096.100000,0.080386,0.000000
0,1097.100000,0.014551,0.000000
1,1097.100000,0.080386,0.000000
2,1097.100000,0.042553,0.000000
3,1097.100000,0.080368,0.000000
4,1097.100000,0.049317,0.000000
5,1097.100000,0.049293,0.000000
6,1097.100000,0.042553,0.000000
7,1097.100000,0.080385,0.000000
8,1097.100000,0.080385,0.000000
9,1097.100000,0.080387,0.000000
0,1098.100000,0.014567,0.000000
1,1098.100000,0.080385,0.000000
2,1098.100000,0.042553,0.000000
3,1098.100000,0.080368,0.000000
4,1098.100000,0.049316,0.000000
5,1098.100000,0.049295,0.000000
6,1098.100000,0.042553,0.000000
7,1098.100000,0.080385,0.000000
8,1098.100000,0.080386,0.000000
9,1098.100000,0.080385,0.000000
0,1099.100000,0.014573,0.000000
1,1099.100000,0.080387,0.000000
2,1099.100000,0.042553,0.000000
3,1099.100000,0.080368,0.000000
4,1099.100000,0.049307,0.000000
5,1099.100000,0.049283,0.000000
6,1099.100000,0.042553,0.000000
7,1099.100000,0.080387,0.000000
8,1099.100000,0.080385,0.000000
9,1099.100000,0.080385,0.000000
0,1100.100000,0.042553,0.000000
1,1100.100000,0.014568,0.000000
2,1100.100000,0.059833,0.000000
3,1100.100000,0.049094,0.000000
4,1100.100000,0.014582,0.000000
5,1100.100000,0.080386,0.000000
6,1100.100000,0.080385,0.000000
7,1100.100000,0.014581,0.000000
8,1100.100000,0.014579,0.000000
9,1100.100000,0.049288,0.000000
0,1101.100000,0.042553,0.000000
1,1101.100000,0.014579,0.000000
2,1101.100000,0.059834,0.000000
3,1101.100000,0.049095,0.000000
4,1101.100000,0.014574,0.000000
5,1101.100000,0.080386,0.000000
6,1101.100000,0.080386,0.000000
7,1101.100000,0.014570,0.000000
8,1101.100000,0.014568,0.000000
9,1101.100000,0.049290,0.000000
0,1102.100000,0.042553,0.000000
1,1102.100000,0.014568,0.000000
2,1102.100000,0.059833,0.000000
3,1102.100000,0.049095,0.000000
4,1102.100000,0.014559,0.000000
5,1102.100000,0.080385,0.000000
6,1102.100000,0.080385,0.000000
7,1102.100000,0.014575,0.000000
8,1102.100000,0.014558,0.000000
9,1102.100000,0.049273,0.000000
0,1103.100000,0.042553,0.000000
1,1103.100000,0.014573,0.000000
2,1103.100000,0.059833,0.000000
3,1103.100000,0.049096,0.000000
4,1103.100000,0.014552,0.000000
5,1103.100000,0.080386,0.000000
6,1103.100000,0.080385,0.000000
7,1103.100000,0.014578,0.000000
8,1103.100000,0.014555,0.000000
9,1103.100000,0.049296,0.000000
0,1104.100000,0.042553,0.000000
1,1104.100000,0.014562,0.000000
2,1104.100000,0.059833,0.000000
3,1104.100000,0.049096,0.000000
4,1104.100000,0.014563,0.000000
5,1104.100000,0.080386,0.000000
6,1104.100000,0.080387,0.000000
7,1104.100000,0.014561,0.000000
8,1104.100000,0.014568,0.000000
9,1104.100000,0.049288,0.000000
0,1105.100000,0.042553,0.000000
1,1105.100000,0.014558,0.000000
2,1105.100000,0.059833,0.000000
3,1105.100000,0.049097,0.000000
4,1105.100000,0.014568,0.000000
5,1105.100000,0.080386,0.000000
6,1105.100000,0.080386,0.000000
7,1105.100000,0.014558,0.000000
8,1105.100000,0.014577,0.000000
9,1105.100000,0.049279,0.000000
0,1106.100000,0.042553,0.000000
1,1106.100000,0.014569,0.000000
2,1106.100000,0.059833,0.000000
3,1106.100000,0.049097,0.000000
4,1106.100000,0.014578,0.000000
5,1106.100000,0.080385,0.000000
6,1106.100000,0.080385,0.000000
7,1106.100000,0.014556,0.000000
8,1106.100000,0.014562,0.000000
9,1106.100000,0.049290,0.000000
0,1107.100000,0.042553,0.000000
1,1107.100000,0.014568,0.000000
2,1107.100000,0.059833,0.000000
3,1107.100000,0.049098,0.000000
4,1107.100000,0.014567,0.000000
5,1107.100000,0.080386,0.000000
6,1107.100000,0.080385,0.000000
7,1107.100000,0.014570,0.000000
8,1107.100000,0.014564,0.000000
9,1107.100000,0.049277,0.000000
0,1108.100000,0.042553,0.000000
1,1108.100000,0.014581,0.000000
2,1108.100000,0.059833,0.000000
3,1108.100000,0.049098,0.000000
4,1108.100000,0.014579,0.000000
5,1108.100000,0.080385,0.000000
6,1108.100000,0.080386,0.000000
7,1108.100000,0.014580,0.000000
8,1108.100000,0.014567,0.000000
9,1108.100000,0.049278,0.000000
0,1109.100000,0.042553,0.000000
1,1109.100000,0.014581,0.000000
2,1109.100000,0.059833,0.000000
3,1109.100000,0.049099,0.000000
4,1109.100000,0.014579,0.000000
5,1109.100000,0.080386,0.000000
6,1109.100000,0.080385,0.000000
7,1109.100000,0.014568,0.000000
8,1109.100000,0.014580,0.000000
9,1109.100000,0.049286,0.000000
0,1110.100000,0.049282,0.000000
1,1110.100000,0.042553,0.000000
2,1110.100000,0.080386,0.000000
3,1110.100000,0.014527,0.000000
4,1110.100000,0.042553,0.000000
5,1110.100000,0.014563,0.000000
6,1110.100000,0.014573,0.000000
7,1110.100000,0.059833,0.000000
8,1110.100000,0.059833,0.000000
9,1110.100000,0.042553,0.000000
0,1111.100000,0.049289,0.000000
1,1111.100000,0.042553,0.000000
2,1111.100000,0.080386,0.000000
3,1111.100000,0.014528,0.000000
4,1111.100000,0.042553,0.000000
5,1111.100000,0.014564,0.000000
6,1111.100000,0.014573,0.000000
7,1111.100000,0.059833,0.000000
8,1111.100000,0.059833,0.000000
9,1111.100000,0.042553,0.000000
0,1112.100000,0.049287,0.000000
1,1112.100000,0.042554,0.000000
2,1112.100000,0.080385,0.000000
3,1112.100000,0.014531,0.000000
4,1112.100000,0.042553,0.000000
5,1112.100000,0.014580,0.000000
6,1112.100000,0.014570,0.000000
7,1112.100000,0.059833,0.000000
8,1112.100000,0.059834,0.000000
9,1112.100000,0.042553,0.000000
0,1113.100000,0.049286,0.000000
1,1113.100000,0.042553,0.000000
2,1113.100000,0.080385,0.000000
3,1113.100000,0.014528,0.000000
4,1113.100000,0.042553,0.000000
5,1113.100000,0.014562,0.000000
6,1113.100000,0.014569,0.000000
7,1113.100000,0.059833,0.000000
8,1113.100000,0.059833,0.000000
9,1113.100000,0.042553,0.000000
0,1114.100000,0.049283,0.000000
1,1114.100000,0.042553,0.000000
2,1114.100000,0.080386,0.000000
3,1114.100000,0.014557,0.000000
4,1114.100000,0.042553,0.000000
5,1114.100000,0.014564,0.000000
6,1114.100000,0.014587,0.000000
7,1114.100000,0.059833,0.000000
8,1114.100000,0.059833,0.000000
9,1114.100000,0.042553,0.000000
0,1115.100000,0.049282,0.000000
1,1115.100000,0.042553,0.000000
2,1115.100000,0.080386,0.000000
3,1115.100000,0.014580,0.000000
4,1115.100000,0.042553,0.000000
5,1115.100000,0.014582,0.000000
6,1115.100000,0.014576,0.000000
7,1115.100000,0.059833,0.000000
8,1115.100000,0.059833,0.000000
9,1115.100000,0.042553,0.000000
0,1116.100000,0.049288,0.000000
1,1116.100000,0.042553,0.000000
2,1116.100000,0.080385,0.000000
3,1116.100000,0.014599,0.000000
4,1116.100000,0.042553,0.000000
5,1116.100000,0.014579,0.000000
6,1116.100000,0.014566,0.000000
7,1116.100000,0.059833,0.000000
8,1116.100000,0.059833,0.000000
9,1116.100000,0.042553,0.000000
0,1117.100000,0.049287,0.000000
1,1117.100000,0.042553,0.000000
2,1117.100000,0.080386,0.000000
3,1117.100000,0.014605,0.000000
4,1117.100000,0.042553,0.000000
5,1117.100000,0.014583,0.000000
6,1117.100000,0.014565,0.000000
7,1117.100000,0.059833,0.000000
8,1117.100000,0.059833,0.000000
9,1117.100000,0.042553,0.000000
0,1118.100000,0.049281,0.000000
1,1118.100000,0.042553,0.000000
2,1118.100000,0.080387,0.000000
3,1118.100000,0.014606,0.000000
4,1118.100000,0.042553,0.000000
5,1118.100000,0.014568,0.000000
6,1118.100000,0.014562,0.000000
7,1118.100000,0.059833,0.000000
8,1118.100000,0.059833,0.000000
9,1118.100000,0.042553,0.000000
0,1119.100000,0.049289,0.000000
1,1119.100000,0.042553,0.000000
2,1119.100000,0.080385,0.000000
3,1119.100000,0.014604,0.000000
4,1119.100000,0.042553,0.000000
5,1119.100000,0.014552,0.000000
6,1119.100000,0.014572,0.000000
7,1119.100000,0.059833,0.000000
8,1119.100000,0.059833,0.000000
9,1119.100000,0.042553,0.000000
0,1120.100000,0.059833,0.000000
1,1120.100000,0.049311,0.000000
2,1120.100000,0.049302,0.000000
3,1120.100000,0.042553,0.000000
4,1120.100000,0.059833,0.000000
5,1120.100000,0.042553,0.000000
6,1120.100000,0.059833,0.000000
7,1120.100000,0.049283,0.000000
8,1120.100000,0.049295,0.000000
9,1120.100000,0.080385,0.000000
0,1121.100000,0.059833,0.000000
1,1121.100000,0.049293,0.000000
2,1121.100000,0.049297,0.000000
3,1121.100000,0.042553,0.000000
4,1121.100000,0.059833,0.000000
5,1121.100000,0.042553,0.000000
6,1121.100000,0.059833,0.000000
7,1121.100000,0.049273,0.000000
8,1121.100000,0.049283,0.000000
9,1121.100000,0.080386,0.000000
0,1122.100000,0.059833,0.000000
1,1122.100000,0.049296,0.000000
2,1122.100000,0.049294,0.000000
3,1122.100000,0.042553,0.000000
4,1122.100000,0.059833,0.000000
5,1122.100000,0.042553,0.000000
6,1122.100000,0.059833,0.000000
7,1122.100000,0.049281,0.000000
8,1122.100000,0.049292,0.000000
9,1122.100000,0.080386,0.000000
0,1123.100000,0.059833,0.000000
1,1123.100000,0.049288,0.000000
2,1123.100000,0.049283,0.000000
3,1123.100000,0.042553,0.000000
4,1123.100000,0.059833,0.000000
5,1123.100000,0.042553,0.000000
6,1123.100000,0.059833,0.000000
7,1123.100000,0.049290,0.000000
8,1123.100000,0.049288,0.000000
9,1123.100000,0.080385,0.000000
0,1124.100000,0.059833,0.000000
1,1124.100000,0.049294,0.000000
2,1124.100000,0.049286,0.000000
3,1124.100000,0.042553,0.000000
4,1124.100000,0.059833,0.000000
5,1124.100000,0.042553,0.000000
6,1124.100000,0.059833,0.000000
7,1124.100000,0.049284,0.000000
8,1124.100000,0.049282,0.000000
9,1124.100000,0.080386,0.000000
0,1125.100000,0.059833,0.000000
1,1125.100000,0.049285,0.000000
2,1125.100000,0.049282,0.000000
3,1125.100000,0.042553,0.000000
4,1125.100000,0.059833,0.000000
5,1125.100000,0.042553,0.000000
6,1125.100000,0.059833,0.000000
7,1125.100000,0.049282,0.000000
8,1125.100000,0.049276,0.000000
9,1125.100000,0.080385,0.000000
0,1126.100000,0.059833,0.000000
1,1126.100000,0.049300,0.000000
2,1126.100000,0.049280,0.000000
3,1126.100000,0.042553,0.000000
4,1126.100000,0.059833,0.000000
5,1126.100000,0.042553,0.000000
6,1126.100000,0.059833,0.000000
7,1126.100000,0.049275,0.000000
8,1126.100000,0.049281,0.000000
9,1126.100000,0.080386,0.000000
0,1127.100000,0.059833,0.000000
1,1127.100000,0.049301,0.000000
2,1127.100000,0.049295,0.000000
3,1127.100000,0.042553,0.000000
4,1127.100000,0.059833,0.000000
5,1127.100000,0.042553,0.000000
6,1127.100000,0.059833,0.000000
7,1127.100000,0.049356,0.000000
8,1127.100000,0.049281,0.000000
9,1127.100000,0.080386,0.000000
0,1128.100000,0.059833,0.000000
1,1128.100000,0.049292,0.000000
2,1128.100000,0.049286,0.000000
3,1128.100000,0.042553,0.000000
4,1128.100000,0.059833,0.000000
5,1128.100000,0.042553,0.000000
6,1128.100000,0.059833,0.000000
7,1128.100000,0.049334,0.000000
8,1128.100000,0.049285,0.000000
9,1128.100000,0.080386,0.000000
0,1129.100000,0.059833,0.000000
1,1129.100000,0.049285,0.000000
2,1129.100000,0.049280,0.000000
3,1129.100000,0.042553,0.000000
4,1129.100000,0.059833,0.000000
5,1129.100000,0.042553,0.000000
6,1129.100000,0.059833,0.000000
7,1129.100000,0.049313,0.000000
8,1129.100000,0.049280,0.000000
9,1129.100000,0.080385,0.000000
0,1130.100000,0.059833,0.000000
1,1130.100000,0.014582,0.000000
2,1130.100000,0.014584,0.000000
3,1130.100000,0.059833,0.000000
4,1130.100000,0.080386,0.000000
5,1130.100000,0.059833,0.000000
6,1130.100000,0.049310,0.000000
7,1130.100000,0.042553,0.000000
8,1130.100000,0.042553,0.000000
9,1130.100000,0.014560,0.000000
0,1131.100000,0.059833,0.000000
1,1131.100000,0.014581,0.000000
2,1131.100000,0.014575,0.000000
3,1131.100000,0.059833,0.000000
4,1131.100000,0.080386,0.000000
5,1131.100000,0.059833,0.000000
6,1131.100000,0.049301,0.000000
7,1131.100000,0.042553,0.000000
8,1131.100000,0.042553,0.000000
9,1131.100000,0.014581,0.000000
0,1132.100000,0.059833,0.000000
1,1132.100000,0.014581,0.000000
2,1132.100000,0.014562,0.000000
3,1132.100000,0.059833,0.000000
4,1132.100000,0.080386,0.000000
5,1132.100000,0.059833,0.000000
6,1132.100000,0.049316,0.000000
7,1132.100000,0.042553,0.000000
8,1132.100000,0.042553,0.000000
9,1132.100000,0.014583,0.000000
0,1133.100000,0.059833,0.000000
1,1133.100000,0.014582,0.000000
2,1133.100000,0.014563,0.000000
3,1133.100000,0.059833,0.000000
4,1133.100000,0.080386,0.000000
5,1133.100000,0.059833,0.000000
6,1133.100000,0.049308,0.000000
7,1133.100000,0.042553,0.000000
8,1133.100000,0.042553,0.000000
9,1133.100000,0.014572,0.000000
0,1134.100000,0.059833,0.000000
1,1134.100000,0.014560,0.000000
2,1134.100000,0.014556,0.000000
3,1134.100000,0.059833,0.000000
4,1134.100000,0.080386,0.000000
5,1134.100000,0.059833,0.000000
6,1134.100000,0.049305,0.000000
7,1134.100000,0.042553,0.000000
8,1134.100000,0.042553,0.000000
9,1134.100000,0.014557,0.000000
0,1135.100000,0.059833,0.000000
1,1135.100000,0.014557,0.000000
2,1135.100000,0.014563,0.000000
3,1135.100000,0.059833,0.000000
4,1135.100000,0.080386,0.000000
5,1135.100000,0.059833,0.000000
6,1135.100000,0.049291,0.000000
7,1135.100000,0.042553,0.000000
8,1135.100000,0.042553,0.000000
9,1135.100000,0.014568,0.000000
0,1136.100000,0.059833,0.000000
1,1136.100000,0.014563,0.000000
2,1136.100000,0.014571,0.000000
3,1136.100000,0.059833,0.000000
4,1136.100000,0.080386,0.000000
5,1136.100000,0.059833,0.000000
6,1136.100000,0.049294,0.000000
7,1136.100000,0.042553,0.000000
8,1136.100000,0.042553,0.000000
9,1136.100000,0.014562,0.000000
0,1137.100000,0.059833,0.000000
1,1137.100000,0.014567,0.000000
2,1137.100000,0.014580,0.000000
3,1137.100000,0.059833,0.000000
4,1137.100000,0.080385,0.000000
5,1137.100000,0.059833,0.000000
6,1137.100000,0.049292,0.000000
7,1137.100000,0.042553,0.000000
8,1137.100000,0.042553,0.000000
9,1137.100000,0.014557,0.000000
0,1138.100000,0.059833,0.000000
1,1138.100000,0.014566,0.000000
2,1138.100000,0.014575,0.000000
3,1138.100000,0.059833,0.000000
4,1138.100000,0.080386,0.000000
5,1138.100000,0.059833,0.000000
6,1138.100000,0.049284,0.000000
7,1138.100000,0.042553,0.000000
8,1138.100000,0.042553,0.000000
9,1138.100000,0.014563,0.000000
0,1139.100000,0.059833,0.000000
1,1139.100000,0.014582,0.000000
2,1139.100000,0.014559,0.000000
3,1139.100000,0.059833,0.000000
4,1139.100000,0.080386,0.000000
5,1139.100000,0.059833,0.000000
6,1139.100000,0.049279,0.000000
7,1139.100000,0.042553,0.000000
8,1139.100000,0.042553,0.000000
9,1139.100000,0.014584,0.000000
0,1140.100000,0.080386,0.000000
1,1140.100000,0.059833,0.000000
2,1140.100000,0.042553,0.000000
3,1140.100000,0.080386,0.000000
4,1140.100000,0.049288,0.000000
5,1140.100000,0.049282,0.000000
6,1140.100000,0.042553,0.000000
7,1140.100000,0.080386,0.000000
8,1140.100000,0.080386,0.000000
9,1140.100000,0.059833,0.000000
0,1141.100000,0.080386,0.000000
1,1141.100000,0.059833,0.000000
2,1141.100000,0.042554,0.000000
3,1141.100000,0.080386,0.000000
4,1141.100000,0.049289,0.000000
5,1141.100000,0.049273,0.000000
6,1141.100000,0.042553,0.000000
7,1141.100000,0.080385,0.000000
8,1141.100000,0.080385,0.000000
9,1141.100000,0.059833,0.000000
0,1142.100000,0.080386,0.000000
1,1142.100000,0.059834,0.000000
2,1142.100000,0.042553,0.000000
3,1142.100000,0.080386,0.000000
4,1142.100000,0.049297,0.000000
5,1142.100000,0.049274,0.000000
6,1142.100000,0.042553,0.000000
7,1142.100000,0.080387,0.000000
8,1142.100000,0.080386,0.000000
9,1142.100000,0.059833,0.000000
0,1143.100000,0.080385,0.000000
1,1143.100000,0.059833,0.000000
2,1143.100000,0.042553,0.000000
3,1143.100000,0.080385,0.000000
4,1143.100000,0.049292,0.000000
5,1143.100000,0.049281,0.000000
6,1143.100000,0.042553,0.000000
7,1143.100000,0.080384,0.000000
8,1143.100000,0.080385,0.000000
9,1143.100000,0.059833,0.000000
0,1144.100000,0.080386,0.000000
1,1144.100000,0.059833,0.000000
2,1144.100000,0.042553,0.000000
3,1144.100000,0.080386,0.000000
4,1144.100000,0.049294,0.000000
5,1144.100000,0.049285,0.000000
6,1144.100000,0.042553,0.000000
7,1144.100000,0.080386,0.000000
8,1144.100000,0.080386,0.000000
9,1144.100000,0.059833,0.000000
0,1145.100000,0.080386,0.000000
1,1145.100000,0.059833,0.000000
2,1145.100000,0.042553,0.000000
3,1145.100000,0.080385,0.000000
4,1145.100000,0.049290,0.000000
5,1145.100000,0.049276,0.000000
6,1145.100000,0.042553,0.000000
7,1145.100000,0.080385,0.000000
8,1145.100000,0.080386,0.000000
9,1145.100000,0.059833,0.000000
0,1146.100000,0.080385,0.000000
1,1146.100000,0.059833,0.000000
2,1146.100000,0.042553,0.000000
3,1146.100000,0.080386,0.000000
4,1146.100000,0.049281,0.000000
5,1146.100000,0.049278,0.000000
6,1146.100000,0.042553,0.000000
7,1146.100000,0.080387,0.000000
8,1146.100000,0.080386,0.000000
9,1146.100000,0.059833,0.000000
0,1147.100000,0.080386,0.000000
1,1147.100000,0.059834,0.000000
2,1147.100000,0.042553,0.000000
3,1147.100000,0.080386,0.000000
4,1147.100000,0.049271,0.000000
5,1147.100000,0.049268,0.000000
6,1147.100000,0.042553,0.000000
7,1147.100000,0.080385,0.000000
8,1147.100000,0.080384,0.000000
9,1147.100000,0.059833,0.000000
0,1148.100000,0.080385,0.000000
1,1148.100000,0.059833,0.000000
2,1148.100000,0.042553,0.000000
3,1148.100000,0.080386,0.000000
4,1148.100000,0.049296,0.000000
5,1148.100000,0.049296,0.000000
6,1148.100000,0.042553,0.000000
7,1148.100000,0.080385,0.000000
8,1148.100000,0.080386,0.000000
9,1148.100000,0.059833,0.000000
0,1149.100000,0.080386,0.000000
1,1149.100000,0.059833,0.000000
2,1149.100000,0.042553,0.000000
3,1149.100000,0.080386,0.000000
4,1149.100000,0.049285,0.000000
5,1149.100000,0.049296,0.000000
6,1149.100000,0.042553,0.000000
7,1149.100000,0.080386,0.000000
8,1149.100000,0.080386,0.000000
9,1149.100000,0.059833,0.000000
0,1150.100000,0.014568,0.000000
1,1150.100000,0.080386,0.000000
2,1150.100000,0.059833,0.000000
3,1150.100000,0.049288,0.000000
4,1150.100000,0.014550,0.000000
5,1150.100000,0.080386,0.000000
6,1150.100000,0.080386,0.000000
7,1150.100000,0.014573,0.000000
8,1150.100000,0.014566,0.000000
9,1150.100000,0.049280,0.000000
0,1151.100000,0.014580,0.000000
1,1151.100000,0.080386,0.000000
2,1151.100000,0.059833,0.000000
3,1151.100000,0.049289,0.000000
4,1151.100000,0.014553,0.000000
5,1151.100000,0.080386,0.000000
6,1151.100000,0.080386,0.000000
7,1151.100000,0.014576,0.000000
8,1151.100000,0.014553,0.000000
9,1151.100000,0.049279,0.000000
0,1152.100000,0.014576,0.000000
1,1152.100000,0.080385,0.000000
2,1152.100000,0.059833,0.000000
3,1152.100000,0.049304,0.000000
4,1152.100000,0.014564,0.000000
5,1152.100000,0.080386,0.000000
6,1152.100000,0.080386,0.000000
7,1152.100000,0.014572,0.000000
8,1152.100000,0.014547,0.000000
9,1152.100000,0.049278,0.000000
0,1153.100000,0.014571,0.000000
1,1153.100000,0.080386,0.000000
2,1153.100000,0.059833,0.000000
3,1153.100000,0.049303,0.000000
4,1153.100000,0.014589,0.000000
5,1153.100000,0.080386,0.000000
6,1153.100000,0.080386,0.000000
7,1153.100000,0.014557,0.000000
8,1153.100000,0.014551,0.000000
9,1153.100000,0.049276,0.000000
0,1154.100000,0.014576,0.000000
1,1154.100000,0.080386,0.000000
2,1154.100000,0.059833,0.000000
3,1154.100000,0.049285,0.000000
4,1154.100000,0.014590,0.000000
5,1154.100000,0.080385,0.000000
6,1154.100000,0.080386,0.000000
7,1154.100000,0.014563,0.000000
8,1154.100000,0.014563,0.000000
9,1154.100000,0.049271,0.000000
0,1155.100000,0.014587,0.000000
1,1155.100000,0.080385,0.000000
2,1155.100000,0.059833,0.000000
3,1155.100000,0.049314,0.000000
4,1155.100000,0.014562,0.000000
5,1155.100000,0.080386,0.000000
6,1155.100000,0.080385,0.000000
7,1155.100000,0.014572,0.000000
8,1155.100000,0.014563,0.000000
9,1155.100000,0.049289,0.000000
0,1156.100000,0.014591,0.000000
1,1156.100000,0.080386,0.000000
2,1156.100000,0.059833,0.000000
3,1156.100000,0.049309,0.000000
4,1156.100000,0.014540,0.000000
5,1156.100000,0.080385,0.000000
6,1156.100000,0.080385,0.000000
7,1156.100000,0.014578,0.000000
8,1156.100000,0.014569,0.000000
9,1156.100000,0.049287,0.000000
0,1157.100000,0.014592,0.000000
1,1157.100000,0.080385,0.000000
2,1157.100000,0.059834,0.000000
3,1157.100000,0.049308,0.000000
4,1157.100000,0.014537,0.000000
5,1157.100000,0.080386,0.000000
6,1157.100000,0.080385,0.000000
7,1157.100000,0.014582,0.000000
8,1157.100000,0.014593,0.000000
9,1157.100000,0.049284,0.000000
0,1158.100000,0.014588,0.000000
1,1158.100000,0.080386,0.000000
2,1158.100000,0.059833,0.000000
3,1158.100000,0.049304,0.000000
4,1158.100000,0.014550,0.000000
5,1158.100000,0.080386,0.000000
6,1158.100000,0.080386,0.000000
7,1158.100000,0.014575,0.000000
8,1158.100000,0.014581,0.000000
9,1158.100000,0.049283,0.000000
0,1159.100000,0.014573,0.000000
1,1159.100000,0.080386,0.000000
2,1159.100000,0.059833,0.000000
3,1159.100000,0.049295,0.000000
4,1159.100000,0.014577,0.000000
5,1159.100000,0.080385,0.000000
6,1159.100000,0.080387,0.000000
7,1159.100000,0.014572,0.000000
8,1159.100000,0.014566,0.000000
9,1159.100000,0.049279,0.000000
0,1160.100000,0.042553,0.000000
1,1160.100000,0.014569,0.000000
2,1160.100000,0.080386,0.000000
3,1160.100000,0.014554,0.000000
4,1160.100000,0.042553,0.000000
5,1160.100000,0.014567,0.000000
6,1160.100000,0.014578,0.000000
7,1160.100000,0.059833,0.000000
8,1160.100000,0.059833,0.000000
9,1160.100000,0.042553,0.000000
0,1161.100000,0.042553,0.000000
1,1161.100000,0.014573,0.000000
2,1161.100000,0.080386,0.000000
3,1161.100000,0.014573,0.000000
4,1161.100000,0.042553,0.000000
5,1161.100000,0.014560,0.000000
6,1161.100000,0.014582,0.000000
7,1161.100000,0.059833,0.000000
8,1161.100000,0.059833,0.000000
9,1161.100000,0.042553,0.000000
0,1162.100000,0.042553,0.000000
1,1162.100000,0.014570,0.000000
2,1162.100000,0.080386,0.000000
3,1162.100000,0.014574,0.000000
4,1162.100000,0.042553,0.000000
5,1162.100000,0.014565,0.000000
6,1162.100000,0.014561,0.000000
7,1162.100000,0.059833,0.000000
8,1162.100000,0.059833,0.000000
9,1162.100000,0.042553,0.000000
0,1163.100000,0.042553,0.000000
1,1163.100000,0.014589,0.000000
2,1163.100000,0.080385,0.000000
3,1163.100000,0.014557,0.000000
4,1163.100000,0.042553,0.000000
5,1163.100000,0.014561,0.000000
6,1163.100000,0.014558,0.000000
7,1163.100000,0.059833,0.000000
8,1163.100000,0.059833,0.000000
9,1163.100000,0.042553,0.000000
0,1164.100000,0.042553,0.000000
1,1164.100000,0.014592,0.000000
2,1164.100000,0.080386,0.000000
3,1164.100000,0.014577,0.000000
4,1164.100000,0.042553,0.000000
5,1164.100000,0.014577,0.000000
6,1164.100000,0.014566,0.000000
7,1164.100000,0.059833,0.000000
8,1164.100000,0.059834,0.000000
9,1164.100000,0.042553,0.000000
0,1165.100000,0.042553,0.000000
1,1165.100000,0.014589,0.000000
2,1165.100000,0.080385,0.000000
3,1165.100000,0.014598,0.000000
4,1165.100000,0.042553,0.000000
5,1165.100000,0.014566,0.000000
6,1165.100000,0.014557,0.000000
7,1165.100000,0.059833,0.000000
8,1165.100000,0.059833,0.000000
9,1165.100000,0.042553,0.000000
0,1166.100000,0.042553,0.000000
1,1166.100000,0.014568,0.000000
2,1166.100000,0.080386,0.000000
3,1166.100000,0.014596,0.000000
4,1166.100000,0.042553,0.000000
5,1166.100000,0.014566,0.000000
6,1166.100000,0.014543,0.000000
7,1166.100000,0.059833,0.000000
8,1166.100000,0.059833,0.000000
9,1166.100000,0.042553,0.000000
0,1167.100000,0.042553,0.000000
1,1167.100000,0.014553,0.000000
2,1167.100000,0.080385,0.000000
3,1167.100000,0.014581,0.000000
4,1167.100000,0.042553,0.000000
5,1167.100000,0.014569,0.000000
6,1167.100000,0.014573,0.000000
7,1167.100000,0.059833,0.000000
8,1167.100000,0.059833,0.000000
9,1167.100000,0.042553,0.000000
0,1168.100000,0.042553,0.000000
1,1168.100000,0.014559,0.000000
2,1168.100000,0.080387,0.000000
3,1168.100000,0.014576,0.000000
4,1168.100000,0.042553,0.000000
5,1168.100000,0.014564,0.000000
6,1168.100000,0.014599,0.000000
7,1168.100000,0.059833,0.000000
8,1168.100000,0.059833,0.000000
9,1168.100000,0.042553,0.000000
0,1169.100000,0.042553,0.000000
1,1169.100000,0.014564,0.000000
2,1169.100000,0.080386,0.000000
3,1169.100000,0.014569,0.000000
4,1169.100000,0.042553,0.000000
5,1169.100000,0.014575,0.000000
6,1169.100000,0.014594,0.000000
7,1169.100000,0.059833,0.000000
8,1169.100000,0.059833,0.000000
9,1169.100000,0.042553,0.000000
0,1170.100000,0.059833,0.000000
1,1170.100000,0.042553,0.000000
2,1170.100000,0.049287,0.000000
3,1170.100000,0.042553,0.000000
4,1170.100000,0.059833,0.000000
5,1170.100000,0.042553,0.000000
6,1170.100000,0.059833,0.000000
7,1170.100000,0.049292,0.000000
8,1170.100000,0.049284,0.000000
9,1170.100000,0.080385,0.000000
0,1171.100000,0.059833,0.000000
1,1171.100000,0.042553,0.000000
2,1171.100000,0.049287,0.000000
3,1171.100000,0.042553,0.000000
4,1171.100000,0.059833,0.000000
5,1171.100000,0.042553,0.000000
6,1171.100000,0.059833,0.000000
7,1171.100000,0.049290,0.000000
8,1171.100000,0.049302,0.000000
9,1171.100000,0.080386,0.000000
0,1172.100000,0.059833,0.000000
1,1172.100000,0.042553,0.000000
2,1172.100000,0.049290,0.000000
3,1172.100000,0.042553,0.000000
4,1172.100000,0.059833,0.000000
5,1172.100000,0.042553,0.000000
6,1172.100000,0.059833,0.000000
7,1172.100000,0.049282,0.000000
8,1172.100000,0.049299,0.000000
9,1172.100000,0.080386,0.000000
0,1173.100000,0.059833,0.000000
1,1173.100000,0.042553,0.000000
2,1173.100000,0.049278,0.000000
3,1173.100000,0.042553,0.000000
4,1173.100000,0.059833,0.000000
5,1173.100000,0.042553,0.000000
6,1173.100000,0.059833,0.000000
7,1173.100000,0.049287,0.000000
8,1173.100000,0.049291,0.000000
9,1173.100000,0.080385,0.000000
0,1174.100000,0.059833,0.000000
1,1174.100000,0.042553,0.000000
2,1174.100000,0.049284,0.000000
3,1174.100000,0.042553,0.000000
4,1174.100000,0.059833,0.000000
5,1174.100000,0.042553,0.000000
6,1174.100000,0.059833,0.000000
7,1174.100000,0.049297,0.000000
8,1174.100000,0.049285,0.000000
9,1174.100000,0.080386,0.000000
0,1175.100000,0.059833,0.000000
1,1175.100000,0.042553,0.000000
2,1175.100000,0.049276,0.000000
3,1175.100000,0.042553,0.000000
4,1175.100000,0.059833,0.000000
5,1175.100000,0.042553,0.000000
6,1175.100000,0.059833,0.000000
7,1175.100000,0.049283,0.000000
8,1175.100000,0.049291,0.000000
9,1175.100000,0.080385,0.000000
0,1176.100000,0.059833,0.000000
1,1176.100000,0.042553,0.000000
2,1176.100000,0.049280,0.000000
3,1176.100000,0.042553,0.000000
4,1176.100000,0.059833,0.000000
5,1176.100000,0.042553,0.000000
6,1176.100000,0.059833,0.000000
7,1176.100000,0.049278,0.000000
8,1176.100000,0.049303,0.000000
9,1176.100000,0.080386,0.000000
0,1177.100000,0.059833,0.000000
1,1177.100000,0.042553,0.000000
2,1177.100000,0.049277,0.000000
3,1177.100000,0.042553,0.000000
4,1177.100000,0.059833,0.000000
5,1177.100000,0.042553,0.000000
6,1177.100000,0.059833,0.000000
7,1177.100000,0.049294,0.000000
8,1177.100000,0.049302,0.000000
9,1177.100000,0.080385,0.000000
0,1178.100000,0.059833,0.000000
1,1178.100000,0.042553,0.000000
2,1178.100000,0.049293,0.000000
3,1178.100000,0.042553,0.000000
4,1178.100000,0.059833,0.000000
5,1178.100000,0.042553,0.000000
6,1178.100000,0.059832,0.000000
7,1178.100000,0.049289,0.000000
8,1178.100000,0.049291,0.000000
9,1178.100000,0.080386,0.000000
0,1179.100000,0.059833,0.000000
1,1179.100000,0.042553,0.000000
2,1179.100000,0.049289,0.000000
3,1179.100000,0.042553,0.000000
4,1179.100000,0.059833,0.000000
5,1179.100000,0.042554,0.000000
6,1179.100000,0.059832,0.000000
7,1179.100000,0.049287,0.000000
8,1179.100000,0.049286,0.000000
9,1179.100000,0.080386,0.000000
0,1180.100000,0.049283,0.000000
1,1180.100000,0.059833,0.000000
2,1180.100000,0.014575,0.000000
3,1180.100000,0.059833,0.000000
4,1180.100000,0.080385,0.000000
5,1180.100000,0.059833,0.000000
6,1180.100000,0.618362,0.000000
7,1180.100000,0.042553,0.000000
8,1180.100000,0.042553,0.000000
9,1180.100000,0.014580,0.000000
0,1181.100000,0.049289,0.000000
1,1181.100000,0.059833,0.000000
2,1181.100000,0.014585,0.000000
3,1181.100000,0.059833,0.000000
4,1181.100000,0.080386,0.000000
5,1181.100000,0.059833,0.000000
6,1181.100000,0.618905,0.000000
7,1181.100000,0.042553,0.000000
8,1181.100000,0.042553,0.000000
9,1181.100000,0.014573,0.000000
0,1182.100000,0.049305,0.000000
1,1182.100000,0.059833,0.000000
2,1182.100000,0.014574,0.000000
3,1182.100000,0.059833,0.000000
4,1182.100000,0.080386,0.000000
5,1182.100000,0.059833,0.000000
6,1182.100000,0.620717,0.000000
7,1182.100000,0.042553,0.000000
8,1182.100000,0.042553,0.000000
9,1182.100000,0.014589,0.000000
0,1183.100000,0.049301,0.000000
1,1183.100000,0.059833,0.000000
2,1183.100000,0.014583,0.000000
3,1183.100000,0.059834,0.000000
4,1183.100000,0.080385,0.000000
5,1183.100000,0.059833,0.000000
6,1183.100000,0.620772,0.000000
7,1183.100000,0.042554,0.000000
8,1183.100000,0.042553,0.000000
9,1183.100000,0.014590,0.000000
0,1184.100000,0.049303,0.000000
1,1184.100000,0.059833,0.000000
2,1184.100000,0.014582,0.000000
3,1184.100000,0.059833,0.000000
4,1184.100000,0.080386,0.000000
5,1184.100000,0.059833,0.000000
6,1184.100000,0.620841,0.000000
7,1184.100000,0.042553,0.000000
8,1184.100000,0.042553,0.000000
9,1184.100000,0.014572,0.000000
0,1185.100000,0.049308,0.000000
1,1185.100000,0.059833,0.000000
2,1185.100000,0.014552,0.000000
3,1185.100000,0.059833,0.000000
4,1185.100000,0.080386,0.000000
5,1185.100000,0.059833,0.000000
6,1185.100000,0.621220,0.000000
7,1185.100000,0.042553,0.000000
8,1185.100000,0.042553,0.000000
9,1185.100000,0.014556,0.000000
0,1186.100000,0.049300,0.000000
1,1186.100000,0.059833,0.000000
2,1186.100000,0.014547,0.000000
3,1186.100000,0.059833,0.000000
4,1186.100000,0.080386,0.000000
5,1186.100000,0.059833,0.000000
6,1186.100000,0.621222,0.000000
7,1186.100000,0.042553,0.000000
8,1186.100000,0.042553,0.000000
9,1186.100000,0.014562,0.000000
0,1187.100000,0.049303,0.000000
1,1187.100000,0.059834,0.000000
2,1187.100000,0.014559,0.000000
3,1187.100000,0.059833,0.000000
4,1187.100000,0.080385,0.000000
5,1187.100000,0.059833,0.000000
6,1187.100000,0.621240,0.000000
7,1187.100000,0.042553,0.000000
8,1187.100000,0.042553,0.000000
9,1187.100000,0.014568,0.000000
0,1188.100000,0.049290,0.000000
1,1188.100000,0.059833,0.000000
2,1188.100000,0.014564,0.000000
3,1188.100000,0.059833,0.000000
4,1188.100000,0.080386,0.000000
5,1188.100000,0.059833,0.000000
6,1188.100000,0.621239,0.000000
7,1188.100000,0.042553,0.000000
8,1188.100000,0.042553,0.000000
9,1188.100000,0.014579,0.000000
0,1189.100000,0.049292,0.000000
1,1189.100000,0.059833,0.000000
2,1189.100000,0.014555,0.000000
3,1189.100000,0.059833,0.000000
4,1189.100000,0.080385,0.000000
5,1189.100000,0.059833,0.000000
6,1189.100000,0.621246,0.000000
7,1189.100000,0.042553,0.000000
8,1189.100000,0.042553,0.000000
9,1189.100000,0.014566,0.000000
0,1190.100000,0.059833,0.000000
1,1190.100000,0.080386,0.000000
2,1190.100000,0.042553,0.000000
3,1190.100000,0.080386,0.000000
4,1190.100000,0.049280,0.000000
5,1190.100000,0.049281,0.000000
6,1190.100000,0.042554,0.000000
7,1190.100000,0.080385,0.000000
8,1190.100000,0.080386,0.000000
9,1190.100000,0.059833,0.000000
0,1191.100000,0.059833,0.000000
1,1191.100000,0.080385,0.000000
2,1191.100000,0.042553,0.000000
3,1191.100000,0.080385,0.000000
4,1191.100000,0.049273,0.000000
5,1191.100000,0.049282,0.000000
6,1191.100000,0.042554,0.000000
7,1191.100000,0.080386,0.000000
8,1191.100000,0.080386,0.000000
9,1191.100000,0.059833,0.000000
0,1192.100000,0.059833,0.000000
1,1192.100000,0.080386,0.000000
2,1192.100000,0.042553,0.000000
3,1192.100000,0.080386,0.000000
4,1192.100000,0.049292,0.000000
5,1192.100000,0.049279,0.000000
6,1192.100000,0.042555,0.000000
7,1192.100000,0.080386,0.000000
8,1192.100000,0.080385,0.000000
9,1192.100000,0.059833,0.000000
0,1193.100000,0.059833,0.000000
1,1193.100000,0.080385,0.000000
2,1193.100000,0.042553,0.000000
3,1193.100000,0.080387,0.000000
4,1193.100000,0.049281,0.000000
5,1193.100000,0.049278,0.000000
6,1193.100000,0.042555,0.000000
7,1193.100000,0.080386,0.000000
8,1193.100000,0.080386,0.000000
9,1193.100000,0.059833,0.000000
0,1194.100000,0.059833,0.000000
1,1194.100000,0.080386,0.000000
2,1194.100000,0.042553,0.000000
3,1194.100000,0.080385,0.000000
4,1194.100000,0.049275,0.000000
5,1194.100000,0.049268,0.000000
6,1194.100000,0.844963,0.000000
7,1194.100000,0.080385,0.000000
8,1194.100000,0.080385,0.000000
9,1194.100000,0.059833,0.000000
0,1195.100000,0.059833,0.000000
1,1195.100000,0.080386,0.000000
2,1195.100000,0.042553,0.000000
3,1195.100000,0.080385,0.000000
4,1195.100000,0.049274,0.000000
5,1195.100000,0.049278,0.000000
6,1195.100000,0.844963,0.000000
7,1195.100000,0.080387,0.000000
8,1195.100000,0.080386,0.000000
9,1195.100000,0.059833,0.000000
0,1196.100000,0.059833,0.000000
1,1196.100000,0.080386,0.000000
2,1196.100000,0.042553,0.000000
3,1196.100000,0.080386,0.000000
4,1196.100000,0.049274,0.000000
5,1196.100000,0.049285,0.000000
6,1196.100000,0.844963,0.000000
7,1196.100000,0.080385,0.000000
8,1196.100000,0.080385,0.000000
9,1196.100000,0.059833,0.000000
0,1197.100000,0.059833,0.000000
1,1197.100000,0.080385,0.000000
2,1197.100000,0.042553,0.000000
3,1197.100000,0.080385,0.000000
4,1197.100000,0.049280,0.000000
5,1197.100000,0.049279,0.000000
6,1197.100000,0.844963,0.000000
7,1197.100000,0.080385,0.000000
8,1197.100000,0.080386,0.000000
9,1197.100000,0.059833,0.000000
0,1198.100000,0.059833,0.000000
1,1198.100000,0.080384,0.000000
2,1198.100000,0.042553,0.000000
3,1198.100000,0.080386,0.000000
4,1198.100000,0.049272,0.000000
5,1198.100000,0.049295,0.000000
6,1198.100000,0.844963,0.000000
7,1198.100000,0.080386,0.000000
8,1198.100000,0.080386,0.000000
9,1198.100000,0.059833,0.000000
0,1199.100000,0.059833,0.000000
1,1199.100000,0.080387,0.000000
2,1199.100000,0.042553,0.000000
3,1199.100000,0.080385,0.000000
4,1199.100000,0.049277,0.000000
5,1199.100000,0.049288,0.000000
6,1199.100000,0.844963,0.000000
7,1199.100000,0.080386,0.000000
8,1199.100000,0.080385,0.000000
9,1199.100000,0.059834,0.000000
0,1200.100000,0.080385,0.000000
1,1200.100000,0.049291,0.000000
2,1200.100000,0.059833,0.000000
3,1200.100000,0.049275,0.000000
4,1200.100000,0.014549,0.000000
5,1200.100000,0.080385,0.000000
6,1200.100000,0.948092,0.000000
7,1200.100000,0.014568,0.000000
8,1200.100000,0.014577,0.000000
9,1200.100000,0.049281,0.000000
0,1201.100000,0.080386,0.000000
1,1201.100000,0.049303,0.000000
2,1201.100000,0.059834,0.000000
3,1201.100000,0.049282,0.000000
4,1201.100000,0.014573,0.000000
5,1201.100000,0.080385,0.000000
6,1201.100000,0.948100,0.000000
7,1201.100000,0.014566,0.000000
8,1201.100000,0.014573,0.000000
9,1201.100000,0.049287,0.000000
0,1202.100000,0.080385,0.000000
1,1202.100000,0.049296,0.000000
2,1202.100000,0.059833,0.000000
3,1202.100000,0.049285,0.000000
4,1202.100000,0.014577,0.000000
5,1202.100000,0.080386,0.000000
6,1202.100000,0.080388,0.000000
7,1202.100000,0.014561,0.000000
8,1202.100000,0.014569,0.000000
9,1202.100000,0.049291,0.000000
0,1203.100000,0.080386,0.000000
1,1203.100000,0.049288,0.000000
2,1203.100000,0.059833,0.000000
3,1203.100000,0.049282,0.000000
4,1203.100000,0.014558,0.000000
5,1203.100000,0.080385,0.000000
6,1203.100000,0.080378,0.000000
7,1203.100000,0.014561,0.000000
8,1203.100000,0.014579,0.000000
9,1203.100000,0.049283,0.000000
0,1204.100000,0.080386,0.000000
1,1204.100000,0.049291,0.000000
2,1204.100000,0.059833,0.000000
3,1204.100000,0.049278,0.000000
4,1204.100000,0.014562,0.000000
5,1204.100000,0.080386,0.000000
6,1204.100000,0.080378,0.000000
7,1204.100000,0.014563,0.000000
8,1204.100000,0.014572,0.000000
9,1204.100000,0.049303,0.000000
0,1205.100000,0.080385,0.000000
1,1205.100000,0.049282,0.000000
2,1205.100000,0.059833,0.000000
3,1205.100000,0.049283,0.000000
4,1205.100000,0.014569,0.000000
5,1205.100000,0.080386,0.000000
6,1205.100000,0.080377,0.000000
7,1205.100000,0.014573,0.000000
8,1205.100000,0.014562,0.000000
9,1205.100000,0.049295,0.000000
0,1206.100000,0.080385,0.000000
1,1206.100000,0.049279,0.000000
2,1206.100000,0.059833,0.000000
3,1206.100000,0.049286,0.000000
4,1206.100000,0.014561,0.000000
5,1206.100000,0.080386,0.000000
6,1206.100000,0.080377,0.000000
7,1206.100000,0.014578,0.000000
8,1206.100000,0.014576,0.000000
9,1206.100000,0.049298,0.000000
0,1207.100000,0.080386,0.000000
1,1207.100000,0.049269,0.000000
2,1207.100000,0.059833,0.000000
3,1207.100000,0.049291,0.000000
4,1207.100000,0.014568,0.000000
5,1207.100000,0.080385,0.000000
6,1207.100000,0.080376,0.000000
7,1207.100000,0.014572,0.000000
8,1207.100000,0.014581,0.000000
9,1207.100000,0.049289,0.000000
0,1208.100000,0.080385,0.000000
1,1208.100000,0.049283,0.000000
2,1208.100000,0.059833,0.000000
3,1208.100000,0.049283,0.000000
4,1208.100000,0.014563,0.000000
5,1208.100000,0.080386,0.000000
6,1208.100000,0.080376,0.000000
7,1208.100000,0.014560,0.000000
8,1208.100000,0.014565,0.000000
9,1208.100000,0.049305,0.000000
0,1209.100000,0.080386,0.000000
1,1209.100000,0.049286,0.000000
2,1209.100000,0.059833,0.000000
3,1209.100000,0.049289,0.000000
4,1209.100000,0.014564,0.000000
5,1209.100000,0.080386,0.000000
6,1209.100000,0.080375,0.000000
7,1209.100000,0.014564,0.000000
8,1209.100000,0.014562,0.000000
9,1209.100000,0.049293,0.000000
0,1210.100000,0.014566,0.000000
1,1210.100000,0.014567,0.000000
2,1210.100000,0.080385,0.000000
3,1210.100000,0.014551,0.000000
4,1210.100000,0.042553,0.000000
5,1210.100000,0.014567,0.000000
6,1210.100000,0.014920,0.000000
7,1210.100000,0.059833,0.000000
8,1210.100000,0.059833,0.000000
9,1210.100000,0.042553,0.000000
0,1211.100000,0.014582,0.000000
1,1211.100000,0.014556,0.000000
2,1211.100000,0.080386,0.000000
3,1211.100000,0.014552,0.000000
4,1211.100000,0.042553,0.000000
5,1211.100000,0.014564,0.000000
6,1211.100000,0.014942,0.000000
7,1211.100000,0.059833,0.000000
8,1211.100000,0.059833,0.000000
9,1211.100000,0.042553,0.000000
0,1212.100000,0.014605,0.000000
1,1212.100000,0.014556,0.000000
2,1212.100000,0.080386,0.000000
3,1212.100000,0.014567,0.000000
4,1212.100000,0.042553,0.000000
5,1212.100000,0.014569,0.000000
6,1212.100000,0.014596,0.000000
7,1212.100000,0.059833,0.000000
8,1212.100000,0.059833,0.000000
9,1212.100000,0.042553,0.000000
0,1213.100000,0.014590,0.000000
1,1213.100000,0.014561,0.000000
2,1213.100000,0.080385,0.000000
3,1213.100000,0.014576,0.000000
4,1213.100000,0.042553,0.000000
5,1213.100000,0.014562,0.000000
6,1213.100000,0.014590,0.000000
7,1213.100000,0.059833,0.000000
8,1213.100000,0.059833,0.000000
9,1213.100000,0.042553,0.000000
0,1214.100000,0.014579,0.000000
1,1214.100000,0.014595,0.000000
2,1214.100000,0.080385,0.000000
3,1214.100000,0.014569,0.000000
4,1214.100000,0.042553,0.000000
5,1214.100000,0.014559,0.000000
6,1214.100000,0.014583,0.000000
7,1214.100000,0.059833,0.000000
8,1214.100000,0.059833,0.000000
9,1214.100000,0.042553,0.000000
0,1215.100000,0.014580,0.000000
1,1215.100000,0.014584,0.000000
2,1215.100000,0.080386,0.000000
3,1215.100000,0.014539,0.000000
4,1215.100000,0.042553,0.000000
5,1215.100000,0.014561,0.000000
6,1215.100000,0.014577,0.000000
7,1215.100000,0.059833,0.000000
8,1215.100000,0.059833,0.000000
9,1215.100000,0.042553,0.000000
0,1216.100000,0.014581,0.000000
1,1216.100000,0.014566,0.000000
2,1216.100000,0.080385,0.000000
3,1216.100000,0.014546,0.000000
4,1216.100000,0.042553,0.000000
5,1216.100000,0.014563,0.000000
6,1216.100000,0.014571,0.000000
7,1216.100000,0.059833,0.000000
8,1216.100000,0.059833,0.000000
9,1216.100000,0.042553,0.000000
0,1217.100000,0.014569,0.000000
1,1217.100000,0.014564,0.000000
2,1217.100000,0.080386,0.000000
3,1217.100000,0.014608,0.000000
4,1217.100000,0.042553,0.000000
5,1217.100000,0.014561,0.000000
6,1217.100000,0.014566,0.000000
7,1217.100000,0.059834,0.000000
8,1217.100000,0.059833,0.000000
9,1217.100000,0.042553,0.000000
0,1218.100000,0.014558,0.000000
1,1218.100000,0.014563,0.000000
2,1218.100000,0.080385,0.000000
3,1218.100000,0.014588,0.000000
4,1218.100000,0.042553,0.000000
5,1218.100000,0.014564,0.000000
6,1218.100000,0.014561,0.000000
7,1218.100000,0.059833,0.000000
8,1218.100000,0.059833,0.000000
9,1218.100000,0.042553,0.000000
0,1219.100000,0.014560,0.000000
1,1219.100000,0.014568,0.000000
2,1219.100000,0.080386,0.000000
3,1219.100000,0.014569,0.000000
4,1219.100000,0.042553,0.000000
5,1219.100000,0.014560,0.000000
6,1219.100000,0.014556,0.000000
7,1219.100000,0.059833,0.000000
8,1219.100000,0.059833,0.000000
9,1219.100000,0.042553,0.000000
0,1220.100000,0.042553,0.000000
1,1220.100000,0.042553,0.000000
2,1220.100000,0.049277,0.000000
3,1220.100000,0.042553,0.000000
4,1220.100000,0.059833,0.000000
5,1220.100000,0.042553,0.000000
6,1220.100000,0.059839,0.000000
7,1220.100000,0.049273,0.000000
8,1220.100000,0.049292,0.000000
9,1220.100000,0.080386,0.000000
0,1221.100000,0.042553,0.000000
1,1221.100000,0.042553,0.000000
2,1221.100000,0.049279,0.000000
3,1221.100000,0.042553,0.000000
4,1221.100000,0.059833,0.000000
5,1221.100000,0.042553,0.000000
6,1221.100000,0.059839,0.000000
7,1221.100000,0.049312,0.000000
8,1221.100000,0.049300,0.000000
9,1221.100000,0.080386,0.000000
0,1222.100000,0.042553,0.000000
1,1222.100000,0.042553,0.000000
2,1222.100000,0.049289,0.000000
3,1222.100000,0.042553,0.000000
4,1222.100000,0.059833,0.000000
5,1222.100000,0.042553,0.000000
6,1222.100000,0.059839,0.000000
7,1222.100000,0.049311,0.000000
8,1222.100000,0.049287,0.000000
9,1222.100000,0.080385,0.000000
0,1223.100000,0.042553,0.000000
1,1223.100000,0.042553,0.000000
2,1223.100000,0.049282,0.000000
3,1223.100000,0.042553,0.000000
4,1223.100000,0.059833,0.000000
5,1223.100000,0.042553,0.000000
6,1223.100000,0.059839,0.000000
7,1223.100000,0.049298,0.000000
8,1223.100000,0.049291,0.000000
9,1223.100000,0.080385,0.000000
0,1224.100000,0.042553,0.000000
1,1224.100000,0.042553,0.000000
2,1224.100000,0.049289,0.000000
3,1224.100000,0.042553,0.000000
4,1224.100000,0.059833,0.000000
5,1224.100000,0.042553,0.000000
6,1224.100000,0.059839,0.000000
7,1224.100000,0.049291,0.000000
8,1224.100000,0.049284,0.000000
9,1224.100000,0.080386,0.000000
0,1225.100000,0.042553,0.000000
1,1225.100000,0.042553,0.000000
2,1225.100000,0.049278,0.000000
3,1225.100000,0.042553,0.000000
4,1225.100000,0.059833,0.000000
5,1225.100000,0.042553,0.000000
6,1225.100000,0.059839,0.000000
7,1225.100000,0.049286,0.000000
8,1225.100000,0.049281,0.000000
9,1225.100000,0.080385,0.000000
0,1226.100000,0.042553,0.000000
1,1226.100000,0.042553,0.000000
2,1226.100000,0.049287,0.000000
3,1226.100000,0.042553,0.000000
4,1226.100000,0.059833,0.000000
5,1226.100000,0.042553,0.000000
6,1226.100000,0.059839,0.000000
7,1226.100000,0.049282,0.000000
8,1226.100000,0.049288,0.000000
9,1226.100000,0.080386,0.000000
0,1227.100000,0.042553,0.000000
1,1227.100000,0.042553,0.000000
2,1227.100000,0.049278,0.000000
3,1227.100000,0.042553,0.000000
4,1227.100000,0.059833,0.000000
5,1227.100000,0.042553,0.000000
6,1227.100000,0.059839,0.000000
7,1227.100000,0.049288,0.000000
8,1227.100000,0.049294,0.000000
9,1227.100000,0.080386,0.000000
0,1228.100000,0.042553,0.000000
1,1228.100000,0.042553,0.000000
2,1228.100000,0.049289,0.000000
3,1228.100000,0.042553,0.000000
4,1228.100000,0.059833,0.000000
5,1228.100000,0.042553,0.000000
6,1228.100000,0.059839,0.000000
7,1228.100000,0.049289,0.000000
8,1228.100000,0.049282,0.000000
9,1228.100000,0.080386,0.000000
0,1229.100000,0.042553,0.000000
1,1229.100000,0.042553,0.000000
2,1229.100000,0.049292,0.000000
3,1229.100000,0.042553,0.000000
4,1229.100000,0.059833,0.000000
5,1229.100000,0.042553,0.000000
6,1229.100000,0.059840,0.000000
7,1229.100000,0.049315,0.000000
8,1229.100000,0.049283,0.000000
9,1229.100000,0.080387,0.000000
0,1230.100000,0.049289,0.000000
1,1230.100000,0.059833,0.000000
2,1230.100000,0.014568,0.000000
3,1230.100000,0.059833,0.000000
4,1230.100000,0.080386,0.000000
5,1230.100000,0.059833,0.000000
6,1230.100000,0.049094,0.000000
7,1230.100000,0.042553,0.000000
8,1230.100000,0.042553,0.000000
9,1230.100000,0.049288,0.000000
0,1231.100000,0.049281,0.000000
1,1231.100000,0.059833,0.000000
2,1231.100000,0.014566,0.000000
3,1231.100000,0.059833,0.000000
4,1231.100000,0.080385,0.000000
5,1231.100000,0.059833,0.000000
6,1231.100000,0.049095,0.000000
7,1231.100000,0.042553,0.000000
8,1231.100000,0.042553,0.000000
9,1231.100000,0.049289,0.000000
0,1232.100000,0.049286,0.000000
1,1232.100000,0.059833,0.000000
2,1232.100000,0.014578,0.000000
3,1232.100000,0.059833,0.000000
4,1232.100000,0.080386,0.000000
5,1232.100000,0.059833,0.000000
6,1232.100000,0.049095,0.000000
7,1232.100000,0.042553,0.000000
8,1232.100000,0.042553,0.000000
9,1232.100000,0.049278,0.000000
0,1233.100000,0.049294,0.000000
1,1233.100000,0.059833,0.000000
2,1233.100000,0.014570,0.000000
3,1233.100000,0.059833,0.000000
4,1233.100000,0.080385,0.000000
5,1233.100000,0.059833,0.000000
6,1233.100000,0.049096,0.000000
7,1233.100000,0.042553,0.000000
8,1233.100000,0.042553,0.000000
9,1233.100000,0.049279,0.000000
0,1234.100000,0.049292,0.000000
1,1234.100000,0.059833,0.000000
2,1234.100000,0.014580,0.000000
3,1234.100000,0.059833,0.000000
4,1234.100000,0.080387,0.000000
5,1234.100000,0.059833,0.000000
6,1234.100000,0.049096,0.000000
7,1234.100000,0.042553,0.000000
8,1234.100000,0.042553,0.000000
9,1234.100000,0.049272,0.000000
0,1235.100000,0.049292,0.000000
1,1235.100000,0.059833,0.000000
2,1235.100000,0.014593,0.000000
3,1235.100000,0.059833,0.000000
4,1235.100000,0.080386,0.000000
5,1235.100000,0.059833,0.000000
6,1235.100000,0.049105,0.000000
7,1235.100000,0.042553,0.000000
8,1235.100000,0.042553,0.000000
9,1235.100000,0.049301,0.000000
0,1236.100000,0.049292,0.000000
1,1236.100000,0.059833,0.000000
2,1236.100000,0.014573,0.000000
3,1236.100000,0.059833,0.000000
4,1236.100000,0.080386,0.000000
5,1236.100000,0.059833,0.000000
6,1236.100000,0.559634,0.000000
7,1236.100000,0.042553,0.000000
8,1236.100000,0.042553,0.000000
9,1236.100000,0.049293,0.000000
0,1237.100000,0.049291,0.000000
1,1237.100000,0.059833,0.000000
2,1237.100000,0.014573,0.000000
3,1237.100000,0.059833,0.000000
4,1237.100000,0.080387,0.000000
5,1237.100000,0.059833,0.000000
6,1237.100000,0.369667,0.000000
7,1237.100000,0.042553,0.000000
8,1237.100000,0.042553,0.000000
9,1237.100000,0.049283,0.000000
0,1238.100000,0.049273,0.000000
1,1238.100000,0.059833,0.000000
2,1238.100000,0.014551,0.000000
3,1238.100000,0.059833,0.000000
4,1238.100000,0.080386,0.000000
5,1238.100000,0.059833,0.000000
6,1238.100000,0.254081,0.000000
7,1238.100000,0.042553,0.000000
8,1238.100000,0.042553,0.000000
9,1238.100000,0.049289,0.000000
0,1239.100000,0.049286,0.000000
1,1239.100000,0.059834,0.000000
2,1239.100000,0.014554,0.000000
3,1239.100000,0.059833,0.000000
4,1239.100000,0.080386,0.000000
5,1239.100000,0.059833,0.000000
6,1239.100000,0.185330,0.000000
7,1239.100000,0.042553,0.000000
8,1239.100000,0.042553,0.000000
9,1239.100000,0.049288,0.000000
0,1240.100000,0.059834,0.000000
1,1240.100000,0.080386,0.000000
2,1240.100000,0.042553,0.000000
3,1240.100000,0.080386,0.000000
4,1240.100000,0.049291,0.000000
5,1240.100000,0.049283,0.000000
6,1240.100000,0.042553,0.000000
7,1240.100000,0.042553,0.000000
8,1240.100000,0.080385,0.000000
9,1240.100000,0.014569,0.000000
0,1241.100000,0.059833,0.000000
1,1241.100000,0.080385,0.000000
2,1241.100000,0.042553,0.000000
3,1241.100000,0.080387,0.000000
4,1241.100000,0.049291,0.000000
5,1241.100000,0.049282,0.000000
6,1241.100000,0.042553,0.000000
7,1241.100000,0.042553,0.000000
8,1241.100000,0.080386,0.000000
9,1241.100000,0.014562,0.000000
0,1242.100000,0.059833,0.000000
1,1242.100000,0.080386,0.000000
2,1242.100000,0.042553,0.000000
3,1242.100000,0.080385,0.000000
4,1242.100000,0.049292,0.000000
5,1242.100000,0.049278,0.000000
6,1242.100000,0.042553,0.000000
7,1242.100000,0.042553,0.000000
8,1242.100000,0.080386,0.000000
9,1242.100000,0.014560,0.000000
0,1243.100000,0.059833,0.000000
1,1243.100000,0.080386,0.000000
2,1243.100000,0.042553,0.000000
3,1243.100000,0.080385,0.000000
4,1243.100000,0.049298,0.000000
5,1243.100000,0.049289,0.000000
6,1243.100000,0.042553,0.000000
7,1243.100000,0.042553,0.000000
8,1243.100000,0.080385,0.000000
9,1243.100000,0.014556,0.000000
0,1244.100000,0.059834,0.000000
1,1244.100000,0.080386,0.000000
2,1244.100000,0.042553,0.000000
3,1244.100000,0.080386,0.000000
4,1244.100000,0.049290,0.000000
5,1244.100000,0.049283,0.000000
6,1244.100000,0.042553,0.000000
7,1244.100000,0.042553,0.000000
8,1244.100000,0.080386,0.000000
9,1244.100000,0.014580,0.000000
0,1245.100000,0.059833,0.000000
1,1245.100000,0.080385,0.000000
2,1245.100000,0.042553,0.000000
3,1245.100000,0.080385,0.000000
4,1245.100000,0.049286,0.000000
5,1245.100000,0.049280,0.000000
6,1245.100000,0.042554,0.000000
7,1245.100000,0.042553,0.000000
8,1245.100000,0.080387,0.000000
9,1245.100000,0.014591,0.000000
0,1246.100000,0.059833,0.000000
1,1246.100000,0.080386,0.000000
2,1246.100000,0.042553,0.000000
3,1246.100000,0.080385,0.000000
4,1246.100000,0.049288,0.000000
5,1246.100000,0.049268,0.000000
6,1246.100000,0.042553,0.000000
7,1246.100000,0.042553,0.000000
8,1246.100000,0.080385,0.000000
9,1246.100000,0.014572,0.000000
0,1247.100000,0.059833,0.000000
1,1247.100000,0.080386,0.000000
2,1247.100000,0.042553,0.000000
3,1247.100000,0.080386,0.000000
4,1247.100000,0.049283,0.000000
5,1247.100000,0.049269,0.000000
6,1247.100000,0.042553,0.000000
7,1247.100000,0.042553,0.000000
8,1247.100000,0.080386,0.000000
9,1247.100000,0.014561,0.000000
0,1248.100000,0.059833,0.000000
1,1248.100000,0.080386,0.000000
2,1248.100000,0.042553,0.000000
3,1248.100000,0.080386,0.000000
4,1248.100000,0.049292,0.000000
5,1248.100000,0.049299,0.000000
6,1248.100000,0.042553,0.000000
7,1248.100000,0.042553,0.000000
8,1248.100000,0.080386,0.000000
9,1248.100000,0.014573,0.000000
0,1249.100000,0.059833,0.000000
1,1249.100000,0.080386,0.000000
2,1249.100000,0.042553,0.000000
3,1249.100000,0.080385,0.000000
4,1249.100000,0.049298,0.000000
5,1249.100000,0.049310,0.000000
6,1249.100000,0.042553,0.000000
7,1249.100000,0.042553,0.000000
8,1249.100000,0.080386,0.000000
9,1249.100000,0.014596,0.000000
0,1250.100000,0.080385,0.000000
1,1250.100000,0.049294,0.000000
2,1250.100000,0.059833,0.000000
3,1250.100000,0.049285,0.000000
4,1250.100000,0.014570,0.000000
5,1250.100000,0.080385,0.000000
6,1250.100000,0.080385,0.000000
7,1250.100000,0.080385,0.000000
8,1250.100000,0.014568,0.000000
9,1250.100000,0.059834,0.000000
0,1251.100000,0.080385,0.000000
1,1251.100000,0.049289,0.000000
2,1251.100000,0.059833,0.000000
3,1251.100000,0.049287,0.000000
4,1251.100000,0.014562,0.000000
5,1251.100000,0.080385,0.000000
6,1251.100000,0.080385,0.000000
7,1251.100000,0.080386,0.000000
8,1251.100000,0.014566,0.000000
9,1251.100000,0.059833,0.000000
0,1252.100000,0.080386,0.000000
1,1252.100000,0.049296,0.000000
2,1252.100000,0.059833,0.000000
3,1252.100000,0.049284,0.000000
4,1252.100000,0.014579,0.000000
5,1252.100000,0.080387,0.000000
6,1252.100000,0.080386,0.000000
7,1252.100000,0.080385,0.000000
8,1252.100000,0.014572,0.000000
9,1252.100000,0.059833,0.000000
0,1253.100000,0.080386,0.000000
1,1253.100000,0.049283,0.000000
2,1253.100000,0.059833,0.000000
3,1253.100000,0.049291,0.000000
4,1253.100000,0.014580,0.000000
5,1253.100000,0.080386,0.000000
6,1253.100000,0.080386,0.000000
7,1253.100000,0.080387,0.000000
8,1253.100000,0.014570,0.000000
9,1253.100000,0.059833,0.000000
0,1254.100000,0.080386,0.000000
1,1254.100000,0.049273,0.000000
2,1254.100000,0.059833,0.000000
3,1254.100000,0.049280,0.000000
4,1254.100000,0.014562,0.000000
5,1254.100000,0.080386,0.000000
6,1254.100000,0.080386,0.000000
7,1254.100000,0.080385,0.000000
8,1254.100000,0.014567,0.000000
9,1254.100000,0.059833,0.000000
0,1255.100000,0.080385,0.000000
1,1255.100000,0.049283,0.000000
2,1255.100000,0.059833,0.000000
3,1255.100000,0.049289,0.000000
4,1255.100000,0.014555,0.000000
5,1255.100000,0.080384,0.000000
6,1255.100000,0.080385,0.000000
7,1255.100000,0.080387,0.000000
8,1255.100000,0.014557,0.000000
9,1255.100000,0.059833,0.000000
0,1256.100000,0.080386,0.000000
1,1256.100000,0.049289,0.000000
2,1256.100000,0.059833,0.000000
3,1256.100000,0.049285,0.000000
4,1256.100000,0.014565,0.000000
5,1256.100000,0.080386,0.000000
6,1256.100000,0.080387,0.000000
7,1256.100000,0.080384,0.000000
8,1256.100000,0.014554,0.000000
9,1256.100000,0.059833,0.000000
0,1257.100000,0.080385,0.000000
1,1257.100000,0.049287,0.000000
2,1257.100000,0.059833,0.000000
3,1257.100000,0.049277,0.000000
4,1257.100000,0.014573,0.000000
5,1257.100000,0.080385,0.000000
6,1257.100000,0.080385,0.000000
7,1257.100000,0.080386,0.000000
8,1257.100000,0.014583,0.000000
9,1257.100000,0.059833,0.000000
0,1258.100000,0.080386,0.000000
1,1258.100000,0.049275,0.000000
2,1258.100000,0.059833,0.000000
3,1258.100000,0.049276,0.000000
4,1258.100000,0.014573,0.000000
5,1258.100000,0.080386,0.000000
6,1258.100000,0.080386,0.000000
7,1258.100000,0.080385,0.000000
8,1258.100000,0.014584,0.000000
9,1258.100000,0.059833,0.000000
0,1259.100000,0.080385,0.000000
1,1259.100000,0.049276,0.000000
2,1259.100000,0.059833,0.000000
3,1259.100000,0.049279,0.000000
4,1259.100000,0.014575,0.000000
5,1259.100000,0.080386,0.000000
6,1259.100000,0.080385,0.000000
7,1259.100000,0.080386,0.000000
8,1259.100000,0.014564,0.000000
9,1259.100000,0.059834,0.000000
0,1260.100000,0.014572,0.000000
1,1260.100000,0.014582,0.000000
2,1260.100000,0.080386,0.000000
3,1260.100000,0.014579,0.000000
4,1260.100000,0.042553,0.000000
5,1260.100000,0.014562,0.000000
6,1260.100000,0.014577,0.000000
7,1260.100000,0.049310,0.000000
8,1260.100000,0.059833,0.000000
9,1260.100000,0.049287,0.000000
0,1261.100000,0.014569,0.000000
1,1261.100000,0.014579,0.000000
2,1261.100000,0.080386,0.000000
3,1261.100000,0.014599,0.000000
4,1261.100000,0.042553,0.000000
5,1261.100000,0.014565,0.000000
6,1261.100000,0.014562,0.000000
7,1261.100000,0.049681,0.000000
8,1261.100000,0.059833,0.000000
9,1261.100000,0.049281,0.000000
0,1262.100000,0.014564,0.000000
1,1262.100000,0.014563,0.000000
2,1262.100000,0.080386,0.000000
3,1262.100000,0.014577,0.000000
4,1262.100000,0.042553,0.000000
5,1262.100000,0.014575,0.000000
6,1262.100000,0.014564,0.000000
7,1262.100000,0.049693,0.000000
8,1262.100000,0.059833,0.000000
9,1262.100000,0.049289,0.000000
0,1263.100000,0.014562,0.000000
1,1263.100000,0.014563,0.000000
2,1263.100000,0.080385,0.000000
3,1263.100000,0.014568,0.000000
4,1263.100000,0.042554,0.000000
5,1263.100000,0.014589,0.000000
6,1263.100000,0.014568,0.000000
7,1263.100000,0.197192,0.000000
8,1263.100000,0.059833,0.000000
9,1263.100000,0.049290,0.000000
0,1264.100000,0.014585,0.000000
1,1264.100000,0.014558,0.000000
2,1264.100000,0.080385,0.000000
3,1264.100000,0.014556,0.000000
4,1264.100000,0.042553,0.000000
5,1264.100000,0.014578,0.000000
6,1264.100000,0.014577,0.000000
7,1264.100000,0.530367,0.000000
8,1264.100000,0.059833,0.000000
9,1264.100000,0.049286,0.000000
0,1265.100000,0.014588,0.000000
1,1265.100000,0.014591,0.000000
2,1265.100000,0.080385,0.000000
3,1265.100000,0.014585,0.000000
4,1265.100000,0.042553,0.000000
5,1265.100000,0.014578,0.000000
6,1265.100000,0.014587,0.000000
7,1265.100000,0.097485,0.000000
8,1265.100000,0.059833,0.000000
9,1265.100000,0.049283,0.000000
0,1266.100000,0.014565,0.000000
1,1266.100000,0.014592,0.000000
2,1266.100000,0.080385,0.000000
3,1266.100000,0.014618,0.000000
4,1266.100000,0.042553,0.000000
5,1266.100000,0.014564,0.000000
6,1266.100000,0.014590,0.000000
7,1266.100000,0.620440,0.000000
8,1266.100000,0.059833,0.000000
9,1266.100000,0.049286,0.000000
0,1267.100000,0.014561,0.000000
1,1267.100000,0.014571,0.000000
2,1267.100000,0.080386,0.000000
3,1267.100000,0.014598,0.000000
4,1267.100000,0.042553,0.000000
5,1267.100000,0.014568,0.000000
6,1267.100000,0.014588,0.000000
7,1267.100000,0.620220,0.000000
8,1267.100000,0.059833,0.000000
9,1267.100000,0.049312,0.000000
0,1268.100000,0.014573,0.000000
1,1268.100000,0.014559,0.000000
2,1268.100000,0.080385,0.000000
3,1268.100000,0.014593,0.000000
4,1268.100000,0.042553,0.000000
5,1268.100000,0.014572,0.000000
6,1268.100000,0.014565,0.000000
7,1268.100000,0.619881,0.000000
8,1268.100000,0.059833,0.000000
9,1268.100000,0.049294,0.000000
0,1269.100000,0.014598,0.000000
1,1269.100000,0.014559,0.000000
2,1269.100000,0.080386,0.000000
3,1269.100000,0.014580,0.000000
4,1269.100000,0.042553,0.000000
5,1269.100000,0.014579,0.000000
6,1269.100000,0.014559,0.000000
7,1269.100000,0.620656,0.000000
8,1269.100000,0.059833,0.000000
9,1269.100000,0.049278,0.000000
0,1270.100000,0.042553,0.000000
1,1270.100000,0.042553,0.000000
2,1270.100000,0.049285,0.000000
3,1270.100000,0.042553,0.000000
4,1270.100000,0.059833,0.000000
5,1270.100000,0.042553,0.000000
6,1270.100000,0.059833,0.000000
7,1270.100000,0.014656,0.000000
8,1270.100000,0.049284,0.000000
9,1270.100000,0.042553,0.000000
0,1271.100000,0.042553,0.000000
1,1271.100000,0.042553,0.000000
2,1271.100000,0.049279,0.000000
3,1271.100000,0.042553,0.000000
4,1271.100000,0.059833,0.000000
5,1271.100000,0.042553,0.000000
6,1271.100000,0.059833,0.000000
7,1271.100000,0.014697,0.000000
8,1271.100000,0.049291,0.000000
9,1271.100000,0.042553,0.000000
0,1272.100000,0.042553,0.000000
1,1272.100000,0.042553,0.000000
2,1272.100000,0.049285,0.000000
3,1272.100000,0.042553,0.000000
4,1272.100000,0.059833,0.000000
5,1272.100000,0.042553,0.000000
6,1272.100000,0.059833,0.000000
7,1272.100000,0.014718,0.000000
8,1272.100000,0.049291,0.000000
9,1272.100000,0.042553,0.000000
0,1273.100000,0.042553,0.000000
1,1273.100000,0.042553,0.000000
2,1273.100000,0.049285,0.000000
3,1273.100000,0.042553,0.000000
4,1273.100000,0.059833,0.000000
5,1273.100000,0.042553,0.000000
6,1273.100000,0.059833,0.000000
7,1273.100000,0.014717,0.000000
8,1273.100000,0.049326,0.000000
9,1273.100000,0.042553,0.000000
0,1274.100000,0.042553,0.000000
1,1274.100000,0.042553,0.000000
2,1274.100000,0.049278,0.000000
3,1274.100000,0.042553,0.000000
4,1274.100000,0.059833,0.000000
5,1274.100000,0.042553,0.000000
6,1274.100000,0.059833,0.000000
7,1274.100000,0.014743,0.000000
8,1274.100000,0.049312,0.000000
9,1274.100000,0.042553,0.000000
0,1275.100000,0.042553,0.000000
1,1275.100000,0.042553,0.000000
2,1275.100000,0.049267,0.000000
3,1275.100000,0.042553,0.000000
4,1275.100000,0.059833,0.000000
5,1275.100000,0.042553,0.000000
6,1275.100000,0.059833,0.000000
7,1275.100000,0.014735,0.000000
8,1275.100000,0.049304,0.000000
9,1275.100000,0.042553,0.000000
0,1276.100000,0.042553,0.000000
1,1276.100000,0.042553,0.000000
2,1276.100000,0.049300,0.000000
3,1276.100000,0.042553,0.000000
4,1276.100000,0.059833,0.000000
5,1276.100000,0.042553,0.000000
6,1276.100000,0.059833,0.000000
7,1276.100000,0.014798,0.000000
8,1276.100000,0.049296,0.000000
9,1276.100000,0.042553,0.000000
0,1277.100000,0.042553,0.000000
1,1277.100000,0.042553,0.000000
2,1277.100000,0.049290,0.000000
3,1277.100000,0.042553,0.000000
4,1277.100000,0.059833,0.000000
5,1277.100000,0.042553,0.000000
6,1277.100000,0.059833,0.000000
7,1277.100000,0.014818,0.000000
8,1277.100000,0.049308,0.000000
9,1277.100000,0.042553,0.000000
0,1278.100000,0.042553,0.000000
1,1278.100000,0.042553,0.000000
2,1278.100000,0.049287,0.000000
3,1278.100000,0.042553,0.000000
4,1278.100000,0.059833,0.000000
5,1278.100000,0.042553,0.000000
6,1278.100000,0.059833,0.000000
7,1278.100000,0.014840,0.000000
8,1278.100000,0.049306,0.000000
9,1278.100000,0.042553,0.000000
0,1279.100000,0.042553,0.000000
1,1279.100000,0.042553,0.000000
2,1279.100000,0.049282,0.000000
3,1279.100000,0.042553,0.000000
4,1279.100000,0.059833,0.000000
5,1279.100000,0.042553,0.000000
6,1279.100000,0.059833,0.000000
7,1279.100000,0.014840,0.000000
8,1279.100000,0.049287,0.000000
9,1279.100000,0.042553,0.000000
0,1280.100000,0.049283,0.000000
1,1280.100000,0.059833,0.000000
2,1280.100000,0.014563,0.000000
3,1280.100000,0.059833,0.000000
4,1280.100000,0.080386,0.000000
5,1280.100000,0.059833,0.000000
6,1280.100000,0.049287,0.000000
7,1280.100000,0.059833,0.000000
8,1280.100000,0.042553,0.000000
9,1280.100000,0.080387,0.000000
0,1281.100000,0.049277,0.000000
1,1281.100000,0.059833,0.000000
2,1281.100000,0.014579,0.000000
3,1281.100000,0.059833,0.000000
4,1281.100000,0.080386,0.000000
5,1281.100000,0.059833,0.000000
6,1281.100000,0.049276,0.000000
7,1281.100000,0.059833,0.000000
8,1281.100000,0.042553,0.000000
9,1281.100000,0.080385,0.000000
0,1282.100000,0.049303,0.000000
1,1282.100000,0.059833,0.000000
2,1282.100000,0.014568,0.000000
3,1282.100000,0.059833,0.000000
4,1282.100000,0.080385,0.000000
5,1282.100000,0.059833,0.000000
6,1282.100000,0.049275,0.000000
7,1282.100000,0.059833,0.000000
8,1282.100000,0.042553,0.000000
9,1282.100000,0.080386,0.000000
0,1283.100000,0.049302,0.000000
1,1283.100000,0.059833,0.000000
2,1283.100000,0.014570,0.000000
3,1283.100000,0.059833,0.000000
4,1283.100000,0.080386,0.000000
5,1283.100000,0.059833,0.000000
6,1283.100000,0.049291,0.000000
7,1283.100000,0.059833,0.000000
8,1283.100000,0.042553,0.000000
9,1283.100000,0.080386,0.000000
0,1284.100000,0.049288,0.000000
1,1284.100000,0.059833,0.000000
2,1284.100000,0.014555,0.000000
3,1284.100000,0.059833,0.000000
4,1284.100000,0.080387,0.000000
5,1284.100000,0.059834,0.000000
6,1284.100000,0.049282,0.000000
7,1284.100000,0.059833,0.000000
8,1284.100000,0.042553,0.000000
9,1284.100000,0.080384,0.000000
0,1285.100000,0.049288,0.000000
1,1285.100000,0.059833,0.000000
2,1285.100000,0.014561,0.000000
3,1285.100000,0.059833,0.000000
4,1285.100000,0.080385,0.000000
5,1285.100000,0.059833,0.000000
6,1285.100000,0.049296,0.000000
7,1285.100000,0.059833,0.000000
8,1285.100000,0.042553,0.000000
9,1285.100000,0.080386,0.000000
0,1286.100000,0.049309,0.000000
1,1286.100000,0.059833,0.000000
2,1286.100000,0.014576,0.000000
3,1286.100000,0.059833,0.000000
4,1286.100000,0.080386,0.000000
5,1286.100000,0.059833,0.000000
6,1286.100000,0.049290,0.000000
7,1286.100000,0.059833,0.000000
8,1286.100000,0.042553,0.000000
9,1286.100000,0.080386,0.000000
0,1287.100000,0.049302,0.000000
1,1287.100000,0.059833,0.000000
2,1287.100000,0.014579,0.000000
3,1287.100000,0.059833,0.000000
4,1287.100000,0.080386,0.000000
5,1287.100000,0.059833,0.000000
6,1287.100000,0.049281,0.000000
7,1287.100000,0.059833,0.000000
8,1287.100000,0.042553,0.000000
9,1287.100000,0.080385,0.000000
0,1288.100000,0.049302,0.000000
1,1288.100000,0.059833,0.000000
2,1288.100000,0.014572,0.000000
3,1288.100000,0.059833,0.000000
4,1288.100000,0.080385,0.000000
5,1288.100000,0.059833,0.000000
6,1288.100000,0.049280,0.000000
7,1288.100000,0.059832,0.000000
8,1288.100000,0.042553,0.000000
9,1288.100000,0.080385,0.000000
0,1289.100000,0.049287,0.000000
1,1289.100000,0.059833,0.000000
2,1289.100000,0.014563,0.000000
3,1289.100000,0.059833,0.000000
4,1289.100000,0.080385,0.000000
5,1289.100000,0.059834,0.000000
6,1289.100000,0.049293,0.000000
7,1289.100000,0.059834,0.000000
8,1289.100000,0.042553,0.000000
9,1289.100000,0.080385,0.000000
0,1290.100000,0.059833,0.000000
1,1290.100000,0.080385,0.000000
2,1290.100000,0.042553,0.000000
3,1290.100000,0.080387,0.000000
4,1290.100000,0.049281,0.000000
5,1290.100000,0.049283,0.000000
6,1290.100000,0.042553,0.000000
7,1290.100000,0.015118,0.000000
8,1290.100000,0.080386,0.000000
9,1290.100000,0.014557,0.000000
0,1291.100000,0.059833,0.000000
1,1291.100000,0.080386,0.000000
2,1291.100000,0.042553,0.000000
3,1291.100000,0.080384,0.000000
4,1291.100000,0.049287,0.000000
5,1291.100000,0.049293,0.000000
6,1291.100000,0.042553,0.000000
7,1291.100000,0.015089,0.000000
8,1291.100000,0.080385,0.000000
9,1291.100000,0.014569,0.000000
0,1292.100000,0.059833,0.000000
1,1292.100000,0.080386,0.000000
2,1292.100000,0.042553,0.000000
3,1292.100000,0.080387,0.000000
4,1292.100000,0.049279,0.000000
5,1292.100000,0.049295,0.000000
6,1292.100000,0.042553,0.000000
7,1292.100000,0.015123,0.000000
8,1292.100000,0.080385,0.000000
9,1292.100000,0.014577,0.000000
0,1293.100000,0.059833,0.000000
1,1293.100000,0.080386,0.000000
2,1293.100000,0.042553,0.000000
3,1293.100000,0.080385,0.000000
4,1293.100000,0.049291,0.000000
5,1293.100000,0.049290,0.000000
6,1293.100000,0.042553,0.000000
7,1293.100000,0.015150,0.000000
8,1293.100000,0.080386,0.000000
9,1293.100000,0.014571,0.000000
0,1294.100000,0.059833,0.000000
1,1294.100000,0.080385,0.000000
2,1294.100000,0.042553,0.000000
3,1294.100000,0.080385,0.000000
4,1294.100000,0.049283,0.000000
5,1294.100000,0.049293,0.000000
6,1294.100000,0.042553,0.000000
7,1294.100000,0.015897,0.000000
8,1294.100000,0.080386,0.000000
9,1294.100000,0.014562,0.000000
0,1295.100000,0.059833,0.000000
1,1295.100000,0.080386,0.000000
2,1295.100000,0.042553,0.000000
3,1295.100000,0.080386,0.000000
4,1295.100000,0.049285,0.000000
5,1295.100000,0.049299,0.000000
6,1295.100000,0.042553,0.000000
7,1295.100000,0.015856,0.000000
8,1295.100000,0.080385,0.000000
9,1295.100000,0.014560,0.000000
0,1296.100000,0.059833,0.000000
1,1296.100000,0.080385,0.000000
2,1296.100000,0.042553,0.000000
3,1296.100000,0.080385,0.000000
4,1296.100000,0.049277,0.000000
5,1296.100000,0.049286,0.000000
6,1296.100000,0.042554,0.000000
7,1296.100000,0.015839,0.000000
8,1296.100000,0.080386,0.000000
9,1296.100000,0.014553,0.000000
0,1297.100000,0.059833,0.000000
1,1297.100000,0.080385,0.000000
2,1297.100000,0.042553,0.000000
3,1297.100000,0.080386,0.000000
4,1297.100000,0.049279,0.000000
5,1297.100000,0.049288,0.000000
6,1297.100000,0.042553,0.000000
7,1297.100000,0.015843,0.000000
8,1297.100000,0.080385,0.000000
9,1297.100000,0.014575,0.000000
0,1298.100000,0.059834,0.000000
1,1298.100000,0.080385,0.000000
2,1298.100000,0.042553,0.000000
3,1298.100000,0.080386,0.000000
4,1298.100000,0.049288,0.000000
5,1298.100000,0.049289,0.000000
6,1298.100000,0.042553,0.000000
7,1298.100000,0.015841,0.000000
8,1298.100000,0.080387,0.000000
9,1298.100000,0.014579,0.000000
0,1299.100000,0.059833,0.000000
1,1299.100000,0.080386,0.000000
2,1299.100000,0.042553,0.000000
3,1299.100000,0.080386,0.000000
4,1299.100000,0.049290,0.000000
5,1299.100000,0.049283,0.000000
6,1299.100000,0.042553,0.000000
7,1299.100000,0.015859,0.000000
8,1299.100000,0.080386,0.000000
9,1299.100000,0.014560,0.000000
0,1300.100000,0.080387,0.000000
1,1300.100000,0.049274,0.000000
2,1300.100000,0.059833,0.000000
3,1300.100000,0.049299,0.000000
4,1300.100000,0.014574,0.000000
5,1300.100000,0.080385,0.000000
6,1300.100000,0.042553,0.000000
7,1300.100000,0.049119,0.000000
8,1300.100000,0.014588,0.000000
9,1300.100000,0.059833,0.000000
0,1301.100000,0.080385,0.000000
1,1301.100000,0.049298,0.000000
2,1301.100000,0.059833,0.000000
3,1301.100000,0.049304,0.000000
4,1301.100000,0.014565,0.000000
5,1301.100000,0.080387,0.000000
6,1301.100000,0.042553,0.000000
7,1301.100000,0.049114,0.000000
8,1301.100000,0.014564,0.000000
9,1301.100000,0.059833,0.000000
0,1302.100000,0.080386,0.000000
1,1302.100000,0.049290,0.000000
2,1302.100000,0.059833,0.000000
3,1302.100000,0.049291,0.000000
4,1302.100000,0.014571,0.000000
5,1302.100000,0.080385,0.000000
6,1302.100000,0.042553,0.000000
7,1302.100000,0.049106,0.000000
8,1302.100000,0.014570,0.000000
9,1302.100000,0.059834,0.000000
0,1303.100000,0.080385,0.000000
1,1303.100000,0.049283,0.000000
2,1303.100000,0.059833,0.000000
3,1303.100000,0.049292,0.000000
4,1303.100000,0.014573,0.000000
5,1303.100000,0.080385,0.000000
6,1303.100000,0.042553,0.000000
7,1303.100000,0.049092,0.000000
8,1303.100000,0.014577,0.000000
9,1303.100000,0.059833,0.000000
0,1304.100000,0.080386,0.000000
1,1304.100000,0.049339,0.000000
2,1304.100000,0.059833,0.000000
3,1304.100000,0.049282,0.000000
4,1304.100000,0.014571,0.000000
5,1304.100000,0.080385,0.000000
6,1304.100000,0.042553,0.000000
7,1304.100000,0.049088,0.000000
8,1304.100000,0.014571,0.000000
9,1304.100000,0.059833,0.000000
0,1305.100000,0.080386,0.000000
1,1305.100000,0.049321,0.000000
2,1305.100000,0.059833,0.000000
3,1305.100000,0.049295,0.000000
4,1305.100000,0.014583,0.000000
5,1305.100000,0.080384,0.000000
6,1305.100000,0.042553,0.000000
7,1305.100000,0.049088,0.000000
8,1305.100000,0.014576,0.000000
9,1305.100000,0.059834,0.000000
0,1306.100000,0.080386,0.000000
1,1306.100000,0.049296,0.000000
2,1306.100000,0.059834,0.000000
3,1306.100000,0.049300,0.000000
4,1306.100000,0.014558,0.000000
5,1306.100000,0.080386,0.000000
6,1306.100000,0.042553,0.000000
7,1306.100000,0.049088,0.000000
8,1306.100000,0.014570,0.000000
9,1306.100000,0.059833,0.000000
0,1307.100000,0.080385,0.000000
1,1307.100000,0.049308,0.000000
2,1307.100000,0.059833,0.000000
3,1307.100000,0.049289,0.000000
4,1307.100000,0.014575,0.000000
5,1307.100000,0.080386,0.000000
6,1307.100000,0.042553,0.000000
7,1307.100000,0.049088,0.000000
8,1307.100000,0.014557,0.000000
9,1307.100000,0.059833,0.000000
0,1308.100000,0.080385,0.000000
1,1308.100000,0.049302,0.000000
2,1308.100000,0.059833,0.000000
3,1308.100000,0.049283,0.000000
4,1308.100000,0.014595,0.000000
5,1308.100000,0.080386,0.000000
6,1308.100000,0.042553,0.000000
7,1308.100000,0.049089,0.000000
8,1308.100000,0.014558,0.000000
9,1308.100000,0.059833,0.000000
0,1309.100000,0.080386,0.000000
1,1309.100000,0.049290,0.000000
2,1309.100000,0.059834,0.000000
3,1309.100000,0.049287,0.000000
4,1309.100000,0.014570,0.000000
5,1309.100000,0.080386,0.000000
6,1309.100000,0.042553,0.000000
7,1309.100000,0.049089,0.000000
8,1309.100000,0.014570,0.000000
9,1309.100000,0.059834,0.000000
0,1310.100000,0.014579,0.000000
1,1310.100000,0.014566,0.000000
2,1310.100000,0.080386,0.000000
3,1310.100000,0.014583,0.000000
4,1310.100000,0.042553,0.000000
5,1310.100000,0.014570,0.000000
6,1310.100000,0.080387,0.000000
7,1310.100000,0.042553,0.000000
8,1310.100000,0.059833,0.000000
9,1310.100000,0.049271,0.000000
0,1311.100000,0.014568,0.000000
1,1311.100000,0.014570,0.000000
2,1311.100000,0.080386,0.000000
3,1311.100000,0.014589,0.000000
4,1311.100000,0.042553,0.000000
5,1311.100000,0.014576,0.000000
6,1311.100000,0.080386,0.000000
7,1311.100000,0.042553,0.000000
8,1311.100000,0.059833,0.000000
9,1311.100000,0.049273,0.000000
0,1312.100000,0.014560,0.000000
1,1312.100000,0.014553,0.000000
2,1312.100000,0.080386,0.000000
3,1312.100000,0.014613,0.000000
4,1312.100000,0.042553,0.000000
5,1312.100000,0.014573,0.000000
6,1312.100000,0.080385,0.000000
7,1312.100000,0.042553,0.000000
8,1312.100000,0.059833,0.000000
9,1312.100000,0.049299,0.000000
0,1313.100000,0.014559,0.000000
1,1313.100000,0.014550,0.000000
2,1313.100000,0.080386,0.000000
3,1313.100000,0.014581,0.000000
4,1313.100000,0.042553,0.000000
5,1313.100000,0.014572,0.000000
6,1313.100000,0.080387,0.000000
7,1313.100000,0.042553,0.000000
8,1313.100000,0.059833,0.000000
9,1313.100000,0.049303,0.000000
0,1314.100000,0.014568,0.000000
1,1314.100000,0.014580,0.000000
2,1314.100000,0.080386,0.000000
3,1314.100000,0.014560,0.000000
4,1314.100000,0.042553,0.000000
5,1314.100000,0.014566,0.000000
6,1314.100000,0.080385,0.000000
7,1314.100000,0.042553,0.000000
8,1314.100000,0.059833,0.000000
9,1314.100000,0.049281,0.000000
0,1315.100000,0.014586,0.000000
1,1315.100000,0.014576,0.000000
2,1315.100000,0.080386,0.000000
3,1315.100000,0.014546,0.000000
4,1315.100000,0.042553,0.000000
5,1315.100000,0.014556,0.000000
6,1315.100000,0.080386,0.000000
7,1315.100000,0.042553,0.000000
8,1315.100000,0.059833,0.000000
9,1315.100000,0.049273,0.000000
0,1316.100000,0.014584,0.000000
1,1316.100000,0.014564,0.000000
2,1316.100000,0.080385,0.000000
3,1316.100000,0.014574,0.000000
4,1316.100000,0.042553,0.000000
5,1316.100000,0.014556,0.000000
6,1316.100000,0.080386,0.000000
7,1316.100000,0.042553,0.000000
8,1316.100000,0.059833,0.000000
9,1316.100000,0.049284,0.000000
0,1317.100000,0.014569,0.000000
1,1317.100000,0.014576,0.000000
2,1317.100000,0.080385,0.000000
3,1317.100000,0.014582,0.000000
4,1317.100000,0.042554,0.000000
5,1317.100000,0.014564,0.000000
6,1317.100000,0.080386,0.000000
7,1317.100000,0.042553,0.000000
8,1317.100000,0.059833,0.000000
9,1317.100000,0.049272,0.000000
0,1318.100000,0.014559,0.000000
1,1318.100000,0.014578,0.000000
2,1318.100000,0.080386,0.000000
3,1318.100000,0.014581,0.000000
4,1318.100000,0.042553,0.000000
5,1318.100000,0.014572,0.000000
6,1318.100000,0.080386,0.000000
7,1318.100000,0.042553,0.000000
8,1318.100000,0.059833,0.000000
9,1318.100000,0.049290,0.000000
0,1319.100000,0.014579,0.000000
1,1319.100000,0.014574,0.000000
2,1319.100000,0.080386,0.000000
3,1319.100000,0.014581,0.000000
4,1319.100000,0.042553,0.000000
5,1319.100000,0.014570,0.000000
6,1319.100000,0.080386,0.000000
7,1319.100000,0.042553,0.000000
8,1319.100000,0.059833,0.000000
9,1319.100000,0.049287,0.000000
0,1320.100000,0.042553,0.000000
1,1320.100000,0.042553,0.000000
2,1320.100000,0.049295,0.000000
3,1320.100000,0.042553,0.000000
4,1320.100000,0.059833,0.000000
5,1320.100000,0.042553,0.000000
6,1320.100000,0.014562,0.000000
7,1320.100000,0.080368,0.000000
8,1320.100000,0.049293,0.000000
9,1320.100000,0.042553,0.000000
0,1321.100000,0.042553,0.000000
1,1321.100000,0.042553,0.000000
2,1321.100000,0.049285,0.000000
3,1321.100000,0.042553,0.000000
4,1321.100000,0.059833,0.000000
5,1321.100000,0.042553,0.000000
6,1321.100000,0.014546,0.000000
7,1321.100000,0.080368,0.000000
8,1321.100000,0.049285,0.000000
9,1321.100000,0.042553,0.000000
0,1322.100000,0.042553,0.000000
1,1322.100000,0.042553,0.000000
2,1322.100000,0.049293,0.000000
3,1322.100000,0.042553,0.000000
4,1322.100000,0.059833,0.000000
5,1322.100000,0.042553,0.000000
6,1322.100000,0.014556,0.000000
7,1322.100000,0.080367,0.000000
8,1322.100000,0.049277,0.000000
9,1322.100000,0.042553,0.000000
0,1323.100000,0.042553,0.000000
1,1323.100000,0.042553,0.000000
2,1323.100000,0.049286,0.000000
3,1323.100000,0.042553,0.000000
4,1323.100000,0.059833,0.000000
5,1323.100000,0.042553,0.000000
6,1323.100000,0.014559,0.000000
7,1323.100000,0.080367,0.000000
8,1323.100000,0.049280,0.000000
9,1323.100000,0.042553,0.000000
0,1324.100000,0.042553,0.000000
1,1324.100000,0.042553,0.000000
2,1324.100000,0.049296,0.000000
3,1324.100000,0.042553,0.000000
4,1324.100000,0.059833,0.000000
5,1324.100000,0.042553,0.000000
6,1324.100000,0.014559,0.000000
7,1324.100000,0.080367,0.000000
8,1324.100000,0.049275,0.000000
9,1324.100000,0.042553,0.000000
0,1325.100000,0.042553,0.000000
1,1325.100000,0.042553,0.000000
2,1325.100000,0.049283,0.000000
3,1325.100000,0.042553,0.000000
4,1325.100000,0.059833,0.000000
5,1325.100000,0.042554,0.000000
6,1325.100000,0.014558,0.000000
7,1325.100000,0.080367,0.000000
8,1325.100000,0.049278,0.000000
9,1325.100000,0.042553,0.000000
0,1326.100000,0.042554,0.000000
1,1326.100000,0.042553,0.000000
2,1326.100000,0.049303,0.000000
3,1326.100000,0.042553,0.000000
4,1326.100000,0.059833,0.000000
5,1326.100000,0.042554,0.000000
6,1326.100000,0.014552,0.000000
7,1326.100000,0.080367,0.000000
8,1326.100000,0.049286,0.000000
9,1326.100000,0.042553,0.000000
0,1327.100000,0.042553,0.000000
1,1327.100000,0.042553,0.000000
2,1327.100000,0.049298,0.000000
3,1327.100000,0.042553,0.000000
4,1327.100000,0.059833,0.000000
5,1327.100000,0.042553,0.000000
6,1327.100000,0.014560,0.000000
7,1327.100000,0.080367,0.000000
8,1327.100000,0.049291,0.000000
9,1327.100000,0.042553,0.000000
0,1328.100000,0.042553,0.000000
1,1328.100000,0.042553,0.000000
2,1328.100000,0.049293,0.000000
3,1328.100000,0.042553,0.000000
4,1328.100000,0.059833,0.000000
5,1328.100000,0.042553,0.000000
6,1328.100000,0.014567,0.000000
7,1328.100000,0.080366,0.000000
8,1328.100000,0.049280,0.000000
9,1328.100000,0.042553,0.000000
0,1329.100000,0.042553,0.000000
1,1329.100000,0.042553,0.000000
2,1329.100000,0.049291,0.000000
3,1329.100000,0.042553,0.000000
4,1329.100000,0.059833,0.000000
5,1329.100000,0.042553,0.000000
6,1329.100000,0.014569,0.000000
7,1329.100000,0.080366,0.000000
8,1329.100000,0.049283,0.000000
9,1329.100000,0.042553,0.000000
0,1330.100000,0.059833,0.000000
1,1330.100000,0.059833,0.000000
2,1330.100000,0.014593,0.000000
3,1330.100000,0.059833,0.000000
4,1330.100000,0.080385,0.000000
5,1330.100000,0.059833,0.000000
6,1330.100000,0.059833,0.000000
7,1330.100000,0.014525,0.000000
8,1330.100000,0.042553,0.000000
9,1330.100000,0.080386,0.000000
0,1331.100000,0.059833,0.000000
1,1331.100000,0.059833,0.000000
2,1331.100000,0.014579,0.000000
3,1331.100000,0.059833,0.000000
4,1331.100000,0.080386,0.000000
5,1331.100000,0.059833,0.000000
6,1331.100000,0.059833,0.000000
7,1331.100000,0.014526,0.000000
8,1331.100000,0.042553,0.000000
9,1331.100000,0.080385,0.000000
0,1332.100000,0.059833,0.000000
1,1332.100000,0.059833,0.000000
2,1332.100000,0.014575,0.000000
3,1332.100000,0.059834,0.000000
4,1332.100000,0.080386,0.000000
5,1332.100000,0.059833,0.000000
6,1332.100000,0.059833,0.000000
7,1332.100000,0.014527,0.000000
8,1332.100000,0.042553,0.000000
9,1332.100000,0.080386,0.000000
0,1333.100000,0.059833,0.000000
1,1333.100000,0.059833,0.000000
2,1333.100000,0.014571,0.000000
3,1333.100000,0.059833,0.000000
4,1333.100000,0.080384,0.000000
5,1333.100000,0.059833,0.000000
6,1333.100000,0.059833,0.000000
7,1333.100000,0.014528,0.000000
8,1333.100000,0.042553,0.000000
9,1333.100000,0.080385,0.000000
0,1334.100000,0.059833,0.000000
1,1334.100000,0.059833,0.000000
2,1334.100000,0.014563,0.000000
3,1334.100000,0.059833,0.000000
4,1334.100000,0.080387,0.000000
5,1334.100000,0.059833,0.000000
6,1334.100000,0.059833,0.000000
7,1334.100000,0.014530,0.000000
8,1334.100000,0.042553,0.000000
9,1334.100000,0.080385,0.000000
0,1335.100000,0.059833,0.000000
1,1335.100000,0.059833,0.000000
2,1335.100000,0.014569,0.000000
3,1335.100000,0.059833,0.000000
4,1335.100000,0.080386,0.000000
5,1335.100000,0.059834,0.000000
6,1335.100000,0.059833,0.000000
7,1335.100000,0.014532,0.000000
8,1335.100000,0.042553,0.000000
9,1335.100000,0.080386,0.000000
0,1336.100000,0.059833,0.000000
1,1336.100000,0.059833,0.000000
2,1336.100000,0.014574,0.000000
3,1336.100000,0.059833,0.000000
4,1336.100000,0.080385,0.000000
5,1336.100000,0.059833,0.000000
6,1336.100000,0.059834,0.000000
7,1336.100000,0.014533,0.000000
8,1336.100000,0.042553,0.000000
9,1336.100000,0.080386,0.000000
0,1337.100000,0.059833,0.000000
1,1337.100000,0.059833,0.000000
2,1337.100000,0.014568,0.000000
3,1337.100000,0.059833,0.000000
4,1337.100000,0.080385,0.000000
5,1337.100000,0.059833,0.000000
6,1337.100000,0.059834,0.000000
7,1337.100000,0.014535,0.000000
8,1337.100000,0.042553,0.000000
9,1337.100000,0.080385,0.000000
0,1338.100000,0.059833,0.000000
1,1338.100000,0.059833,0.000000
2,1338.100000,0.014567,0.000000
3,1338.100000,0.059833,0.000000
4,1338.100000,0.080386,0.000000
5,1338.100000,0.059833,0.000000
6,1338.100000,0.059833,0.000000
7,1338.100000,0.014530,0.000000
8,1338.100000,0.042553,0.000000
9,1338.100000,0.080385,0.000000
0,1339.100000,0.059833,0.000000
1,1339.100000,0.059833,0.000000
2,1339.100000,0.014561,0.000000
3,1339.100000,0.059833,0.000000
4,1339.100000,0.080386,0.000000
5,1339.100000,0.059833,0.000000
6,1339.100000,0.059833,0.000000
7,1339.100000,0.014541,0.000000
8,1339.100000,0.042553,0.000000
9,1339.100000,0.080386,0.000000
0,1340.100000,0.080386,0.000000
1,1340.100000,0.080387,0.000000
2,1340.100000,0.042553,0.000000
3,1340.100000,0.080386,0.000000
4,1340.100000,0.049289,0.000000
5,1340.100000,0.059833,0.000000
6,1340.100000,0.049283,0.000000
7,1340.100000,0.059847,0.000000
8,1340.100000,0.080385,0.000000
9,1340.100000,0.014605,0.000000
0,1341.100000,0.080386,0.000000
1,1341.100000,0.080385,0.000000
2,1341.100000,0.042553,0.000000
3,1341.100000,0.080385,0.000000
4,1341.100000,0.049292,0.000000
5,1341.100000,0.059833,0.000000
6,1341.100000,0.049286,0.000000
7,1341.100000,0.059847,0.000000
8,1341.100000,0.080386,0.000000
9,1341.100000,0.014595,0.000000
0,1342.100000,0.080385,0.000000
1,1342.100000,0.080385,0.000000
2,1342.100000,0.042553,0.000000
3,1342.100000,0.080386,0.000000
4,1342.100000,0.049288,0.000000
5,1342.100000,0.059833,0.000000
6,1342.100000,0.049284,0.000000
7,1342.100000,0.059847,0.000000
8,1342.100000,0.080386,0.000000
9,1342.100000,0.014576,0.000000
0,1343.100000,0.080386,0.000000
1,1343.100000,0.080386,0.000000
2,1343.100000,0.042553,0.000000
3,1343.100000,0.080385,0.000000
4,1343.100000,0.049296,0.000000
5,1343.100000,0.059833,0.000000
6,1343.100000,0.049275,0.000000
7,1343.100000,0.059847,0.000000
8,1343.100000,0.080385,0.000000
9,1343.100000,0.014558,0.000000
0,1344.100000,0.080386,0.000000
1,1344.100000,0.080386,0.000000
2,1344.100000,0.042553,0.000000
3,1344.100000,0.080385,0.000000
4,1344.100000,0.049294,0.000000
5,1344.100000,0.059833,0.000000
6,1344.100000,0.049295,0.000000
7,1344.100000,0.059847,0.000000
8,1344.100000,0.080386,0.000000
9,1344.100000,0.014560,0.000000
0,1345.100000,0.080386,0.000000
1,1345.100000,0.080384,0.000000
2,1345.100000,0.042553,0.000000
3,1345.100000,0.080386,0.000000
4,1345.100000,0.049290,0.000000
5,1345.100000,0.059833,0.000000
6,1345.100000,0.049281,0.000000
7,1345.100000,0.059846,0.000000
8,1345.100000,0.080386,0.000000
9,1345.100000,0.014578,0.000000
0,1346.100000,0.080385,0.000000
1,1346.100000,0.080386,0.000000
2,1346.100000,0.042553,0.000000
3,1346.100000,0.080386,0.000000
4,1346.100000,0.049281,0.000000
5,1346.100000,0.059833,0.000000
6,1346.100000,0.049304,0.000000
7,1346.100000,0.059845,0.000000
8,1346.100000,0.080387,0.000000
9,1346.100000,0.014591,0.000000
0,1347.100000,0.080386,0.000000
1,1347.100000,0.080385,0.000000
2,1347.100000,0.042553,0.000000
3,1347.100000,0.080386,0.000000
4,1347.100000,0.049290,0.000000
5,1347.100000,0.059833,0.000000
6,1347.100000,0.049298,0.000000
7,1347.100000,0.059842,0.000000
8,1347.100000,0.080385,0.000000
9,1347.100000,0.014571,0.000000
0,1348.100000,0.080385,0.000000
1,1348.100000,0.080386,0.000000
2,1348.100000,0.042554,0.000000
3,1348.100000,0.080386,0.000000
4,1348.100000,0.049296,0.000000
5,1348.100000,0.059833,0.000000
6,1348.100000,0.049297,0.000000
7,1348.100000,0.074814,0.000000
8,1348.100000,0.080386,0.000000
9,1348.100000,0.014567,0.000000
0,1349.100000,0.080385,0.000000
1,1349.100000,0.080386,0.000000
2,1349.100000,0.042553,0.000000
3,1349.100000,0.080385,0.000000
4,1349.100000,0.049289,0.000000
5,1349.100000,0.059833,0.000000
6,1349.100000,0.049286,0.000000
7,1349.100000,0.059833,0.000000
8,1349.100000,0.080385,0.000000
9,1349.100000,0.014575,0.000000
0,1350.100000,0.014571,0.000000
1,1350.100000,0.049283,0.000000
2,1350.100000,0.059833,0.000000
3,1350.100000,0.049287,0.000000
4,1350.100000,0.080386,0.000000
5,1350.100000,0.049280,0.000000
6,1350.100000,0.042553,0.000000
7,1350.100000,0.049291,0.000000
8,1350.100000,0.014590,0.000000
9,1350.100000,0.059833,0.000000
0,1351.100000,0.014575,0.000000
1,1351.100000,0.049288,0.000000
2,1351.100000,0.059833,0.000000
3,1351.100000,0.049296,0.000000
4,1351.100000,0.080385,0.000000
5,1351.100000,0.049285,0.000000
6,1351.100000,0.042553,0.000000
7,1351.100000,0.049289,0.000000
8,1351.100000,0.014594,0.000000
9,1351.100000,0.059833,0.000000
0,1352.100000,0.014575,0.000000
1,1352.100000,0.049292,0.000000
2,1352.100000,0.059833,0.000000
3,1352.100000,0.049287,0.000000
4,1352.100000,0.080385,0.000000
5,1352.100000,0.049297,0.000000
6,1352.100000,0.042553,0.000000
7,1352.100000,0.049298,0.000000
8,1352.100000,0.014573,0.000000
9,1352.100000,0.059833,0.000000
0,1353.100000,0.014567,0.000000
1,1353.100000,0.049292,0.000000
2,1353.100000,0.059833,0.000000
3,1353.100000,0.049276,0.000000
4,1353.100000,0.080385,0.000000
5,1353.100000,0.049283,0.000000
6,1353.100000,0.042553,0.000000
7,1353.100000,0.049297,0.000000
8,1353.100000,0.014555,0.000000
9,1353.100000,0.059833,0.000000
0,1354.100000,0.014572,0.000000
1,1354.100000,0.049271,0.000000
2,1354.100000,0.059833,0.000000
3,1354.100000,0.049289,0.000000
4,1354.100000,0.080385,0.000000
5,1354.100000,0.049288,0.000000
6,1354.100000,0.042554,0.000000
7,1354.100000,0.049293,0.000000
8,1354.100000,0.014615,0.000000
9,1354.100000,0.059833,0.000000
0,1355.100000,0.014585,0.000000
1,1355.100000,0.049283,0.000000
2,1355.100000,0.059833,0.000000
3,1355.100000,0.049287,0.000000
4,1355.100000,0.080385,0.000000
5,1355.100000,0.049300,0.000000
6,1355.100000,0.042553,0.000000
7,1355.100000,0.049286,0.000000
8,1355.100000,0.014623,0.000000
9,1355.100000,0.059833,0.000000
0,1356.100000,0.014584,0.000000
1,1356.100000,0.049281,0.000000
2,1356.100000,0.059833,0.000000
3,1356.100000,0.049292,0.000000
4,1356.100000,0.080386,0.000000
5,1356.100000,0.049293,0.000000
6,1356.100000,0.042553,0.000000
7,1356.100000,0.621277,0.000000
8,1356.100000,0.014597,0.000000
9,1356.100000,0.059833,0.000000
0,1357.100000,0.014571,0.000000
1,1357.100000,0.049282,0.000000
2,1357.100000,0.059833,0.000000
3,1357.100000,0.049290,0.000000
4,1357.100000,0.080387,0.000000
5,1357.100000,0.049287,0.000000
6,1357.100000,0.042553,0.000000
7,1357.100000,0.599651,0.000000
8,1357.100000,0.014582,0.000000
9,1357.100000,0.059833,0.000000
0,1358.100000,0.014573,0.000000
1,1358.100000,0.049274,0.000000
2,1358.100000,0.059833,0.000000
3,1358.100000,0.049287,0.000000
4,1358.100000,0.080385,0.000000
5,1358.100000,0.049294,0.000000
6,1358.100000,0.042553,0.000000
7,1358.100000,0.517035,0.000000
8,1358.100000,0.014562,0.000000
9,1358.100000,0.059833,0.000000
0,1359.100000,0.014565,0.000000
1,1359.100000,0.049274,0.000000
2,1359.100000,0.059833,0.000000
3,1359.100000,0.049290,0.000000
4,1359.100000,0.080386,0.000000
5,1359.100000,0.049280,0.000000
6,1359.100000,0.042553,0.000000
7,1359.100000,0.315327,0.000000
8,1359.100000,0.014564,0.000000
9,1359.100000,0.059833,0.000000
0,1360.100000,0.049293,0.000000
1,1360.100000,0.014585,0.000000
2,1360.100000,0.080385,0.000000
3,1360.100000,0.014564,0.000000
4,1360.100000,0.014598,0.000000
5,1360.100000,0.080386,0.000000
6,1360.100000,0.080386,0.000000
7,1360.100000,0.042554,0.000000
8,1360.100000,0.059834,0.000000
9,1360.100000,0.049278,0.000000
0,1361.100000,0.049302,0.000000
1,1361.100000,0.014577,0.000000
2,1361.100000,0.080386,0.000000
3,1361.100000,0.014571,0.000000
4,1361.100000,0.014576,0.000000
5,1361.100000,0.080386,0.000000
6,1361.100000,0.080385,0.000000
7,1361.100000,0.042554,0.000000
8,1361.100000,0.059833,0.000000
9,1361.100000,0.049280,0.000000
0,1362.100000,0.049296,0.000000
1,1362.100000,0.014586,0.000000
2,1362.100000,0.080385,0.000000
3,1362.100000,0.014561,0.000000
4,1362.100000,0.014563,0.000000
5,1362.100000,0.080385,0.000000
6,1362.100000,0.080385,0.000000
7,1362.100000,0.042554,0.000000
8,1362.100000,0.059833,0.000000
9,1362.100000,0.049277,0.000000
0,1363.100000,0.049293,0.000000
1,1363.100000,0.014572,0.000000
2,1363.100000,0.080386,0.000000
3,1363.100000,0.014558,0.000000
4,1363.100000,0.014553,0.000000
5,1363.100000,0.080386,0.000000
6,1363.100000,0.080386,0.000000
7,1363.100000,0.042554,0.000000
8,1363.100000,0.059831,0.000000
9,1363.100000,0.049274,0.000000
0,1364.100000,0.049290,0.000000
1,1364.100000,0.014574,0.000000
2,1364.100000,0.080385,0.000000
3,1364.100000,0.014562,0.000000
4,1364.100000,0.014547,0.000000
5,1364.100000,0.080387,0.000000
6,1364.100000,0.080386,0.000000
7,1364.100000,0.042554,0.000000
8,1364.100000,0.059832,0.000000
9,1364.100000,0.049299,0.000000
0,1365.100000,0.049287,0.000000
1,1365.100000,0.014580,0.000000
2,1365.100000,0.080386,0.000000
3,1365.100000,0.014560,0.000000
4,1365.100000,0.014553,0.000000
5,1365.100000,0.080386,0.000000
6,1365.100000,0.080385,0.000000
7,1365.100000,0.042553,0.000000
8,1365.100000,0.059833,0.000000
9,1365.100000,0.049291,0.000000
0,1366.100000,0.049299,0.000000
1,1366.100000,0.014570,0.000000
2,1366.100000,0.080385,0.000000
3,1366.100000,0.014559,0.000000
4,1366.100000,0.014575,0.000000
5,1366.100000,0.080385,0.000000
6,1366.100000,0.080386,0.000000
7,1366.100000,0.042554,0.000000
8,1366.100000,0.059832,0.000000
9,1366.100000,0.049280,0.000000
0,1367.100000,0.049288,0.000000
1,1367.100000,0.014586,0.000000
2,1367.100000,0.080385,0.000000
3,1367.100000,0.014569,0.000000
4,1367.100000,0.014568,0.000000
5,1367.100000,0.080386,0.000000
6,1367.100000,0.080386,0.000000
7,1367.100000,0.042553,0.000000
8,1367.100000,0.059832,0.000000
9,1367.100000,0.049293,0.000000
0,1368.100000,0.049286,0.000000
1,1368.100000,0.014584,0.000000
2,1368.100000,0.080386,0.000000
3,1368.100000,0.014568,0.000000
4,1368.100000,0.014578,0.000000
5,1368.100000,0.080385,0.000000
6,1368.100000,0.080385,0.000000
7,1368.100000,0.042553,0.000000
8,1368.100000,0.059832,0.000000
9,1368.100000,0.049299,0.000000
0,1369.100000,0.049291,0.000000
1,1369.100000,0.014557,0.000000
2,1369.100000,0.080385,0.000000
3,1369.100000,0.014558,0.000000
4,1369.100000,0.014584,0.000000
5,1369.100000,0.080386,0.000000
6,1369.100000,0.080386,0.000000
7,1369.100000,0.042553,0.000000
8,1369.100000,0.059832,0.000000
9,1369.100000,0.049283,0.000000
0,1370.100000,0.042553,0.000000
1,1370.100000,0.042553,0.000000
2,1370.100000,0.049271,0.000000
3,1370.100000,0.042553,0.000000
4,1370.100000,0.042553,0.000000
5,1370.100000,0.014570,0.000000
6,1370.100000,0.014566,0.000000
7,1370.100000,0.080370,0.000000
8,1370.100000,0.620852,0.000000
9,1370.100000,0.042553,0.000000
0,1371.100000,0.042553,0.000000
1,1371.100000,0.042553,0.000000
2,1371.100000,0.049285,0.000000
3,1371.100000,0.042553,0.000000
4,1371.100000,0.042553,0.000000
5,1371.100000,0.014581,0.000000
6,1371.100000,0.014548,0.000000
7,1371.100000,0.080370,0.000000
8,1371.100000,0.621052,0.000000
9,1371.100000,0.042553,0.000000
0,1372.100000,0.042553,0.000000
1,1372.100000,0.042553,0.000000
2,1372.100000,0.049278,0.000000
3,1372.100000,0.042553,0.000000
4,1372.100000,0.042553,0.000000
5,1372.100000,0.014575,0.000000
6,1372.100000,0.014554,0.000000
7,1372.100000,0.080370,0.000000
8,1372.100000,0.621165,0.000000
9,1372.100000,0.042553,0.000000
0,1373.100000,0.042553,0.000000
1,1373.100000,0.042553,0.000000
2,1373.100000,0.049297,0.000000
3,1373.100000,0.042553,0.000000
4,1373.100000,0.042553,0.000000
5,1373.100000,0.014567,0.000000
6,1373.100000,0.014560,0.000000
7,1373.100000,0.080369,0.000000
8,1373.100000,0.621183,0.000000
9,1373.100000,0.042553,0.000000
0,1374.100000,0.042553,0.000000
1,1374.100000,0.042553,0.000000
2,1374.100000,0.049300,0.000000
3,1374.100000,0.042554,0.000000
4,1374.100000,0.042553,0.000000
5,1374.100000,0.014571,0.000000
6,1374.100000,0.014579,0.000000
7,1374.100000,0.080369,0.000000
8,1374.100000,0.621182,0.000000
9,1374.100000,0.042553,0.000000
0,1375.100000,0.042553,0.000000
1,1375.100000,0.042553,0.000000
2,1375.100000,0.049287,0.000000
3,1375.100000,0.042553,0.000000
4,1375.100000,0.042553,0.000000
5,1375.100000,0.014561,0.000000
6,1375.100000,0.014569,0.000000
7,1375.100000,0.080369,0.000000
8,1375.100000,0.621229,0.000000
9,1375.100000,0.042553,0.000000
0,1376.100000,0.042553,0.000000
1,1376.100000,0.042553,0.000000
2,1376.100000,0.049294,0.000000
3,1376.100000,0.042553,0.000000
4,1376.100000,0.042553,0.000000
5,1376.100000,0.014565,0.000000
6,1376.100000,0.014561,0.000000
7,1376.100000,0.080369,0.000000
8,1376.100000,0.621221,0.000000
9,1376.100000,0.042553,0.000000
0,1377.100000,0.042553,0.000000
1,1377.100000,0.042553,0.000000
2,1377.100000,0.049289,0.000000
3,1377.100000,0.042553,0.000000
4,1377.100000,0.042553,0.000000
5,1377.100000,0.014588,0.000000
6,1377.100000,0.014571,0.000000
7,1377.100000,0.080369,0.000000
8,1377.100000,0.621221,0.000000
9,1377.100000,0.042553,0.000000
0,1378.100000,0.042553,0.000000
1,1378.100000,0.042553,0.000000
2,1378.100000,0.049295,0.000000
3,1378.100000,0.042553,0.000000
4,1378.100000,0.042553,0.000000
5,1378.100000,0.014595,0.000000
6,1378.100000,0.014574,0.000000
7,1378.100000,0.080368,0.000000
8,1378.100000,0.621229,0.000000
9,1378.100000,0.042553,0.000000
0,1379.100000,0.042553,0.000000
1,1379.100000,0.042553,0.000000
2,1379.100000,0.049294,0.000000
3,1379.100000,0.042553,0.000000
4,1379.100000,0.042553,0.000000
5,1379.100000,0.014574,0.000000
6,1379.100000,0.014569,0.000000
7,1379.100000,0.080368,0.000000
8,1379.100000,0.621229,0.000000
9,1379.100000,0.042553,0.000000
0,1380.100000,0.049297,0.000000
1,1380.100000,0.059833,0.000000
2,1380.100000,0.014573,0.000000
3,1380.100000,0.042553,0.000000
4,1380.100000,0.059833,0.000000
5,1380.100000,0.042553,0.000000
6,1380.100000,0.059833,0.000000
7,1380.100000,0.049092,0.000000
8,1380.100000,0.844963,0.000000
9,1380.100000,0.080386,0.000000
0,1381.100000,0.049289,0.000000
1,1381.100000,0.059833,0.000000
2,1381.100000,0.014584,0.000000
3,1381.100000,0.042553,0.000000
4,1381.100000,0.059833,0.000000
5,1381.100000,0.042553,0.000000
6,1381.100000,0.059833,0.000000
7,1381.100000,0.049092,0.000000
8,1381.100000,0.844963,0.000000
9,1381.100000,0.080386,0.000000
0,1382.100000,0.049289,0.000000
1,1382.100000,0.059833,0.000000
2,1382.100000,0.014574,0.000000
3,1382.100000,0.042553,0.000000
4,1382.100000,0.059833,0.000000
5,1382.100000,0.042553,0.000000
6,1382.100000,0.059833,0.000000
7,1382.100000,0.049102,0.000000
8,1382.100000,0.844963,0.000000
9,1382.100000,0.080386,0.000000
0,1383.100000,0.049303,0.000000
1,1383.100000,0.059833,0.000000
2,1383.100000,0.014563,0.000000
3,1383.100000,0.042553,0.000000
4,1383.100000,0.059833,0.000000
5,1383.100000,0.042554,0.000000
6,1383.100000,0.059833,0.000000
7,1383.100000,0.559060,0.000000
8,1383.100000,0.844963,0.000000
9,1383.100000,0.080386,0.000000
0,1384.100000,0.049309,0.000000
1,1384.100000,0.059833,0.000000
2,1384.100000,0.014567,0.000000
3,1384.100000,0.042553,0.000000
4,1384.100000,0.059833,0.000000
5,1384.100000,0.042553,0.000000
6,1384.100000,0.059833,0.000000
7,1384.100000,0.368550,0.000000
8,1384.100000,0.844963,0.000000
9,1384.100000,0.080386,0.000000
0,1385.100000,0.049295,0.000000
1,1385.100000,0.059833,0.000000
2,1385.100000,0.014568,0.000000
3,1385.100000,0.042553,0.000000
4,1385.100000,0.059833,0.000000
5,1385.100000,0.042553,0.000000
6,1385.100000,0.059833,0.000000
7,1385.100000,0.253288,0.000000
8,1385.100000,0.844963,0.000000
9,1385.100000,0.080386,0.000000
0,1386.100000,0.049279,0.000000
1,1386.100000,0.059833,0.000000
2,1386.100000,0.014566,0.000000
3,1386.100000,0.042553,0.000000
4,1386.100000,0.059833,0.000000
5,1386.100000,0.042553,0.000000
6,1386.100000,0.059833,0.000000
7,1386.100000,0.185021,0.000000
8,1386.100000,0.844963,0.000000
9,1386.100000,0.080386,0.000000
0,1387.100000,0.049292,0.000000
1,1387.100000,0.059833,0.000000
2,1387.100000,0.014577,0.000000
3,1387.100000,0.042553,0.000000
4,1387.100000,0.059833,0.000000
5,1387.100000,0.042553,0.000000
6,1387.100000,0.059833,0.000000
7,1387.100000,0.142330,0.000000
8,1387.100000,0.844963,0.000000
9,1387.100000,0.080386,0.000000
0,1388.100000,0.049290,0.000000
1,1388.100000,0.059833,0.000000
2,1388.100000,0.014581,0.000000
3,1388.100000,0.042553,0.000000
4,1388.100000,0.059833,0.000000
5,1388.100000,0.042553,0.000000
6,1388.100000,0.059833,0.000000
7,1388.100000,0.111883,0.000000
8,1388.100000,0.844963,0.000000
9,1388.100000,0.080386,0.000000
0,1389.100000,0.049288,0.000000
1,1389.100000,0.059833,0.000000
2,1389.100000,0.014593,0.000000
3,1389.100000,0.042553,0.000000
4,1389.100000,0.059833,0.000000
5,1389.100000,0.042554,0.000000
6,1389.100000,0.059833,0.000000
7,1389.100000,0.088567,0.000000
8,1389.100000,0.844963,0.000000
9,1389.100000,0.080385,0.000000
0,1390.100000,0.059833,0.000000
1,1390.100000,0.080385,0.000000
2,1390.100000,0.042553,0.000000
3,1390.100000,0.059833,0.000000
4,1390.100000,0.049289,0.000000
5,1390.100000,0.059833,0.000000
6,1390.100000,0.049293,0.000000
7,1390.100000,0.014573,0.000000
8,1390.100000,0.844963,0.000000
9,1390.100000,0.014560,0.000000
0,1391.100000,0.059833,0.000000
1,1391.100000,0.080387,0.000000
2,1391.100000,0.042553,0.000000
3,1391.100000,0.059833,0.000000
4,1391.100000,0.049281,0.000000
5,1391.100000,0.059833,0.000000
6,1391.100000,0.049303,0.000000
7,1391.100000,0.014534,0.000000
8,1391.100000,0.844963,0.000000
9,1391.100000,0.014559,0.000000
0,1392.100000,0.059833,0.000000
1,1392.100000,0.080385,0.000000
2,1392.100000,0.042553,0.000000
3,1392.100000,0.059833,0.000000
4,1392.100000,0.049304,0.000000
5,1392.100000,0.059833,0.000000
6,1392.100000,0.049291,0.000000
7,1392.100000,0.014579,0.000000
8,1392.100000,0.844963,0.000000
9,1392.100000,0.014557,0.000000
0,1393.100000,0.059833,0.000000
1,1393.100000,0.080385,0.000000
2,1393.100000,0.042553,0.000000
3,1393.100000,0.059833,0.000000
4,1393.100000,0.049293,0.000000
5,1393.100000,0.059834,0.000000
6,1393.100000,0.049274,0.000000
7,1393.100000,0.014554,0.000000
8,1393.100000,0.844963,0.000000
9,1393.100000,0.014578,0.000000
0,1394.100000,0.059833,0.000000
1,1394.100000,0.080386,0.000000
2,1394.100000,0.042553,0.000000
3,1394.100000,0.059833,0.000000
4,1394.100000,0.049301,0.000000
5,1394.100000,0.059833,0.000000
6,1394.100000,0.049289,0.000000
7,1394.100000,0.014584,0.000000
8,1394.100000,0.844963,0.000000
9,1394.100000,0.014578,0.000000
0,1395.100000,0.059833,0.000000
1,1395.100000,0.080385,0.000000
2,1395.100000,0.042553,0.000000
3,1395.100000,0.059833,0.000000
4,1395.100000,0.049306,0.000000
5,1395.100000,0.059833,0.000000
6,1395.100000,0.049298,0.000000
7,1395.100000,0.014574,0.000000
8,1395.100000,0.844963,0.000000
9,1395.100000,0.014570,0.000000
0,1396.100000,0.059833,0.000000
1,1396.100000,0.080386,0.000000
2,1396.100000,0.042553,0.000000
3,1396.100000,0.059833,0.000000
4,1396.100000,0.049286,0.000000
5,1396.100000,0.059833,0.000000
6,1396.100000,0.049285,0.000000
7,1396.100000,0.014573,0.000000
8,1396.100000,0.844963,0.000000
9,1396.100000,0.014578,0.000000
0,1397.100000,0.059833,0.000000
1,1397.100000,0.080386,0.000000
2,1397.100000,0.042553,0.000000
3,1397.100000,0.059833,0.000000
4,1397.100000,0.049318,0.000000
5,1397.100000,0.059833,0.000000
6,1397.100000,0.049284,0.000000
7,1397.100000,0.014557,0.000000
8,1397.100000,0.844963,0.000000
9,1397.100000,0.014562,0.000000
0,1398.100000,0.059833,0.000000
1,1398.100000,0.080386,0.000000
2,1398.100000,0.042553,0.000000
3,1398.100000,0.059833,0.000000
4,1398.100000,0.049317,0.000000
5,1398.100000,0.059833,0.000000
6,1398.100000,0.049276,0.000000
7,1398.100000,0.014551,0.000000
8,1398.100000,0.844963,0.000000
9,1398.100000,0.014567,0.000000
0,1399.100000,0.059833,0.000000
1,1399.100000,0.080384,0.000000
2,1399.100000,0.042553,0.000000
3,1399.100000,0.059833,0.000000
4,1399.100000,0.049318,0.000000
5,1399.100000,0.059833,0.000000
6,1399.100000,0.049277,0.000000
7,1399.100000,0.014568,0.000000
8,1399.100000,0.844963,0.000000
9,1399.100000,0.014590,0.000000
0,1400.100000,0.049297,0.000000
1,1400.100000,0.049284,0.000000
2,1400.100000,0.059833,0.000000
3,1400.100000,0.080384,0.000000
4,1400.100000,0.080385,0.000000
5,1400.100000,0.014572,0.000000
6,1400.100000,0.042553,0.000000
7,1400.100000,0.059833,0.000000
8,1400.100000,0.948116,0.000000
9,1400.100000,0.059834,0.000000
0,1401.100000,0.049291,0.000000
1,1401.100000,0.049289,0.000000
2,1401.100000,0.059833,0.000000
3,1401.100000,0.080387,0.000000
4,1401.100000,0.080387,0.000000
5,1401.100000,0.014574,0.000000
6,1401.100000,0.042553,0.000000
7,1401.100000,0.059834,0.000000
8,1401.100000,0.948113,0.000000
9,1401.100000,0.059833,0.000000
0,1402.100000,0.049275,0.000000
1,1402.100000,0.049284,0.000000
2,1402.100000,0.059833,0.000000
3,1402.100000,0.080386,0.000000
4,1402.100000,0.080386,0.000000
5,1402.100000,0.014574,0.000000
6,1402.100000,0.042553,0.000000
7,1402.100000,0.059833,0.000000
8,1402.100000,0.080388,0.000000
9,1402.100000,0.059833,0.000000
0,1403.100000,0.049287,0.000000
1,1403.100000,0.049302,0.000000
2,1403.100000,0.059833,0.000000
3,1403.100000,0.080386,0.000000
4,1403.100000,0.080385,0.000000
5,1403.100000,0.014566,0.000000
6,1403.100000,0.042553,0.000000
7,1403.100000,0.059831,0.000000
8,1403.100000,0.080377,0.000000
9,1403.100000,0.059833,0.000000
0,1404.100000,0.049280,0.000000
1,1404.100000,0.049295,0.000000
2,1404.100000,0.059833,0.000000
3,1404.100000,0.080386,0.000000
4,1404.100000,0.080387,0.000000
5,1404.100000,0.014572,0.000000
6,1404.100000,0.042553,0.000000
7,1404.100000,0.059832,0.000000
8,1404.100000,0.080377,0.000000
9,1404.100000,0.059833,0.000000
0,1405.100000,0.049287,0.000000
1,1405.100000,0.049292,0.000000
2,1405.100000,0.059833,0.000000
3,1405.100000,0.080385,0.000000
4,1405.100000,0.080384,0.000000
5,1405.100000,0.014576,0.000000
6,1405.100000,0.042553,0.000000
7,1405.100000,0.059832,0.000000
8,1405.100000,0.080376,0.000000
9,1405.100000,0.059833,0.000000
0,1406.100000,0.049279,0.000000
1,1406.100000,0.049278,0.000000
2,1406.100000,0.059833,0.000000
3,1406.100000,0.080386,0.000000
4,1406.100000,0.080387,0.000000
5,1406.100000,0.014566,0.000000
6,1406.100000,0.042553,0.000000
7,1406.100000,0.059831,0.000000
8,1406.100000,0.080376,0.000000
9,1406.100000,0.059833,0.000000
0,1407.100000,0.049289,0.000000
1,1407.100000,0.049303,0.000000
2,1407.100000,0.059833,0.000000
3,1407.100000,0.080385,0.000000
4,1407.100000,0.080385,0.000000
5,1407.100000,0.014576,0.000000
6,1407.100000,0.042553,0.000000
7,1407.100000,0.059825,0.000000
8,1407.100000,0.080375,0.000000
9,1407.100000,0.059833,0.000000
0,1408.100000,0.049284,0.000000
1,1408.100000,0.049303,0.000000
2,1408.100000,0.059833,0.000000
3,1408.100000,0.080386,0.000000
4,1408.100000,0.080387,0.000000
5,1408.100000,0.014560,0.000000
6,1408.100000,0.042553,0.000000
7,1408.100000,0.059826,0.000000
8,1408.100000,0.080375,0.000000
9,1408.100000,0.059833,0.000000
0,1409.100000,0.049282,0.000000
1,1409.100000,0.049293,0.000000
2,1409.100000,0.059833,0.000000
3,1409.100000,0.080385,0.000000
4,1409.100000,0.080385,0.000000
5,1409.100000,0.014560,0.000000
6,1409.100000,0.042553,0.000000
7,1409.100000,0.059828,0.000000
8,1409.100000,0.080375,0.000000
9,1409.100000,0.059833,0.000000
0,1410.100000,0.080386,0.000000
1,1410.100000,0.014547,0.000000
2,1410.100000,0.059833,0.000000
3,1410.100000,0.049310,0.000000
4,1410.100000,0.014580,0.000000
5,1410.100000,0.049277,0.000000
6,1410.100000,0.080386,0.000000
7,1410.100000,0.621290,0.000000
8,1410.100000,0.014992,0.000000
9,1410.100000,0.059833,0.000000
0,1411.100000,0.080386,0.000000
1,1411.100000,0.014548,0.000000
2,1411.100000,0.059833,0.000000
3,1411.100000,0.049305,0.000000
4,1411.100000,0.014592,0.000000
5,1411.100000,0.049278,0.000000
6,1411.100000,0.080385,0.000000
7,1411.100000,0.621312,0.000000
8,1411.100000,0.014983,0.000000
9,1411.100000,0.059833,0.000000
0,1412.100000,0.080386,0.000000
1,1412.100000,0.014559,0.000000
2,1412.100000,0.059833,0.000000
3,1412.100000,0.049293,0.000000
4,1412.100000,0.014585,0.000000
5,1412.100000,0.049281,0.000000
6,1412.100000,0.080386,0.000000
7,1412.100000,0.621313,0.000000
8,1412.100000,0.014596,0.000000
9,1412.100000,0.059833,0.000000
0,1413.100000,0.080387,0.000000
1,1413.100000,0.014575,0.000000
2,1413.100000,0.059833,0.000000
3,1413.100000,0.049281,0.000000
4,1413.100000,0.014575,0.000000
5,1413.100000,0.049281,0.000000
6,1413.100000,0.080385,0.000000
7,1413.100000,0.621317,0.000000
8,1413.100000,0.014590,0.000000
9,1413.100000,0.059833,0.000000
0,1414.100000,0.080385,0.000000
1,1414.100000,0.014564,0.000000
2,1414.100000,0.059833,0.000000
3,1414.100000,0.049282,0.000000
4,1414.100000,0.014562,0.000000
5,1414.100000,0.049286,0.000000
6,1414.100000,0.080386,0.000000
7,1414.100000,0.621320,0.000000
8,1414.100000,0.014583,0.000000
9,1414.100000,0.059833,0.000000
0,1415.100000,0.080385,0.000000
1,1415.100000,0.014554,0.000000
2,1415.100000,0.059833,0.000000
3,1415.100000,0.049289,0.000000
4,1415.100000,0.014561,0.000000
5,1415.100000,0.049295,0.000000
6,1415.100000,0.080386,0.000000
7,1415.100000,0.621335,0.000000
8,1415.100000,0.014577,0.000000
9,1415.100000,0.059833,0.000000
0,1416.100000,0.080386,0.000000
1,1416.100000,0.014570,0.000000
2,1416.100000,0.059833,0.000000
3,1416.100000,0.049280,0.000000
4,1416.100000,0.014558,0.000000
5,1416.100000,0.049292,0.000000
6,1416.100000,0.080384,0.000000
7,1416.100000,0.621336,0.000000
8,1416.100000,0.014571,0.000000
9,1416.100000,0.059833,0.000000
0,1417.100000,0.080385,0.000000
1,1417.100000,0.014597,0.000000
2,1417.100000,0.059833,0.000000
3,1417.100000,0.049292,0.000000
4,1417.100000,0.014560,0.000000
5,1417.100000,0.049289,0.000000
6,1417.100000,0.080386,0.000000
7,1417.100000,0.621332,0.000000
8,1417.100000,0.014566,0.000000
9,1417.100000,0.059833,0.000000
0,1418.100000,0.080386,0.000000
1,1418.100000,0.014587,0.000000
2,1418.100000,0.059833,0.000000
3,1418.100000,0.049287,0.000000
4,1418.100000,0.014557,0.000000
5,1418.100000,0.049275,0.000000
6,1418.100000,0.080385,0.000000
7,1418.100000,0.621331,0.000000
8,1418.100000,0.014561,0.000000
9,1418.100000,0.059833,0.000000
0,1419.100000,0.080386,0.000000
1,1419.100000,0.014583,0.000000
2,1419.100000,0.059833,0.000000
3,1419.100000,0.049295,0.000000
4,1419.100000,0.014557,0.000000
5,1419.100000,0.049278,0.000000
6,1419.100000,0.080385,0.000000
7,1419.100000,0.621345,0.000000
8,1419.100000,0.014556,0.000000
9,1419.100000,0.059833,0.000000
0,1420.100000,0.014561,0.000000
1,1420.100000,0.042553,0.000000
2,1420.100000,0.080386,0.000000
3,1420.100000,0.014621,0.000000
4,1420.100000,0.042553,0.000000
5,1420.100000,0.080386,0.000000
6,1420.100000,0.014581,0.000000
7,1420.100000,0.957678,0.000000
8,1420.100000,0.059839,0.000000
9,1420.100000,0.049290,0.000000
0,1421.100000,0.014569,0.000000
1,1421.100000,0.042553,0.000000
2,1421.100000,0.080386,0.000000
3,1421.100000,0.014596,0.000000
4,1421.100000,0.042553,0.000000
5,1421.100000,0.080386,0.000000
6,1421.100000,0.014570,0.000000
7,1421.100000,0.957628,0.000000
8,1421.100000,0.059839,0.000000
9,1421.100000,0.049299,0.000000
0,1422.100000,0.014572,0.000000
1,1422.100000,0.042553,0.000000
2,1422.100000,0.080385,0.000000
3,1422.100000,0.014567,0.000000
4,1422.100000,0.042553,0.000000
5,1422.100000,0.080386,0.000000
6,1422.100000,0.014566,0.000000
7,1422.100000,0.957580,0.000000
8,1422.100000,0.059839,0.000000
9,1422.100000,0.049293,0.000000
0,1423.100000,0.014580,0.000000
1,1423.100000,0.042553,0.000000
2,1423.100000,0.080386,0.000000
3,1423.100000,0.014562,0.000000
4,1423.100000,0.042553,0.000000
5,1423.100000,0.080385,0.000000
6,1423.100000,0.014558,0.000000
7,1423.100000,0.957525,0.000000
8,1423.100000,0.059849,0.000000
9,1423.100000,0.049289,0.000000
0,1424.100000,0.014573,0.000000
1,1424.100000,0.042553,0.000000
2,1424.100000,0.080386,0.000000
3,1424.100000,0.014560,0.000000
4,1424.100000,0.042553,0.000000
5,1424.100000,0.080386,0.000000
6,1424.100000,0.014565,0.000000
7,1424.100000,0.957463,0.000000
8,1424.100000,0.059845,0.000000
9,1424.100000,0.049280,0.000000
0,1425.100000,0.014579,0.000000
1,1425.100000,0.042553,0.000000
2,1425.100000,0.080385,0.000000
3,1425.100000,0.014559,0.000000
4,1425.100000,0.042553,0.000000
5,1425.100000,0.080385,0.000000
6,1425.100000,0.014586,0.000000
7,1425.100000,0.957454,0.000000
8,1425.100000,0.059846,0.000000
9,1425.100000,0.049282,0.000000
0,1426.100000,0.014576,0.000000
1,1426.100000,0.042553,0.000000
2,1426.100000,0.080386,0.000000
3,1426.100000,0.014565,0.000000
4,1426.100000,0.042553,0.000000
5,1426.100000,0.080385,0.000000
6,1426.100000,0.014603,0.000000
7,1426.100000,0.015409,0.000000
8,1426.100000,0.059846,0.000000
9,1426.100000,0.049280,0.000000
0,1427.100000,0.014557,0.000000
1,1427.100000,0.042553,0.000000
2,1427.100000,0.080386,0.000000
3,1427.100000,0.014563,0.000000
4,1427.100000,0.042553,0.000000
5,1427.100000,0.080385,0.000000
6,1427.100000,0.014595,0.000000
7,1427.100000,0.015390,0.000000
8,1427.100000,0.059846,0.000000
9,1427.100000,0.049282,0.000000
0,1428.100000,0.014554,0.000000
1,1428.100000,0.042553,0.000000
2,1428.100000,0.080385,0.000000
3,1428.100000,0.014577,0.000000
4,1428.100000,0.042553,0.000000
5,1428.100000,0.080386,0.000000
6,1428.100000,0.014567,0.000000
7,1428.100000,0.015373,0.000000
8,1428.100000,0.059846,0.000000
9,1428.100000,0.049290,0.000000
0,1429.100000,0.014562,0.000000
1,1429.100000,0.042553,0.000000
2,1429.100000,0.080387,0.000000
3,1429.100000,0.014578,0.000000
4,1429.100000,0.042553,0.000000
5,1429.100000,0.080386,0.000000
6,1429.100000,0.014547,0.000000
7,1429.100000,0.015359,0.000000
8,1429.100000,0.059846,0.000000
9,1429.100000,0.049280,0.000000
0,1430.100000,0.042553,0.000000
1,1430.100000,0.059833,0.000000
2,1430.100000,0.049292,0.000000
3,1430.100000,0.042553,0.000000
4,1430.100000,0.059833,0.000000
5,1430.100000,0.014557,0.000000
6,1430.100000,0.059833,0.000000
7,1430.100000,0.042554,0.000000
8,1430.100000,0.088667,0.000000
9,1430.100000,0.042553,0.000000
0,1431.100000,0.042553,0.000000
1,1431.100000,0.059833,0.000000
2,1431.100000,0.049283,0.000000
3,1431.100000,0.042553,0.000000
4,1431.100000,0.059833,0.000000
5,1431.100000,0.014555,0.000000
6,1431.100000,0.059833,0.000000
7,1431.100000,0.042554,0.000000
8,1431.100000,0.070601,0.000000
9,1431.100000,0.042553,0.000000
0,1432.100000,0.042553,0.000000
1,1432.100000,0.059834,0.000000
2,1432.100000,0.049296,0.000000
3,1432.100000,0.042553,0.000000
4,1432.100000,0.059834,0.000000
5,1432.100000,0.014558,0.000000
6,1432.100000,0.059833,0.000000
7,1432.100000,0.042554,0.000000
8,1432.100000,0.058108,0.000000
9,1432.100000,0.042553,0.000000
0,1433.100000,0.042553,0.000000
1,1433.100000,0.059833,0.000000
2,1433.100000,0.049289,0.000000
3,1433.100000,0.042553,0.000000
4,1433.100000,0.059833,0.000000
5,1433.100000,0.014577,0.000000
6,1433.100000,0.059833,0.000000
7,1433.100000,0.042554,0.000000
8,1433.100000,0.621335,0.000000
9,1433.100000,0.042553,0.000000
0,1434.100000,0.042553,0.000000
1,1434.100000,0.059833,0.000000
2,1434.100000,0.049285,0.000000
3,1434.100000,0.042553,0.000000
4,1434.100000,0.059833,0.000000
5,1434.100000,0.014582,0.000000
6,1434.100000,0.059833,0.000000
7,1434.100000,0.042553,0.000000
8,1434.100000,0.049289,0.000000
9,1434.100000,0.042553,0.000000
0,1435.100000,0.042553,0.000000
1,1435.100000,0.059833,0.000000
2,1435.100000,0.049283,0.000000
3,1435.100000,0.042553,0.000000
4,1435.100000,0.059834,0.000000
5,1435.100000,0.014583,0.000000
6,1435.100000,0.059833,0.000000
7,1435.100000,0.042553,0.000000
8,1435.100000,0.049290,0.000000
9,1435.100000,0.042553,0.000000
0,1436.100000,0.042553,0.000000
1,1436.100000,0.059833,0.000000
2,1436.100000,0.049287,0.000000
3,1436.100000,0.042553,0.000000
4,1436.100000,0.059833,0.000000
5,1436.100000,0.014587,0.000000
6,1436.100000,0.059833,0.000000
7,1436.100000,0.042553,0.000000
8,1436.100000,0.049284,0.000000
9,1436.100000,0.042553,0.000000
0,1437.100000,0.042553,0.000000
1,1437.100000,0.059833,0.000000
2,1437.100000,0.049287,0.000000
3,1437.100000,0.042553,0.000000
4,1437.100000,0.059833,0.000000
5,1437.100000,0.014592,0.000000
6,1437.100000,0.059833,0.000000
7,1437.100000,0.042553,0.000000
8,1437.100000,0.049281,0.000000
9,1437.100000,0.042553,0.000000
0,1438.100000,0.042553,0.000000
1,1438.100000,0.059833,0.000000
2,1438.100000,0.049275,0.000000
3,1438.100000,0.042553,0.000000
4,1438.100000,0.059833,0.000000
5,1438.100000,0.014607,0.000000
6,1438.100000,0.059833,0.000000
7,1438.100000,0.042553,0.000000
8,1438.100000,0.049289,0.000000
9,1438.100000,0.042553,0.000000
0,1439.100000,0.042553,0.000000
1,1439.100000,0.059833,0.000000
2,1439.100000,0.049281,0.000000
3,1439.100000,0.042553,0.000000
4,1439.100000,0.059833,0.000000
5,1439.100000,0.014623,0.000000
6,1439.100000,0.059833,0.000000
7,1439.100000,0.042553,0.000000
8,1439.100000,0.049301,0.000000
9,1439.100000,0.042553,0.000000
0,1440.100000,0.049296,0.000000
1,1440.100000,0.080385,0.000000
2,1440.100000,0.014586,0.000000
3,1440.100000,0.059833,0.000000
4,1440.100000,0.049294,0.000000
5,1440.100000,0.042553,0.000000
6,1440.100000,0.049290,0.000000
7,1440.100000,0.080370,0.000000
8,1440.100000,0.042553,0.000000
9,1440.100000,0.080385,0.000000
0,1441.100000,0.049298,0.000000
1,1441.100000,0.080385,0.000000
2,1441.100000,0.014573,0.000000
3,1441.100000,0.059833,0.000000
4,1441.100000,0.049302,0.000000
5,1441.100000,0.042553,0.000000
6,1441.100000,0.049294,0.000000
7,1441.100000,0.080370,0.000000
8,1441.100000,0.042553,0.000000
9,1441.100000,0.080386,0.000000
0,1442.100000,0.049284,0.000000
1,1442.100000,0.080387,0.000000
2,1442.100000,0.014573,0.000000
3,1442.100000,0.059833,0.000000
4,1442.100000,0.049295,0.000000
5,1442.100000,0.042553,0.000000
6,1442.100000,0.049273,0.000000
7,1442.100000,0.080369,0.000000
8,1442.100000,0.042553,0.000000
9,1442.100000,0.080385,0.000000
0,1443.100000,0.049271,0.000000
1,1443.100000,0.080385,0.000000
2,1443.100000,0.014569,0.000000
3,1443.100000,0.059833,0.000000
4,1443.100000,0.049283,0.000000
5,1443.100000,0.042553,0.000000
6,1443.100000,0.049280,0.000000
7,1443.100000,0.080369,0.000000
8,1443.100000,0.042553,0.000000
9,1443.100000,0.080386,0.000000
0,1444.100000,0.049281,0.000000
1,1444.100000,0.080386,0.000000
2,1444.100000,0.014569,0.000000
3,1444.100000,0.059833,0.000000
4,1444.100000,0.049277,0.000000
5,1444.100000,0.042553,0.000000
6,1444.100000,0.049301,0.000000
7,1444.100000,0.080369,0.000000
8,1444.100000,0.042553,0.000000
9,1444.100000,0.080386,0.000000
0,1445.100000,0.049274,0.000000
1,1445.100000,0.080386,0.000000
2,1445.100000,0.014569,0.000000
3,1445.100000,0.059833,0.000000
4,1445.100000,0.049282,0.000000
5,1445.100000,0.042553,0.000000
6,1445.100000,0.049300,0.000000
7,1445.100000,0.080369,0.000000
8,1445.100000,0.042553,0.000000
9,1445.100000,0.080385,0.000000
0,1446.100000,0.049286,0.000000
1,1446.100000,0.080385,0.000000
2,1446.100000,0.014567,0.000000
3,1446.100000,0.059833,0.000000
4,1446.100000,0.049281,0.000000
5,1446.100000,0.042553,0.000000
6,1446.100000,0.049279,0.000000
7,1446.100000,0.080369,0.000000
8,1446.100000,0.042553,0.000000
9,1446.100000,0.080386,0.000000
0,1447.100000,0.049282,0.000000
1,1447.100000,0.080386,0.000000
2,1447.100000,0.014560,0.000000
3,1447.100000,0.059833,0.000000
4,1447.100000,0.049299,0.000000
5,1447.100000,0.042553,0.000000
6,1447.100000,0.049301,0.000000
7,1447.100000,0.080371,0.000000
8,1447.100000,0.042553,0.000000
9,1447.100000,0.080385,0.000000
0,1448.100000,0.049280,0.000000
1,1448.100000,0.080386,0.000000
2,1448.100000,0.014562,0.000000
3,1448.100000,0.059833,0.000000
4,1448.100000,0.049294,0.000000
5,1448.100000,0.042553,0.000000
6,1448.100000,0.049304,0.000000
7,1448.100000,0.080400,0.000000
8,1448.100000,0.042553,0.000000
9,1448.100000,0.080386,0.000000
0,1449.100000,0.049278,0.000000
1,1449.100000,0.080385,0.000000
2,1449.100000,0.014562,0.000000
3,1449.100000,0.059833,0.000000
4,1449.100000,0.049283,0.000000
5,1449.100000,0.042553,0.000000
6,1449.100000,0.049292,0.000000
7,1449.100000,0.080377,0.000000
8,1449.100000,0.042553,0.000000
9,1449.100000,0.080385,0.000000
0,1450.100000,0.059833,0.000000
1,1450.100000,0.049278,0.000000
2,1450.100000,0.042553,0.000000
3,1450.100000,0.080386,0.000000
4,1450.100000,0.080387,0.000000
5,1450.100000,0.059833,0.000000
6,1450.100000,0.042553,0.000000
7,1450.100000,0.014537,0.000000
8,1450.100000,0.080386,0.000000
9,1450.100000,0.014586,0.000000
0,1451.100000,0.059833,0.000000
1,1451.100000,0.049296,0.000000
2,1451.100000,0.042553,0.000000
3,1451.100000,0.080386,0.000000
4,1451.100000,0.080385,0.000000
5,1451.100000,0.059833,0.000000
6,1451.100000,0.042553,0.000000
7,1451.100000,0.014548,0.000000
8,1451.100000,0.080385,0.000000
9,1451.100000,0.014575,0.000000
0,1452.100000,0.059833,0.000000
1,1452.100000,0.049285,0.000000
2,1452.100000,0.042553,0.000000
3,1452.100000,0.080387,0.000000
4,1452.100000,0.080385,0.000000
5,1452.100000,0.059833,0.000000
6,1452.100000,0.042553,0.000000
7,1452.100000,0.014553,0.000000
8,1452.100000,0.080386,0.000000
9,1452.100000,0.014546,0.000000
0,1453.100000,0.059833,0.000000
1,1453.100000,0.049278,0.000000
2,1453.100000,0.042553,0.000000
3,1453.100000,0.080385,0.000000
4,1453.100000,0.080386,0.000000
5,1453.100000,0.059833,0.000000
6,1453.100000,0.042553,0.000000
7,1453.100000,0.014562,0.000000
8,1453.100000,0.080385,0.000000
9,1453.100000,0.014557,0.000000
0,1454.100000,0.059833,0.000000
1,1454.100000,0.049285,0.000000
2,1454.100000,0.042553,0.000000
3,1454.100000,0.080386,0.000000
4,1454.100000,0.080385,0.000000
5,1454.100000,0.059833,0.000000
6,1454.100000,0.042553,0.000000
7,1454.100000,0.014569,0.000000
8,1454.100000,0.080388,0.000000
9,1454.100000,0.014560,0.000000
0,1455.100000,0.059833,0.000000
1,1455.100000,0.049291,0.000000
2,1455.100000,0.042553,0.000000
3,1455.100000,0.080386,0.000000
4,1455.100000,0.080386,0.000000
5,1455.100000,0.059833,0.000000
6,1455.100000,0.042553,0.000000
7,1455.100000,0.014568,0.000000
8,1455.100000,0.080385,0.000000
9,1455.100000,0.014556,0.000000
0,1456.100000,0.059833,0.000000
1,1456.100000,0.049287,0.000000
2,1456.100000,0.042553,0.000000
3,1456.100000,0.080385,0.000000
4,1456.100000,0.080386,0.000000
5,1456.100000,0.059833,0.000000
6,1456.100000,0.042553,0.000000
7,1456.100000,0.014535,0.000000
8,1456.100000,0.080385,0.000000
9,1456.100000,0.014550,0.000000
0,1457.100000,0.059833,0.000000
1,1457.100000,0.049296,0.000000
2,1457.100000,0.042553,0.000000
3,1457.100000,0.080386,0.000000
4,1457.100000,0.080385,0.000000
5,1457.100000,0.059833,0.000000
6,1457.100000,0.042553,0.000000
7,1457.100000,0.014568,0.000000
8,1457.100000,0.080386,0.000000
9,1457.100000,0.014570,0.000000
0,1458.100000,0.059833,0.000000
1,1458.100000,0.049310,0.000000
2,1458.100000,0.042553,0.000000
3,1458.100000,0.080386,0.000000
4,1458.100000,0.080386,0.000000
5,1458.100000,0.059833,0.000000
6,1458.100000,0.042553,0.000000
7,1458.100000,0.014558,0.000000
8,1458.100000,0.080385,0.000000
9,1458.100000,0.014567,0.000000
0,1459.100000,0.059833,0.000000
1,1459.100000,0.049296,0.000000
2,1459.100000,0.042553,0.000000
3,1459.100000,0.080386,0.000000
4,1459.100000,0.080386,0.000000
5,1459.100000,0.059833,0.000000
6,1459.100000,0.042553,0.000000
7,1459.100000,0.014571,0.000000
8,1459.100000,0.080386,0.000000
9,1459.100000,0.014583,0.000000
0,1460.100000,0.080384,0.000000
1,1460.100000,0.014565,0.000000
2,1460.100000,0.049277,0.000000
3,1460.100000,0.049290,0.000000
4,1460.100000,0.014579,0.000000
5,1460.100000,0.049279,0.000000
6,1460.100000,0.080385,0.000000
7,1460.100000,0.059833,0.000000
8,1460.100000,0.014574,0.000000
9,1460.100000,0.059833,0.000000
0,1461.100000,0.080387,0.000000
1,1461.100000,0.014575,0.000000
2,1461.100000,0.049277,0.000000
3,1461.100000,0.049280,0.000000
4,1461.100000,0.014560,0.000000
5,1461.100000,0.049272,0.000000
6,1461.100000,0.080386,0.000000
7,1461.100000,0.059833,0.000000
8,1461.100000,0.014562,0.000000
9,1461.100000,0.059833,0.000000
0,1462.100000,0.080385,0.000000
1,1462.100000,0.014558,0.000000
2,1462.100000,0.049297,0.000000
3,1462.100000,0.049283,0.000000
4,1462.100000,0.014562,0.000000
5,1462.100000,0.049280,0.000000
6,1462.100000,0.080386,0.000000
7,1462.100000,0.059833,0.000000
8,1462.100000,0.014553,0.000000
9,1462.100000,0.059833,0.000000
0,1463.100000,0.080385,0.000000
1,1463.100000,0.014554,0.000000
2,1463.100000,0.049297,0.000000
3,1463.100000,0.049279,0.000000
4,1463.100000,0.014567,0.000000
5,1463.100000,0.049274,0.000000
6,1463.100000,0.080386,0.000000
7,1463.100000,0.059833,0.000000
8,1463.100000,0.014561,0.000000
9,1463.100000,0.059833,0.000000
0,1464.100000,0.080385,0.000000
1,1464.100000,0.014552,0.000000
2,1464.100000,0.049293,0.000000
3,1464.100000,0.049292,0.000000
4,1464.100000,0.014558,0.000000
5,1464.100000,0.049287,0.000000
6,1464.100000,0.080386,0.000000
7,1464.100000,0.059833,0.000000
8,1464.100000,0.014583,0.000000
9,1464.100000,0.059833,0.000000
0,1465.100000,0.080386,0.000000
1,1465.100000,0.014565,0.000000
2,1465.100000,0.049287,0.000000
3,1465.100000,0.049290,0.000000
4,1465.100000,0.014567,0.000000
5,1465.100000,0.049278,0.000000
6,1465.100000,0.080386,0.000000
7,1465.100000,0.059833,0.000000
8,1465.100000,0.014586,0.000000
9,1465.100000,0.059833,0.000000
0,1466.100000,0.080387,0.000000
1,1466.100000,0.014566,0.000000
2,1466.100000,0.049285,0.000000
3,1466.100000,0.049296,0.000000
4,1466.100000,0.014563,0.000000
5,1466.100000,0.049284,0.000000
6,1466.100000,0.080385,0.000000
7,1466.100000,0.059833,0.000000
8,1466.100000,0.014584,0.000000
9,1466.100000,0.059833,0.000000
0,1467.100000,0.080384,0.000000
1,1467.100000,0.014565,0.000000
2,1467.100000,0.049277,0.000000
3,1467.100000,0.049282,0.000000
4,1467.100000,0.014579,0.000000
5,1467.100000,0.049282,0.000000
6,1467.100000,0.080385,0.000000
7,1467.100000,0.059833,0.000000
8,1467.100000,0.014584,0.000000
9,1467.100000,0.059833,0.000000
0,1468.100000,0.080385,0.000000
1,1468.100000,0.014560,0.000000
2,1468.100000,0.049277,0.000000
3,1468.100000,0.049285,0.000000
4,1468.100000,0.014600,0.000000
5,1468.100000,0.049277,0.000000
6,1468.100000,0.080387,0.000000
7,1468.100000,0.059833,0.000000
8,1468.100000,0.014575,0.000000
9,1468.100000,0.059833,0.000000
0,1469.100000,0.080386,0.000000
1,1469.100000,0.014564,0.000000
2,1469.100000,0.049283,0.000000
3,1469.100000,0.049293,0.000000
4,1469.100000,0.014580,0.000000
5,1469.100000,0.049280,0.000000
6,1469.100000,0.080385,0.000000
7,1469.100000,0.059833,0.000000
8,1469.100000,0.014555,0.000000
9,1469.100000,0.059833,0.000000
0,1470.100000,0.014537,0.000000
1,1470.100000,0.042553,0.000000
2,1470.100000,0.059833,0.000000
3,1470.100000,0.049293,0.000000
4,1470.100000,0.042553,0.000000
5,1470.100000,0.080386,0.000000
6,1470.100000,0.014549,0.000000
7,1470.100000,0.049275,0.000000
8,1470.100000,0.059833,0.000000
9,1470.100000,0.049287,0.000000
0,1471.100000,0.014540,0.000000
1,1471.100000,0.042553,0.000000
2,1471.100000,0.059833,0.000000
3,1471.100000,0.049289,0.000000
4,1471.100000,0.042553,0.000000
5,1471.100000,0.080386,0.000000
6,1471.100000,0.014562,0.000000
7,1471.100000,0.049295,0.000000
8,1471.100000,0.059833,0.000000
9,1471.100000,0.049296,0.000000
0,1472.100000,0.014560,0.000000
1,1472.100000,0.042553,0.000000
2,1472.100000,0.059833,0.000000
3,1472.100000,0.049287,0.000000
4,1472.100000,0.042553,0.000000
5,1472.100000,0.080385,0.000000
6,1472.100000,0.014552,0.000000
7,1472.100000,0.049284,0.000000
8,1472.100000,0.059833,0.000000
9,1472.100000,0.049304,0.000000
0,1473.100000,0.014563,0.000000
1,1473.100000,0.042553,0.000000
2,1473.100000,0.059833,0.000000
3,1473.100000,0.049285,0.000000
4,1473.100000,0.042553,0.000000
5,1473.100000,0.080387,0.000000
6,1473.100000,0.014572,0.000000
7,1473.100000,0.049287,0.000000
8,1473.100000,0.059833,0.000000
9,1473.100000,0.049295,0.000000
0,1474.100000,0.014562,0.000000
1,1474.100000,0.042553,0.000000
2,1474.100000,0.059833,0.000000
3,1474.100000,0.049346,0.000000
4,1474.100000,0.042553,0.000000
5,1474.100000,0.080384,0.000000
6,1474.100000,0.014600,0.000000
7,1474.100000,0.049282,0.000000
8,1474.100000,0.059833,0.000000
9,1474.100000,0.049289,0.000000
0,1475.100000,0.014589,0.000000
1,1475.100000,0.042553,0.000000
2,1475.100000,0.059833,0.000000
3,1475.100000,0.049324,0.000000
4,1475.100000,0.042553,0.000000
5,1475.100000,0.080386,0.000000
6,1475.100000,0.014583,0.000000
7,1475.100000,0.049287,0.000000
8,1475.100000,0.059833,0.000000
9,1475.100000,0.049290,0.000000
0,1476.100000,0.014605,0.000000
1,1476.100000,0.042553,0.000000
2,1476.100000,0.059833,0.000000
3,1476.100000,0.049304,0.000000
4,1476.100000,0.042553,0.000000
5,1476.100000,0.080386,0.000000
6,1476.100000,0.014570,0.000000
7,1476.100000,0.049284,0.000000
8,1476.100000,0.059833,0.000000
9,1476.100000,0.049302,0.000000
0,1477.100000,0.014583,0.000000
1,1477.100000,0.042553,0.000000
2,1477.100000,0.059833,0.000000
3,1477.100000,0.049305,0.000000
4,1477.100000,0.042553,0.000000
5,1477.100000,0.080385,0.000000
6,1477.100000,0.014571,0.000000
7,1477.100000,0.049289,0.000000
8,1477.100000,0.059834,0.000000
9,1477.100000,0.049298,0.000000
0,1478.100000,0.014571,0.000000
1,1478.100000,0.042553,0.000000
2,1478.100000,0.059833,0.000000
3,1478.100000,0.049298,0.000000
4,1478.100000,0.042553,0.000000
5,1478.100000,0.080385,0.000000
6,1478.100000,0.014562,0.000000
7,1478.100000,0.049292,0.000000
8,1478.100000,0.059833,0.000000
9,1478.100000,0.049293,0.000000
0,1479.100000,0.014559,0.000000
1,1479.100000,0.042553,0.000000
2,1479.100000,0.059833,0.000000
3,1479.100000,0.049291,0.000000
4,1479.100000,0.042553,0.000000
5,1479.100000,0.080386,0.000000
6,1479.100000,0.014564,0.000000
7,1479.100000,0.049287,0.000000
8,1479.100000,0.059833,0.000000
9,1479.100000,0.049287,0.000000
0,1480.100000,0.042553,0.000000
1,1480.100000,0.059833,0.000000
2,1480.100000,0.080385,0.000000
3,1480.100000,0.014588,0.000000
4,1480.100000,0.080385,0.000000
5,1480.100000,0.014570,0.000000
6,1480.100000,0.059833,0.000000
7,1480.100000,0.014582,0.000000
8,1480.100000,0.049293,0.000000
9,1480.100000,0.042553,0.000000
0,1481.100000,0.042553,0.000000
1,1481.100000,0.059833,0.000000
2,1481.100000,0.080385,0.000000
3,1481.100000,0.014574,0.000000
4,1481.100000,0.080386,0.000000
5,1481.100000,0.014566,0.000000
6,1481.100000,0.059833,0.000000
7,1481.100000,0.014573,0.000000
8,1481.100000,0.049294,0.000000
9,1481.100000,0.042553,0.000000
0,1482.100000,0.042553,0.000000
1,1482.100000,0.059833,0.000000
2,1482.100000,0.080385,0.000000
3,1482.100000,0.014557,0.000000
4,1482.100000,0.080386,0.000000
5,1482.100000,0.014566,0.000000
6,1482.100000,0.059833,0.000000
7,1482.100000,0.014564,0.000000
8,1482.100000,0.049298,0.000000
9,1482.100000,0.042553,0.000000
0,1483.100000,0.042553,0.000000
1,1483.100000,0.059834,0.000000
2,1483.100000,0.080385,0.000000
3,1483.100000,0.014549,0.000000
4,1483.100000,0.080386,0.000000
5,1483.100000,0.014577,0.000000
6,1483.100000,0.059833,0.000000
7,1483.100000,0.014573,0.000000
8,1483.100000,0.049289,0.000000
9,1483.100000,0.042553,0.000000
0,1484.100000,0.042553,0.000000
1,1484.100000,0.059833,0.000000
2,1484.100000,0.080386,0.000000
3,1484.100000,0.014574,0.000000
4,1484.100000,0.080386,0.000000
5,1484.100000,0.014587,0.000000
6,1484.100000,0.059833,0.000000
7,1484.100000,0.014576,0.000000
8,1484.100000,0.049297,0.000000
9,1484.100000,0.042553,0.000000
0,1485.100000,0.042553,0.000000
1,1485.100000,0.059833,0.000000
2,1485.100000,0.080386,0.000000
3,1485.100000,0.014579,0.000000
4,1485.100000,0.080385,0.000000
5,1485.100000,0.014599,0.000000
6,1485.100000,0.059833,0.000000
7,1485.100000,0.014594,0.000000
8,1485.100000,0.049297,0.000000
9,1485.100000,0.042553,0.000000
0,1486.100000,0.042553,0.000000
1,1486.100000,0.059833,0.000000
2,1486.100000,0.080385,0.000000
3,1486.100000,0.014573,0.000000
4,1486.100000,0.080385,0.000000
5,1486.100000,0.014596,0.000000
6,1486.100000,0.059833,0.000000
7,1486.100000,0.014589,0.000000
8,1486.100000,0.049286,0.000000
9,1486.100000,0.042553,0.000000
0,1487.100000,0.042553,0.000000
1,1487.100000,0.059833,0.000000
2,1487.100000,0.080385,0.000000
3,1487.100000,0.014556,0.000000
4,1487.100000,0.080385,0.000000
5,1487.100000,0.014566,0.000000
6,1487.100000,0.059833,0.000000
7,1487.100000,0.014570,0.000000
8,1487.100000,0.049287,0.000000
9,1487.100000,0.042553,0.000000
0,1488.100000,0.042553,0.000000
1,1488.100000,0.059833,0.000000
2,1488.100000,0.080385,0.000000
3,1488.100000,0.014556,0.000000
4,1488.100000,0.080386,0.000000
5,1488.100000,0.014555,0.000000
6,1488.100000,0.059833,0.000000
7,1488.100000,0.014554,0.000000
8,1488.100000,0.049300,0.000000
9,1488.100000,0.042553,0.000000
0,1489.100000,0.042553,0.000000
1,1489.100000,0.059833,0.000000
2,1489.100000,0.080386,0.000000
3,1489.100000,0.014555,0.000000
4,1489.100000,0.080385,0.000000
5,1489.100000,0.014563,0.000000
6,1489.100000,0.059833,0.000000
7,1489.100000,0.014557,0.000000
8,1489.100000,0.049295,0.000000
9,1489.100000,0.042553,0.000000
0,1490.100000,0.049267,0.000000
1,1490.100000,0.080386,0.000000
2,1490.100000,0.049304,0.000000
3,1490.100000,0.042553,0.000000
4,1490.100000,0.059833,0.000000
5,1490.100000,0.042553,0.000000
6,1490.100000,0.049302,0.000000
7,1490.100000,0.042553,0.000000
8,1490.100000,0.042553,0.000000
9,1490.100000,0.080385,0.000000
0,1491.100000,0.049292,0.000000
1,1491.100000,0.080386,0.000000
2,1491.100000,0.049282,0.000000
3,1491.100000,0.042553,0.000000
4,1491.100000,0.059833,0.000000
5,1491.100000,0.042553,0.000000
6,1491.100000,0.049290,0.000000
7,1491.100000,0.042553,0.000000
8,1491.100000,0.042553,0.000000
9,1491.100000,0.080385,0.000000
0,1492.100000,0.049294,0.000000
1,1492.100000,0.080386,0.000000
2,1492.100000,0.049279,0.000000
3,1492.100000,0.042553,0.000000
4,1492.100000,0.059833,0.000000
5,1492.100000,0.042553,0.000000
6,1492.100000,0.049312,0.000000
7,1492.100000,0.042553,0.000000
8,1492.100000,0.042553,0.000000
9,1492.100000,0.080386,0.000000
0,1493.100000,0.049303,0.000000
1,1493.100000,0.080385,0.000000
2,1493.100000,0.049301,0.000000
3,1493.100000,0.042553,0.000000
4,1493.100000,0.059833,0.000000
5,1493.100000,0.042553,0.000000
6,1493.100000,0.049304,0.000000
7,1493.100000,0.042553,0.000000
8,1493.100000,0.042553,0.000000
9,1493.100000,0.080386,0.000000
0,1494.100000,0.049286,0.000000
1,1494.100000,0.080386,0.000000
2,1494.100000,0.049298,0.000000
3,1494.100000,0.042553,0.000000
4,1494.100000,0.059833,0.000000
5,1494.100000,0.042553,0.000000
6,1494.100000,0.049307,0.000000
7,1494.100000,0.042553,0.000000
8,1494.100000,0.042553,0.000000
9,1494.100000,0.080385,0.000000
0,1495.100000,0.049290,0.000000
1,1495.100000,0.080386,0.000000
2,1495.100000,0.049289,0.000000
3,1495.100000,0.042553,0.000000
4,1495.100000,0.059833,0.000000
5,1495.100000,0.042553,0.000000
6,1495.100000,0.049305,0.000000
7,1495.100000,0.042553,0.000000
8,1495.100000,0.042553,0.000000
9,1495.100000,0.080387,0.000000
0,1496.100000,0.049290,0.000000
1,1496.100000,0.080385,0.000000
2,1496.100000,0.049283,0.000000
3,1496.100000,0.042553,0.000000
4,1496.100000,0.059833,0.000000
5,1496.100000,0.042553,0.000000
6,1496.100000,0.049301,0.000000
7,1496.100000,0.042553,0.000000
8,1496.100000,0.042553,0.000000
9,1496.100000,0.080385,0.000000
0,1497.100000,0.049289,0.000000
1,1497.100000,0.080385,0.000000
2,1497.100000,0.049288,0.000000
3,1497.100000,0.042553,0.000000
4,1497.100000,0.059833,0.000000
5,1497.100000,0.042553,0.000000
6,1497.100000,0.049297,0.000000
7,1497.100000,0.042553,0.000000
8,1497.100000,0.042553,0.000000
9,1497.100000,0.080386,0.000000
0,1498.100000,0.049284,0.000000
1,1498.100000,0.080386,0.000000
2,1498.100000,0.049295,0.000000
3,1498.100000,0.042553,0.000000
4,1498.100000,0.059833,0.000000
5,1498.100000,0.042553,0.000000
6,1498.100000,0.049288,0.000000
7,1498.100000,0.042553,0.000000
8,1498.100000,0.042553,0.000000
9,1498.100000,0.080386,0.000000
0,1499.100000,0.049280,0.000000
1,1499.100000,0.080386,0.000000
2,1499.100000,0.049281,0.000000
3,1499.100000,0.042553,0.000000
4,1499.100000,0.059833,0.000000
5,1499.100000,0.042553,0.000000
6,1499.100000,0.049286,0.000000
7,1499.100000,0.042554,0.000000
8,1499.100000,0.042553,0.000000
9,1499.100000,0.080386,0.000000
