scenario_id,policy,policy_kind,trial_id,metric,value,sample_unit
s11-006be1bbfcd5b45e,reactive-no-digital-twin,baseline,2,avg_task_latency_s,372.4908108108109,nested_evaluation_window
s11-006be1bbfcd5b45e,reactive-no-digital-twin,baseline,2,physical_energy_j,969261.2320556641,nested_evaluation_window
s11-006be1bbfcd5b45e,reactive-no-digital-twin,baseline,2,episode_reward,-3.2287098383530974,nested_evaluation_window
s11-006be1bbfcd5b45e,reactive-no-digital-twin,baseline,2,HSI,0.0,task_within_nested_evaluation_window
s11-006be1bbfcd5b45e,reactive-no-digital-twin,baseline,2,HSI,0.1,task_within_nested_evaluation_window
s11-006be1bbfcd5b45e,reactive-no-digital-twin,baseline,2,HSI,0.2,task_within_nested_evaluation_window
s11-006be1bbfcd5b45e,reactive-no-digital-twin,baseline,2,HSI,0.3,task_within_nested_evaluation_window
s11-006be1bbfcd5b45e,reactive-no-digital-twin,baseline,2,HSI,0.4,task_within_nested_evaluation_window
s11-006be1bbfcd5b45e,reactive-no-digital-twin,baseline,2,HSI,0.5,task_within_nested_evaluation_window
s11-006be1bbfcd5b45e,reactive-no-digital-twin,baseline,2,HSI,0.6,task_within_nested_evaluation_window
s11-006be1bbfcd5b45e,reactive-no-digital-twin,baseline,2,HSI,0.7,task_within_nested_evaluation_window
s11-006be1bbfcd5b45e,reactive-no-digital-twin,baseline,2,HSI,0.8,task_within_nested_evaluation_window
s11-006be1bbfcd5b45e,reactive-no-digital-twin,baseline,2,HSI,0.9,task_within_nested_evaluation_window
s11-006be1bbfcd5b45e,reactive-no-digital-twin,baseline,2,HSI,0.0,task_within_nested_evaluation_window
s11-006be1bbfcd5b45e,reactive-no-digital-twin,baseline,2,HSI,0.1,task_within_nested_evaluation_window
s11-006be1bbfcd5b45e,reactive-no-digital-twin,baseline,2,HSI,0.2,task_within_nested_evaluation_window
s11-006be1bbfcd5b45e,reactive-no-digital-twin,baseline,2,HSI,0.3,task_within_nested_evaluation_window
s11-006be1bbfcd5b45e,reactive-no-digital-twin,baseline,2,HSI,0.4,task_within_nested_evaluation_window
s11-006be1bbfcd5b45e,reactive-no-digital-twin,baseline,2,HSI,0.5,task_within_nested_evaluation_window
s11-006be1bbfcd5b45e,reactive-no-digital-twin,baseline,2,HSI,0.6,task_within_nested_evaluation_window
s11-006be1bbfcd5b45e,reactive-no-digital-twin,baseline,2,HSI,0.7,task_within_nested_evaluation_window
s11-006be1bbfcd5b45e,reactive-no-digital-twin,baseline,2,HSI,0.8,task_within_nested_evaluation_window
s11-006be1bbfcd5b45e,reactive-no-digital-twin,baseline,2,HSI,0.9,task_within_nested_evaluation_window
s11-006be1bbfcd5b45e,reactive-no-digital-twin,baseline,2,HSI,0.0,task_within_nested_evaluation_window
s11-006be1bbfcd5b45e,reactive-no-digital-twin,baseline,2,HSI,0.1,task_within_nested_evaluation_window
s11-006be1bbfcd5b45e,reactive-no-digital-twin,baseline,2,HSI,0.2,task_within_nested_evaluation_window
s11-006be1bbfcd5b45e,reactive-no-digital-twin,baseline,2,HSI,0.3,task_within_nested_evaluation_window
s11-006be1bbfcd5b45e,reactive-no-digital-twin,baseline,2,HSI,0.4,task_within_nested_evaluation_window
s11-006be1bbfcd5b45e,reactive-no-digital-twin,baseline,2,HSI,0.5,task_within_nested_evaluation_window
s11-006be1bbfcd5b45e,reactive-no-digital-twin,baseline,2,HSI,0.6,task_within_nested_evaluation_window
s11-006be1bbfcd5b45e,reactive-no-digital-twin,baseline,2,HSI,0.7,task_within_nested_evaluation_window
s11-006be1bbfcd5b45e,reactive-no-digital-twin,baseline,2,HSI,0.8,task_within_nested_evaluation_window
s11-006be1bbfcd5b45e,reactive-no-digital-twin,baseline,2,HSI,0.9,task_within_nested_evaluation_window
s11-006be1bbfcd5b45e,reactive-no-digital-twin,baseline,2,HSI,0.0,task_within_nested_evaluation_window
s11-006be1bbfcd5b45e,reactive-no-digital-twin,baseline,2,HSI,0.1,task_within_nested_evaluation_window
s11-006be1bbfcd5b45e,reactive-no-digital-twin,baseline,2,HSI,0.2,task_within_nested_evaluation_window
s11-006be1bbfcd5b45e,reactive-no-digital-twin,baseline,2,HSI,0.3,task_within_nested_evaluation_window
s11-006be1bbfcd5b45e,reactive-no-digital-twin,baseline,2,HSI,0.4,task_within_nested_evaluation_window
s11-006be1bbfcd5b45e,reactive-no-digital-twin,baseline,2,HSI,0.5,task_within_nested_evaluation_window
s11-006be1bbfcd5b45e,reactive-no-digital-twin,baseline,2,HSI,0.6,task_within_nested_evaluation_window
s11-006be1bbfcd5b45e,reactive-no-digital-twin,baseline,2,HSI,0.7,task_within_nested_evaluation_window
s11-006be1bbfcd5b45e,reactive-no-digital-twin,baseline,2,HSI,0.8,task_within_nested_evaluation_window
s11-006be1bbfcd5b45e,reactive-no-digital-twin,baseline,2,HSI,0.9,task_within_nested_evaluation_window
s11-006be1bbfcd5b45e,reactive-no-digital-twin,baseline,2,HSI,0.0,task_within_nested_evaluation_window
s11-006be1bbfcd5b45e,reactive-no-digital-twin,baseline,2,HSI,0.1,task_within_nested_evaluation_window
s11-006be1bbfcd5b45e,reactive-no-digital-twin,baseline,2,HSI,0.2,task_within_nested_evaluation_window
s11-006be1bbfcd5b45e,reactive-no-digital-twin,baseline,2,HSI,0.3,task_within_nested_evaluation_window
s11-006be1bbfcd5b45e,reactive-no-digital-twin,baseline,2,HSI,0.4,task_within_nested_evaluation_window
s11-006be1bbfcd5b45e,reactive-no-digital-twin,baseline,2,HSI,0.5,task_within_nested_evaluation_window
s11-006be1bbfcd5b45e,reactive-no-digital-twin,baseline,2,HSI,0.6,task_within_nested_evaluation_window
s11-006be1bbfcd5b45e,reactive-no-digital-twin,baseline,2,HSI,0.7,task_within_nested_evaluation_window
s11-006be1bbfcd5b45e,reactive-no-digital-twin,baseline,2,HSI,0.8,task_within_nested_evaluation_window
s11-006be1bbfcd5b45e,reactive-no-digital-twin,baseline,2,HSI,0.9,task_within_nested_evaluation_window
s11-006be1bbfcd5b45e,reactive-no-digital-twin,baseline,2,HSI,0.0,task_within_nested_evaluation_window
s11-006be1bbfcd5b45e,reactive-no-digital-twin,baseline,2,HSI,0.1,task_within_nested_evaluation_window
s11-006be1bbfcd5b45e,reactive-no-digital-twin,baseline,2,HSI,0.2,task_within_nested_evaluation_window
s11-006be1bbfcd5b45e,reactive-no-digital-twin,baseline,2,HSI,0.3,task_within_nested_evaluation_window
s11-006be1bbfcd5b45e,reactive-no-digital-twin,baseline,2,HSI,0.4,task_within_nested_evaluation_window
s11-006be1bbfcd5b45e,reactive-no-digital-twin,baseline,2,HSI,0.5,task_within_nested_evaluation_window
s11-006be1bbfcd5b45e,reactive-no-digital-twin,baseline,2,HSI,0.6,task_within_nested_evaluation_window
s11-006be1bbfcd5b45e,reactive-no-digital-twin,baseline,2,HSI,0.7,task_within_nested_evaluation_window
s11-006be1bbfcd5b45e,reactive-no-digital-twin,baseline,2,HSI,0.8,task_within_nested_evaluation_window
s11-006be1bbfcd5b45e,reactive-no-digital-twin,baseline,2,HSI,0.9,task_within_nested_evaluation_window
s11-006be1bbfcd5b45e,reactive-no-digital-twin,baseline,2,HSI,0.0,task_within_nested_evaluation_window
s11-006be1bbfcd5b45e,reactive-no-digital-twin,baseline,2,HSI,0.1,task_within_nested_evaluation_window
s11-006be1bbfcd5b45e,reactive-no-digital-twin,baseline,2,HSI,0.2,task_within_nested_evaluation_window
s11-006be1bbfcd5b45e,reactive-no-digital-twin,baseline,2,HSI,0.3,task_within_nested_evaluation_window
s11-006be1bbfcd5b45e,reactive-no-digital-twin,baseline,2,HSI,0.4,task_within_nested_evaluation_window
s11-006be1bbfcd5b45e,reactive-no-digital-twin,baseline,2,HSI,0.5,task_within_nested_evaluation_window
s11-006be1bbfcd5b45e,reactive-no-digital-twin,baseline,2,HSI,0.6,task_within_nested_evaluation_window
s11-006be1bbfcd5b45e,reactive-no-digital-twin,baseline,2,HSI,0.7,task_within_nested_evaluation_window
s11-006be1bbfcd5b45e,reactive-no-digital-twin,baseline,2,HSI,0.8,task_within_nested_evaluation_window
s11-006be1bbfcd5b45e,reactive-no-digital-twin,baseline,2,HSI,0.9,task_within_nested_evaluation_window
s11-006be1bbfcd5b45e,reactive-no-digital-twin,baseline,2,HSI,0.0,task_within_nested_evaluation_window
s11-006be1bbfcd5b45e,reactive-no-digital-twin,baseline,2,HSI,0.1,task_within_nested_evaluation_window
s11-006be1bbfcd5b45e,reactive-no-digital-twin,baseline,2,HSI,0.2,task_within_nested_evaluation_window
s11-006be1bbfcd5b45e,reactive-no-digital-twin,baseline,2,HSI,0.3,task_within_nested_evaluation_window
s11-006be1bbfcd5b45e,reactive-no-digital-twin,baseline,2,HSI,0.4,task_within_nested_evaluation_window
s11-006be1bbfcd5b45e,reactive-no-digital-twin,baseline,2,HSI,0.5,task_within_nested_evaluation_window
s11-006be1bbfcd5b45e,reactive-no-digital-twin,baseline,2,HSI,0.6,task_within_nested_evaluation_window
s11-006be1bbfcd5b45e,reactive-no-digital-twin,baseline,2,HSI,0.7,task_within_nested_evaluation_window
s11-006be1bbfcd5b45e,reactive-no-digital-twin,baseline,2,HSI,0.8,task_within_nested_evaluation_window
s11-006be1bbfcd5b45e,reactive-no-digital-twin,baseline,2,HSI,0.9,task_within_nested_evaluation_window
s11-006be1bbfcd5b45e,reactive-no-digital-twin,baseline,2,avg_task_latency_s,373.12,nested_evaluation_window
s11-006be1bbfcd5b45e,reactive-no-digital-twin,baseline,2,physical_energy_j,958245.9078979492,nested_evaluation_window
s11-006be1bbfcd5b45e,reactive-no-digital-twin,baseline,2,episode_reward,-57.35349840577692,nested_evaluation_window
s11-006be1bbfcd5b45e,reactive-no-digital-twin,baseline,2,HSI,0.0,task_within_nested_evaluation_window
s11-006be1bbfcd5b45e,reactive-no-digital-twin,baseline,2,HSI,0.1,task_within_nested_evaluation_window
s11-006be1bbfcd5b45e,reactive-no-digital-twin,baseline,2,HSI,0.2,task_within_nested_evaluation_window
s11-006be1bbfcd5b45e,reactive-no-digital-twin,baseline,2,HSI,0.3,task_within_nested_evaluation_window
s11-006be1bbfcd5b45e,reactive-no-digital-twin,baseline,2,HSI,0.4,task_within_nested_evaluation_window
s11-006be1bbfcd5b45e,reactive-no-digital-twin,baseline,2,HSI,0.5,task_within_nested_evaluation_window
s11-006be1bbfcd5b45e,reactive-no-digital-twin,baseline,2,HSI,0.6,task_within_nested_evaluation_window
s11-006be1bbfcd5b45e,reactive-no-digital-twin,baseline,2,HSI,0.7,task_within_nested_evaluation_window
s11-006be1bbfcd5b45e,reactive-no-digital-twin,baseline,2,HSI,0.8,task_within_nested_evaluation_window
s11-006be1bbfcd5b45e,reactive-no-digital-twin,baseline,2,HSI,0.9,task_within_nested_evaluation_window
s11-006be1bbfcd5b45e,reactive-no-digital-twin,baseline,2,HSI,0.0,task_within_nested_evaluation_window
s11-006be1bbfcd5b45e,reactive-no-digital-twin,baseline,2,HSI,0.1,task_within_nested_evaluation_window
s11-006be1bbfcd5b45e,reactive-no-digital-twin,baseline,2,HSI,0.2,task_within_nested_evaluation_window
s11-006be1bbfcd5b45e,reactive-no-digital-twin,baseline,2,HSI,0.3,task_within_nested_evaluation_window
s11-006be1bbfcd5b45e,reactive-no-digital-twin,baseline,2,HSI,0.4,task_within_nested_evaluation_window
s11-006be1bbfcd5b45e,reactive-no-digital-twin,baseline,2,HSI,0.5,task_within_nested_evaluation_window
s11-006be1bbfcd5b45e,reactive-no-digital-twin,baseline,2,HSI,0.6,task_within_nested_evaluation_window
s11-006be1bbfcd5b45e,reactive-no-digital-twin,baseline,2,HSI,0.7,task_within_nested_evaluation_window
s11-006be1bbfcd5b45e,reactive-no-digital-twin,baseline,2,HSI,0.8,task_within_nested_evaluation_window
s11-006be1bbfcd5b45e,reactive-no-digital-twin,baseline,2,HSI,0.9,task_within_nested_evaluation_window
s11-006be1bbfcd5b45e,reactive-no-digital-twin,baseline,2,HSI,0.0,task_within_nested_evaluation_window
s11-006be1bbfcd5b45e,reactive-no-digital-twin,baseline,2,HSI,0.1,task_within_nested_evaluation_window
s11-006be1bbfcd5b45e,reactive-no-digital-twin,baseline,2,HSI,0.2,task_within_nested_evaluation_window
s11-006be1bbfcd5b45e,reactive-no-digital-twin,baseline,2,HSI,0.3,task_within_nested_evaluation_window
s11-006be1bbfcd5b45e,reactive-no-digital-twin,baseline,2,HSI,0.4,task_within_nested_evaluation_window
s11-006be1bbfcd5b45e,reactive-no-digital-twin,baseline,2,HSI,0.5,task_within_nested_evaluation_window
s11-006be1bbfcd5b45e,reactive-no-digital-twin,baseline,2,HSI,0.6,task_within_nested_evaluation_window
s11-006be1bbfcd5b45e,reactive-no-digital-twin,baseline,2,HSI,0.7,task_within_nested_evaluation_window
s11-006be1bbfcd5b45e,reactive-no-digital-twin,baseline,2,HSI,0.8,task_within_nested_evaluation_window
s11-006be1bbfcd5b45e,reactive-no-digital-twin,baseline,2,HSI,0.9,task_within_nested_evaluation_window
s11-006be1bbfcd5b45e,reactive-no-digital-twin,baseline,2,HSI,0.0,task_within_nested_evaluation_window
s11-006be1bbfcd5b45e,reactive-no-digital-twin,baseline,2,HSI,0.1,task_within_nested_evaluation_window
s11-006be1bbfcd5b45e,reactive-no-digital-twin,baseline,2,HSI,0.2,task_within_nested_evaluation_window
s11-006be1bbfcd5b45e,reactive-no-digital-twin,baseline,2,HSI,0.3,task_within_nested_evaluation_window
s11-006be1bbfcd5b45e,reactive-no-digital-twin,baseline,2,HSI,0.4,task_within_nested_evaluation_window
s11-006be1bbfcd5b45e,reactive-no-digital-twin,baseline,2,HSI,0.5,task_within_nested_evaluation_window
s11-006be1bbfcd5b45e,reactive-no-digital-twin,baseline,2,HSI,0.6,task_within_nested_evaluation_window
s11-006be1bbfcd5b45e,reactive-no-digital-twin,baseline,2,HSI,0.7,task_within_nested_evaluation_window
s11-006be1bbfcd5b45e,reactive-no-digital-twin,baseline,2,HSI,0.8,task_within_nested_evaluation_window
s11-006be1bbfcd5b45e,reactive-no-digital-twin,baseline,2,HSI,0.9,task_within_nested_evaluation_window
s11-006be1bbfcd5b45e,reactive-no-digital-twin,baseline,2,HSI,0.0,task_within_nested_evaluation_window
s11-006be1bbfcd5b45e,reactive-no-digital-twin,baseline,2,HSI,0.1,task_within_nested_evaluation_window
s11-006be1bbfcd5b45e,reactive-no-digital-twin,baseline,2,HSI,0.2,task_within_nested_evaluation_window
s11-006be1bbfcd5b45e,reactive-no-digital-twin,baseline,2,HSI,0.3,task_within_nested_evaluation_window
s11-006be1bbfcd5b45e,reactive-no-digital-twin,baseline,2,HSI,0.4,task_within_nested_evaluation_window
s11-006be1bbfcd5b45e,reactive-no-digital-twin,baseline,2,HSI,0.5,task_within_nested_evaluation_window
s11-006be1bbfcd5b45e,reactive-no-digital-twin,baseline,2,HSI,0.6,task_within_nested_evaluation_window
s11-006be1bbfcd5b45e,reactive-no-digital-twin,baseline,2,HSI,0.7,task_within_nested_evaluation_window
s11-006be1bbfcd5b45e,reactive-no-digital-twin,baseline,2,HSI,0.8,task_within_nested_evaluation_window
s11-006be1bbfcd5b45e,reactive-no-digital-twin,baseline,2,HSI,0.9,task_within_nested_evaluation_window
s11-006be1bbfcd5b45e,reactive-no-digital-twin,baseline,2,HSI,0.0,task_within_nested_evaluation_window
s11-006be1bbfcd5b45e,reactive-no-digital-twin,baseline,2,HSI,0.1,task_within_nested_evaluation_window
s11-006be1bbfcd5b45e,reactive-no-digital-twin,baseline,2,HSI,0.2,task_within_nested_evaluation_window
s11-006be1bbfcd5b45e,reactive-no-digital-twin,baseline,2,HSI,0.3,task_within_nested_evaluation_window
s11-006be1bbfcd5b45e,reactive-no-digital-twin,baseline,2,HSI,0.4,task_within_nested_evaluation_window
s11-006be1bbfcd5b45e,reactive-no-digital-twin,baseline,2,HSI,0.5,task_within_nested_evaluation_window
s11-006be1bbfcd5b45e,reactive-no-digital-twin,baseline,2,HSI,0.6,task_within_nested_evaluation_window
s11-006be1bbfcd5b45e,reactive-no-digital-twin,baseline,2,HSI,0.7,task_within_nested_evaluation_window
s11-006be1bbfcd5b45e,reactive-no-digital-twin,baseline,2,HSI,0.8,task_within_nested_evaluation_window
s11-006be1bbfcd5b45e,reactive-no-digital-twin,baseline,2,HSI,0.9,task_within_nested_evaluation_window
s11-006be1bbfcd5b45e,reactive-no-digital-twin,baseline,2,HSI,0.0,task_within_nested_evaluation_window
s11-006be1bbfcd5b45e,reactive-no-digital-twin,baseline,2,HSI,0.1,task_within_nested_evaluation_window
s11-006be1bbfcd5b45e,reactive-no-digital-twin,baseline,2,HSI,0.2,task_within_nested_evaluation_window
s11-006be1bbfcd5b45e,reactive-no-digital-twin,baseline,2,HSI,0.3,task_within_nested_evaluation_window
s11-006be1bbfcd5b45e,reactive-no-digital-twin,baseline,2,HSI,0.4,task_within_nested_evaluation_window
s11-006be1bbfcd5b45e,reactive-no-digital-twin,baseline,2,HSI,0.5,task_within_nested_evaluation_window
s11-006be1bbfcd5b45e,reactive-no-digital-twin,baseline,2,HSI,0.6,task_within_nested_evaluation_window
s11-006be1bbfcd5b45e,reactive-no-digital-twin,baseline,2,HSI,0.7,task_within_nested_evaluation_window
s11-006be1bbfcd5b45e,reactive-no-digital-twin,baseline,2,HSI,0.8,task_within_nested_evaluation_window
s11-006be1bbfcd5b45e,reactive-no-digital-twin,baseline,2,HSI,0.9,task_within_nested_evaluation_window
s11-006be1bbfcd5b45e,reactive-no-digital-twin,baseline,2,HSI,0.0,task_within_nested_evaluation_window
s11-006be1bbfcd5b45e,reactive-no-digital-twin,baseline,2,HSI,0.1,task_within_nested_evaluation_window
s11-006be1bbfcd5b45e,reactive-no-digital-twin,baseline,2,HSI,0.2,task_within_nested_evaluation_window
s11-006be1bbfcd5b45e,reactive-no-digital-twin,baseline,2,HSI,0.3,task_within_nested_evaluation_window
s11-006be1bbfcd5b45e,reactive-no-digital-twin,baseline,2,HSI,0.4,task_within_nested_evaluation_window
s11-006be1bbfcd5b45e,reactive-no-digital-twin,baseline,2,HSI,0.5,task_within_nested_evaluation_window
s11-006be1bbfcd5b45e,reactive-no-digital-twin,baseline,2,HSI,0.6,task_within_nested_evaluation_window
s11-006be1bbfcd5b45e,reactive-no-digital-twin,baseline,2,HSI,0.7,task_within_nested_evaluation_window
s11-006be1bbfcd5b45e,reactive-no-digital-twin,baseline,2,HSI,0.8,task_within_nested_evaluation_window
s11-006be1bbfcd5b45e,reactive-no-digital-twin,baseline,2,HSI,0.9,task_within_nested_evaluation_window
s11-006be1bbfcd5b45e,reactive-no-digital-twin,baseline,2,avg_task_latency_s,349.24689655172426,nested_evaluation_window
s11-006be1bbfcd5b45e,reactive-no-digital-twin,baseline,2,physical_energy_j,951476.147705078,nested_evaluation_window
s11-006be1bbfcd5b45e,reactive-no-digital-twin,baseline,2,episode_reward,-126.05069612618536,nested_evaluation_window
s11-006be1bbfcd5b45e,reactive-no-digital-twin,baseline,2,HSI,0.0,task_within_nested_evaluation_window
s11-006be1bbfcd5b45e,reactive-no-digital-twin,baseline,2,HSI,0.1,task_within_nested_evaluation_window
s11-006be1bbfcd5b45e,reactive-no-digital-twin,baseline,2,HSI,0.2,task_within_nested_evaluation_window
s11-006be1bbfcd5b45e,reactive-no-digital-twin,baseline,2,HSI,0.3,task_within_nested_evaluation_window
s11-006be1bbfcd5b45e,reactive-no-digital-twin,baseline,2,HSI,0.4,task_within_nested_evaluation_window
s11-006be1bbfcd5b45e,reactive-no-digital-twin,baseline,2,HSI,0.5,task_within_nested_evaluation_window
s11-006be1bbfcd5b45e,reactive-no-digital-twin,baseline,2,HSI,0.6,task_within_nested_evaluation_window
s11-006be1bbfcd5b45e,reactive-no-digital-twin,baseline,2,HSI,0.7,task_within_nested_evaluation_window
s11-006be1bbfcd5b45e,reactive-no-digital-twin,baseline,2,HSI,0.8,task_within_nested_evaluation_window
s11-006be1bbfcd5b45e,reactive-no-digital-twin,baseline,2,HSI,0.9,task_within_nested_evaluation_window
s11-006be1bbfcd5b45e,reactive-no-digital-twin,baseline,2,HSI,0.0,task_within_nested_evaluation_window
s11-006be1bbfcd5b45e,reactive-no-digital-twin,baseline,2,HSI,0.1,task_within_nested_evaluation_window
s11-006be1bbfcd5b45e,reactive-no-digital-twin,baseline,2,HSI,0.2,task_within_nested_evaluation_window
s11-006be1bbfcd5b45e,reactive-no-digital-twin,baseline,2,HSI,0.3,task_within_nested_evaluation_window
s11-006be1bbfcd5b45e,reactive-no-digital-twin,baseline,2,HSI,0.4,task_within_nested_evaluation_window
s11-006be1bbfcd5b45e,reactive-no-digital-twin,baseline,2,HSI,0.5,task_within_nested_evaluation_window
s11-006be1bbfcd5b45e,reactive-no-digital-twin,baseline,2,HSI,0.6,task_within_nested_evaluation_window
s11-006be1bbfcd5b45e,reactive-no-digital-twin,baseline,2,HSI,0.7,task_within_nested_evaluation_window
s11-006be1bbfcd5b45e,reactive-no-digital-twin,baseline,2,HSI,0.8,task_within_nested_evaluation_window
s11-006be1bbfcd5b45e,reactive-no-digital-twin,baseline,2,HSI,0.9,task_within_nested_evaluation_window
s11-006be1bbfcd5b45e,reactive-no-digital-twin,baseline,2,HSI,0.0,task_within_nested_evaluation_window
s11-006be1bbfcd5b45e,reactive-no-digital-twin,baseline,2,HSI,0.1,task_within_nested_evaluation_window
s11-006be1bbfcd5b45e,reactive-no-digital-twin,baseline,2,HSI,0.2,task_within_nested_evaluation_window
s11-006be1bbfcd5b45e,reactive-no-digital-twin,baseline,2,HSI,0.3,task_within_nested_evaluation_window
s11-006be1bbfcd5b45e,reactive-no-digital-twin,baseline,2,HSI,0.4,task_within_nested_evaluation_window
s11-006be1bbfcd5b45e,reactive-no-digital-twin,baseline,2,HSI,0.5,task_within_nested_evaluation_window
s11-006be1bbfcd5b45e,reactive-no-digital-twin,baseline,2,HSI,0.6,task_within_nested_evaluation_window
s11-006be1bbfcd5b45e,reactive-no-digital-twin,baseline,2,HSI,0.7,task_within_nested_evaluation_window
s11-006be1bbfcd5b45e,reactive-no-digital-twin,baseline,2,HSI,0.8,task_within_nested_evaluation_window
s11-006be1bbfcd5b45e,reactive-no-digital-twin,baseline,2,HSI,0.9,task_within_nested_evaluation_window
s11-006be1bbfcd5b45e,reactive-no-digital-twin,baseline,2,HSI,0.0,task_within_nested_evaluation_window
s11-006be1bbfcd5b45e,reactive-no-digital-twin,baseline,2,HSI,0.1,task_within_nested_evaluation_window
s11-006be1bbfcd5b45e,reactive-no-digital-twin,baseline,2,HSI,0.2,task_within_nested_evaluation_window
s11-006be1bbfcd5b45e,reactive-no-digital-twin,baseline,2,HSI,0.3,task_within_nested_evaluation_window
s11-006be1bbfcd5b45e,reactive-no-digital-twin,baseline,2,HSI,0.4,task_within_nested_evaluation_window
s11-006be1bbfcd5b45e,reactive-no-digital-twin,baseline,2,HSI,0.5,task_within_nested_evaluation_window
s11-006be1bbfcd5b45e,reactive-no-digital-twin,baseline,2,HSI,0.6,task_within_nested_evaluation_window
s11-006be1bbfcd5b45e,reactive-no-digital-twin,baseline,2,HSI,0.7,task_within_nested_evaluation_window
s11-006be1bbfcd5b45e,reactive-no-digital-twin,baseline,2,HSI,0.8,task_within_nested_evaluation_window
s11-006be1bbfcd5b45e,reactive-no-digital-twin,baseline,2,HSI,0.9,task_within_nested_evaluation_window
s11-006be1bbfcd5b45e,reactive-no-digital-twin,baseline,2,HSI,0.0,task_within_nested_evaluation_window
s11-006be1bbfcd5b45e,reactive-no-digital-twin,baseline,2,HSI,0.1,task_within_nested_evaluation_window
s11-006be1bbfcd5b45e,reactive-no-digital-twin,baseline,2,HSI,0.2,task_within_nested_evaluation_window
s11-006be1bbfcd5b45e,reactive-no-digital-twin,baseline,2,HSI,0.3,task_within_nested_evaluation_window
s11-006be1bbfcd5b45e,reactive-no-digital-twin,baseline,2,HSI,0.4,task_within_nested_evaluation_window
s11-006be1bbfcd5b45e,reactive-no-digital-twin,baseline,2,HSI,0.5,task_within_nested_evaluation_window
s11-006be1bbfcd5b45e,reactive-no-digital-twin,baseline,2,HSI,0.6,task_within_nested_evaluation_window
s11-006be1bbfcd5b45e,reactive-no-digital-twin,baseline,2,HSI,0.7,task_within_nested_evaluation_window
s11-006be1bbfcd5b45e,reactive-no-digital-twin,baseline,2,HSI,0.8,task_within_nested_evaluation_window
s11-006be1bbfcd5b45e,reactive-no-digital-twin,baseline,2,HSI,0.9,task_within_nested_evaluation_window
s11-006be1bbfcd5b45e,reactive-no-digital-twin,baseline,2,HSI,0.0,task_within_nested_evaluation_window
s11-006be1bbfcd5b45e,reactive-no-digital-twin,baseline,2,HSI,0.1,task_within_nested_evaluation_window
s11-006be1bbfcd5b45e,reactive-no-digital-twin,baseline,2,HSI,0.2,task_within_nested_evaluation_window
s11-006be1bbfcd5b45e,reactive-no-digital-twin,baseline,2,HSI,0.3,task_within_nested_evaluation_window
s11-006be1bbfcd5b45e,reactive-no-digital-twin,baseline,2,HSI,0.4,task_within_nested_evaluation_window
s11-006be1bbfcd5b45e,reactive-no-digital-twin,baseline,2,HSI,0.5,task_within_nested_evaluation_window
s11-006be1bbfcd5b45e,reactive-no-digital-twin,baseline,2,HSI,0.6,task_within_nested_evaluation_window
s11-006be1bbfcd5b45e,reactive-no-digital-twin,baseline,2,HSI,0.7,task_within_nested_evaluation_window
s11-006be1bbfcd5b45e,reactive-no-digital-twin,baseline,2,HSI,0.8,task_within_nested_evaluation_window
s11-006be1bbfcd5b45e,reactive-no-digital-twin,baseline,2,HSI,0.9,task_within_nested_evaluation_window
s11-006be1bbfcd5b45e,reactive-no-digital-twin,baseline,2,HSI,0.0,task_within_nested_evaluation_window
s11-006be1bbfcd5b45e,reactive-no-digital-twin,baseline,2,HSI,0.1,task_within_nested_evaluation_window
s11-006be1bbfcd5b45e,reactive-no-digital-twin,baseline,2,HSI,0.2,task_within_nested_evaluation_window
s11-006be1bbfcd5b45e,reactive-no-digital-twin,baseline,2,HSI,0.3,task_within_nested_evaluation_window
s11-006be1bbfcd5b45e,reactive-no-digital-twin,baseline,2,HSI,0.4,task_within_nested_evaluation_window
s11-006be1bbfcd5b45e,reactive-no-digital-twin,baseline,2,HSI,0.5,task_within_nested_evaluation_window
s11-006be1bbfcd5b45e,reactive-no-digital-twin,baseline,2,HSI,0.6,task_within_nested_evaluation_window
s11-006be1bbfcd5b45e,reactive-no-digital-twin,baseline,2,HSI,0.7,task_within_nested_evaluation_window
s11-006be1bbfcd5b45e,reactive-no-digital-twin,baseline,2,HSI,0.8,task_within_nested_evaluation_window
s11-006be1bbfcd5b45e,reactive-no-digital-twin,baseline,2,HSI,0.9,task_within_nested_evaluation_window
s11-006be1bbfcd5b45e,reactive-no-digital-twin,baseline,2,HSI,0.0,task_within_nested_evaluation_window
s11-006be1bbfcd5b45e,reactive-no-digital-twin,baseline,2,HSI,0.1,task_within_nested_evaluation_window
s11-006be1bbfcd5b45e,reactive-no-digital-twin,baseline,2,HSI,0.2,task_within_nested_evaluation_window
s11-006be1bbfcd5b45e,reactive-no-digital-twin,baseline,2,HSI,0.3,task_within_nested_evaluation_window
s11-006be1bbfcd5b45e,reactive-no-digital-twin,baseline,2,HSI,0.4,task_within_nested_evaluation_window
s11-006be1bbfcd5b45e,reactive-no-digital-twin,baseline,2,HSI,0.5,task_within_nested_evaluation_window
s11-006be1bbfcd5b45e,reactive-no-digital-twin,baseline,2,HSI,0.6,task_within_nested_evaluation_window
s11-006be1bbfcd5b45e,reactive-no-digital-twin,baseline,2,HSI,0.7,task_within_nested_evaluation_window
s11-006be1bbfcd5b45e,reactive-no-digital-twin,baseline,2,HSI,0.8,task_within_nested_evaluation_window
s11-006be1bbfcd5b45e,reactive-no-digital-twin,baseline,2,HSI,0.9,task_within_nested_evaluation_window
s11-006be1bbfcd5b45e,reactive-no-digital-twin,baseline,2,avg_task_latency_s,346.74666666666667,nested_evaluation_window
s11-006be1bbfcd5b45e,reactive-no-digital-twin,baseline,2,physical_energy_j,942035.7286758422,nested_evaluation_window
s11-006be1bbfcd5b45e,reactive-no-digital-twin,baseline,2,episode_reward,-144.4941728040576,nested_evaluation_window
s11-006be1bbfcd5b45e,reactive-no-digital-twin,baseline,2,HSI,0.0,task_within_nested_evaluation_window
s11-006be1bbfcd5b45e,reactive-no-digital-twin,baseline,2,HSI,0.1,task_within_nested_evaluation_window
s11-006be1bbfcd5b45e,reactive-no-digital-twin,baseline,2,HSI,0.2,task_within_nested_evaluation_window
s11-006be1bbfcd5b45e,reactive-no-digital-twin,baseline,2,HSI,0.3,task_within_nested_evaluation_window
s11-006be1bbfcd5b45e,reactive-no-digital-twin,baseline,2,HSI,0.4,task_within_nested_evaluation_window
s11-006be1bbfcd5b45e,reactive-no-digital-twin,baseline,2,HSI,0.5,task_within_nested_evaluation_window
s11-006be1bbfcd5b45e,reactive-no-digital-twin,baseline,2,HSI,0.6,task_within_nested_evaluation_window
s11-006be1bbfcd5b45e,reactive-no-digital-twin,baseline,2,HSI,0.7,task_within_nested_evaluation_window
s11-006be1bbfcd5b45e,reactive-no-digital-twin,baseline,2,HSI,0.8,task_within_nested_evaluation_window
s11-006be1bbfcd5b45e,reactive-no-digital-twin,baseline,2,HSI,0.9,task_within_nested_evaluation_window
s11-006be1bbfcd5b45e,reactive-no-digital-twin,baseline,2,HSI,0.0,task_within_nested_evaluation_window
s11-006be1bbfcd5b45e,reactive-no-digital-twin,baseline,2,HSI,0.1,task_within_nested_evaluation_window
s11-006be1bbfcd5b45e,reactive-no-digital-twin,baseline,2,HSI,0.2,task_within_nested_evaluation_window
s11-006be1bbfcd5b45e,reactive-no-digital-twin,baseline,2,HSI,0.3,task_within_nested_evaluation_window
s11-006be1bbfcd5b45e,reactive-no-digital-twin,baseline,2,HSI,0.4,task_within_nested_evaluation_window
s11-006be1bbfcd5b45e,reactive-no-digital-twin,baseline,2,HSI,0.5,task_within_nested_evaluation_window
s11-006be1bbfcd5b45e,reactive-no-digital-twin,baseline,2,HSI,0.6,task_within_nested_evaluation_window
s11-006be1bbfcd5b45e,reactive-no-digital-twin,baseline,2,HSI,0.7,task_within_nested_evaluation_window
s11-006be1bbfcd5b45e,reactive-no-digital-twin,baseline,2,HSI,0.8,task_within_nested_evaluation_window
s11-006be1bbfcd5b45e,reactive-no-digital-twin,baseline,2,HSI,0.9,task_within_nested_evaluation_window
s11-006be1bbfcd5b45e,reactive-no-digital-twin,baseline,2,HSI,0.0,task_within_nested_evaluation_window
s11-006be1bbfcd5b45e,reactive-no-digital-twin,baseline,2,HSI,0.1,task_within_nested_evaluation_window
s11-006be1bbfcd5b45e,reactive-no-digital-twin,baseline,2,HSI,0.2,task_within_nested_evaluation_window
s11-006be1bbfcd5b45e,reactive-no-digital-twin,baseline,2,HSI,0.3,task_within_nested_evaluation_window
s11-006be1bbfcd5b45e,reactive-no-digital-twin,baseline,2,HSI,0.4,task_within_nested_evaluation_window
s11-006be1bbfcd5b45e,reactive-no-digital-twin,baseline,2,HSI,0.5,task_within_nested_evaluation_window
s11-006be1bbfcd5b45e,reactive-no-digital-twin,baseline,2,HSI,0.6,task_within_nested_evaluation_window
s11-006be1bbfcd5b45e,reactive-no-digital-twin,baseline,2,HSI,0.7,task_within_nested_evaluation_window
s11-006be1bbfcd5b45e,reactive-no-digital-twin,baseline,2,HSI,0.8,task_within_nested_evaluation_window
s11-006be1bbfcd5b45e,reactive-no-digital-twin,baseline,2,HSI,0.9,task_within_nested_evaluation_window
s11-006be1bbfcd5b45e,reactive-no-digital-twin,baseline,2,HSI,0.0,task_within_nested_evaluation_window
s11-006be1bbfcd5b45e,reactive-no-digital-twin,baseline,2,HSI,0.1,task_within_nested_evaluation_window
s11-006be1bbfcd5b45e,reactive-no-digital-twin,baseline,2,HSI,0.2,task_within_nested_evaluation_window
s11-006be1bbfcd5b45e,reactive-no-digital-twin,baseline,2,HSI,0.3,task_within_nested_evaluation_window
s11-006be1bbfcd5b45e,reactive-no-digital-twin,baseline,2,HSI,0.4,task_within_nested_evaluation_window
s11-006be1bbfcd5b45e,reactive-no-digital-twin,baseline,2,HSI,0.5,task_within_nested_evaluation_window
s11-006be1bbfcd5b45e,reactive-no-digital-twin,baseline,2,HSI,0.6,task_within_nested_evaluation_window
s11-006be1bbfcd5b45e,reactive-no-digital-twin,baseline,2,HSI,0.7,task_within_nested_evaluation_window
s11-006be1bbfcd5b45e,reactive-no-digital-twin,baseline,2,HSI,0.8,task_within_nested_evaluation_window
s11-006be1bbfcd5b45e,reactive-no-digital-twin,baseline,2,HSI,0.9,task_within_nested_evaluation_window
s11-006be1bbfcd5b45e,reactive-no-digital-twin,baseline,2,HSI,0.0,task_within_nested_evaluation_window
s11-006be1bbfcd5b45e,reactive-no-digital-twin,baseline,2,HSI,0.1,task_within_nested_evaluation_window
s11-006be1bbfcd5b45e,reactive-no-digital-twin,baseline,2,HSI,0.2,task_within_nested_evaluation_window
s11-006be1bbfcd5b45e,reactive-no-digital-twin,baseline,2,HSI,0.3,task_within_nested_evaluation_window
s11-006be1bbfcd5b45e,reactive-no-digital-twin,baseline,2,HSI,0.4,task_within_nested_evaluation_window
s11-006be1bbfcd5b45e,reactive-no-digital-twin,baseline,2,HSI,0.5,task_within_nested_evaluation_window
s11-006be1bbfcd5b45e,reactive-no-digital-twin,baseline,2,HSI,0.6,task_within_nested_evaluation_window
s11-006be1bbfcd5b45e,reactive-no-digital-twin,baseline,2,HSI,0.7,task_within_nested_evaluation_window
s11-006be1bbfcd5b45e,reactive-no-digital-twin,baseline,2,HSI,0.8,task_within_nested_evaluation_window
s11-006be1bbfcd5b45e,reactive-no-digital-twin,baseline,2,HSI,0.9,task_within_nested_evaluation_window
s11-006be1bbfcd5b45e,reactive-no-digital-twin,baseline,2,HSI,0.0,task_within_nested_evaluation_window
s11-006be1bbfcd5b45e,reactive-no-digital-twin,baseline,2,HSI,0.1,task_within_nested_evaluation_window
s11-006be1bbfcd5b45e,reactive-no-digital-twin,baseline,2,HSI,0.2,task_within_nested_evaluation_window
s11-006be1bbfcd5b45e,reactive-no-digital-twin,baseline,2,HSI,0.3,task_within_nested_evaluation_window
s11-006be1bbfcd5b45e,reactive-no-digital-twin,baseline,2,HSI,0.4,task_within_nested_evaluation_window
s11-006be1bbfcd5b45e,reactive-no-digital-twin,baseline,2,HSI,0.5,task_within_nested_evaluation_window
s11-006be1bbfcd5b45e,reactive-no-digital-twin,baseline,2,HSI,0.6,task_within_nested_evaluation_window
s11-006be1bbfcd5b45e,reactive-no-digital-twin,baseline,2,HSI,0.7,task_within_nested_evaluation_window
s11-006be1bbfcd5b45e,reactive-no-digital-twin,baseline,2,HSI,0.8,task_within_nested_evaluation_window
s11-006be1bbfcd5b45e,reactive-no-digital-twin,baseline,2,HSI,0.9,task_within_nested_evaluation_window
s11-006be1bbfcd5b45e,reactive-no-digital-twin,baseline,2,HSI,0.0,task_within_nested_evaluation_window
s11-006be1bbfcd5b45e,reactive-no-digital-twin,baseline,2,HSI,0.1,task_within_nested_evaluation_window
s11-006be1bbfcd5b45e,reactive-no-digital-twin,baseline,2,HSI,0.2,task_within_nested_evaluation_window
s11-006be1bbfcd5b45e,reactive-no-digital-twin,baseline,2,HSI,0.3,task_within_nested_evaluation_window
s11-006be1bbfcd5b45e,reactive-no-digital-twin,baseline,2,HSI,0.4,task_within_nested_evaluation_window
s11-006be1bbfcd5b45e,reactive-no-digital-twin,baseline,2,HSI,0.5,task_within_nested_evaluation_window
s11-006be1bbfcd5b45e,reactive-no-digital-twin,baseline,2,HSI,0.6,task_within_nested_evaluation_window
s11-006be1bbfcd5b45e,reactive-no-digital-twin,baseline,2,HSI,0.7,task_within_nested_evaluation_window
s11-006be1bbfcd5b45e,reactive-no-digital-twin,baseline,2,HSI,0.8,task_within_nested_evaluation_window
s11-006be1bbfcd5b45e,reactive-no-digital-twin,baseline,2,HSI,0.9,task_within_nested_evaluation_window
s11-006be1bbfcd5b45e,reactive-no-digital-twin,baseline,2,HSI,0.0,task_within_nested_evaluation_window
s11-006be1bbfcd5b45e,reactive-no-digital-twin,baseline,2,HSI,0.1,task_within_nested_evaluation_window
s11-006be1bbfcd5b45e,reactive-no-digital-twin,baseline,2,HSI,0.2,task_within_nested_evaluation_window
s11-006be1bbfcd5b45e,reactive-no-digital-twin,baseline,2,HSI,0.3,task_within_nested_evaluation_window
s11-006be1bbfcd5b45e,reactive-no-digital-twin,baseline,2,HSI,0.4,task_within_nested_evaluation_window
s11-006be1bbfcd5b45e,reactive-no-digital-twin,baseline,2,HSI,0.5,task_within_nested_evaluation_window
s11-006be1bbfcd5b45e,reactive-no-digital-twin,baseline,2,HSI,0.6,task_within_nested_evaluation_window
s11-006be1bbfcd5b45e,reactive-no-digital-twin,baseline,2,HSI,0.7,task_within_nested_evaluation_window
s11-006be1bbfcd5b45e,reactive-no-digital-twin,baseline,2,HSI,0.8,task_within_nested_evaluation_window
s11-006be1bbfcd5b45e,reactive-no-digital-twin,baseline,2,HSI,0.9,task_within_nested_evaluation_window
s11-006be1bbfcd5b45e,reactive-no-digital-twin,baseline,2,avg_task_latency_s,350.73894736842107,nested_evaluation_window
s11-006be1bbfcd5b45e,reactive-no-digital-twin,baseline,2,physical_energy_j,948583.8370666503,nested_evaluation_window
s11-006be1bbfcd5b45e,reactive-no-digital-twin,baseline,2,episode_reward,-151.34522387897596,nested_evaluation_window
s11-006be1bbfcd5b45e,reactive-no-digital-twin,baseline,2,HSI,0.0,task_within_nested_evaluation_window
s11-006be1bbfcd5b45e,reactive-no-digital-twin,baseline,2,HSI,0.1,task_within_nested_evaluation_window
s11-006be1bbfcd5b45e,reactive-no-digital-twin,baseline,2,HSI,0.2,task_within_nested_evaluation_window
s11-006be1bbfcd5b45e,reactive-no-digital-twin,baseline,2,HSI,0.3,task_within_nested_evaluation_window
s11-006be1bbfcd5b45e,reactive-no-digital-twin,baseline,2,HSI,0.4,task_within_nested_evaluation_window
s11-006be1bbfcd5b45e,reactive-no-digital-twin,baseline,2,HSI,0.5,task_within_nested_evaluation_window
s11-006be1bbfcd5b45e,reactive-no-digital-twin,baseline,2,HSI,0.6,task_within_nested_evaluation_window
s11-006be1bbfcd5b45e,reactive-no-digital-twin,baseline,2,HSI,0.7,task_within_nested_evaluation_window
s11-006be1bbfcd5b45e,reactive-no-digital-twin,baseline,2,HSI,0.8,task_within_nested_evaluation_window
s11-006be1bbfcd5b45e,reactive-no-digital-twin,baseline,2,HSI,0.9,task_within_nested_evaluation_window
s11-006be1bbfcd5b45e,reactive-no-digital-twin,baseline,2,HSI,0.0,task_within_nested_evaluation_window
s11-006be1bbfcd5b45e,reactive-no-digital-twin,baseline,2,HSI,0.1,task_within_nested_evaluation_window
s11-006be1bbfcd5b45e,reactive-no-digital-twin,baseline,2,HSI,0.2,task_within_nested_evaluation_window
s11-006be1bbfcd5b45e,reactive-no-digital-twin,baseline,2,HSI,0.3,task_within_nested_evaluation_window
s11-006be1bbfcd5b45e,reactive-no-digital-twin,baseline,2,HSI,0.4,task_within_nested_evaluation_window
s11-006be1bbfcd5b45e,reactive-no-digital-twin,baseline,2,HSI,0.5,task_within_nested_evaluation_window
s11-006be1bbfcd5b45e,reactive-no-digital-twin,baseline,2,HSI,0.6,task_within_nested_evaluation_window
s11-006be1bbfcd5b45e,reactive-no-digital-twin,baseline,2,HSI,0.7,task_within_nested_evaluation_window
s11-006be1bbfcd5b45e,reactive-no-digital-twin,baseline,2,HSI,0.8,task_within_nested_evaluation_window
s11-006be1bbfcd5b45e,reactive-no-digital-twin,baseline,2,HSI,0.9,task_within_nested_evaluation_window
s11-006be1bbfcd5b45e,reactive-no-digital-twin,baseline,2,HSI,0.0,task_within_nested_evaluation_window
s11-006be1bbfcd5b45e,reactive-no-digital-twin,baseline,2,HSI,0.1,task_within_nested_evaluation_window
s11-006be1bbfcd5b45e,reactive-no-digital-twin,baseline,2,HSI,0.2,task_within_nested_evaluation_window
s11-006be1bbfcd5b45e,reactive-no-digital-twin,baseline,2,HSI,0.3,task_within_nested_evaluation_window
s11-006be1bbfcd5b45e,reactive-no-digital-twin,baseline,2,HSI,0.4,task_within_nested_evaluation_window
s11-006be1bbfcd5b45e,reactive-no-digital-twin,baseline,2,HSI,0.5,task_within_nested_evaluation_window
s11-006be1bbfcd5b45e,reactive-no-digital-twin,baseline,2,HSI,0.6,task_within_nested_evaluation_window
s11-006be1bbfcd5b45e,reactive-no-digital-twin,baseline,2,HSI,0.7,task_within_nested_evaluation_window
s11-006be1bbfcd5b45e,reactive-no-digital-twin,baseline,2,HSI,0.8,task_within_nested_evaluation_window
s11-006be1bbfcd5b45e,reactive-no-digital-twin,baseline,2,HSI,0.9,task_within_nested_evaluation_window
s11-006be1bbfcd5b45e,reactive-no-digital-twin,baseline,2,HSI,0.0,task_within_nested_evaluation_window
s11-006be1bbfcd5b45e,reactive-no-digital-twin,baseline,2,HSI,0.1,task_within_nested_evaluation_window
s11-006be1bbfcd5b45e,reactive-no-digital-twin,baseline,2,HSI,0.2,task_within_nested_evaluation_window
s11-006be1bbfcd5b45e,reactive-no-digital-twin,baseline,2,HSI,0.3,task_within_nested_evaluation_window
s11-006be1bbfcd5b45e,reactive-no-digital-twin,baseline,2,HSI,0.4,task_within_nested_evaluation_window
s11-006be1bbfcd5b45e,reactive-no-digital-twin,baseline,2,HSI,0.5,task_within_nested_evaluation_window
s11-006be1bbfcd5b45e,reactive-no-digital-twin,baseline,2,HSI,0.6,task_within_nested_evaluation_window
s11-006be1bbfcd5b45e,reactive-no-digital-twin,baseline,2,HSI,0.7,task_within_nested_evaluation_window
s11-006be1bbfcd5b45e,reactive-no-digital-twin,baseline,2,HSI,0.8,task_within_nested_evaluation_window
s11-006be1bbfcd5b45e,reactive-no-digital-twin,baseline,2,HSI,0.9,task_within_nested_evaluation_window
s11-006be1bbfcd5b45e,reactive-no-digital-twin,baseline,2,HSI,0.0,task_within_nested_evaluation_window
s11-006be1bbfcd5b45e,reactive-no-digital-twin,baseline,2,HSI,0.1,task_within_nested_evaluation_window
s11-006be1bbfcd5b45e,reactive-no-digital-twin,baseline,2,HSI,0.2,task_within_nested_evaluation_window
s11-006be1bbfcd5b45e,reactive-no-digital-twin,baseline,2,HSI,0.3,task_within_nested_evaluation_window
s11-006be1bbfcd5b45e,reactive-no-digital-twin,baseline,2,HSI,0.4,task_within_nested_evaluation_window
s11-006be1bbfcd5b45e,reactive-no-digital-twin,baseline,2,HSI,0.5,task_within_nested_evaluation_window
s11-006be1bbfcd5b45e,reactive-no-digital-twin,baseline,2,HSI,0.6,task_within_nested_evaluation_window
s11-006be1bbfcd5b45e,reactive-no-digital-twin,baseline,2,HSI,0.7,task_within_nested_evaluation_window
s11-006be1bbfcd5b45e,reactive-no-digital-twin,baseline,2,HSI,0.8,task_within_nested_evaluation_window
s11-006be1bbfcd5b45e,reactive-no-digital-twin,baseline,2,HSI,0.9,task_within_nested_evaluation_window
s11-006be1bbfcd5b45e,reactive-no-digital-twin,baseline,2,HSI,0.0,task_within_nested_evaluation_window
s11-006be1bbfcd5b45e,reactive-no-digital-twin,baseline,2,HSI,0.1,task_within_nested_evaluation_window
s11-006be1bbfcd5b45e,reactive-no-digital-twin,baseline,2,HSI,0.2,task_within_nested_evaluation_window
s11-006be1bbfcd5b45e,reactive-no-digital-twin,baseline,2,HSI,0.3,task_within_nested_evaluation_window
s11-006be1bbfcd5b45e,reactive-no-digital-twin,baseline,2,HSI,0.4,task_within_nested_evaluation_window
s11-006be1bbfcd5b45e,reactive-no-digital-twin,baseline,2,HSI,0.5,task_within_nested_evaluation_window
s11-006be1bbfcd5b45e,reactive-no-digital-twin,baseline,2,HSI,0.6,task_within_nested_evaluation_window
s11-006be1bbfcd5b45e,reactive-no-digital-twin,baseline,2,HSI,0.7,task_within_nested_evaluation_window
s11-006be1bbfcd5b45e,reactive-no-digital-twin,baseline,2,HSI,0.8,task_within_nested_evaluation_window
s11-006be1bbfcd5b45e,reactive-no-digital-twin,baseline,2,HSI,0.9,task_within_nested_evaluation_window
s11-006be1bbfcd5b45e,reactive-no-digital-twin,baseline,2,HSI,0.0,task_within_nested_evaluation_window
s11-006be1bbfcd5b45e,reactive-no-digital-twin,baseline,2,HSI,0.1,task_within_nested_evaluation_window
s11-006be1bbfcd5b45e,reactive-no-digital-twin,baseline,2,HSI,0.2,task_within_nested_evaluation_window
s11-006be1bbfcd5b45e,reactive-no-digital-twin,baseline,2,HSI,0.3,task_within_nested_evaluation_window
s11-006be1bbfcd5b45e,reactive-no-digital-twin,baseline,2,HSI,0.4,task_within_nested_evaluation_window
s11-006be1bbfcd5b45e,reactive-no-digital-twin,baseline,2,HSI,0.5,task_within_nested_evaluation_window
s11-006be1bbfcd5b45e,reactive-no-digital-twin,baseline,2,HSI,0.6,task_within_nested_evaluation_window
s11-006be1bbfcd5b45e,reactive-no-digital-twin,baseline,2,HSI,0.7,task_within_nested_evaluation_window
s11-006be1bbfcd5b45e,reactive-no-digital-twin,baseline,2,HSI,0.8,task_within_nested_evaluation_window
s11-006be1bbfcd5b45e,reactive-no-digital-twin,baseline,2,HSI,0.9,task_within_nested_evaluation_window
s11-006be1bbfcd5b45e,reactive-no-digital-twin,baseline,2,HSI,0.0,task_within_nested_evaluation_window
s11-006be1bbfcd5b45e,reactive-no-digital-twin,baseline,2,HSI,0.1,task_within_nested_evaluation_window
s11-006be1bbfcd5b45e,reactive-no-digital-twin,baseline,2,HSI,0.2,task_within_nested_evaluation_window
s11-006be1bbfcd5b45e,reactive-no-digital-twin,baseline,2,HSI,0.3,task_within_nested_evaluation_window
s11-006be1bbfcd5b45e,reactive-no-digital-twin,baseline,2,HSI,0.4,task_within_nested_evaluation_window
s11-006be1bbfcd5b45e,reactive-no-digital-twin,baseline,2,HSI,0.5,task_within_nested_evaluation_window
s11-006be1bbfcd5b45e,reactive-no-digital-twin,baseline,2,HSI,0.6,task_within_nested_evaluation_window
s11-006be1bbfcd5b45e,reactive-no-digital-twin,baseline,2,HSI,0.7,task_within_nested_evaluation_window
s11-006be1bbfcd5b45e,reactive-no-digital-twin,baseline,2,HSI,0.8,task_within_nested_evaluation_window
s11-006be1bbfcd5b45e,reactive-no-digital-twin,baseline,2,HSI,0.9,task_within_nested_evaluation_window
s11-006be1bbfcd5b45e,reactive-no-digital-twin,baseline,3,avg_task_latency_s,341.4475,nested_evaluation_window
s11-006be1bbfcd5b45e,reactive-no-digital-twin,baseline,3,physical_energy_j,967525.9152984619,nested_evaluation_window
s11-006be1bbfcd5b45e,reactive-no-digital-twin,baseline,3,episode_reward,-89.1875732857734,nested_evaluation_window
s11-006be1bbfcd5b45e,reactive-no-digital-twin,baseline,3,HSI,0.0,task_within_nested_evaluation_window
s11-006be1bbfcd5b45e,reactive-no-digital-twin,baseline,3,HSI,0.1,task_within_nested_evaluation_window
s11-006be1bbfcd5b45e,reactive-no-digital-twin,baseline,3,HSI,0.2,task_within_nested_evaluation_window
s11-006be1bbfcd5b45e,reactive-no-digital-twin,baseline,3,HSI,0.3,task_within_nested_evaluation_window
s11-006be1bbfcd5b45e,reactive-no-digital-twin,baseline,3,HSI,0.4,task_within_nested_evaluation_window
s11-006be1bbfcd5b45e,reactive-no-digital-twin,baseline,3,HSI,0.5,task_within_nested_evaluation_window
s11-006be1bbfcd5b45e,reactive-no-digital-twin,baseline,3,HSI,0.6,task_within_nested_evaluation_window
s11-006be1bbfcd5b45e,reactive-no-digital-twin,baseline,3,HSI,0.7,task_within_nested_evaluation_window
s11-006be1bbfcd5b45e,reactive-no-digital-twin,baseline,3,HSI,0.8,task_within_nested_evaluation_window
s11-006be1bbfcd5b45e,reactive-no-digital-twin,baseline,3,HSI,0.9,task_within_nested_evaluation_window
s11-006be1bbfcd5b45e,reactive-no-digital-twin,baseline,3,HSI,0.0,task_within_nested_evaluation_window
s11-006be1bbfcd5b45e,reactive-no-digital-twin,baseline,3,HSI,0.1,task_within_nested_evaluation_window
s11-006be1bbfcd5b45e,reactive-no-digital-twin,baseline,3,HSI,0.2,task_within_nested_evaluation_window
s11-006be1bbfcd5b45e,reactive-no-digital-twin,baseline,3,HSI,0.3,task_within_nested_evaluation_window
s11-006be1bbfcd5b45e,reactive-no-digital-twin,baseline,3,HSI,0.4,task_within_nested_evaluation_window
s11-006be1bbfcd5b45e,reactive-no-digital-twin,baseline,3,HSI,0.5,task_within_nested_evaluation_window
s11-006be1bbfcd5b45e,reactive-no-digital-twin,baseline,3,HSI,0.6,task_within_nested_evaluation_window
s11-006be1bbfcd5b45e,reactive-no-digital-twin,baseline,3,HSI,0.7,task_within_nested_evaluation_window
s11-006be1bbfcd5b45e,reactive-no-digital-twin,baseline,3,HSI,0.8,task_within_nested_evaluation_window
s11-006be1bbfcd5b45e,reactive-no-digital-twin,baseline,3,HSI,0.9,task_within_nested_evaluation_window
s11-006be1bbfcd5b45e,reactive-no-digital-twin,baseline,3,HSI,0.0,task_within_nested_evaluation_window
s11-006be1bbfcd5b45e,reactive-no-digital-twin,baseline,3,HSI,0.1,task_within_nested_evaluation_window
s11-006be1bbfcd5b45e,reactive-no-digital-twin,baseline,3,HSI,0.2,task_within_nested_evaluation_window
s11-006be1bbfcd5b45e,reactive-no-digital-twin,baseline,3,HSI,0.3,task_within_nested_evaluation_window
s11-006be1bbfcd5b45e,reactive-no-digital-twin,baseline,3,HSI,0.4,task_within_nested_evaluation_window
s11-006be1bbfcd5b45e,reactive-no-digital-twin,baseline,3,HSI,0.5,task_within_nested_evaluation_window
s11-006be1bbfcd5b45e,reactive-no-digital-twin,baseline,3,HSI,0.6,task_within_nested_evaluation_window
s11-006be1bbfcd5b45e,reactive-no-digital-twin,baseline,3,HSI,0.7,task_within_nested_evaluation_window
s11-006be1bbfcd5b45e,reactive-no-digital-twin,baseline,3,HSI,0.8,task_within_nested_evaluation_window
s11-006be1bbfcd5b45e,reactive-no-digital-twin,baseline,3,HSI,0.9,task_within_nested_evaluation_window
s11-006be1bbfcd5b45e,reactive-no-digital-twin,baseline,3,HSI,0.0,task_within_nested_evaluation_window
s11-006be1bbfcd5b45e,reactive-no-digital-twin,baseline,3,HSI,0.1,task_within_nested_evaluation_window
s11-006be1bbfcd5b45e,reactive-no-digital-twin,baseline,3,HSI,0.2,task_within_nested_evaluation_window
s11-006be1bbfcd5b45e,reactive-no-digital-twin,baseline,3,HSI,0.3,task_within_nested_evaluation_window
s11-006be1bbfcd5b45e,reactive-no-digital-twin,baseline,3,HSI,0.4,task_within_nested_evaluation_window
s11-006be1bbfcd5b45e,reactive-no-digital-twin,baseline,3,HSI,0.5,task_within_nested_evaluation_window
s11-006be1bbfcd5b45e,reactive-no-digital-twin,baseline,3,HSI,0.6,task_within_nested_evaluation_window
s11-006be1bbfcd5b45e,reactive-no-digital-twin,baseline,3,HSI,0.7,task_within_nested_evaluation_window
s11-006be1bbfcd5b45e,reactive-no-digital-twin,baseline,3,HSI,0.8,task_within_nested_evaluation_window
s11-006be1bbfcd5b45e,reactive-no-digital-twin,baseline,3,HSI,0.9,task_within_nested_evaluation_window
s11-006be1bbfcd5b45e,reactive-no-digital-twin,baseline,3,HSI,0.0,task_within_nested_evaluation_window
s11-006be1bbfcd5b45e,reactive-no-digital-twin,baseline,3,HSI,0.1,task_within_nested_evaluation_window
s11-006be1bbfcd5b45e,reactive-no-digital-twin,baseline,3,HSI,0.2,task_within_nested_evaluation_window
s11-006be1bbfcd5b45e,reactive-no-digital-twin,baseline,3,HSI,0.3,task_within_nested_evaluation_window
s11-006be1bbfcd5b45e,reactive-no-digital-twin,baseline,3,HSI,0.4,task_within_nested_evaluation_window
s11-006be1bbfcd5b45e,reactive-no-digital-twin,baseline,3,HSI,0.5,task_within_nested_evaluation_window
s11-006be1bbfcd5b45e,reactive-no-digital-twin,baseline,3,HSI,0.6,task_within_nested_evaluation_window
s11-006be1bbfcd5b45e,reactive-no-digital-twin,baseline,3,HSI,0.7,task_within_nested_evaluation_window
s11-006be1bbfcd5b45e,reactive-no-digital-twin,baseline,3,HSI,0.8,task_within_nested_evaluation_window
s11-006be1bbfcd5b45e,reactive-no-digital-twin,baseline,3,HSI,0.9,task_within_nested_evaluation_window
s11-006be1bbfcd5b45e,reactive-no-digital-twin,baseline,3,HSI,0.0,task_within_nested_evaluation_window
s11-006be1bbfcd5b45e,reactive-no-digital-twin,baseline,3,HSI,0.1,task_within_nested_evaluation_window
s11-006be1bbfcd5b45e,reactive-no-digital-twin,baseline,3,HSI,0.2,task_within_nested_evaluation_window
s11-006be1bbfcd5b45e,reactive-no-digital-twin,baseline,3,HSI,0.3,task_within_nested_evaluation_window
s11-006be1bbfcd5b45e,reactive-no-digital-twin,baseline,3,HSI,0.4,task_within_nested_evaluation_window
s11-006be1bbfcd5b45e,reactive-no-digital-twin,baseline,3,HSI,0.5,task_within_nested_evaluation_window
s11-006be1bbfcd5b45e,reactive-no-digital-twin,baseline,3,HSI,0.6,task_within_nested_evaluation_window
s11-006be1bbfcd5b45e,reactive-no-digital-twin,baseline,3,HSI,0.7,task_within_nested_evaluation_window
s11-006be1bbfcd5b45e,reactive-no-digital-twin,baseline,3,HSI,0.8,task_within_nested_evaluation_window
s11-006be1bbfcd5b45e,reactive-no-digital-twin,baseline,3,HSI,0.9,task_within_nested_evaluation_window
s11-006be1bbfcd5b45e,reactive-no-digital-twin,baseline,3,HSI,0.0,task_within_nested_evaluation_window
s11-006be1bbfcd5b45e,reactive-no-digital-twin,baseline,3,HSI,0.1,task_within_nested_evaluation_window
s11-006be1bbfcd5b45e,reactive-no-digital-twin,baseline,3,HSI,0.2,task_within_nested_evaluation_window
s11-006be1bbfcd5b45e,reactive-no-digital-twin,baseline,3,HSI,0.3,task_within_nested_evaluation_window
s11-006be1bbfcd5b45e,reactive-no-digital-twin,baseline,3,HSI,0.4,task_within_nested_evaluation_window
s11-006be1bbfcd5b45e,reactive-no-digital-twin,baseline,3,HSI,0.5,task_within_nested_evaluation_window
s11-006be1bbfcd5b45e,reactive-no-digital-twin,baseline,3,HSI,0.6,task_within_nested_evaluation_window
s11-006be1bbfcd5b45e,reactive-no-digital-twin,baseline,3,HSI,0.7,task_within_nested_evaluation_window
s11-006be1bbfcd5b45e,reactive-no-digital-twin,baseline,3,HSI,0.8,task_within_nested_evaluation_window
s11-006be1bbfcd5b45e,reactive-no-digital-twin,baseline,3,HSI,0.9,task_within_nested_evaluation_window
s11-006be1bbfcd5b45e,reactive-no-digital-twin,baseline,3,HSI,0.0,task_within_nested_evaluation_window
s11-006be1bbfcd5b45e,reactive-no-digital-twin,baseline,3,HSI,0.1,task_within_nested_evaluation_window
s11-006be1bbfcd5b45e,reactive-no-digital-twin,baseline,3,HSI,0.2,task_within_nested_evaluation_window
s11-006be1bbfcd5b45e,reactive-no-digital-twin,baseline,3,HSI,0.3,task_within_nested_evaluation_window
s11-006be1bbfcd5b45e,reactive-no-digital-twin,baseline,3,HSI,0.4,task_within_nested_evaluation_window
s11-006be1bbfcd5b45e,reactive-no-digital-twin,baseline,3,HSI,0.5,task_within_nested_evaluation_window
s11-006be1bbfcd5b45e,reactive-no-digital-twin,baseline,3,HSI,0.6,task_within_nested_evaluation_window
s11-006be1bbfcd5b45e,reactive-no-digital-twin,baseline,3,HSI,0.7,task_within_nested_evaluation_window
s11-006be1bbfcd5b45e,reactive-no-digital-twin,baseline,3,HSI,0.8,task_within_nested_evaluation_window
s11-006be1bbfcd5b45e,reactive-no-digital-twin,baseline,3,HSI,0.9,task_within_nested_evaluation_window
s11-006be1bbfcd5b45e,reactive-no-digital-twin,baseline,3,avg_task_latency_s,349.29935483870975,nested_evaluation_window
s11-006be1bbfcd5b45e,reactive-no-digital-twin,baseline,3,physical_energy_j,961510.5948181152,nested_evaluation_window
s11-006be1bbfcd5b45e,reactive-no-digital-twin,baseline,3,episode_reward,-84.91790454415604,nested_evaluation_window
s11-006be1bbfcd5b45e,reactive-no-digital-twin,baseline,3,HSI,0.0,task_within_nested_evaluation_window
s11-006be1bbfcd5b45e,reactive-no-digital-twin,baseline,3,HSI,0.1,task_within_nested_evaluation_window
s11-006be1bbfcd5b45e,reactive-no-digital-twin,baseline,3,HSI,0.2,task_within_nested_evaluation_window
s11-006be1bbfcd5b45e,reactive-no-digital-twin,baseline,3,HSI,0.3,task_within_nested_evaluation_window
s11-006be1bbfcd5b45e,reactive-no-digital-twin,baseline,3,HSI,0.4,task_within_nested_evaluation_window
s11-006be1bbfcd5b45e,reactive-no-digital-twin,baseline,3,HSI,0.5,task_within_nested_evaluation_window
s11-006be1bbfcd5b45e,reactive-no-digital-twin,baseline,3,HSI,0.6,task_within_nested_evaluation_window
s11-006be1bbfcd5b45e,reactive-no-digital-twin,baseline,3,HSI,0.7,task_within_nested_evaluation_window
s11-006be1bbfcd5b45e,reactive-no-digital-twin,baseline,3,HSI,0.8,task_within_nested_evaluation_window
s11-006be1bbfcd5b45e,reactive-no-digital-twin,baseline,3,HSI,0.9,task_within_nested_evaluation_window
s11-006be1bbfcd5b45e,reactive-no-digital-twin,baseline,3,HSI,0.0,task_within_nested_evaluation_window
s11-006be1bbfcd5b45e,reactive-no-digital-twin,baseline,3,HSI,0.1,task_within_nested_evaluation_window
s11-006be1bbfcd5b45e,reactive-no-digital-twin,baseline,3,HSI,0.2,task_within_nested_evaluation_window
s11-006be1bbfcd5b45e,reactive-no-digital-twin,baseline,3,HSI,0.3,task_within_nested_evaluation_window
s11-006be1bbfcd5b45e,reactive-no-digital-twin,baseline,3,HSI,0.4,task_within_nested_evaluation_window
s11-006be1bbfcd5b45e,reactive-no-digital-twin,baseline,3,HSI,0.5,task_within_nested_evaluation_window
s11-006be1bbfcd5b45e,reactive-no-digital-twin,baseline,3,HSI,0.6,task_within_nested_evaluation_window
s11-006be1bbfcd5b45e,reactive-no-digital-twin,baseline,3,HSI,0.7,task_within_nested_evaluation_window
s11-006be1bbfcd5b45e,reactive-no-digital-twin,baseline,3,HSI,0.8,task_within_nested_evaluation_window
s11-006be1bbfcd5b45e,reactive-no-digital-twin,baseline,3,HSI,0.9,task_within_nested_evaluation_window
s11-006be1bbfcd5b45e,reactive-no-digital-twin,baseline,3,HSI,0.0,task_within_nested_evaluation_window
s11-006be1bbfcd5b45e,reactive-no-digital-twin,baseline,3,HSI,0.1,task_within_nested_evaluation_window
s11-006be1bbfcd5b45e,reactive-no-digital-twin,baseline,3,HSI,0.2,task_within_nested_evaluation_window
s11-006be1bbfcd5b45e,reactive-no-digital-twin,baseline,3,HSI,0.3,task_within_nested_evaluation_window
s11-006be1bbfcd5b45e,reactive-no-digital-twin,baseline,3,HSI,0.4,task_within_nested_evaluation_window
s11-006be1bbfcd5b45e,reactive-no-digital-twin,baseline,3,HSI,0.5,task_within_nested_evaluation_window
s11-006be1bbfcd5b45e,reactive-no-digital-twin,baseline,3,HSI,0.6,task_within_nested_evaluation_window
s11-006be1bbfcd5b45e,reactive-no-digital-twin,baseline,3,HSI,0.7,task_within_nested_evaluation_window
s11-006be1bbfcd5b45e,reactive-no-digital-twin,baseline,3,HSI,0.8,task_within_nested_evaluation_window
s11-006be1bbfcd5b45e,reactive-no-digital-twin,baseline,3,HSI,0.9,task_within_nested_evaluation_window
s11-006be1bbfcd5b45e,reactive-no-digital-twin,baseline,3,HSI,0.0,task_within_nested_evaluation_window
s11-006be1bbfcd5b45e,reactive-no-digital-twin,baseline,3,HSI,0.1,task_within_nested_evaluation_window
s11-006be1bbfcd5b45e,reactive-no-digital-twin,baseline,3,HSI,0.2,task_within_nested_evaluation_window
s11-006be1bbfcd5b45e,reactive-no-digital-twin,baseline,3,HSI,0.3,task_within_nested_evaluation_window
s11-006be1bbfcd5b45e,reactive-no-digital-twin,baseline,3,HSI,0.4,task_within_nested_evaluation_window
s11-006be1bbfcd5b45e,reactive-no-digital-twin,baseline,3,HSI,0.5,task_within_nested_evaluation_window
s11-006be1bbfcd5b45e,reactive-no-digital-twin,baseline,3,HSI,0.6,task_within_nested_evaluation_window
s11-006be1bbfcd5b45e,reactive-no-digital-twin,baseline,3,HSI,0.7,task_within_nested_evaluation_window
s11-006be1bbfcd5b45e,reactive-no-digital-twin,baseline,3,HSI,0.8,task_within_nested_evaluation_window
s11-006be1bbfcd5b45e,reactive-no-digital-twin,baseline,3,HSI,0.9,task_within_nested_evaluation_window
s11-006be1bbfcd5b45e,reactive-no-digital-twin,baseline,3,HSI,0.0,task_within_nested_evaluation_window
s11-006be1bbfcd5b45e,reactive-no-digital-twin,baseline,3,HSI,0.1,task_within_nested_evaluation_window
s11-006be1bbfcd5b45e,reactive-no-digital-twin,baseline,3,HSI,0.2,task_within_nested_evaluation_window
s11-006be1bbfcd5b45e,reactive-no-digital-twin,baseline,3,HSI,0.3,task_within_nested_evaluation_window
s11-006be1bbfcd5b45e,reactive-no-digital-twin,baseline,3,HSI,0.4,task_within_nested_evaluation_window
s11-006be1bbfcd5b45e,reactive-no-digital-twin,baseline,3,HSI,0.5,task_within_nested_evaluation_window
s11-006be1bbfcd5b45e,reactive-no-digital-twin,baseline,3,HSI,0.6,task_within_nested_evaluation_window
s11-006be1bbfcd5b45e,reactive-no-digital-twin,baseline,3,HSI,0.7,task_within_nested_evaluation_window
s11-006be1bbfcd5b45e,reactive-no-digital-twin,baseline,3,HSI,0.8,task_within_nested_evaluation_window
s11-006be1bbfcd5b45e,reactive-no-digital-twin,baseline,3,HSI,0.9,task_within_nested_evaluation_window
s11-006be1bbfcd5b45e,reactive-no-digital-twin,baseline,3,HSI,0.0,task_within_nested_evaluation_window
s11-006be1bbfcd5b45e,reactive-no-digital-twin,baseline,3,HSI,0.1,task_within_nested_evaluation_window
s11-006be1bbfcd5b45e,reactive-no-digital-twin,baseline,3,HSI,0.2,task_within_nested_evaluation_window
s11-006be1bbfcd5b45e,reactive-no-digital-twin,baseline,3,HSI,0.3,task_within_nested_evaluation_window
s11-006be1bbfcd5b45e,reactive-no-digital-twin,baseline,3,HSI,0.4,task_within_nested_evaluation_window
s11-006be1bbfcd5b45e,reactive-no-digital-twin,baseline,3,HSI,0.5,task_within_nested_evaluation_window
s11-006be1bbfcd5b45e,reactive-no-digital-twin,baseline,3,HSI,0.6,task_within_nested_evaluation_window
s11-006be1bbfcd5b45e,reactive-no-digital-twin,baseline,3,HSI,0.7,task_within_nested_evaluation_window
s11-006be1bbfcd5b45e,reactive-no-digital-twin,baseline,3,HSI,0.8,task_within_nested_evaluation_window
s11-006be1bbfcd5b45e,reactive-no-digital-twin,baseline,3,HSI,0.9,task_within_nested_evaluation_window
s11-006be1bbfcd5b45e,reactive-no-digital-twin,baseline,3,HSI,0.0,task_within_nested_evaluation_window
s11-006be1bbfcd5b45e,reactive-no-digital-twin,baseline,3,HSI,0.1,task_within_nested_evaluation_window
s11-006be1bbfcd5b45e,reactive-no-digital-twin,baseline,3,HSI,0.2,task_within_nested_evaluation_window
s11-006be1bbfcd5b45e,reactive-no-digital-twin,baseline,3,HSI,0.3,task_within_nested_evaluation_window
s11-006be1bbfcd5b45e,reactive-no-digital-twin,baseline,3,HSI,0.4,task_within_nested_evaluation_window
s11-006be1bbfcd5b45e,reactive-no-digital-twin,baseline,3,HSI,0.5,task_within_nested_evaluation_window
s11-006be1bbfcd5b45e,reactive-no-digital-twin,baseline,3,HSI,0.6,task_within_nested_evaluation_window
s11-006be1bbfcd5b45e,reactive-no-digital-twin,baseline,3,HSI,0.7,task_within_nested_evaluation_window
s11-006be1bbfcd5b45e,reactive-no-digital-twin,baseline,3,HSI,0.8,task_within_nested_evaluation_window
s11-006be1bbfcd5b45e,reactive-no-digital-twin,baseline,3,HSI,0.9,task_within_nested_evaluation_window
s11-006be1bbfcd5b45e,reactive-no-digital-twin,baseline,3,HSI,0.0,task_within_nested_evaluation_window
s11-006be1bbfcd5b45e,reactive-no-digital-twin,baseline,3,HSI,0.1,task_within_nested_evaluation_window
s11-006be1bbfcd5b45e,reactive-no-digital-twin,baseline,3,HSI,0.2,task_within_nested_evaluation_window
s11-006be1bbfcd5b45e,reactive-no-digital-twin,baseline,3,HSI,0.3,task_within_nested_evaluation_window
s11-006be1bbfcd5b45e,reactive-no-digital-twin,baseline,3,HSI,0.4,task_within_nested_evaluation_window
s11-006be1bbfcd5b45e,reactive-no-digital-twin,baseline,3,HSI,0.5,task_within_nested_evaluation_window
s11-006be1bbfcd5b45e,reactive-no-digital-twin,baseline,3,HSI,0.6,task_within_nested_evaluation_window
s11-006be1bbfcd5b45e,reactive-no-digital-twin,baseline,3,HSI,0.7,task_within_nested_evaluation_window
s11-006be1bbfcd5b45e,reactive-no-digital-twin,baseline,3,HSI,0.8,task_within_nested_evaluation_window
s11-006be1bbfcd5b45e,reactive-no-digital-twin,baseline,3,HSI,0.9,task_within_nested_evaluation_window
s11-006be1bbfcd5b45e,reactive-no-digital-twin,baseline,3,avg_task_latency_s,360.90206896551723,nested_evaluation_window
s11-006be1bbfcd5b45e,reactive-no-digital-twin,baseline,3,physical_energy_j,957138.319717407,nested_evaluation_window
s11-006be1bbfcd5b45e,reactive-no-digital-twin,baseline,3,episode_reward,-71.98286957573146,nested_evaluation_window
s11-006be1bbfcd5b45e,reactive-no-digital-twin,baseline,3,HSI,0.0,task_within_nested_evaluation_window
s11-006be1bbfcd5b45e,reactive-no-digital-twin,baseline,3,HSI,0.1,task_within_nested_evaluation_window
s11-006be1bbfcd5b45e,reactive-no-digital-twin,baseline,3,HSI,0.2,task_within_nested_evaluation_window
s11-006be1bbfcd5b45e,reactive-no-digital-twin,baseline,3,HSI,0.3,task_within_nested_evaluation_window
s11-006be1bbfcd5b45e,reactive-no-digital-twin,baseline,3,HSI,0.4,task_within_nested_evaluation_window
s11-006be1bbfcd5b45e,reactive-no-digital-twin,baseline,3,HSI,0.5,task_within_nested_evaluation_window
s11-006be1bbfcd5b45e,reactive-no-digital-twin,baseline,3,HSI,0.6,task_within_nested_evaluation_window
s11-006be1bbfcd5b45e,reactive-no-digital-twin,baseline,3,HSI,0.7,task_within_nested_evaluation_window
s11-006be1bbfcd5b45e,reactive-no-digital-twin,baseline,3,HSI,0.8,task_within_nested_evaluation_window
s11-006be1bbfcd5b45e,reactive-no-digital-twin,baseline,3,HSI,0.9,task_within_nested_evaluation_window
s11-006be1bbfcd5b45e,reactive-no-digital-twin,baseline,3,HSI,0.0,task_within_nested_evaluation_window
s11-006be1bbfcd5b45e,reactive-no-digital-twin,baseline,3,HSI,0.1,task_within_nested_evaluation_window
s11-006be1bbfcd5b45e,reactive-no-digital-twin,baseline,3,HSI,0.2,task_within_nested_evaluation_window
s11-006be1bbfcd5b45e,reactive-no-digital-twin,baseline,3,HSI,0.3,task_within_nested_evaluation_window
s11-006be1bbfcd5b45e,reactive-no-digital-twin,baseline,3,HSI,0.4,task_within_nested_evaluation_window
s11-006be1bbfcd5b45e,reactive-no-digital-twin,baseline,3,HSI,0.5,task_within_nested_evaluation_window
s11-006be1bbfcd5b45e,reactive-no-digital-twin,baseline,3,HSI,0.6,task_within_nested_evaluation_window
s11-006be1bbfcd5b45e,reactive-no-digital-twin,baseline,3,HSI,0.7,task_within_nested_evaluation_window
s11-006be1bbfcd5b45e,reactive-no-digital-twin,baseline,3,HSI,0.8,task_within_nested_evaluation_window
s11-006be1bbfcd5b45e,reactive-no-digital-twin,baseline,3,HSI,0.9,task_within_nested_evaluation_window
s11-006be1bbfcd5b45e,reactive-no-digital-twin,baseline,3,HSI,0.0,task_within_nested_evaluation_window
s11-006be1bbfcd5b45e,reactive-no-digital-twin,baseline,3,HSI,0.1,task_within_nested_evaluation_window
s11-006be1bbfcd5b45e,reactive-no-digital-twin,baseline,3,HSI,0.2,task_within_nested_evaluation_window
s11-006be1bbfcd5b45e,reactive-no-digital-twin,baseline,3,HSI,0.3,task_within_nested_evaluation_window
s11-006be1bbfcd5b45e,reactive-no-digital-twin,baseline,3,HSI,0.4,task_within_nested_evaluation_window
s11-006be1bbfcd5b45e,reactive-no-digital-twin,baseline,3,HSI,0.5,task_within_nested_evaluation_window
s11-006be1bbfcd5b45e,reactive-no-digital-twin,baseline,3,HSI,0.6,task_within_nested_evaluation_window
s11-006be1bbfcd5b45e,reactive-no-digital-twin,baseline,3,HSI,0.7,task_within_nested_evaluation_window
s11-006be1bbfcd5b45e,reactive-no-digital-twin,baseline,3,HSI,0.8,task_within_nested_evaluation_window
s11-006be1bbfcd5b45e,reactive-no-digital-twin,baseline,3,HSI,0.9,task_within_nested_evaluation_window
s11-006be1bbfcd5b45e,reactive-no-digital-twin,baseline,3,HSI,0.0,task_within_nested_evaluation_window
s11-006be1bbfcd5b45e,reactive-no-digital-twin,baseline,3,HSI,0.1,task_within_nested_evaluation_window
s11-006be1bbfcd5b45e,reactive-no-digital-twin,baseline,3,HSI,0.2,task_within_nested_evaluation_window
s11-006be1bbfcd5b45e,reactive-no-digital-twin,baseline,3,HSI,0.3,task_within_nested_evaluation_window
s11-006be1bbfcd5b45e,reactive-no-digital-twin,baseline,3,HSI,0.4,task_within_nested_evaluation_window
s11-006be1bbfcd5b45e,reactive-no-digital-twin,baseline,3,HSI,0.5,task_within_nested_evaluation_window
s11-006be1bbfcd5b45e,reactive-no-digital-twin,baseline,3,HSI,0.6,task_within_nested_evaluation_window
s11-006be1bbfcd5b45e,reactive-no-digital-twin,baseline,3,HSI,0.7,task_within_nested_evaluation_window
s11-006be1bbfcd5b45e,reactive-no-digital-twin,baseline,3,HSI,0.8,task_within_nested_evaluation_window
s11-006be1bbfcd5b45e,reactive-no-digital-twin,baseline,3,HSI,0.9,task_within_nested_evaluation_window
s11-006be1bbfcd5b45e,reactive-no-digital-twin,baseline,3,HSI,0.0,task_within_nested_evaluation_window
s11-006be1bbfcd5b45e,reactive-no-digital-twin,baseline,3,HSI,0.1,task_within_nested_evaluation_window
s11-006be1bbfcd5b45e,reactive-no-digital-twin,baseline,3,HSI,0.2,task_within_nested_evaluation_window
s11-006be1bbfcd5b45e,reactive-no-digital-twin,baseline,3,HSI,0.3,task_within_nested_evaluation_window
s11-006be1bbfcd5b45e,reactive-no-digital-twin,baseline,3,HSI,0.4,task_within_nested_evaluation_window
s11-006be1bbfcd5b45e,reactive-no-digital-twin,baseline,3,HSI,0.5,task_within_nested_evaluation_window
s11-006be1bbfcd5b45e,reactive-no-digital-twin,baseline,3,HSI,0.6,task_within_nested_evaluation_window
s11-006be1bbfcd5b45e,reactive-no-digital-twin,baseline,3,HSI,0.7,task_within_nested_evaluation_window
s11-006be1bbfcd5b45e,reactive-no-digital-twin,baseline,3,HSI,0.8,task_within_nested_evaluation_window
s11-006be1bbfcd5b45e,reactive-no-digital-twin,baseline,3,HSI,0.9,task_within_nested_evaluation_window
s11-006be1bbfcd5b45e,reactive-no-digital-twin,baseline,3,HSI,0.0,task_within_nested_evaluation_window
s11-006be1bbfcd5b45e,reactive-no-digital-twin,baseline,3,HSI,0.1,task_within_nested_evaluation_window
s11-006be1bbfcd5b45e,reactive-no-digital-twin,baseline,3,HSI,0.2,task_within_nested_evaluation_window
s11-006be1bbfcd5b45e,reactive-no-digital-twin,baseline,3,HSI,0.3,task_within_nested_evaluation_window
s11-006be1bbfcd5b45e,reactive-no-digital-twin,baseline,3,HSI,0.4,task_within_nested_evaluation_window
s11-006be1bbfcd5b45e,reactive-no-digital-twin,baseline,3,HSI,0.5,task_within_nested_evaluation_window
s11-006be1bbfcd5b45e,reactive-no-digital-twin,baseline,3,HSI,0.6,task_within_nested_evaluation_window
s11-006be1bbfcd5b45e,reactive-no-digital-twin,baseline,3,HSI,0.7,task_within_nested_evaluation_window
s11-006be1bbfcd5b45e,reactive-no-digital-twin,baseline,3,HSI,0.8,task_within_nested_evaluation_window
s11-006be1bbfcd5b45e,reactive-no-digital-twin,baseline,3,HSI,0.9,task_within_nested_evaluation_window
s11-006be1bbfcd5b45e,reactive-no-digital-twin,baseline,3,HSI,0.0,task_within_nested_evaluation_window
s11-006be1bbfcd5b45e,reactive-no-digital-twin,baseline,3,HSI,0.1,task_within_nested_evaluation_window
s11-006be1bbfcd5b45e,reactive-no-digital-twin,baseline,3,HSI,0.2,task_within_nested_evaluation_window
s11-006be1bbfcd5b45e,reactive-no-digital-twin,baseline,3,HSI,0.3,task_within_nested_evaluation_window
s11-006be1bbfcd5b45e,reactive-no-digital-twin,baseline,3,HSI,0.4,task_within_nested_evaluation_window
s11-006be1bbfcd5b45e,reactive-no-digital-twin,baseline,3,HSI,0.5,task_within_nested_evaluation_window
s11-006be1bbfcd5b45e,reactive-no-digital-twin,baseline,3,HSI,0.6,task_within_nested_evaluation_window
s11-006be1bbfcd5b45e,reactive-no-digital-twin,baseline,3,HSI,0.7,task_within_nested_evaluation_window
s11-006be1bbfcd5b45e,reactive-no-digital-twin,baseline,3,HSI,0.8,task_within_nested_evaluation_window
s11-006be1bbfcd5b45e,reactive-no-digital-twin,baseline,3,HSI,0.9,task_within_nested_evaluation_window
s11-006be1bbfcd5b45e,reactive-no-digital-twin,baseline,3,HSI,0.0,task_within_nested_evaluation_window
s11-006be1bbfcd5b45e,reactive-no-digital-twin,baseline,3,HSI,0.1,task_within_nested_evaluation_window
s11-006be1bbfcd5b45e,reactive-no-digital-twin,baseline,3,HSI,0.2,task_within_nested_evaluation_window
s11-006be1bbfcd5b45e,reactive-no-digital-twin,baseline,3,HSI,0.3,task_within_nested_evaluation_window
s11-006be1bbfcd5b45e,reactive-no-digital-twin,baseline,3,HSI,0.4,task_within_nested_evaluation_window
s11-006be1bbfcd5b45e,reactive-no-digital-twin,baseline,3,HSI,0.5,task_within_nested_evaluation_window
s11-006be1bbfcd5b45e,reactive-no-digital-twin,baseline,3,HSI,0.6,task_within_nested_evaluation_window
s11-006be1bbfcd5b45e,reactive-no-digital-twin,baseline,3,HSI,0.7,task_within_nested_evaluation_window
s11-006be1bbfcd5b45e,reactive-no-digital-twin,baseline,3,HSI,0.8,task_within_nested_evaluation_window
s11-006be1bbfcd5b45e,reactive-no-digital-twin,baseline,3,HSI,0.9,task_within_nested_evaluation_window
s11-006be1bbfcd5b45e,reactive-no-digital-twin,baseline,3,avg_task_latency_s,346.7200000000001,nested_evaluation_window
s11-006be1bbfcd5b45e,reactive-no-digital-twin,baseline,3,physical_energy_j,966294.4441604612,nested_evaluation_window
s11-006be1bbfcd5b45e,reactive-no-digital-twin,baseline,3,episode_reward,-84.9487702716142,nested_evaluation_window
s11-006be1bbfcd5b45e,reactive-no-digital-twin,baseline,3,HSI,0.0,task_within_nested_evaluation_window
s11-006be1bbfcd5b45e,reactive-no-digital-twin,baseline,3,HSI,0.1,task_within_nested_evaluation_window
s11-006be1bbfcd5b45e,reactive-no-digital-twin,baseline,3,HSI,0.2,task_within_nested_evaluation_window
s11-006be1bbfcd5b45e,reactive-no-digital-twin,baseline,3,HSI,0.3,task_within_nested_evaluation_window
s11-006be1bbfcd5b45e,reactive-no-digital-twin,baseline,3,HSI,0.4,task_within_nested_evaluation_window
s11-006be1bbfcd5b45e,reactive-no-digital-twin,baseline,3,HSI,0.5,task_within_nested_evaluation_window
s11-006be1bbfcd5b45e,reactive-no-digital-twin,baseline,3,HSI,0.6,task_within_nested_evaluation_window
s11-006be1bbfcd5b45e,reactive-no-digital-twin,baseline,3,HSI,0.7,task_within_nested_evaluation_window
s11-006be1bbfcd5b45e,reactive-no-digital-twin,baseline,3,HSI,0.8,task_within_nested_evaluation_window
s11-006be1bbfcd5b45e,reactive-no-digital-twin,baseline,3,HSI,0.9,task_within_nested_evaluation_window
s11-006be1bbfcd5b45e,reactive-no-digital-twin,baseline,3,HSI,0.0,task_within_nested_evaluation_window
s11-006be1bbfcd5b45e,reactive-no-digital-twin,baseline,3,HSI,0.1,task_within_nested_evaluation_window
s11-006be1bbfcd5b45e,reactive-no-digital-twin,baseline,3,HSI,0.2,task_within_nested_evaluation_window
s11-006be1bbfcd5b45e,reactive-no-digital-twin,baseline,3,HSI,0.3,task_within_nested_evaluation_window
s11-006be1bbfcd5b45e,reactive-no-digital-twin,baseline,3,HSI,0.4,task_within_nested_evaluation_window
s11-006be1bbfcd5b45e,reactive-no-digital-twin,baseline,3,HSI,0.5,task_within_nested_evaluation_window
s11-006be1bbfcd5b45e,reactive-no-digital-twin,baseline,3,HSI,0.6,task_within_nested_evaluation_window
s11-006be1bbfcd5b45e,reactive-no-digital-twin,baseline,3,HSI,0.7,task_within_nested_evaluation_window
s11-006be1bbfcd5b45e,reactive-no-digital-twin,baseline,3,HSI,0.8,task_within_nested_evaluation_window
s11-006be1bbfcd5b45e,reactive-no-digital-twin,baseline,3,HSI,0.9,task_within_nested_evaluation_window
s11-006be1bbfcd5b45e,reactive-no-digital-twin,baseline,3,HSI,0.0,task_within_nested_evaluation_window
s11-006be1bbfcd5b45e,reactive-no-digital-twin,baseline,3,HSI,0.1,task_within_nested_evaluation_window
s11-006be1bbfcd5b45e,reactive-no-digital-twin,baseline,3,HSI,0.2,task_within_nested_evaluation_window
s11-006be1bbfcd5b45e,reactive-no-digital-twin,baseline,3,HSI,0.3,task_within_nested_evaluation_window
s11-006be1bbfcd5b45e,reactive-no-digital-twin,baseline,3,HSI,0.4,task_within_nested_evaluation_window
s11-006be1bbfcd5b45e,reactive-no-digital-twin,baseline,3,HSI,0.5,task_within_nested_evaluation_window
s11-006be1bbfcd5b45e,reactive-no-digital-twin,baseline,3,HSI,0.6,task_within_nested_evaluation_window
s11-006be1bbfcd5b45e,reactive-no-digital-twin,baseline,3,HSI,0.7,task_within_nested_evaluation_window
s11-006be1bbfcd5b45e,reactive-no-digital-twin,baseline,3,HSI,0.8,task_within_nested_evaluation_window
s11-006be1bbfcd5b45e,reactive-no-digital-twin,baseline,3,HSI,0.9,task_within_nested_evaluation_window
s11-006be1bbfcd5b45e,reactive-no-digital-twin,baseline,3,HSI,0.0,task_within_nested_evaluation_window
s11-006be1bbfcd5b45e,reactive-no-digital-twin,baseline,3,HSI,0.1,task_within_nested_evaluation_window
s11-006be1bbfcd5b45e,reactive-no-digital-twin,baseline,3,HSI,0.2,task_within_nested_evaluation_window
s11-006be1bbfcd5b45e,reactive-no-digital-twin,baseline,3,HSI,0.3,task_within_nested_evaluation_window
s11-006be1bbfcd5b45e,reactive-no-digital-twin,baseline,3,HSI,0.4,task_within_nested_evaluation_window
s11-006be1bbfcd5b45e,reactive-no-digital-twin,baseline,3,HSI,0.5,task_within_nested_evaluation_window
s11-006be1bbfcd5b45e,reactive-no-digital-twin,baseline,3,HSI,0.6,task_within_nested_evaluation_window
s11-006be1bbfcd5b45e,reactive-no-digital-twin,baseline,3,HSI,0.7,task_within_nested_evaluation_window
s11-006be1bbfcd5b45e,reactive-no-digital-twin,baseline,3,HSI,0.8,task_within_nested_evaluation_window
s11-006be1bbfcd5b45e,reactive-no-digital-twin,baseline,3,HSI,0.9,task_within_nested_evaluation_window
s11-006be1bbfcd5b45e,reactive-no-digital-twin,baseline,3,HSI,0.0,task_within_nested_evaluation_window
s11-006be1bbfcd5b45e,reactive-no-digital-twin,baseline,3,HSI,0.1,task_within_nested_evaluation_window
s11-006be1bbfcd5b45e,reactive-no-digital-twin,baseline,3,HSI,0.2,task_within_nested_evaluation_window
s11-006be1bbfcd5b45e,reactive-no-digital-twin,baseline,3,HSI,0.3,task_within_nested_evaluation_window
s11-006be1bbfcd5b45e,reactive-no-digital-twin,baseline,3,HSI,0.4,task_within_nested_evaluation_window
s11-006be1bbfcd5b45e,reactive-no-digital-twin,baseline,3,HSI,0.5,task_within_nested_evaluation_window
s11-006be1bbfcd5b45e,reactive-no-digital-twin,baseline,3,HSI,0.6,task_within_nested_evaluation_window
s11-006be1bbfcd5b45e,reactive-no-digital-twin,baseline,3,HSI,0.7,task_within_nested_evaluation_window
s11-006be1bbfcd5b45e,reactive-no-digital-twin,baseline,3,HSI,0.8,task_within_nested_evaluation_window
s11-006be1bbfcd5b45e,reactive-no-digital-twin,baseline,3,HSI,0.9,task_within_nested_evaluation_window
s11-006be1bbfcd5b45e,reactive-no-digital-twin,baseline,3,HSI,0.0,task_within_nested_evaluation_window
s11-006be1bbfcd5b45e,reactive-no-digital-twin,baseline,3,HSI,0.1,task_within_nested_evaluation_window
s11-006be1bbfcd5b45e,reactive-no-digital-twin,baseline,3,HSI,0.2,task_within_nested_evaluation_window
s11-006be1bbfcd5b45e,reactive-no-digital-twin,baseline,3,HSI,0.3,task_within_nested_evaluation_window
s11-006be1bbfcd5b45e,reactive-no-digital-twin,baseline,3,HSI,0.4,task_within_nested_evaluation_window
s11-006be1bbfcd5b45e,reactive-no-digital-twin,baseline,3,HSI,0.5,task_within_nested_evaluation_window
s11-006be1bbfcd5b45e,reactive-no-digital-twin,baseline,3,HSI,0.6,task_within_nested_evaluation_window
s11-006be1bbfcd5b45e,reactive-no-digital-twin,baseline,3,HSI,0.7,task_within_nested_evaluation_window
s11-006be1bbfcd5b45e,reactive-no-digital-twin,baseline,3,HSI,0.8,task_within_nested_evaluation_window
s11-006be1bbfcd5b45e,reactive-no-digital-twin,baseline,3,HSI,0.9,task_within_nested_evaluation_window
s11-006be1bbfcd5b45e,reactive-no-digital-twin,baseline,3,HSI,0.0,task_within_nested_evaluation_window
s11-006be1bbfcd5b45e,reactive-no-digital-twin,baseline,3,HSI,0.1,task_within_nested_evaluation_window
s11-006be1bbfcd5b45e,reactive-no-digital-twin,baseline,3,HSI,0.2,task_within_nested_evaluation_window
s11-006be1bbfcd5b45e,reactive-no-digital-twin,baseline,3,HSI,0.3,task_within_nested_evaluation_window
s11-006be1bbfcd5b45e,reactive-no-digital-twin,baseline,3,HSI,0.4,task_within_nested_evaluation_window
s11-006be1bbfcd5b45e,reactive-no-digital-twin,baseline,3,HSI,0.5,task_within_nested_evaluation_window
s11-006be1bbfcd5b45e,reactive-no-digital-twin,baseline,3,HSI,0.6,task_within_nested_evaluation_window
s11-006be1bbfcd5b45e,reactive-no-digital-twin,baseline,3,HSI,0.7,task_within_nested_evaluation_window
s11-006be1bbfcd5b45e,reactive-no-digital-twin,baseline,3,HSI,0.8,task_within_nested_evaluation_window
s11-006be1bbfcd5b45e,reactive-no-digital-twin,baseline,3,HSI,0.9,task_within_nested_evaluation_window
s11-006be1bbfcd5b45e,reactive-no-digital-twin,baseline,3,HSI,0.0,task_within_nested_evaluation_window
s11-006be1bbfcd5b45e,reactive-no-digital-twin,baseline,3,HSI,0.1,task_within_nested_evaluation_window
s11-006be1bbfcd5b45e,reactive-no-digital-twin,baseline,3,HSI,0.2,task_within_nested_evaluation_window
s11-006be1bbfcd5b45e,reactive-no-digital-twin,baseline,3,HSI,0.3,task_within_nested_evaluation_window
s11-006be1bbfcd5b45e,reactive-no-digital-twin,baseline,3,HSI,0.4,task_within_nested_evaluation_window
s11-006be1bbfcd5b45e,reactive-no-digital-twin,baseline,3,HSI,0.5,task_within_nested_evaluation_window
s11-006be1bbfcd5b45e,reactive-no-digital-twin,baseline,3,HSI,0.6,task_within_nested_evaluation_window
s11-006be1bbfcd5b45e,reactive-no-digital-twin,baseline,3,HSI,0.7,task_within_nested_evaluation_window
s11-006be1bbfcd5b45e,reactive-no-digital-twin,baseline,3,HSI,0.8,task_within_nested_evaluation_window
s11-006be1bbfcd5b45e,reactive-no-digital-twin,baseline,3,HSI,0.9,task_within_nested_evaluation_window
s11-006be1bbfcd5b45e,reactive-no-digital-twin,baseline,3,avg_task_latency_s,334.39354838709687,nested_evaluation_window
s11-006be1bbfcd5b45e,reactive-no-digital-twin,baseline,3,physical_energy_j,968465.0320510862,nested_evaluation_window
s11-006be1bbfcd5b45e,reactive-no-digital-twin,baseline,3,episode_reward,-65.55824244208634,nested_evaluation_window
s11-006be1bbfcd5b45e,reactive-no-digital-twin,baseline,3,HSI,0.0,task_within_nested_evaluation_window
s11-006be1bbfcd5b45e,reactive-no-digital-twin,baseline,3,HSI,0.1,task_within_nested_evaluation_window
s11-006be1bbfcd5b45e,reactive-no-digital-twin,baseline,3,HSI,0.2,task_within_nested_evaluation_window
s11-006be1bbfcd5b45e,reactive-no-digital-twin,baseline,3,HSI,0.3,task_within_nested_evaluation_window
s11-006be1bbfcd5b45e,reactive-no-digital-twin,baseline,3,HSI,0.4,task_within_nested_evaluation_window
s11-006be1bbfcd5b45e,reactive-no-digital-twin,baseline,3,HSI,0.5,task_within_nested_evaluation_window
s11-006be1bbfcd5b45e,reactive-no-digital-twin,baseline,3,HSI,0.6,task_within_nested_evaluation_window
s11-006be1bbfcd5b45e,reactive-no-digital-twin,baseline,3,HSI,0.7,task_within_nested_evaluation_window
s11-006be1bbfcd5b45e,reactive-no-digital-twin,baseline,3,HSI,0.8,task_within_nested_evaluation_window
s11-006be1bbfcd5b45e,reactive-no-digital-twin,baseline,3,HSI,0.9,task_within_nested_evaluation_window
s11-006be1bbfcd5b45e,reactive-no-digital-twin,baseline,3,HSI,0.0,task_within_nested_evaluation_window
s11-006be1bbfcd5b45e,reactive-no-digital-twin,baseline,3,HSI,0.1,task_within_nested_evaluation_window
s11-006be1bbfcd5b45e,reactive-no-digital-twin,baseline,3,HSI,0.2,task_within_nested_evaluation_window
s11-006be1bbfcd5b45e,reactive-no-digital-twin,baseline,3,HSI,0.3,task_within_nested_evaluation_window
s11-006be1bbfcd5b45e,reactive-no-digital-twin,baseline,3,HSI,0.4,task_within_nested_evaluation_window
s11-006be1bbfcd5b45e,reactive-no-digital-twin,baseline,3,HSI,0.5,task_within_nested_evaluation_window
s11-006be1bbfcd5b45e,reactive-no-digital-twin,baseline,3,HSI,0.6,task_within_nested_evaluation_window
s11-006be1bbfcd5b45e,reactive-no-digital-twin,baseline,3,HSI,0.7,task_within_nested_evaluation_window
s11-006be1bbfcd5b45e,reactive-no-digital-twin,baseline,3,HSI,0.8,task_within_nested_evaluation_window
s11-006be1bbfcd5b45e,reactive-no-digital-twin,baseline,3,HSI,0.9,task_within_nested_evaluation_window
s11-006be1bbfcd5b45e,reactive-no-digital-twin,baseline,3,HSI,0.0,task_within_nested_evaluation_window
s11-006be1bbfcd5b45e,reactive-no-digital-twin,baseline,3,HSI,0.1,task_within_nested_evaluation_window
s11-006be1bbfcd5b45e,reactive-no-digital-twin,baseline,3,HSI,0.2,task_within_nested_evaluation_window
s11-006be1bbfcd5b45e,reactive-no-digital-twin,baseline,3,HSI,0.3,task_within_nested_evaluation_window
s11-006be1bbfcd5b45e,reactive-no-digital-twin,baseline,3,HSI,0.4,task_within_nested_evaluation_window
s11-006be1bbfcd5b45e,reactive-no-digital-twin,baseline,3,HSI,0.5,task_within_nested_evaluation_window
s11-006be1bbfcd5b45e,reactive-no-digital-twin,baseline,3,HSI,0.6,task_within_nested_evaluation_window
s11-006be1bbfcd5b45e,reactive-no-digital-twin,baseline,3,HSI,0.7,task_within_nested_evaluation_window
s11-006be1bbfcd5b45e,reactive-no-digital-twin,baseline,3,HSI,0.8,task_within_nested_evaluation_window
s11-006be1bbfcd5b45e,reactive-no-digital-twin,baseline,3,HSI,0.9,task_within_nested_evaluation_window
s11-006be1bbfcd5b45e,reactive-no-digital-twin,baseline,3,HSI,0.0,task_within_nested_evaluation_window
s11-006be1bbfcd5b45e,reactive-no-digital-twin,baseline,3,HSI,0.1,task_within_nested_evaluation_window
s11-006be1bbfcd5b45e,reactive-no-digital-twin,baseline,3,HSI,0.2,task_within_nested_evaluation_window
s11-006be1bbfcd5b45e,reactive-no-digital-twin,baseline,3,HSI,0.3,task_within_nested_evaluation_window
s11-006be1bbfcd5b45e,reactive-no-digital-twin,baseline,3,HSI,0.4,task_within_nested_evaluation_window
s11-006be1bbfcd5b45e,reactive-no-digital-twin,baseline,3,HSI,0.5,task_within_nested_evaluation_window
s11-006be1bbfcd5b45e,reactive-no-digital-twin,baseline,3,HSI,0.6,task_within_nested_evaluation_window
s11-006be1bbfcd5b45e,reactive-no-digital-twin,baseline,3,HSI,0.7,task_within_nested_evaluation_window
s11-006be1bbfcd5b45e,reactive-no-digital-twin,baseline,3,HSI,0.8,task_within_nested_evaluation_window
s11-006be1bbfcd5b45e,reactive-no-digital-twin,baseline,3,HSI,0.9,task_within_nested_evaluation_window
s11-006be1bbfcd5b45e,reactive-no-digital-twin,baseline,3,HSI,0.0,task_within_nested_evaluation_window
s11-006be1bbfcd5b45e,reactive-no-digital-twin,baseline,3,HSI,0.1,task_within_nested_evaluation_window
s11-006be1bbfcd5b45e,reactive-no-digital-twin,baseline,3,HSI,0.2,task_within_nested_evaluation_window
s11-006be1bbfcd5b45e,reactive-no-digital-twin,baseline,3,HSI,0.3,task_within_nested_evaluation_window
s11-006be1bbfcd5b45e,reactive-no-digital-twin,baseline,3,HSI,0.4,task_within_nested_evaluation_window
s11-006be1bbfcd5b45e,reactive-no-digital-twin,baseline,3,HSI,0.5,task_within_nested_evaluation_window
s11-006be1bbfcd5b45e,reactive-no-digital-twin,baseline,3,HSI,0.6,task_within_nested_evaluation_window
s11-006be1bbfcd5b45e,reactive-no-digital-twin,baseline,3,HSI,0.7,task_within_nested_evaluation_window
s11-006be1bbfcd5b45e,reactive-no-digital-twin,baseline,3,HSI,0.8,task_within_nested_evaluation_window
s11-006be1bbfcd5b45e,reactive-no-digital-twin,baseline,3,HSI,0.9,task_within_nested_evaluation_window
s11-006be1bbfcd5b45e,reactive-no-digital-twin,baseline,3,HSI,0.0,task_within_nested_evaluation_window
s11-006be1bbfcd5b45e,reactive-no-digital-twin,baseline,3,HSI,0.1,task_within_nested_evaluation_window
s11-006be1bbfcd5b45e,reactive-no-digital-twin,baseline,3,HSI,0.2,task_within_nested_evaluation_window
s11-006be1bbfcd5b45e,reactive-no-digital-twin,baseline,3,HSI,0.3,task_within_nested_evaluation_window
s11-006be1bbfcd5b45e,reactive-no-digital-twin,baseline,3,HSI,0.4,task_within_nested_evaluation_window
s11-006be1bbfcd5b45e,reactive-no-digital-twin,baseline,3,HSI,0.5,task_within_nested_evaluation_window
s11-006be1bbfcd5b45e,reactive-no-digital-twin,baseline,3,HSI,0.6,task_within_nested_evaluation_window
s11-006be1bbfcd5b45e,reactive-no-digital-twin,baseline,3,HSI,0.7,task_within_nested_evaluation_window
s11-006be1bbfcd5b45e,reactive-no-digital-twin,baseline,3,HSI,0.8,task_within_nested_evaluation_window
s11-006be1bbfcd5b45e,reactive-no-digital-twin,baseline,3,HSI,0.9,task_within_nested_evaluation_window
s11-006be1bbfcd5b45e,reactive-no-digital-twin,baseline,3,HSI,0.0,task_within_nested_evaluation_window
s11-006be1bbfcd5b45e,reactive-no-digital-twin,baseline,3,HSI,0.1,task_within_nested_evaluation_window
s11-006be1bbfcd5b45e,reactive-no-digital-twin,baseline,3,HSI,0.2,task_within_nested_evaluation_window
s11-006be1bbfcd5b45e,reactive-no-digital-twin,baseline,3,HSI,0.3,task_within_nested_evaluation_window
s11-006be1bbfcd5b45e,reactive-no-digital-twin,baseline,3,HSI,0.4,task_within_nested_evaluation_window
s11-006be1bbfcd5b45e,reactive-no-digital-twin,baseline,3,HSI,0.5,task_within_nested_evaluation_window
s11-006be1bbfcd5b45e,reactive-no-digital-twin,baseline,3,HSI,0.6,task_within_nested_evaluation_window
s11-006be1bbfcd5b45e,reactive-no-digital-twin,baseline,3,HSI,0.7,task_within_nested_evaluation_window
s11-006be1bbfcd5b45e,reactive-no-digital-twin,baseline,3,HSI,0.8,task_within_nested_evaluation_window
s11-006be1bbfcd5b45e,reactive-no-digital-twin,baseline,3,HSI,0.9,task_within_nested_evaluation_window
s11-006be1bbfcd5b45e,reactive-no-digital-twin,baseline,3,HSI,0.0,task_within_nested_evaluation_window
s11-006be1bbfcd5b45e,reactive-no-digital-twin,baseline,3,HSI,0.1,task_within_nested_evaluation_window
s11-006be1bbfcd5b45e,reactive-no-digital-twin,baseline,3,HSI,0.2,task_within_nested_evaluation_window
s11-006be1bbfcd5b45e,reactive-no-digital-twin,baseline,3,HSI,0.3,task_within_nested_evaluation_window
s11-006be1bbfcd5b45e,reactive-no-digital-twin,baseline,3,HSI,0.4,task_within_nested_evaluation_window
s11-006be1bbfcd5b45e,reactive-no-digital-twin,baseline,3,HSI,0.5,task_within_nested_evaluation_window
s11-006be1bbfcd5b45e,reactive-no-digital-twin,baseline,3,HSI,0.6,task_within_nested_evaluation_window
s11-006be1bbfcd5b45e,reactive-no-digital-twin,baseline,3,HSI,0.7,task_within_nested_evaluation_window
s11-006be1bbfcd5b45e,reactive-no-digital-twin,baseline,3,HSI,0.8,task_within_nested_evaluation_window
s11-006be1bbfcd5b45e,reactive-no-digital-twin,baseline,3,HSI,0.9,task_within_nested_evaluation_window
s11-006be1bbfcd5b45e,reactive-no-digital-twin,baseline,4,avg_task_latency_s,344.16833333333335,nested_evaluation_window
s11-006be1bbfcd5b45e,reactive-no-digital-twin,baseline,4,physical_energy_j,972347.4826049805,nested_evaluation_window
s11-006be1bbfcd5b45e,reactive-no-digital-twin,baseline,4,episode_reward,-142.20343667222187,nested_evaluation_window
s11-006be1bbfcd5b45e,reactive-no-digital-twin,baseline,4,HSI,0.0,task_within_nested_evaluation_window
s11-006be1bbfcd5b45e,reactive-no-digital-twin,baseline,4,HSI,0.1,task_within_nested_evaluation_window
s11-006be1bbfcd5b45e,reactive-no-digital-twin,baseline,4,HSI,0.2,task_within_nested_evaluation_window
s11-006be1bbfcd5b45e,reactive-no-digital-twin,baseline,4,HSI,0.3,task_within_nested_evaluation_window
s11-006be1bbfcd5b45e,reactive-no-digital-twin,baseline,4,HSI,0.4,task_within_nested_evaluation_window
s11-006be1bbfcd5b45e,reactive-no-digital-twin,baseline,4,HSI,0.5,task_within_nested_evaluation_window
s11-006be1bbfcd5b45e,reactive-no-digital-twin,baseline,4,HSI,0.6,task_within_nested_evaluation_window
s11-006be1bbfcd5b45e,reactive-no-digital-twin,baseline,4,HSI,0.7,task_within_nested_evaluation_window
s11-006be1bbfcd5b45e,reactive-no-digital-twin,baseline,4,HSI,0.8,task_within_nested_evaluation_window
s11-006be1bbfcd5b45e,reactive-no-digital-twin,baseline,4,HSI,0.9,task_within_nested_evaluation_window
s11-006be1bbfcd5b45e,reactive-no-digital-twin,baseline,4,HSI,0.0,task_within_nested_evaluation_window
s11-006be1bbfcd5b45e,reactive-no-digital-twin,baseline,4,HSI,0.1,task_within_nested_evaluation_window
s11-006be1bbfcd5b45e,reactive-no-digital-twin,baseline,4,HSI,0.2,task_within_nested_evaluation_window
s11-006be1bbfcd5b45e,reactive-no-digital-twin,baseline,4,HSI,0.3,task_within_nested_evaluation_window
s11-006be1bbfcd5b45e,reactive-no-digital-twin,baseline,4,HSI,0.4,task_within_nested_evaluation_window
s11-006be1bbfcd5b45e,reactive-no-digital-twin,baseline,4,HSI,0.5,task_within_nested_evaluation_window
s11-006be1bbfcd5b45e,reactive-no-digital-twin,baseline,4,HSI,0.6,task_within_nested_evaluation_window
s11-006be1bbfcd5b45e,reactive-no-digital-twin,baseline,4,HSI,0.7,task_within_nested_evaluation_window
s11-006be1bbfcd5b45e,reactive-no-digital-twin,baseline,4,HSI,0.8,task_within_nested_evaluation_window
s11-006be1bbfcd5b45e,reactive-no-digital-twin,baseline,4,HSI,0.9,task_within_nested_evaluation_window
s11-006be1bbfcd5b45e,reactive-no-digital-twin,baseline,4,HSI,0.0,task_within_nested_evaluation_window
s11-006be1bbfcd5b45e,reactive-no-digital-twin,baseline,4,HSI,0.1,task_within_nested_evaluation_window
s11-006be1bbfcd5b45e,reactive-no-digital-twin,baseline,4,HSI,0.2,task_within_nested_evaluation_window
s11-006be1bbfcd5b45e,reactive-no-digital-twin,baseline,4,HSI,0.3,task_within_nested_evaluation_window
s11-006be1bbfcd5b45e,reactive-no-digital-twin,baseline,4,HSI,0.4,task_within_nested_evaluation_window
s11-006be1bbfcd5b45e,reactive-no-digital-twin,baseline,4,HSI,0.5,task_within_nested_evaluation_window
s11-006be1bbfcd5b45e,reactive-no-digital-twin,baseline,4,HSI,0.6,task_within_nested_evaluation_window
s11-006be1bbfcd5b45e,reactive-no-digital-twin,baseline,4,HSI,0.7,task_within_nested_evaluation_window
s11-006be1bbfcd5b45e,reactive-no-digital-twin,baseline,4,HSI,0.8,task_within_nested_evaluation_window
s11-006be1bbfcd5b45e,reactive-no-digital-twin,baseline,4,HSI,0.9,task_within_nested_evaluation_window
s11-006be1bbfcd5b45e,reactive-no-digital-twin,baseline,4,HSI,0.0,task_within_nested_evaluation_window
s11-006be1bbfcd5b45e,reactive-no-digital-twin,baseline,4,HSI,0.1,task_within_nested_evaluation_window
s11-006be1bbfcd5b45e,reactive-no-digital-twin,baseline,4,HSI,0.2,task_within_nested_evaluation_window
s11-006be1bbfcd5b45e,reactive-no-digital-twin,baseline,4,HSI,0.3,task_within_nested_evaluation_window
s11-006be1bbfcd5b45e,reactive-no-digital-twin,baseline,4,HSI,0.4,task_within_nested_evaluation_window
s11-006be1bbfcd5b45e,reactive-no-digital-twin,baseline,4,HSI,0.5,task_within_nested_evaluation_window
s11-006be1bbfcd5b45e,reactive-no-digital-twin,baseline,4,HSI,0.6,task_within_nested_evaluation_window
s11-006be1bbfcd5b45e,reactive-no-digital-twin,baseline,4,HSI,0.7,task_within_nested_evaluation_window
s11-006be1bbfcd5b45e,reactive-no-digital-twin,baseline,4,HSI,0.8,task_within_nested_evaluation_window
s11-006be1bbfcd5b45e,reactive-no-digital-twin,baseline,4,HSI,0.9,task_within_nested_evaluation_window
s11-006be1bbfcd5b45e,reactive-no-digital-twin,baseline,4,HSI,0.0,task_within_nested_evaluation_window
s11-006be1bbfcd5b45e,reactive-no-digital-twin,baseline,4,HSI,0.1,task_within_nested_evaluation_window
s11-006be1bbfcd5b45e,reactive-no-digital-twin,baseline,4,HSI,0.2,task_within_nested_evaluation_window
s11-006be1bbfcd5b45e,reactive-no-digital-twin,baseline,4,HSI,0.3,task_within_nested_evaluation_window
s11-006be1bbfcd5b45e,reactive-no-digital-twin,baseline,4,HSI,0.4,task_within_nested_evaluation_window
s11-006be1bbfcd5b45e,reactive-no-digital-twin,baseline,4,HSI,0.5,task_within_nested_evaluation_window
s11-006be1bbfcd5b45e,reactive-no-digital-twin,baseline,4,HSI,0.6,task_within_nested_evaluation_window
s11-006be1bbfcd5b45e,reactive-no-digital-twin,baseline,4,HSI,0.7,task_within_nested_evaluation_window
s11-006be1bbfcd5b45e,reactive-no-digital-twin,baseline,4,HSI,0.8,task_within_nested_evaluation_window
s11-006be1bbfcd5b45e,reactive-no-digital-twin,baseline,4,HSI,0.9,task_within_nested_evaluation_window
s11-006be1bbfcd5b45e,reactive-no-digital-twin,baseline,4,HSI,0.0,task_within_nested_evaluation_window
s11-006be1bbfcd5b45e,reactive-no-digital-twin,baseline,4,HSI,0.1,task_within_nested_evaluation_window
s11-006be1bbfcd5b45e,reactive-no-digital-twin,baseline,4,HSI,0.2,task_within_nested_evaluation_window
s11-006be1bbfcd5b45e,reactive-no-digital-twin,baseline,4,HSI,0.3,task_within_nested_evaluation_window
s11-006be1bbfcd5b45e,reactive-no-digital-twin,baseline,4,HSI,0.4,task_within_nested_evaluation_window
s11-006be1bbfcd5b45e,reactive-no-digital-twin,baseline,4,HSI,0.5,task_within_nested_evaluation_window
s11-006be1bbfcd5b45e,reactive-no-digital-twin,baseline,4,HSI,0.6,task_within_nested_evaluation_window
s11-006be1bbfcd5b45e,reactive-no-digital-twin,baseline,4,HSI,0.7,task_within_nested_evaluation_window
s11-006be1bbfcd5b45e,reactive-no-digital-twin,baseline,4,HSI,0.8,task_within_nested_evaluation_window
s11-006be1bbfcd5b45e,reactive-no-digital-twin,baseline,4,HSI,0.9,task_within_nested_evaluation_window
s11-006be1bbfcd5b45e,reactive-no-digital-twin,baseline,4,HSI,0.0,task_within_nested_evaluation_window
s11-006be1bbfcd5b45e,reactive-no-digital-twin,baseline,4,HSI,0.1,task_within_nested_evaluation_window
s11-006be1bbfcd5b45e,reactive-no-digital-twin,baseline,4,HSI,0.2,task_within_nested_evaluation_window
s11-006be1bbfcd5b45e,reactive-no-digital-twin,baseline,4,HSI,0.3,task_within_nested_evaluation_window
s11-006be1bbfcd5b45e,reactive-no-digital-twin,baseline,4,HSI,0.4,task_within_nested_evaluation_window
s11-006be1bbfcd5b45e,reactive-no-digital-twin,baseline,4,HSI,0.5,task_within_nested_evaluation_window
s11-006be1bbfcd5b45e,reactive-no-digital-twin,baseline,4,HSI,0.6,task_within_nested_evaluation_window
s11-006be1bbfcd5b45e,reactive-no-digital-twin,baseline,4,HSI,0.7,task_within_nested_evaluation_window
s11-006be1bbfcd5b45e,reactive-no-digital-twin,baseline,4,HSI,0.8,task_within_nested_evaluation_window
s11-006be1bbfcd5b45e,reactive-no-digital-twin,baseline,4,HSI,0.9,task_within_nested_evaluation_window
s11-006be1bbfcd5b45e,reactive-no-digital-twin,baseline,4,HSI,0.0,task_within_nested_evaluation_window
s11-006be1bbfcd5b45e,reactive-no-digital-twin,baseline,4,HSI,0.1,task_within_nested_evaluation_window
s11-006be1bbfcd5b45e,reactive-no-digital-twin,baseline,4,HSI,0.2,task_within_nested_evaluation_window
s11-006be1bbfcd5b45e,reactive-no-digital-twin,baseline,4,HSI,0.3,task_within_nested_evaluation_window
s11-006be1bbfcd5b45e,reactive-no-digital-twin,baseline,4,HSI,0.4,task_within_nested_evaluation_window
s11-006be1bbfcd5b45e,reactive-no-digital-twin,baseline,4,HSI,0.5,task_within_nested_evaluation_window
s11-006be1bbfcd5b45e,reactive-no-digital-twin,baseline,4,HSI,0.6,task_within_nested_evaluation_window
s11-006be1bbfcd5b45e,reactive-no-digital-twin,baseline,4,HSI,0.7,task_within_nested_evaluation_window
s11-006be1bbfcd5b45e,reactive-no-digital-twin,baseline,4,HSI,0.8,task_within_nested_evaluation_window
s11-006be1bbfcd5b45e,reactive-no-digital-twin,baseline,4,HSI,0.9,task_within_nested_evaluation_window
s11-006be1bbfcd5b45e,reactive-no-digital-twin,baseline,4,avg_task_latency_s,369.7391304347826,nested_evaluation_window
s11-006be1bbfcd5b45e,reactive-no-digital-twin,baseline,4,physical_energy_j,965385.9500579834,nested_evaluation_window
s11-006be1bbfcd5b45e,reactive-no-digital-twin,baseline,4,episode_reward,-131.28702240774874,nested_evaluation_window
s11-006be1bbfcd5b45e,reactive-no-digital-twin,baseline,4,HSI,0.0,task_within_nested_evaluation_window
s11-006be1bbfcd5b45e,reactive-no-digital-twin,baseline,4,HSI,0.1,task_within_nested_evaluation_window
s11-006be1bbfcd5b45e,reactive-no-digital-twin,baseline,4,HSI,0.2,task_within_nested_evaluation_window
s11-006be1bbfcd5b45e,reactive-no-digital-twin,baseline,4,HSI,0.3,task_within_nested_evaluation_window
s11-006be1bbfcd5b45e,reactive-no-digital-twin,baseline,4,HSI,0.4,task_within_nested_evaluation_window
s11-006be1bbfcd5b45e,reactive-no-digital-twin,baseline,4,HSI,0.5,task_within_nested_evaluation_window
s11-006be1bbfcd5b45e,reactive-no-digital-twin,baseline,4,HSI,0.6,task_within_nested_evaluation_window
s11-006be1bbfcd5b45e,reactive-no-digital-twin,baseline,4,HSI,0.7,task_within_nested_evaluation_window
s11-006be1bbfcd5b45e,reactive-no-digital-twin,baseline,4,HSI,0.8,task_within_nested_evaluation_window
s11-006be1bbfcd5b45e,reactive-no-digital-twin,baseline,4,HSI,0.9,task_within_nested_evaluation_window
s11-006be1bbfcd5b45e,reactive-no-digital-twin,baseline,4,HSI,0.0,task_within_nested_evaluation_window
s11-006be1bbfcd5b45e,reactive-no-digital-twin,baseline,4,HSI,0.1,task_within_nested_evaluation_window
s11-006be1bbfcd5b45e,reactive-no-digital-twin,baseline,4,HSI,0.2,task_within_nested_evaluation_window
s11-006be1bbfcd5b45e,reactive-no-digital-twin,baseline,4,HSI,0.3,task_within_nested_evaluation_window
s11-006be1bbfcd5b45e,reactive-no-digital-twin,baseline,4,HSI,0.4,task_within_nested_evaluation_window
s11-006be1bbfcd5b45e,reactive-no-digital-twin,baseline,4,HSI,0.5,task_within_nested_evaluation_window
s11-006be1bbfcd5b45e,reactive-no-digital-twin,baseline,4,HSI,0.6,task_within_nested_evaluation_window
s11-006be1bbfcd5b45e,reactive-no-digital-twin,baseline,4,HSI,0.7,task_within_nested_evaluation_window
s11-006be1bbfcd5b45e,reactive-no-digital-twin,baseline,4,HSI,0.8,task_within_nested_evaluation_window
s11-006be1bbfcd5b45e,reactive-no-digital-twin,baseline,4,HSI,0.9,task_within_nested_evaluation_window
s11-006be1bbfcd5b45e,reactive-no-digital-twin,baseline,4,HSI,0.0,task_within_nested_evaluation_window
s11-006be1bbfcd5b45e,reactive-no-digital-twin,baseline,4,HSI,0.1,task_within_nested_evaluation_window
s11-006be1bbfcd5b45e,reactive-no-digital-twin,baseline,4,HSI,0.2,task_within_nested_evaluation_window
s11-006be1bbfcd5b45e,reactive-no-digital-twin,baseline,4,HSI,0.3,task_within_nested_evaluation_window
s11-006be1bbfcd5b45e,reactive-no-digital-twin,baseline,4,HSI,0.4,task_within_nested_evaluation_window
s11-006be1bbfcd5b45e,reactive-no-digital-twin,baseline,4,HSI,0.5,task_within_nested_evaluation_window
s11-006be1bbfcd5b45e,reactive-no-digital-twin,baseline,4,HSI,0.6,task_within_nested_evaluation_window
s11-006be1bbfcd5b45e,reactive-no-digital-twin,baseline,4,HSI,0.7,task_within_nested_evaluation_window
s11-006be1bbfcd5b45e,reactive-no-digital-twin,baseline,4,HSI,0.8,task_within_nested_evaluation_window
s11-006be1bbfcd5b45e,reactive-no-digital-twin,baseline,4,HSI,0.9,task_within_nested_evaluation_window
s11-006be1bbfcd5b45e,reactive-no-digital-twin,baseline,4,HSI,0.0,task_within_nested_evaluation_window
s11-006be1bbfcd5b45e,reactive-no-digital-twin,baseline,4,HSI,0.1,task_within_nested_evaluation_window
s11-006be1bbfcd5b45e,reactive-no-digital-twin,baseline,4,HSI,0.2,task_within_nested_evaluation_window
s11-006be1bbfcd5b45e,reactive-no-digital-twin,baseline,4,HSI,0.3,task_within_nested_evaluation_window
s11-006be1bbfcd5b45e,reactive-no-digital-twin,baseline,4,HSI,0.4,task_within_nested_evaluation_window
s11-006be1bbfcd5b45e,reactive-no-digital-twin,baseline,4,HSI,0.5,task_within_nested_evaluation_window
s11-006be1bbfcd5b45e,reactive-no-digital-twin,baseline,4,HSI,0.6,task_within_nested_evaluation_window
s11-006be1bbfcd5b45e,reactive-no-digital-twin,baseline,4,HSI,0.7,task_within_nested_evaluation_window
s11-006be1bbfcd5b45e,reactive-no-digital-twin,baseline,4,HSI,0.8,task_within_nested_evaluation_window
s11-006be1bbfcd5b45e,reactive-no-digital-twin,baseline,4,HSI,0.9,task_within_nested_evaluation_window
s11-006be1bbfcd5b45e,reactive-no-digital-twin,baseline,4,HSI,0.0,task_within_nested_evaluation_window
s11-006be1bbfcd5b45e,reactive-no-digital-twin,baseline,4,HSI,0.1,task_within_nested_evaluation_window
s11-006be1bbfcd5b45e,reactive-no-digital-twin,baseline,4,HSI,0.2,task_within_nested_evaluation_window
s11-006be1bbfcd5b45e,reactive-no-digital-twin,baseline,4,HSI,0.3,task_within_nested_evaluation_window
s11-006be1bbfcd5b45e,reactive-no-digital-twin,baseline,4,HSI,0.4,task_within_nested_evaluation_window
s11-006be1bbfcd5b45e,reactive-no-digital-twin,baseline,4,HSI,0.5,task_within_nested_evaluation_window
s11-006be1bbfcd5b45e,reactive-no-digital-twin,baseline,4,HSI,0.6,task_within_nested_evaluation_window
s11-006be1bbfcd5b45e,reactive-no-digital-twin,baseline,4,HSI,0.7,task_within_nested_evaluation_window
s11-006be1bbfcd5b45e,reactive-no-digital-twin,baseline,4,HSI,0.8,task_within_nested_evaluation_window
s11-006be1bbfcd5b45e,reactive-no-digital-twin,baseline,4,HSI,0.9,task_within_nested_evaluation_window
s11-006be1bbfcd5b45e,reactive-no-digital-twin,baseline,4,HSI,0.0,task_within_nested_evaluation_window
s11-006be1bbfcd5b45e,reactive-no-digital-twin,baseline,4,HSI,0.1,task_within_nested_evaluation_window
s11-006be1bbfcd5b45e,reactive-no-digital-twin,baseline,4,HSI,0.2,task_within_nested_evaluation_window
s11-006be1bbfcd5b45e,reactive-no-digital-twin,baseline,4,HSI,0.3,task_within_nested_evaluation_window
s11-006be1bbfcd5b45e,reactive-no-digital-twin,baseline,4,HSI,0.4,task_within_nested_evaluation_window
s11-006be1bbfcd5b45e,reactive-no-digital-twin,baseline,4,HSI,0.5,task_within_nested_evaluation_window
s11-006be1bbfcd5b45e,reactive-no-digital-twin,baseline,4,HSI,0.6,task_within_nested_evaluation_window
s11-006be1bbfcd5b45e,reactive-no-digital-twin,baseline,4,HSI,0.7,task_within_nested_evaluation_window
s11-006be1bbfcd5b45e,reactive-no-digital-twin,baseline,4,HSI,0.8,task_within_nested_evaluation_window
s11-006be1bbfcd5b45e,reactive-no-digital-twin,baseline,4,HSI,0.9,task_within_nested_evaluation_window
s11-006be1bbfcd5b45e,reactive-no-digital-twin,baseline,4,HSI,0.0,task_within_nested_evaluation_window
s11-006be1bbfcd5b45e,reactive-no-digital-twin,baseline,4,HSI,0.1,task_within_nested_evaluation_window
s11-006be1bbfcd5b45e,reactive-no-digital-twin,baseline,4,HSI,0.2,task_within_nested_evaluation_window
s11-006be1bbfcd5b45e,reactive-no-digital-twin,baseline,4,HSI,0.3,task_within_nested_evaluation_window
s11-006be1bbfcd5b45e,reactive-no-digital-twin,baseline,4,HSI,0.4,task_within_nested_evaluation_window
s11-006be1bbfcd5b45e,reactive-no-digital-twin,baseline,4,HSI,0.5,task_within_nested_evaluation_window
s11-006be1bbfcd5b45e,reactive-no-digital-twin,baseline,4,HSI,0.6,task_within_nested_evaluation_window
s11-006be1bbfcd5b45e,reactive-no-digital-twin,baseline,4,HSI,0.7,task_within_nested_evaluation_window
s11-006be1bbfcd5b45e,reactive-no-digital-twin,baseline,4,HSI,0.8,task_within_nested_evaluation_window
s11-006be1bbfcd5b45e,reactive-no-digital-twin,baseline,4,HSI,0.9,task_within_nested_evaluation_window
s11-006be1bbfcd5b45e,reactive-no-digital-twin,baseline,4,HSI,0.0,task_within_nested_evaluation_window
s11-006be1bbfcd5b45e,reactive-no-digital-twin,baseline,4,HSI,0.1,task_within_nested_evaluation_window
s11-006be1bbfcd5b45e,reactive-no-digital-twin,baseline,4,HSI,0.2,task_within_nested_evaluation_window
s11-006be1bbfcd5b45e,reactive-no-digital-twin,baseline,4,HSI,0.3,task_within_nested_evaluation_window
s11-006be1bbfcd5b45e,reactive-no-digital-twin,baseline,4,HSI,0.4,task_within_nested_evaluation_window
s11-006be1bbfcd5b45e,reactive-no-digital-twin,baseline,4,HSI,0.5,task_within_nested_evaluation_window
s11-006be1bbfcd5b45e,reactive-no-digital-twin,baseline,4,HSI,0.6,task_within_nested_evaluation_window
s11-006be1bbfcd5b45e,reactive-no-digital-twin,baseline,4,HSI,0.7,task_within_nested_evaluation_window
s11-006be1bbfcd5b45e,reactive-no-digital-twin,baseline,4,HSI,0.8,task_within_nested_evaluation_window
s11-006be1bbfcd5b45e,reactive-no-digital-twin,baseline,4,HSI,0.9,task_within_nested_evaluation_window
s11-006be1bbfcd5b45e,reactive-no-digital-twin,baseline,4,avg_task_latency_s,356.1136842105264,nested_evaluation_window
s11-006be1bbfcd5b45e,reactive-no-digital-twin,baseline,4,physical_energy_j,968099.8219451902,nested_evaluation_window
s11-006be1bbfcd5b45e,reactive-no-digital-twin,baseline,4,episode_reward,1.131666508037597,nested_evaluation_window
s11-006be1bbfcd5b45e,reactive-no-digital-twin,baseline,4,HSI,0.0,task_within_nested_evaluation_window
s11-006be1bbfcd5b45e,reactive-no-digital-twin,baseline,4,HSI,0.1,task_within_nested_evaluation_window
s11-006be1bbfcd5b45e,reactive-no-digital-twin,baseline,4,HSI,0.2,task_within_nested_evaluation_window
s11-006be1bbfcd5b45e,reactive-no-digital-twin,baseline,4,HSI,0.3,task_within_nested_evaluation_window
s11-006be1bbfcd5b45e,reactive-no-digital-twin,baseline,4,HSI,0.4,task_within_nested_evaluation_window
s11-006be1bbfcd5b45e,reactive-no-digital-twin,baseline,4,HSI,0.5,task_within_nested_evaluation_window
s11-006be1bbfcd5b45e,reactive-no-digital-twin,baseline,4,HSI,0.6,task_within_nested_evaluation_window
s11-006be1bbfcd5b45e,reactive-no-digital-twin,baseline,4,HSI,0.7,task_within_nested_evaluation_window
s11-006be1bbfcd5b45e,reactive-no-digital-twin,baseline,4,HSI,0.8,task_within_nested_evaluation_window
s11-006be1bbfcd5b45e,reactive-no-digital-twin,baseline,4,HSI,0.9,task_within_nested_evaluation_window
s11-006be1bbfcd5b45e,reactive-no-digital-twin,baseline,4,HSI,0.0,task_within_nested_evaluation_window
s11-006be1bbfcd5b45e,reactive-no-digital-twin,baseline,4,HSI,0.1,task_within_nested_evaluation_window
s11-006be1bbfcd5b45e,reactive-no-digital-twin,baseline,4,HSI,0.2,task_within_nested_evaluation_window
s11-006be1bbfcd5b45e,reactive-no-digital-twin,baseline,4,HSI,0.3,task_within_nested_evaluation_window
s11-006be1bbfcd5b45e,reactive-no-digital-twin,baseline,4,HSI,0.4,task_within_nested_evaluation_window
s11-006be1bbfcd5b45e,reactive-no-digital-twin,baseline,4,HSI,0.5,task_within_nested_evaluation_window
s11-006be1bbfcd5b45e,reactive-no-digital-twin,baseline,4,HSI,0.6,task_within_nested_evaluation_window
s11-006be1bbfcd5b45e,reactive-no-digital-twin,baseline,4,HSI,0.7,task_within_nested_evaluation_window
s11-006be1bbfcd5b45e,reactive-no-digital-twin,baseline,4,HSI,0.8,task_within_nested_evaluation_window
s11-006be1bbfcd5b45e,reactive-no-digital-twin,baseline,4,HSI,0.9,task_within_nested_evaluation_window
s11-006be1bbfcd5b45e,reactive-no-digital-twin,baseline,4,HSI,0.0,task_within_nested_evaluation_window
s11-006be1bbfcd5b45e,reactive-no-digital-twin,baseline,4,HSI,0.1,task_within_nested_evaluation_window
s11-006be1bbfcd5b45e,reactive-no-digital-twin,baseline,4,HSI,0.2,task_within_nested_evaluation_window
s11-006be1bbfcd5b45e,reactive-no-digital-twin,baseline,4,HSI,0.3,task_within_nested_evaluation_window
s11-006be1bbfcd5b45e,reactive-no-digital-twin,baseline,4,HSI,0.4,task_within_nested_evaluation_window
s11-006be1bbfcd5b45e,reactive-no-digital-twin,baseline,4,HSI,0.5,task_within_nested_evaluation_window
s11-006be1bbfcd5b45e,reactive-no-digital-twin,baseline,4,HSI,0.6,task_within_nested_evaluation_window
s11-006be1bbfcd5b45e,reactive-no-digital-twin,baseline,4,HSI,0.7,task_within_nested_evaluation_window
s11-006be1bbfcd5b45e,reactive-no-digital-twin,baseline,4,HSI,0.8,task_within_nested_evaluation_window
s11-006be1bbfcd5b45e,reactive-no-digital-twin,baseline,4,HSI,0.9,task_within_nested_evaluation_window
s11-006be1bbfcd5b45e,reactive-no-digital-twin,baseline,4,HSI,0.0,task_within_nested_evaluation_window
s11-006be1bbfcd5b45e,reactive-no-digital-twin,baseline,4,HSI,0.1,task_within_nested_evaluation_window
s11-006be1bbfcd5b45e,reactive-no-digital-twin,baseline,4,HSI,0.2,task_within_nested_evaluation_window
s11-006be1bbfcd5b45e,reactive-no-digital-twin,baseline,4,HSI,0.3,task_within_nested_evaluation_window
s11-006be1bbfcd5b45e,reactive-no-digital-twin,baseline,4,HSI,0.4,task_within_nested_evaluation_window
s11-006be1bbfcd5b45e,reactive-no-digital-twin,baseline,4,HSI,0.5,task_within_nested_evaluation_window
s11-006be1bbfcd5b45e,reactive-no-digital-twin,baseline,4,HSI,0.6,task_within_nested_evaluation_window
s11-006be1bbfcd5b45e,reactive-no-digital-twin,baseline,4,HSI,0.7,task_within_nested_evaluation_window
s11-006be1bbfcd5b45e,reactive-no-digital-twin,baseline,4,HSI,0.8,task_within_nested_evaluation_window
s11-006be1bbfcd5b45e,reactive-no-digital-twin,baseline,4,HSI,0.9,task_within_nested_evaluation_window
s11-006be1bbfcd5b45e,reactive-no-digital-twin,baseline,4,HSI,0.0,task_within_nested_evaluation_window
s11-006be1bbfcd5b45e,reactive-no-digital-twin,baseline,4,HSI,0.1,task_within_nested_evaluation_window
s11-006be1bbfcd5b45e,reactive-no-digital-twin,baseline,4,HSI,0.2,task_within_nested_evaluation_window
s11-006be1bbfcd5b45e,reactive-no-digital-twin,baseline,4,HSI,0.3,task_within_nested_evaluation_window
s11-006be1bbfcd5b45e,reactive-no-digital-twin,baseline,4,HSI,0.4,task_within_nested_evaluation_window
s11-006be1bbfcd5b45e,reactive-no-digital-twin,baseline,4,HSI,0.5,task_within_nested_evaluation_window
s11-006be1bbfcd5b45e,reactive-no-digital-twin,baseline,4,HSI,0.6,task_within_nested_evaluation_window
s11-006be1bbfcd5b45e,reactive-no-digital-twin,baseline,4,HSI,0.7,task_within_nested_evaluation_window
s11-006be1bbfcd5b45e,reactive-no-digital-twin,baseline,4,HSI,0.8,task_within_nested_evaluation_window
s11-006be1bbfcd5b45e,reactive-no-digital-twin,baseline,4,HSI,0.9,task_within_nested_evaluation_window
s11-006be1bbfcd5b45e,reactive-no-digital-twin,baseline,4,HSI,0.0,task_within_nested_evaluation_window
s11-006be1bbfcd5b45e,reactive-no-digital-twin,baseline,4,HSI,0.1,task_within_nested_evaluation_window
s11-006be1bbfcd5b45e,reactive-no-digital-twin,baseline,4,HSI,0.2,task_within_nested_evaluation_window
s11-006be1bbfcd5b45e,reactive-no-digital-twin,baseline,4,HSI,0.3,task_within_nested_evaluation_window
s11-006be1bbfcd5b45e,reactive-no-digital-twin,baseline,4,HSI,0.4,task_within_nested_evaluation_window
s11-006be1bbfcd5b45e,reactive-no-digital-twin,baseline,4,HSI,0.5,task_within_nested_evaluation_window
s11-006be1bbfcd5b45e,reactive-no-digital-twin,baseline,4,HSI,0.6,task_within_nested_evaluation_window
s11-006be1bbfcd5b45e,reactive-no-digital-twin,baseline,4,HSI,0.7,task_within_nested_evaluation_window
s11-006be1bbfcd5b45e,reactive-no-digital-twin,baseline,4,HSI,0.8,task_within_nested_evaluation_window
s11-006be1bbfcd5b45e,reactive-no-digital-twin,baseline,4,HSI,0.9,task_within_nested_evaluation_window
s11-006be1bbfcd5b45e,reactive-no-digital-twin,baseline,4,HSI,0.0,task_within_nested_evaluation_window
s11-006be1bbfcd5b45e,reactive-no-digital-twin,baseline,4,HSI,0.1,task_within_nested_evaluation_window
s11-006be1bbfcd5b45e,reactive-no-digital-twin,baseline,4,HSI,0.2,task_within_nested_evaluation_window
s11-006be1bbfcd5b45e,reactive-no-digital-twin,baseline,4,HSI,0.3,task_within_nested_evaluation_window
s11-006be1bbfcd5b45e,reactive-no-digital-twin,baseline,4,HSI,0.4,task_within_nested_evaluation_window
s11-006be1bbfcd5b45e,reactive-no-digital-twin,baseline,4,HSI,0.5,task_within_nested_evaluation_window
s11-006be1bbfcd5b45e,reactive-no-digital-twin,baseline,4,HSI,0.6,task_within_nested_evaluation_window
s11-006be1bbfcd5b45e,reactive-no-digital-twin,baseline,4,HSI,0.7,task_within_nested_evaluation_window
s11-006be1bbfcd5b45e,reactive-no-digital-twin,baseline,4,HSI,0.8,task_within_nested_evaluation_window
s11-006be1bbfcd5b45e,reactive-no-digital-twin,baseline,4,HSI,0.9,task_within_nested_evaluation_window
s11-006be1bbfcd5b45e,reactive-no-digital-twin,baseline,4,HSI,0.0,task_within_nested_evaluation_window
s11-006be1bbfcd5b45e,reactive-no-digital-twin,baseline,4,HSI,0.1,task_within_nested_evaluation_window
s11-006be1bbfcd5b45e,reactive-no-digital-twin,baseline,4,HSI,0.2,task_within_nested_evaluation_window
s11-006be1bbfcd5b45e,reactive-no-digital-twin,baseline,4,HSI,0.3,task_within_nested_evaluation_window
s11-006be1bbfcd5b45e,reactive-no-digital-twin,baseline,4,HSI,0.4,task_within_nested_evaluation_window
s11-006be1bbfcd5b45e,reactive-no-digital-twin,baseline,4,HSI,0.5,task_within_nested_evaluation_window
s11-006be1bbfcd5b45e,reactive-no-digital-twin,baseline,4,HSI,0.6,task_within_nested_evaluation_window
s11-006be1bbfcd5b45e,reactive-no-digital-twin,baseline,4,HSI,0.7,task_within_nested_evaluation_window
s11-006be1bbfcd5b45e,reactive-no-digital-twin,baseline,4,HSI,0.8,task_within_nested_evaluation_window
s11-006be1bbfcd5b45e,reactive-no-digital-twin,baseline,4,HSI,0.9,task_within_nested_evaluation_window
s11-006be1bbfcd5b45e,reactive-no-digital-twin,baseline,4,avg_task_latency_s,335.8933333333333,nested_evaluation_window
s11-006be1bbfcd5b45e,reactive-no-digital-twin,baseline,4,physical_energy_j,974711.0069961546,nested_evaluation_window
s11-006be1bbfcd5b45e,reactive-no-digital-twin,baseline,4,episode_reward,0.67408228199929,nested_evaluation_window
s11-006be1bbfcd5b45e,reactive-no-digital-twin,baseline,4,HSI,0.0,task_within_nested_evaluation_window
s11-006be1bbfcd5b45e,reactive-no-digital-twin,baseline,4,HSI,0.1,task_within_nested_evaluation_window
s11-006be1bbfcd5b45e,reactive-no-digital-twin,baseline,4,HSI,0.2,task_within_nested_evaluation_window
s11-006be1bbfcd5b45e,reactive-no-digital-twin,baseline,4,HSI,0.3,task_within_nested_evaluation_window
s11-006be1bbfcd5b45e,reactive-no-digital-twin,baseline,4,HSI,0.4,task_within_nested_evaluation_window
s11-006be1bbfcd5b45e,reactive-no-digital-twin,baseline,4,HSI,0.5,task_within_nested_evaluation_window
s11-006be1bbfcd5b45e,reactive-no-digital-twin,baseline,4,HSI,0.6,task_within_nested_evaluation_window
s11-006be1bbfcd5b45e,reactive-no-digital-twin,baseline,4,HSI,0.7,task_within_nested_evaluation_window
s11-006be1bbfcd5b45e,reactive-no-digital-twin,baseline,4,HSI,0.8,task_within_nested_evaluation_window
s11-006be1bbfcd5b45e,reactive-no-digital-twin,baseline,4,HSI,0.9,task_within_nested_evaluation_window
s11-006be1bbfcd5b45e,reactive-no-digital-twin,baseline,4,HSI,0.0,task_within_nested_evaluation_window
s11-006be1bbfcd5b45e,reactive-no-digital-twin,baseline,4,HSI,0.1,task_within_nested_evaluation_window
s11-006be1bbfcd5b45e,reactive-no-digital-twin,baseline,4,HSI,0.2,task_within_nested_evaluation_window
s11-006be1bbfcd5b45e,reactive-no-digital-twin,baseline,4,HSI,0.3,task_within_nested_evaluation_window
s11-006be1bbfcd5b45e,reactive-no-digital-twin,baseline,4,HSI,0.4,task_within_nested_evaluation_window
s11-006be1bbfcd5b45e,reactive-no-digital-twin,baseline,4,HSI,0.5,task_within_nested_evaluation_window
s11-006be1bbfcd5b45e,reactive-no-digital-twin,baseline,4,HSI,0.6,task_within_nested_evaluation_window
s11-006be1bbfcd5b45e,reactive-no-digital-twin,baseline,4,HSI,0.7,task_within_nested_evaluation_window
s11-006be1bbfcd5b45e,reactive-no-digital-twin,baseline,4,HSI,0.8,task_within_nested_evaluation_window
s11-006be1bbfcd5b45e,reactive-no-digital-twin,baseline,4,HSI,0.9,task_within_nested_evaluation_window
s11-006be1bbfcd5b45e,reactive-no-digital-twin,baseline,4,HSI,0.0,task_within_nested_evaluation_window
s11-006be1bbfcd5b45e,reactive-no-digital-twin,baseline,4,HSI,0.1,task_within_nested_evaluation_window
s11-006be1bbfcd5b45e,reactive-no-digital-twin,baseline,4,HSI,0.2,task_within_nested_evaluation_window
s11-006be1bbfcd5b45e,reactive-no-digital-twin,baseline,4,HSI,0.3,task_within_nested_evaluation_window
s11-006be1bbfcd5b45e,reactive-no-digital-twin,baseline,4,HSI,0.4,task_within_nested_evaluation_window
s11-006be1bbfcd5b45e,reactive-no-digital-twin,baseline,4,HSI,0.5,task_within_nested_evaluation_window
s11-006be1bbfcd5b45e,reactive-no-digital-twin,baseline,4,HSI,0.6,task_within_nested_evaluation_window
s11-006be1bbfcd5b45e,reactive-no-digital-twin,baseline,4,HSI,0.7,task_within_nested_evaluation_window
s11-006be1bbfcd5b45e,reactive-no-digital-twin,baseline,4,HSI,0.8,task_within_nested_evaluation_window
s11-006be1bbfcd5b45e,reactive-no-digital-twin,baseline,4,HSI,0.9,task_within_nested_evaluation_window
s11-006be1bbfcd5b45e,reactive-no-digital-twin,baseline,4,HSI,0.0,task_within_nested_evaluation_window
s11-006be1bbfcd5b45e,reactive-no-digital-twin,baseline,4,HSI,0.1,task_within_nested_evaluation_window
s11-006be1bbfcd5b45e,reactive-no-digital-twin,baseline,4,HSI,0.2,task_within_nested_evaluation_window
s11-006be1bbfcd5b45e,reactive-no-digital-twin,baseline,4,HSI,0.3,task_within_nested_evaluation_window
s11-006be1bbfcd5b45e,reactive-no-digital-twin,baseline,4,HSI,0.4,task_within_nested_evaluation_window
s11-006be1bbfcd5b45e,reactive-no-digital-twin,baseline,4,HSI,0.5,task_within_nested_evaluation_window
s11-006be1bbfcd5b45e,reactive-no-digital-twin,baseline,4,HSI,0.6,task_within_nested_evaluation_window
s11-006be1bbfcd5b45e,reactive-no-digital-twin,baseline,4,HSI,0.7,task_within_nested_evaluation_window
s11-006be1bbfcd5b45e,reactive-no-digital-twin,baseline,4,HSI,0.8,task_within_nested_evaluation_window
s11-006be1bbfcd5b45e,reactive-no-digital-twin,baseline,4,HSI,0.9,task_within_nested_evaluation_window
s11-006be1bbfcd5b45e,reactive-no-digital-twin,baseline,4,HSI,0.0,task_within_nested_evaluation_window
s11-006be1bbfcd5b45e,reactive-no-digital-twin,baseline,4,HSI,0.1,task_within_nested_evaluation_window
s11-006be1bbfcd5b45e,reactive-no-digital-twin,baseline,4,HSI,0.2,task_within_nested_evaluation_window
s11-006be1bbfcd5b45e,reactive-no-digital-twin,baseline,4,HSI,0.3,task_within_nested_evaluation_window
s11-006be1bbfcd5b45e,reactive-no-digital-twin,baseline,4,HSI,0.4,task_within_nested_evaluation_window
s11-006be1bbfcd5b45e,reactive-no-digital-twin,baseline,4,HSI,0.5,task_within_nested_evaluation_window
s11-006be1bbfcd5b45e,reactive-no-digital-twin,baseline,4,HSI,0.6,task_within_nested_evaluation_window
s11-006be1bbfcd5b45e,reactive-no-digital-twin,baseline,4,HSI,0.7,task_within_nested_evaluation_window
s11-006be1bbfcd5b45e,reactive-no-digital-twin,baseline,4,HSI,0.8,task_within_nested_evaluation_window
s11-006be1bbfcd5b45e,reactive-no-digital-twin,baseline,4,HSI,0.9,task_within_nested_evaluation_window
s11-006be1bbfcd5b45e,reactive-no-digital-twin,baseline,4,HSI,0.0,task_within_nested_evaluation_window
s11-006be1bbfcd5b45e,reactive-no-digital-twin,baseline,4,HSI,0.1,task_within_nested_evaluation_window
s11-006be1bbfcd5b45e,reactive-no-digital-twin,baseline,4,HSI,0.2,task_within_nested_evaluation_window
s11-006be1bbfcd5b45e,reactive-no-digital-twin,baseline,4,HSI,0.3,task_within_nested_evaluation_window
s11-006be1bbfcd5b45e,reactive-no-digital-twin,baseline,4,HSI,0.4,task_within_nested_evaluation_window
s11-006be1bbfcd5b45e,reactive-no-digital-twin,baseline,4,HSI,0.5,task_within_nested_evaluation_window
s11-006be1bbfcd5b45e,reactive-no-digital-twin,baseline,4,HSI,0.6,task_within_nested_evaluation_window
s11-006be1bbfcd5b45e,reactive-no-digital-twin,baseline,4,HSI,0.7,task_within_nested_evaluation_window
s11-006be1bbfcd5b45e,reactive-no-digital-twin,baseline,4,HSI,0.8,task_within_nested_evaluation_window
s11-006be1bbfcd5b45e,reactive-no-digital-twin,baseline,4,HSI,0.9,task_within_nested_evaluation_window
s11-006be1bbfcd5b45e,reactive-no-digital-twin,baseline,4,HSI,0.0,task_within_nested_evaluation_window
s11-006be1bbfcd5b45e,reactive-no-digital-twin,baseline,4,HSI,0.1,task_within_nested_evaluation_window
s11-006be1bbfcd5b45e,reactive-no-digital-twin,baseline,4,HSI,0.2,task_within_nested_evaluation_window
s11-006be1bbfcd5b45e,reactive-no-digital-twin,baseline,4,HSI,0.3,task_within_nested_evaluation_window
s11-006be1bbfcd5b45e,reactive-no-digital-twin,baseline,4,HSI,0.4,task_within_nested_evaluation_window
s11-006be1bbfcd5b45e,reactive-no-digital-twin,baseline,4,HSI,0.5,task_within_nested_evaluation_window
s11-006be1bbfcd5b45e,reactive-no-digital-twin,baseline,4,HSI,0.6,task_within_nested_evaluation_window
s11-006be1bbfcd5b45e,reactive-no-digital-twin,baseline,4,HSI,0.7,task_within_nested_evaluation_window
s11-006be1bbfcd5b45e,reactive-no-digital-twin,baseline,4,HSI,0.8,task_within_nested_evaluation_window
s11-006be1bbfcd5b45e,reactive-no-digital-twin,baseline,4,HSI,0.9,task_within_nested_evaluation_window
s11-006be1bbfcd5b45e,reactive-no-digital-twin,baseline,4,HSI,0.0,task_within_nested_evaluation_window
s11-006be1bbfcd5b45e,reactive-no-digital-twin,baseline,4,HSI,0.1,task_within_nested_evaluation_window
s11-006be1bbfcd5b45e,reactive-no-digital-twin,baseline,4,HSI,0.2,task_within_nested_evaluation_window
s11-006be1bbfcd5b45e,reactive-no-digital-twin,baseline,4,HSI,0.3,task_within_nested_evaluation_window
s11-006be1bbfcd5b45e,reactive-no-digital-twin,baseline,4,HSI,0.4,task_within_nested_evaluation_window
s11-006be1bbfcd5b45e,reactive-no-digital-twin,baseline,4,HSI,0.5,task_within_nested_evaluation_window
s11-006be1bbfcd5b45e,reactive-no-digital-twin,baseline,4,HSI,0.6,task_within_nested_evaluation_window
s11-006be1bbfcd5b45e,reactive-no-digital-twin,baseline,4,HSI,0.7,task_within_nested_evaluation_window
s11-006be1bbfcd5b45e,reactive-no-digital-twin,baseline,4,HSI,0.8,task_within_nested_evaluation_window
s11-006be1bbfcd5b45e,reactive-no-digital-twin,baseline,4,HSI,0.9,task_within_nested_evaluation_window
s11-006be1bbfcd5b45e,reactive-no-digital-twin,baseline,4,avg_task_latency_s,342.7437037037037,nested_evaluation_window
s11-006be1bbfcd5b45e,reactive-no-digital-twin,baseline,4,physical_energy_j,973682.3585739133,nested_evaluation_window
s11-006be1bbfcd5b45e,reactive-no-digital-twin,baseline,4,episode_reward,-106.12960916664451,nested_evaluation_window
s11-006be1bbfcd5b45e,reactive-no-digital-twin,baseline,4,HSI,0.0,task_within_nested_evaluation_window
s11-006be1bbfcd5b45e,reactive-no-digital-twin,baseline,4,HSI,0.1,task_within_nested_evaluation_window
s11-006be1bbfcd5b45e,reactive-no-digital-twin,baseline,4,HSI,0.2,task_within_nested_evaluation_window
s11-006be1bbfcd5b45e,reactive-no-digital-twin,baseline,4,HSI,0.3,task_within_nested_evaluation_window
s11-006be1bbfcd5b45e,reactive-no-digital-twin,baseline,4,HSI,0.4,task_within_nested_evaluation_window
s11-006be1bbfcd5b45e,reactive-no-digital-twin,baseline,4,HSI,0.5,task_within_nested_evaluation_window
s11-006be1bbfcd5b45e,reactive-no-digital-twin,baseline,4,HSI,0.6,task_within_nested_evaluation_window
s11-006be1bbfcd5b45e,reactive-no-digital-twin,baseline,4,HSI,0.7,task_within_nested_evaluation_window
s11-006be1bbfcd5b45e,reactive-no-digital-twin,baseline,4,HSI,0.8,task_within_nested_evaluation_window
s11-006be1bbfcd5b45e,reactive-no-digital-twin,baseline,4,HSI,0.9,task_within_nested_evaluation_window
s11-006be1bbfcd5b45e,reactive-no-digital-twin,baseline,4,HSI,0.0,task_within_nested_evaluation_window
s11-006be1bbfcd5b45e,reactive-no-digital-twin,baseline,4,HSI,0.1,task_within_nested_evaluation_window
s11-006be1bbfcd5b45e,reactive-no-digital-twin,baseline,4,HSI,0.2,task_within_nested_evaluation_window
s11-006be1bbfcd5b45e,reactive-no-digital-twin,baseline,4,HSI,0.3,task_within_nested_evaluation_window
s11-006be1bbfcd5b45e,reactive-no-digital-twin,baseline,4,HSI,0.4,task_within_nested_evaluation_window
s11-006be1bbfcd5b45e,reactive-no-digital-twin,baseline,4,HSI,0.5,task_within_nested_evaluation_window
s11-006be1bbfcd5b45e,reactive-no-digital-twin,baseline,4,HSI,0.6,task_within_nested_evaluation_window
s11-006be1bbfcd5b45e,reactive-no-digital-twin,baseline,4,HSI,0.7,task_within_nested_evaluation_window
s11-006be1bbfcd5b45e,reactive-no-digital-twin,baseline,4,HSI,0.8,task_within_nested_evaluation_window
s11-006be1bbfcd5b45e,reactive-no-digital-twin,baseline,4,HSI,0.9,task_within_nested_evaluation_window
s11-006be1bbfcd5b45e,reactive-no-digital-twin,baseline,4,HSI,0.0,task_within_nested_evaluation_window
s11-006be1bbfcd5b45e,reactive-no-digital-twin,baseline,4,HSI,0.1,task_within_nested_evaluation_window
s11-006be1bbfcd5b45e,reactive-no-digital-twin,baseline,4,HSI,0.2,task_within_nested_evaluation_window
s11-006be1bbfcd5b45e,reactive-no-digital-twin,baseline,4,HSI,0.3,task_within_nested_evaluation_window
s11-006be1bbfcd5b45e,reactive-no-digital-twin,baseline,4,HSI,0.4,task_within_nested_evaluation_window
s11-006be1bbfcd5b45e,reactive-no-digital-twin,baseline,4,HSI,0.5,task_within_nested_evaluation_window
s11-006be1bbfcd5b45e,reactive-no-digital-twin,baseline,4,HSI,0.6,task_within_nested_evaluation_window
s11-006be1bbfcd5b45e,reactive-no-digital-twin,baseline,4,HSI,0.7,task_within_nested_evaluation_window
s11-006be1bbfcd5b45e,reactive-no-digital-twin,baseline,4,HSI,0.8,task_within_nested_evaluation_window
s11-006be1bbfcd5b45e,reactive-no-digital-twin,baseline,4,HSI,0.9,task_within_nested_evaluation_window
s11-006be1bbfcd5b45e,reactive-no-digital-twin,baseline,4,HSI,0.0,task_within_nested_evaluation_window
s11-006be1bbfcd5b45e,reactive-no-digital-twin,baseline,4,HSI,0.1,task_within_nested_evaluation_window
s11-006be1bbfcd5b45e,reactive-no-digital-twin,baseline,4,HSI,0.2,task_within_nested_evaluation_window
s11-006be1bbfcd5b45e,reactive-no-digital-twin,baseline,4,HSI,0.3,task_within_nested_evaluation_window
s11-006be1bbfcd5b45e,reactive-no-digital-twin,baseline,4,HSI,0.4,task_within_nested_evaluation_window
s11-006be1bbfcd5b45e,reactive-no-digital-twin,baseline,4,HSI,0.5,task_within_nested_evaluation_window
s11-006be1bbfcd5b45e,reactive-no-digital-twin,baseline,4,HSI,0.6,task_within_nested_evaluation_window
s11-006be1bbfcd5b45e,reactive-no-digital-twin,baseline,4,HSI,0.7,task_within_nested_evaluation_window
s11-006be1bbfcd5b45e,reactive-no-digital-twin,baseline,4,HSI,0.8,task_within_nested_evaluation_window
s11-006be1bbfcd5b45e,reactive-no-digital-twin,baseline,4,HSI,0.9,task_within_nested_evaluation_window
s11-006be1bbfcd5b45e,reactive-no-digital-twin,baseline,4,HSI,0.0,task_within_nested_evaluation_window
s11-006be1bbfcd5b45e,reactive-no-digital-twin,baseline,4,HSI,0.1,task_within_nested_evaluation_window
s11-006be1bbfcd5b45e,reactive-no-digital-twin,baseline,4,HSI,0.2,task_within_nested_evaluation_window
s11-006be1bbfcd5b45e,reactive-no-digital-twin,baseline,4,HSI,0.3,task_within_nested_evaluation_window
s11-006be1bbfcd5b45e,reactive-no-digital-twin,baseline,4,HSI,0.4,task_within_nested_evaluation_window
s11-006be1bbfcd5b45e,reactive-no-digital-twin,baseline,4,HSI,0.5,task_within_nested_evaluation_window
s11-006be1bbfcd5b45e,reactive-no-digital-twin,baseline,4,HSI,0.6,task_within_nested_evaluation_window
s11-006be1bbfcd5b45e,reactive-no-digital-twin,baseline,4,HSI,0.7,task_within_nested_evaluation_window
s11-006be1bbfcd5b45e,reactive-no-digital-twin,baseline,4,HSI,0.8,task_within_nested_evaluation_window
s11-006be1bbfcd5b45e,reactive-no-digital-twin,baseline,4,HSI,0.9,task_within_nested_evaluation_window
s11-006be1bbfcd5b45e,reactive-no-digital-twin,baseline,4,HSI,0.0,task_within_nested_evaluation_window
s11-006be1bbfcd5b45e,reactive-no-digital-twin,baseline,4,HSI,0.1,task_within_nested_evaluation_window
s11-006be1bbfcd5b45e,reactive-no-digital-twin,baseline,4,HSI,0.2,task_within_nested_evaluation_window
s11-006be1bbfcd5b45e,reactive-no-digital-twin,baseline,4,HSI,0.3,task_within_nested_evaluation_window
s11-006be1bbfcd5b45e,reactive-no-digital-twin,baseline,4,HSI,0.4,task_within_nested_evaluation_window
s11-006be1bbfcd5b45e,reactive-no-digital-twin,baseline,4,HSI,0.5,task_within_nested_evaluation_window
s11-006be1bbfcd5b45e,reactive-no-digital-twin,baseline,4,HSI,0.6,task_within_nested_evaluation_window
s11-006be1bbfcd5b45e,reactive-no-digital-twin,baseline,4,HSI,0.7,task_within_nested_evaluation_window
s11-006be1bbfcd5b45e,reactive-no-digital-twin,baseline,4,HSI,0.8,task_within_nested_evaluation_window
s11-006be1bbfcd5b45e,reactive-no-digital-twin,baseline,4,HSI,0.9,task_within_nested_evaluation_window
s11-006be1bbfcd5b45e,reactive-no-digital-twin,baseline,4,HSI,0.0,task_within_nested_evaluation_window
s11-006be1bbfcd5b45e,reactive-no-digital-twin,baseline,4,HSI,0.1,task_within_nested_evaluation_window
s11-006be1bbfcd5b45e,reactive-no-digital-twin,baseline,4,HSI,0.2,task_within_nested_evaluation_window
s11-006be1bbfcd5b45e,reactive-no-digital-twin,baseline,4,HSI,0.3,task_within_nested_evaluation_window
s11-006be1bbfcd5b45e,reactive-no-digital-twin,baseline,4,HSI,0.4,task_within_nested_evaluation_window
s11-006be1bbfcd5b45e,reactive-no-digital-twin,baseline,4,HSI,0.5,task_within_nested_evaluation_window
s11-006be1bbfcd5b45e,reactive-no-digital-twin,baseline,4,HSI,0.6,task_within_nested_evaluation_window
s11-006be1bbfcd5b45e,reactive-no-digital-twin,baseline,4,HSI,0.7,task_within_nested_evaluation_window
s11-006be1bbfcd5b45e,reactive-no-digital-twin,baseline,4,HSI,0.8,task_within_nested_evaluation_window
s11-006be1bbfcd5b45e,reactive-no-digital-twin,baseline,4,HSI,0.9,task_within_nested_evaluation_window
s11-006be1bbfcd5b45e,reactive-no-digital-twin,baseline,4,HSI,0.0,task_within_nested_evaluation_window
s11-006be1bbfcd5b45e,reactive-no-digital-twin,baseline,4,HSI,0.1,task_within_nested_evaluation_window
s11-006be1bbfcd5b45e,reactive-no-digital-twin,baseline,4,HSI,0.2,task_within_nested_evaluation_window
s11-006be1bbfcd5b45e,reactive-no-digital-twin,baseline,4,HSI,0.3,task_within_nested_evaluation_window
s11-006be1bbfcd5b45e,reactive-no-digital-twin,baseline,4,HSI,0.4,task_within_nested_evaluation_window
s11-006be1bbfcd5b45e,reactive-no-digital-twin,baseline,4,HSI,0.5,task_within_nested_evaluation_window
s11-006be1bbfcd5b45e,reactive-no-digital-twin,baseline,4,HSI,0.6,task_within_nested_evaluation_window
s11-006be1bbfcd5b45e,reactive-no-digital-twin,baseline,4,HSI,0.7,task_within_nested_evaluation_window
s11-006be1bbfcd5b45e,reactive-no-digital-twin,baseline,4,HSI,0.8,task_within_nested_evaluation_window
s11-006be1bbfcd5b45e,reactive-no-digital-twin,baseline,4,HSI,0.9,task_within_nested_evaluation_window
s11-a27f957407265d4e,reactive-no-digital-twin,baseline,2,avg_task_latency_s,369.88848484848484,nested_evaluation_window
s11-a27f957407265d4e,reactive-no-digital-twin,baseline,2,physical_energy_j,961581.651550293,nested_evaluation_window
s11-a27f957407265d4e,reactive-no-digital-twin,baseline,2,episode_reward,-178.3324677750934,nested_evaluation_window
s11-a27f957407265d4e,reactive-no-digital-twin,baseline,2,HSI,0.0,task_within_nested_evaluation_window
s11-a27f957407265d4e,reactive-no-digital-twin,baseline,2,HSI,0.1,task_within_nested_evaluation_window
s11-a27f957407265d4e,reactive-no-digital-twin,baseline,2,HSI,0.2,task_within_nested_evaluation_window
s11-a27f957407265d4e,reactive-no-digital-twin,baseline,2,HSI,0.3,task_within_nested_evaluation_window
s11-a27f957407265d4e,reactive-no-digital-twin,baseline,2,HSI,0.4,task_within_nested_evaluation_window
s11-a27f957407265d4e,reactive-no-digital-twin,baseline,2,HSI,0.5,task_within_nested_evaluation_window
s11-a27f957407265d4e,reactive-no-digital-twin,baseline,2,HSI,0.6,task_within_nested_evaluation_window
s11-a27f957407265d4e,reactive-no-digital-twin,baseline,2,HSI,0.7,task_within_nested_evaluation_window
s11-a27f957407265d4e,reactive-no-digital-twin,baseline,2,HSI,0.8,task_within_nested_evaluation_window
s11-a27f957407265d4e,reactive-no-digital-twin,baseline,2,HSI,0.9,task_within_nested_evaluation_window
s11-a27f957407265d4e,reactive-no-digital-twin,baseline,2,HSI,0.0,task_within_nested_evaluation_window
s11-a27f957407265d4e,reactive-no-digital-twin,baseline,2,HSI,0.1,task_within_nested_evaluation_window
s11-a27f957407265d4e,reactive-no-digital-twin,baseline,2,HSI,0.2,task_within_nested_evaluation_window
s11-a27f957407265d4e,reactive-no-digital-twin,baseline,2,HSI,0.3,task_within_nested_evaluation_window
s11-a27f957407265d4e,reactive-no-digital-twin,baseline,2,HSI,0.4,task_within_nested_evaluation_window
s11-a27f957407265d4e,reactive-no-digital-twin,baseline,2,HSI,0.5,task_within_nested_evaluation_window
s11-a27f957407265d4e,reactive-no-digital-twin,baseline,2,HSI,0.6,task_within_nested_evaluation_window
s11-a27f957407265d4e,reactive-no-digital-twin,baseline,2,HSI,0.7,task_within_nested_evaluation_window
s11-a27f957407265d4e,reactive-no-digital-twin,baseline,2,HSI,0.8,task_within_nested_evaluation_window
s11-a27f957407265d4e,reactive-no-digital-twin,baseline,2,HSI,0.9,task_within_nested_evaluation_window
s11-a27f957407265d4e,reactive-no-digital-twin,baseline,2,HSI,0.0,task_within_nested_evaluation_window
s11-a27f957407265d4e,reactive-no-digital-twin,baseline,2,HSI,0.1,task_within_nested_evaluation_window
s11-a27f957407265d4e,reactive-no-digital-twin,baseline,2,HSI,0.2,task_within_nested_evaluation_window
s11-a27f957407265d4e,reactive-no-digital-twin,baseline,2,HSI,0.3,task_within_nested_evaluation_window
s11-a27f957407265d4e,reactive-no-digital-twin,baseline,2,HSI,0.4,task_within_nested_evaluation_window
s11-a27f957407265d4e,reactive-no-digital-twin,baseline,2,HSI,0.5,task_within_nested_evaluation_window
s11-a27f957407265d4e,reactive-no-digital-twin,baseline,2,HSI,0.6,task_within_nested_evaluation_window
s11-a27f957407265d4e,reactive-no-digital-twin,baseline,2,HSI,0.7,task_within_nested_evaluation_window
s11-a27f957407265d4e,reactive-no-digital-twin,baseline,2,HSI,0.8,task_within_nested_evaluation_window
s11-a27f957407265d4e,reactive-no-digital-twin,baseline,2,HSI,0.9,task_within_nested_evaluation_window
s11-a27f957407265d4e,reactive-no-digital-twin,baseline,2,HSI,0.0,task_within_nested_evaluation_window
s11-a27f957407265d4e,reactive-no-digital-twin,baseline,2,HSI,0.1,task_within_nested_evaluation_window
s11-a27f957407265d4e,reactive-no-digital-twin,baseline,2,HSI,0.2,task_within_nested_evaluation_window
s11-a27f957407265d4e,reactive-no-digital-twin,baseline,2,HSI,0.3,task_within_nested_evaluation_window
s11-a27f957407265d4e,reactive-no-digital-twin,baseline,2,HSI,0.4,task_within_nested_evaluation_window
s11-a27f957407265d4e,reactive-no-digital-twin,baseline,2,HSI,0.5,task_within_nested_evaluation_window
s11-a27f957407265d4e,reactive-no-digital-twin,baseline,2,HSI,0.6,task_within_nested_evaluation_window
s11-a27f957407265d4e,reactive-no-digital-twin,baseline,2,HSI,0.7,task_within_nested_evaluation_window
s11-a27f957407265d4e,reactive-no-digital-twin,baseline,2,HSI,0.8,task_within_nested_evaluation_window
s11-a27f957407265d4e,reactive-no-digital-twin,baseline,2,HSI,0.9,task_within_nested_evaluation_window
s11-a27f957407265d4e,reactive-no-digital-twin,baseline,2,HSI,0.0,task_within_nested_evaluation_window
s11-a27f957407265d4e,reactive-no-digital-twin,baseline,2,HSI,0.1,task_within_nested_evaluation_window
s11-a27f957407265d4e,reactive-no-digital-twin,baseline,2,HSI,0.2,task_within_nested_evaluation_window
s11-a27f957407265d4e,reactive-no-digital-twin,baseline,2,HSI,0.3,task_within_nested_evaluation_window
s11-a27f957407265d4e,reactive-no-digital-twin,baseline,2,HSI,0.4,task_within_nested_evaluation_window
s11-a27f957407265d4e,reactive-no-digital-twin,baseline,2,HSI,0.5,task_within_nested_evaluation_window
s11-a27f957407265d4e,reactive-no-digital-twin,baseline,2,HSI,0.6,task_within_nested_evaluation_window
s11-a27f957407265d4e,reactive-no-digital-twin,baseline,2,HSI,0.7,task_within_nested_evaluation_window
s11-a27f957407265d4e,reactive-no-digital-twin,baseline,2,HSI,0.8,task_within_nested_evaluation_window
s11-a27f957407265d4e,reactive-no-digital-twin,baseline,2,HSI,0.9,task_within_nested_evaluation_window
s11-a27f957407265d4e,reactive-no-digital-twin,baseline,2,HSI,0.0,task_within_nested_evaluation_window
s11-a27f957407265d4e,reactive-no-digital-twin,baseline,2,HSI,0.1,task_within_nested_evaluation_window
s11-a27f957407265d4e,reactive-no-digital-twin,baseline,2,HSI,0.2,task_within_nested_evaluation_window
s11-a27f957407265d4e,reactive-no-digital-twin,baseline,2,HSI,0.3,task_within_nested_evaluation_window
s11-a27f957407265d4e,reactive-no-digital-twin,baseline,2,HSI,0.4,task_within_nested_evaluation_window
s11-a27f957407265d4e,reactive-no-digital-twin,baseline,2,HSI,0.5,task_within_nested_evaluation_window
s11-a27f957407265d4e,reactive-no-digital-twin,baseline,2,HSI,0.6,task_within_nested_evaluation_window
s11-a27f957407265d4e,reactive-no-digital-twin,baseline,2,HSI,0.7,task_within_nested_evaluation_window
s11-a27f957407265d4e,reactive-no-digital-twin,baseline,2,HSI,0.8,task_within_nested_evaluation_window
s11-a27f957407265d4e,reactive-no-digital-twin,baseline,2,HSI,0.9,task_within_nested_evaluation_window
s11-a27f957407265d4e,reactive-no-digital-twin,baseline,2,HSI,0.0,task_within_nested_evaluation_window
s11-a27f957407265d4e,reactive-no-digital-twin,baseline,2,HSI,0.1,task_within_nested_evaluation_window
s11-a27f957407265d4e,reactive-no-digital-twin,baseline,2,HSI,0.2,task_within_nested_evaluation_window
s11-a27f957407265d4e,reactive-no-digital-twin,baseline,2,HSI,0.3,task_within_nested_evaluation_window
s11-a27f957407265d4e,reactive-no-digital-twin,baseline,2,HSI,0.4,task_within_nested_evaluation_window
s11-a27f957407265d4e,reactive-no-digital-twin,baseline,2,HSI,0.5,task_within_nested_evaluation_window
s11-a27f957407265d4e,reactive-no-digital-twin,baseline,2,HSI,0.6,task_within_nested_evaluation_window
s11-a27f957407265d4e,reactive-no-digital-twin,baseline,2,HSI,0.7,task_within_nested_evaluation_window
s11-a27f957407265d4e,reactive-no-digital-twin,baseline,2,HSI,0.8,task_within_nested_evaluation_window
s11-a27f957407265d4e,reactive-no-digital-twin,baseline,2,HSI,0.9,task_within_nested_evaluation_window
s11-a27f957407265d4e,reactive-no-digital-twin,baseline,2,HSI,0.0,task_within_nested_evaluation_window
s11-a27f957407265d4e,reactive-no-digital-twin,baseline,2,HSI,0.1,task_within_nested_evaluation_window
s11-a27f957407265d4e,reactive-no-digital-twin,baseline,2,HSI,0.2,task_within_nested_evaluation_window
s11-a27f957407265d4e,reactive-no-digital-twin,baseline,2,HSI,0.3,task_within_nested_evaluation_window
s11-a27f957407265d4e,reactive-no-digital-twin,baseline,2,HSI,0.4,task_within_nested_evaluation_window
s11-a27f957407265d4e,reactive-no-digital-twin,baseline,2,HSI,0.5,task_within_nested_evaluation_window
s11-a27f957407265d4e,reactive-no-digital-twin,baseline,2,HSI,0.6,task_within_nested_evaluation_window
s11-a27f957407265d4e,reactive-no-digital-twin,baseline,2,HSI,0.7,task_within_nested_evaluation_window
s11-a27f957407265d4e,reactive-no-digital-twin,baseline,2,HSI,0.8,task_within_nested_evaluation_window
s11-a27f957407265d4e,reactive-no-digital-twin,baseline,2,HSI,0.9,task_within_nested_evaluation_window
s11-a27f957407265d4e,reactive-no-digital-twin,baseline,2,HSI,0.0,task_within_nested_evaluation_window
s11-a27f957407265d4e,reactive-no-digital-twin,baseline,2,HSI,0.1,task_within_nested_evaluation_window
s11-a27f957407265d4e,reactive-no-digital-twin,baseline,2,HSI,0.2,task_within_nested_evaluation_window
s11-a27f957407265d4e,reactive-no-digital-twin,baseline,2,HSI,0.3,task_within_nested_evaluation_window
s11-a27f957407265d4e,reactive-no-digital-twin,baseline,2,HSI,0.4,task_within_nested_evaluation_window
s11-a27f957407265d4e,reactive-no-digital-twin,baseline,2,HSI,0.5,task_within_nested_evaluation_window
s11-a27f957407265d4e,reactive-no-digital-twin,baseline,2,HSI,0.6,task_within_nested_evaluation_window
s11-a27f957407265d4e,reactive-no-digital-twin,baseline,2,HSI,0.7,task_within_nested_evaluation_window
s11-a27f957407265d4e,reactive-no-digital-twin,baseline,2,HSI,0.8,task_within_nested_evaluation_window
s11-a27f957407265d4e,reactive-no-digital-twin,baseline,2,HSI,0.9,task_within_nested_evaluation_window
s11-a27f957407265d4e,reactive-no-digital-twin,baseline,2,HSI,0.0,task_within_nested_evaluation_window
s11-a27f957407265d4e,reactive-no-digital-twin,baseline,2,HSI,0.1,task_within_nested_evaluation_window
s11-a27f957407265d4e,reactive-no-digital-twin,baseline,2,HSI,0.2,task_within_nested_evaluation_window
s11-a27f957407265d4e,reactive-no-digital-twin,baseline,2,HSI,0.3,task_within_nested_evaluation_window
s11-a27f957407265d4e,reactive-no-digital-twin,baseline,2,HSI,0.4,task_within_nested_evaluation_window
s11-a27f957407265d4e,reactive-no-digital-twin,baseline,2,HSI,0.5,task_within_nested_evaluation_window
s11-a27f957407265d4e,reactive-no-digital-twin,baseline,2,HSI,0.6,task_within_nested_evaluation_window
s11-a27f957407265d4e,reactive-no-digital-twin,baseline,2,HSI,0.7,task_within_nested_evaluation_window
s11-a27f957407265d4e,reactive-no-digital-twin,baseline,2,HSI,0.8,task_within_nested_evaluation_window
s11-a27f957407265d4e,reactive-no-digital-twin,baseline,2,HSI,0.9,task_within_nested_evaluation_window
s11-a27f957407265d4e,reactive-no-digital-twin,baseline,2,HSI,0.0,task_within_nested_evaluation_window
s11-a27f957407265d4e,reactive-no-digital-twin,baseline,2,HSI,0.1,task_within_nested_evaluation_window
s11-a27f957407265d4e,reactive-no-digital-twin,baseline,2,HSI,0.2,task_within_nested_evaluation_window
s11-a27f957407265d4e,reactive-no-digital-twin,baseline,2,HSI,0.3,task_within_nested_evaluation_window
s11-a27f957407265d4e,reactive-no-digital-twin,baseline,2,HSI,0.4,task_within_nested_evaluation_window
s11-a27f957407265d4e,reactive-no-digital-twin,baseline,2,HSI,0.5,task_within_nested_evaluation_window
s11-a27f957407265d4e,reactive-no-digital-twin,baseline,2,HSI,0.6,task_within_nested_evaluation_window
s11-a27f957407265d4e,reactive-no-digital-twin,baseline,2,HSI,0.7,task_within_nested_evaluation_window
s11-a27f957407265d4e,reactive-no-digital-twin,baseline,2,HSI,0.8,task_within_nested_evaluation_window
s11-a27f957407265d4e,reactive-no-digital-twin,baseline,2,HSI,0.9,task_within_nested_evaluation_window
s11-a27f957407265d4e,reactive-no-digital-twin,baseline,2,HSI,0.0,task_within_nested_evaluation_window
s11-a27f957407265d4e,reactive-no-digital-twin,baseline,2,HSI,0.1,task_within_nested_evaluation_window
s11-a27f957407265d4e,reactive-no-digital-twin,baseline,2,HSI,0.2,task_within_nested_evaluation_window
s11-a27f957407265d4e,reactive-no-digital-twin,baseline,2,HSI,0.3,task_within_nested_evaluation_window
s11-a27f957407265d4e,reactive-no-digital-twin,baseline,2,HSI,0.4,task_within_nested_evaluation_window
s11-a27f957407265d4e,reactive-no-digital-twin,baseline,2,HSI,0.5,task_within_nested_evaluation_window
s11-a27f957407265d4e,reactive-no-digital-twin,baseline,2,HSI,0.6,task_within_nested_evaluation_window
s11-a27f957407265d4e,reactive-no-digital-twin,baseline,2,HSI,0.7,task_within_nested_evaluation_window
s11-a27f957407265d4e,reactive-no-digital-twin,baseline,2,HSI,0.8,task_within_nested_evaluation_window
s11-a27f957407265d4e,reactive-no-digital-twin,baseline,2,HSI,0.9,task_within_nested_evaluation_window
s11-a27f957407265d4e,reactive-no-digital-twin,baseline,2,avg_task_latency_s,370.7388888888889,nested_evaluation_window
s11-a27f957407265d4e,reactive-no-digital-twin,baseline,2,physical_energy_j,951405.5632400513,nested_evaluation_window
s11-a27f957407265d4e,reactive-no-digital-twin,baseline,2,episode_reward,-209.18455788469873,nested_evaluation_window
s11-a27f957407265d4e,reactive-no-digital-twin,baseline,2,HSI,0.0,task_within_nested_evaluation_window
s11-a27f957407265d4e,reactive-no-digital-twin,baseline,2,HSI,0.1,task_within_nested_evaluation_window
s11-a27f957407265d4e,reactive-no-digital-twin,baseline,2,HSI,0.2,task_within_nested_evaluation_window
s11-a27f957407265d4e,reactive-no-digital-twin,baseline,2,HSI,0.3,task_within_nested_evaluation_window
s11-a27f957407265d4e,reactive-no-digital-twin,baseline,2,HSI,0.4,task_within_nested_evaluation_window
s11-a27f957407265d4e,reactive-no-digital-twin,baseline,2,HSI,0.5,task_within_nested_evaluation_window
s11-a27f957407265d4e,reactive-no-digital-twin,baseline,2,HSI,0.6,task_within_nested_evaluation_window
s11-a27f957407265d4e,reactive-no-digital-twin,baseline,2,HSI,0.7,task_within_nested_evaluation_window
s11-a27f957407265d4e,reactive-no-digital-twin,baseline,2,HSI,0.8,task_within_nested_evaluation_window
s11-a27f957407265d4e,reactive-no-digital-twin,baseline,2,HSI,0.9,task_within_nested_evaluation_window
s11-a27f957407265d4e,reactive-no-digital-twin,baseline,2,HSI,0.0,task_within_nested_evaluation_window
s11-a27f957407265d4e,reactive-no-digital-twin,baseline,2,HSI,0.1,task_within_nested_evaluation_window
s11-a27f957407265d4e,reactive-no-digital-twin,baseline,2,HSI,0.2,task_within_nested_evaluation_window
s11-a27f957407265d4e,reactive-no-digital-twin,baseline,2,HSI,0.3,task_within_nested_evaluation_window
s11-a27f957407265d4e,reactive-no-digital-twin,baseline,2,HSI,0.4,task_within_nested_evaluation_window
s11-a27f957407265d4e,reactive-no-digital-twin,baseline,2,HSI,0.5,task_within_nested_evaluation_window
s11-a27f957407265d4e,reactive-no-digital-twin,baseline,2,HSI,0.6,task_within_nested_evaluation_window
s11-a27f957407265d4e,reactive-no-digital-twin,baseline,2,HSI,0.7,task_within_nested_evaluation_window
s11-a27f957407265d4e,reactive-no-digital-twin,baseline,2,HSI,0.8,task_within_nested_evaluation_window
s11-a27f957407265d4e,reactive-no-digital-twin,baseline,2,HSI,0.9,task_within_nested_evaluation_window
s11-a27f957407265d4e,reactive-no-digital-twin,baseline,2,HSI,0.0,task_within_nested_evaluation_window
s11-a27f957407265d4e,reactive-no-digital-twin,baseline,2,HSI,0.1,task_within_nested_evaluation_window
s11-a27f957407265d4e,reactive-no-digital-twin,baseline,2,HSI,0.2,task_within_nested_evaluation_window
s11-a27f957407265d4e,reactive-no-digital-twin,baseline,2,HSI,0.3,task_within_nested_evaluation_window
s11-a27f957407265d4e,reactive-no-digital-twin,baseline,2,HSI,0.4,task_within_nested_evaluation_window
s11-a27f957407265d4e,reactive-no-digital-twin,baseline,2,HSI,0.5,task_within_nested_evaluation_window
s11-a27f957407265d4e,reactive-no-digital-twin,baseline,2,HSI,0.6,task_within_nested_evaluation_window
s11-a27f957407265d4e,reactive-no-digital-twin,baseline,2,HSI,0.7,task_within_nested_evaluation_window
s11-a27f957407265d4e,reactive-no-digital-twin,baseline,2,HSI,0.8,task_within_nested_evaluation_window
s11-a27f957407265d4e,reactive-no-digital-twin,baseline,2,HSI,0.9,task_within_nested_evaluation_window
s11-a27f957407265d4e,reactive-no-digital-twin,baseline,2,HSI,0.0,task_within_nested_evaluation_window
s11-a27f957407265d4e,reactive-no-digital-twin,baseline,2,HSI,0.1,task_within_nested_evaluation_window
s11-a27f957407265d4e,reactive-no-digital-twin,baseline,2,HSI,0.2,task_within_nested_evaluation_window
s11-a27f957407265d4e,reactive-no-digital-twin,baseline,2,HSI,0.3,task_within_nested_evaluation_window
s11-a27f957407265d4e,reactive-no-digital-twin,baseline,2,HSI,0.4,task_within_nested_evaluation_window
s11-a27f957407265d4e,reactive-no-digital-twin,baseline,2,HSI,0.5,task_within_nested_evaluation_window
s11-a27f957407265d4e,reactive-no-digital-twin,baseline,2,HSI,0.6,task_within_nested_evaluation_window
s11-a27f957407265d4e,reactive-no-digital-twin,baseline,2,HSI,0.7,task_within_nested_evaluation_window
s11-a27f957407265d4e,reactive-no-digital-twin,baseline,2,HSI,0.8,task_within_nested_evaluation_window
s11-a27f957407265d4e,reactive-no-digital-twin,baseline,2,HSI,0.9,task_within_nested_evaluation_window
s11-a27f957407265d4e,reactive-no-digital-twin,baseline,2,HSI,0.0,task_within_nested_evaluation_window
s11-a27f957407265d4e,reactive-no-digital-twin,baseline,2,HSI,0.1,task_within_nested_evaluation_window
s11-a27f957407265d4e,reactive-no-digital-twin,baseline,2,HSI,0.2,task_within_nested_evaluation_window
s11-a27f957407265d4e,reactive-no-digital-twin,baseline,2,HSI,0.3,task_within_nested_evaluation_window
s11-a27f957407265d4e,reactive-no-digital-twin,baseline,2,HSI,0.4,task_within_nested_evaluation_window
s11-a27f957407265d4e,reactive-no-digital-twin,baseline,2,HSI,0.5,task_within_nested_evaluation_window
s11-a27f957407265d4e,reactive-no-digital-twin,baseline,2,HSI,0.6,task_within_nested_evaluation_window
s11-a27f957407265d4e,reactive-no-digital-twin,baseline,2,HSI,0.7,task_within_nested_evaluation_window
s11-a27f957407265d4e,reactive-no-digital-twin,baseline,2,HSI,0.8,task_within_nested_evaluation_window
s11-a27f957407265d4e,reactive-no-digital-twin,baseline,2,HSI,0.9,task_within_nested_evaluation_window
s11-a27f957407265d4e,reactive-no-digital-twin,baseline,2,HSI,0.0,task_within_nested_evaluation_window
s11-a27f957407265d4e,reactive-no-digital-twin,baseline,2,HSI,0.1,task_within_nested_evaluation_window
s11-a27f957407265d4e,reactive-no-digital-twin,baseline,2,HSI,0.2,task_within_nested_evaluation_window
s11-a27f957407265d4e,reactive-no-digital-twin,baseline,2,HSI,0.3,task_within_nested_evaluation_window
s11-a27f957407265d4e,reactive-no-digital-twin,baseline,2,HSI,0.4,task_within_nested_evaluation_window
s11-a27f957407265d4e,reactive-no-digital-twin,baseline,2,HSI,0.5,task_within_nested_evaluation_window
s11-a27f957407265d4e,reactive-no-digital-twin,baseline,2,HSI,0.6,task_within_nested_evaluation_window
s11-a27f957407265d4e,reactive-no-digital-twin,baseline,2,HSI,0.7,task_within_nested_evaluation_window
s11-a27f957407265d4e,reactive-no-digital-twin,baseline,2,HSI,0.8,task_within_nested_evaluation_window
s11-a27f957407265d4e,reactive-no-digital-twin,baseline,2,HSI,0.9,task_within_nested_evaluation_window
s11-a27f957407265d4e,reactive-no-digital-twin,baseline,2,HSI,0.0,task_within_nested_evaluation_window
s11-a27f957407265d4e,reactive-no-digital-twin,baseline,2,HSI,0.1,task_within_nested_evaluation_window
s11-a27f957407265d4e,reactive-no-digital-twin,baseline,2,HSI,0.2,task_within_nested_evaluation_window
s11-a27f957407265d4e,reactive-no-digital-twin,baseline,2,HSI,0.3,task_within_nested_evaluation_window
s11-a27f957407265d4e,reactive-no-digital-twin,baseline,2,HSI,0.4,task_within_nested_evaluation_window
s11-a27f957407265d4e,reactive-no-digital-twin,baseline,2,HSI,0.5,task_within_nested_evaluation_window
s11-a27f957407265d4e,reactive-no-digital-twin,baseline,2,HSI,0.6,task_within_nested_evaluation_window
s11-a27f957407265d4e,reactive-no-digital-twin,baseline,2,HSI,0.7,task_within_nested_evaluation_window
s11-a27f957407265d4e,reactive-no-digital-twin,baseline,2,HSI,0.8,task_within_nested_evaluation_window
s11-a27f957407265d4e,reactive-no-digital-twin,baseline,2,HSI,0.9,task_within_nested_evaluation_window
s11-a27f957407265d4e,reactive-no-digital-twin,baseline,2,HSI,0.0,task_within_nested_evaluation_window
s11-a27f957407265d4e,reactive-no-digital-twin,baseline,2,HSI,0.1,task_within_nested_evaluation_window
s11-a27f957407265d4e,reactive-no-digital-twin,baseline,2,HSI,0.2,task_within_nested_evaluation_window
s11-a27f957407265d4e,reactive-no-digital-twin,baseline,2,HSI,0.3,task_within_nested_evaluation_window
s11-a27f957407265d4e,reactive-no-digital-twin,baseline,2,HSI,0.4,task_within_nested_evaluation_window
s11-a27f957407265d4e,reactive-no-digital-twin,baseline,2,HSI,0.5,task_within_nested_evaluation_window
s11-a27f957407265d4e,reactive-no-digital-twin,baseline,2,HSI,0.6,task_within_nested_evaluation_window
s11-a27f957407265d4e,reactive-no-digital-twin,baseline,2,HSI,0.7,task_within_nested_evaluation_window
s11-a27f957407265d4e,reactive-no-digital-twin,baseline,2,HSI,0.8,task_within_nested_evaluation_window
s11-a27f957407265d4e,reactive-no-digital-twin,baseline,2,HSI,0.9,task_within_nested_evaluation_window
s11-a27f957407265d4e,reactive-no-digital-twin,baseline,2,HSI,0.0,task_within_nested_evaluation_window
s11-a27f957407265d4e,reactive-no-digital-twin,baseline,2,HSI,0.1,task_within_nested_evaluation_window
s11-a27f957407265d4e,reactive-no-digital-twin,baseline,2,HSI,0.2,task_within_nested_evaluation_window
s11-a27f957407265d4e,reactive-no-digital-twin,baseline,2,HSI,0.3,task_within_nested_evaluation_window
s11-a27f957407265d4e,reactive-no-digital-twin,baseline,2,HSI,0.4,task_within_nested_evaluation_window
s11-a27f957407265d4e,reactive-no-digital-twin,baseline,2,HSI,0.5,task_within_nested_evaluation_window
s11-a27f957407265d4e,reactive-no-digital-twin,baseline,2,HSI,0.6,task_within_nested_evaluation_window
s11-a27f957407265d4e,reactive-no-digital-twin,baseline,2,HSI,0.7,task_within_nested_evaluation_window
s11-a27f957407265d4e,reactive-no-digital-twin,baseline,2,HSI,0.8,task_within_nested_evaluation_window
s11-a27f957407265d4e,reactive-no-digital-twin,baseline,2,HSI,0.9,task_within_nested_evaluation_window
s11-a27f957407265d4e,reactive-no-digital-twin,baseline,2,HSI,0.0,task_within_nested_evaluation_window
s11-a27f957407265d4e,reactive-no-digital-twin,baseline,2,HSI,0.1,task_within_nested_evaluation_window
s11-a27f957407265d4e,reactive-no-digital-twin,baseline,2,HSI,0.2,task_within_nested_evaluation_window
s11-a27f957407265d4e,reactive-no-digital-twin,baseline,2,HSI,0.3,task_within_nested_evaluation_window
s11-a27f957407265d4e,reactive-no-digital-twin,baseline,2,HSI,0.4,task_within_nested_evaluation_window
s11-a27f957407265d4e,reactive-no-digital-twin,baseline,2,HSI,0.5,task_within_nested_evaluation_window
s11-a27f957407265d4e,reactive-no-digital-twin,baseline,2,HSI,0.6,task_within_nested_evaluation_window
s11-a27f957407265d4e,reactive-no-digital-twin,baseline,2,HSI,0.7,task_within_nested_evaluation_window
s11-a27f957407265d4e,reactive-no-digital-twin,baseline,2,HSI,0.8,task_within_nested_evaluation_window
s11-a27f957407265d4e,reactive-no-digital-twin,baseline,2,HSI,0.9,task_within_nested_evaluation_window
s11-a27f957407265d4e,reactive-no-digital-twin,baseline,2,HSI,0.0,task_within_nested_evaluation_window
s11-a27f957407265d4e,reactive-no-digital-twin,baseline,2,HSI,0.1,task_within_nested_evaluation_window
s11-a27f957407265d4e,reactive-no-digital-twin,baseline,2,HSI,0.2,task_within_nested_evaluation_window
s11-a27f957407265d4e,reactive-no-digital-twin,baseline,2,HSI,0.3,task_within_nested_evaluation_window
s11-a27f957407265d4e,reactive-no-digital-twin,baseline,2,HSI,0.4,task_within_nested_evaluation_window
s11-a27f957407265d4e,reactive-no-digital-twin,baseline,2,HSI,0.5,task_within_nested_evaluation_window
s11-a27f957407265d4e,reactive-no-digital-twin,baseline,2,HSI,0.6,task_within_nested_evaluation_window
s11-a27f957407265d4e,reactive-no-digital-twin,baseline,2,HSI,0.7,task_within_nested_evaluation_window
s11-a27f957407265d4e,reactive-no-digital-twin,baseline,2,HSI,0.8,task_within_nested_evaluation_window
s11-a27f957407265d4e,reactive-no-digital-twin,baseline,2,HSI,0.9,task_within_nested_evaluation_window
s11-a27f957407265d4e,reactive-no-digital-twin,baseline,2,HSI,0.0,task_within_nested_evaluation_window
s11-a27f957407265d4e,reactive-no-digital-twin,baseline,2,HSI,0.1,task_within_nested_evaluation_window
s11-a27f957407265d4e,reactive-no-digital-twin,baseline,2,HSI,0.2,task_within_nested_evaluation_window
s11-a27f957407265d4e,reactive-no-digital-twin,baseline,2,HSI,0.3,task_within_nested_evaluation_window
s11-a27f957407265d4e,reactive-no-digital-twin,baseline,2,HSI,0.4,task_within_nested_evaluation_window
s11-a27f957407265d4e,reactive-no-digital-twin,baseline,2,HSI,0.5,task_within_nested_evaluation_window
s11-a27f957407265d4e,reactive-no-digital-twin,baseline,2,HSI,0.6,task_within_nested_evaluation_window
s11-a27f957407265d4e,reactive-no-digital-twin,baseline,2,HSI,0.7,task_within_nested_evaluation_window
s11-a27f957407265d4e,reactive-no-digital-twin,baseline,2,HSI,0.8,task_within_nested_evaluation_window
s11-a27f957407265d4e,reactive-no-digital-twin,baseline,2,HSI,0.9,task_within_nested_evaluation_window
s11-a27f957407265d4e,reactive-no-digital-twin,baseline,2,avg_task_latency_s,364.71,nested_evaluation_window
s11-a27f957407265d4e,reactive-no-digital-twin,baseline,2,physical_energy_j,954330.7917633054,nested_evaluation_window
s11-a27f957407265d4e,reactive-no-digital-twin,baseline,2,episode_reward,-158.12639430980198,nested_evaluation_window
s11-a27f957407265d4e,reactive-no-digital-twin,baseline,2,HSI,0.0,task_within_nested_evaluation_window
s11-a27f957407265d4e,reactive-no-digital-twin,baseline,2,HSI,0.1,task_within_nested_evaluation_window
s11-a27f957407265d4e,reactive-no-digital-twin,baseline,2,HSI,0.2,task_within_nested_evaluation_window
s11-a27f957407265d4e,reactive-no-digital-twin,baseline,2,HSI,0.3,task_within_nested_evaluation_window
s11-a27f957407265d4e,reactive-no-digital-twin,baseline,2,HSI,0.4,task_within_nested_evaluation_window
s11-a27f957407265d4e,reactive-no-digital-twin,baseline,2,HSI,0.5,task_within_nested_evaluation_window
s11-a27f957407265d4e,reactive-no-digital-twin,baseline,2,HSI,0.6,task_within_nested_evaluation_window
s11-a27f957407265d4e,reactive-no-digital-twin,baseline,2,HSI,0.7,task_within_nested_evaluation_window
s11-a27f957407265d4e,reactive-no-digital-twin,baseline,2,HSI,0.8,task_within_nested_evaluation_window
s11-a27f957407265d4e,reactive-no-digital-twin,baseline,2,HSI,0.9,task_within_nested_evaluation_window
s11-a27f957407265d4e,reactive-no-digital-twin,baseline,2,HSI,0.0,task_within_nested_evaluation_window
s11-a27f957407265d4e,reactive-no-digital-twin,baseline,2,HSI,0.1,task_within_nested_evaluation_window
s11-a27f957407265d4e,reactive-no-digital-twin,baseline,2,HSI,0.2,task_within_nested_evaluation_window
s11-a27f957407265d4e,reactive-no-digital-twin,baseline,2,HSI,0.3,task_within_nested_evaluation_window
s11-a27f957407265d4e,reactive-no-digital-twin,baseline,2,HSI,0.4,task_within_nested_evaluation_window
s11-a27f957407265d4e,reactive-no-digital-twin,baseline,2,HSI,0.5,task_within_nested_evaluation_window
s11-a27f957407265d4e,reactive-no-digital-twin,baseline,2,HSI,0.6,task_within_nested_evaluation_window
s11-a27f957407265d4e,reactive-no-digital-twin,baseline,2,HSI,0.7,task_within_nested_evaluation_window
s11-a27f957407265d4e,reactive-no-digital-twin,baseline,2,HSI,0.8,task_within_nested_evaluation_window
s11-a27f957407265d4e,reactive-no-digital-twin,baseline,2,HSI,0.9,task_within_nested_evaluation_window
s11-a27f957407265d4e,reactive-no-digital-twin,baseline,2,HSI,0.0,task_within_nested_evaluation_window
s11-a27f957407265d4e,reactive-no-digital-twin,baseline,2,HSI,0.1,task_within_nested_evaluation_window
s11-a27f957407265d4e,reactive-no-digital-twin,baseline,2,HSI,0.2,task_within_nested_evaluation_window
s11-a27f957407265d4e,reactive-no-digital-twin,baseline,2,HSI,0.3,task_within_nested_evaluation_window
s11-a27f957407265d4e,reactive-no-digital-twin,baseline,2,HSI,0.4,task_within_nested_evaluation_window
s11-a27f957407265d4e,reactive-no-digital-twin,baseline,2,HSI,0.5,task_within_nested_evaluation_window
s11-a27f957407265d4e,reactive-no-digital-twin,baseline,2,HSI,0.6,task_within_nested_evaluation_window
s11-a27f957407265d4e,reactive-no-digital-twin,baseline,2,HSI,0.7,task_within_nested_evaluation_window
s11-a27f957407265d4e,reactive-no-digital-twin,baseline,2,HSI,0.8,task_within_nested_evaluation_window
s11-a27f957407265d4e,reactive-no-digital-twin,baseline,2,HSI,0.9,task_within_nested_evaluation_window
s11-a27f957407265d4e,reactive-no-digital-twin,baseline,2,HSI,0.0,task_within_nested_evaluation_window
s11-a27f957407265d4e,reactive-no-digital-twin,baseline,2,HSI,0.1,task_within_nested_evaluation_window
s11-a27f957407265d4e,reactive-no-digital-twin,baseline,2,HSI,0.2,task_within_nested_evaluation_window
s11-a27f957407265d4e,reactive-no-digital-twin,baseline,2,HSI,0.3,task_within_nested_evaluation_window
s11-a27f957407265d4e,reactive-no-digital-twin,baseline,2,HSI,0.4,task_within_nested_evaluation_window
s11-a27f957407265d4e,reactive-no-digital-twin,baseline,2,HSI,0.5,task_within_nested_evaluation_window
s11-a27f957407265d4e,reactive-no-digital-twin,baseline,2,HSI,0.6,task_within_nested_evaluation_window
s11-a27f957407265d4e,reactive-no-digital-twin,baseline,2,HSI,0.7,task_within_nested_evaluation_window
s11-a27f957407265d4e,reactive-no-digital-twin,baseline,2,HSI,0.8,task_within_nested_evaluation_window
s11-a27f957407265d4e,reactive-no-digital-twin,baseline,2,HSI,0.9,task_within_nested_evaluation_window
s11-a27f957407265d4e,reactive-no-digital-twin,baseline,2,HSI,0.0,task_within_nested_evaluation_window
s11-a27f957407265d4e,reactive-no-digital-twin,baseline,2,HSI,0.1,task_within_nested_evaluation_window
s11-a27f957407265d4e,reactive-no-digital-twin,baseline,2,HSI,0.2,task_within_nested_evaluation_window
s11-a27f957407265d4e,reactive-no-digital-twin,baseline,2,HSI,0.3,task_within_nested_evaluation_window
s11-a27f957407265d4e,reactive-no-digital-twin,baseline,2,HSI,0.4,task_within_nested_evaluation_window
s11-a27f957407265d4e,reactive-no-digital-twin,baseline,2,HSI,0.5,task_within_nested_evaluation_window
s11-a27f957407265d4e,reactive-no-digital-twin,baseline,2,HSI,0.6,task_within_nested_evaluation_window
s11-a27f957407265d4e,reactive-no-digital-twin,baseline,2,HSI,0.7,task_within_nested_evaluation_window
s11-a27f957407265d4e,reactive-no-digital-twin,baseline,2,HSI,0.8,task_within_nested_evaluation_window
s11-a27f957407265d4e,reactive-no-digital-twin,baseline,2,HSI,0.9,task_within_nested_evaluation_window
s11-a27f957407265d4e,reactive-no-digital-twin,baseline,2,HSI,0.0,task_within_nested_evaluation_window
s11-a27f957407265d4e,reactive-no-digital-twin,baseline,2,HSI,0.1,task_within_nested_evaluation_window
s11-a27f957407265d4e,reactive-no-digital-twin,baseline,2,HSI,0.2,task_within_nested_evaluation_window
s11-a27f957407265d4e,reactive-no-digital-twin,baseline,2,HSI,0.3,task_within_nested_evaluation_window
s11-a27f957407265d4e,reactive-no-digital-twin,baseline,2,HSI,0.4,task_within_nested_evaluation_window
s11-a27f957407265d4e,reactive-no-digital-twin,baseline,2,HSI,0.5,task_within_nested_evaluation_window
s11-a27f957407265d4e,reactive-no-digital-twin,baseline,2,HSI,0.6,task_within_nested_evaluation_window
s11-a27f957407265d4e,reactive-no-digital-twin,baseline,2,HSI,0.7,task_within_nested_evaluation_window
s11-a27f957407265d4e,reactive-no-digital-twin,baseline,2,HSI,0.8,task_within_nested_evaluation_window
s11-a27f957407265d4e,reactive-no-digital-twin,baseline,2,HSI,0.9,task_within_nested_evaluation_window
s11-a27f957407265d4e,reactive-no-digital-twin,baseline,2,HSI,0.0,task_within_nested_evaluation_window
s11-a27f957407265d4e,reactive-no-digital-twin,baseline,2,HSI,0.1,task_within_nested_evaluation_window
s11-a27f957407265d4e,reactive-no-digital-twin,baseline,2,HSI,0.2,task_within_nested_evaluation_window
s11-a27f957407265d4e,reactive-no-digital-twin,baseline,2,HSI,0.3,task_within_nested_evaluation_window
s11-a27f957407265d4e,reactive-no-digital-twin,baseline,2,HSI,0.4,task_within_nested_evaluation_window
s11-a27f957407265d4e,reactive-no-digital-twin,baseline,2,HSI,0.5,task_within_nested_evaluation_window
s11-a27f957407265d4e,reactive-no-digital-twin,baseline,2,HSI,0.6,task_within_nested_evaluation_window
s11-a27f957407265d4e,reactive-no-digital-twin,baseline,2,HSI,0.7,task_within_nested_evaluation_window
s11-a27f957407265d4e,reactive-no-digital-twin,baseline,2,HSI,0.8,task_within_nested_evaluation_window
s11-a27f957407265d4e,reactive-no-digital-twin,baseline,2,HSI,0.9,task_within_nested_evaluation_window
s11-a27f957407265d4e,reactive-no-digital-twin,baseline,2,HSI,0.0,task_within_nested_evaluation_window
s11-a27f957407265d4e,reactive-no-digital-twin,baseline,2,HSI,0.1,task_within_nested_evaluation_window
s11-a27f957407265d4e,reactive-no-digital-twin,baseline,2,HSI,0.2,task_within_nested_evaluation_window
s11-a27f957407265d4e,reactive-no-digital-twin,baseline,2,HSI,0.3,task_within_nested_evaluation_window
s11-a27f957407265d4e,reactive-no-digital-twin,baseline,2,HSI,0.4,task_within_nested_evaluation_window
s11-a27f957407265d4e,reactive-no-digital-twin,baseline,2,HSI,0.5,task_within_nested_evaluation_window
s11-a27f957407265d4e,reactive-no-digital-twin,baseline,2,HSI,0.6,task_within_nested_evaluation_window
s11-a27f957407265d4e,reactive-no-digital-twin,baseline,2,HSI,0.7,task_within_nested_evaluation_window
s11-a27f957407265d4e,reactive-no-digital-twin,baseline,2,HSI,0.8,task_within_nested_evaluation_window
s11-a27f957407265d4e,reactive-no-digital-twin,baseline,2,HSI,0.9,task_within_nested_evaluation_window
s11-a27f957407265d4e,reactive-no-digital-twin,baseline,2,HSI,0.0,task_within_nested_evaluation_window
s11-a27f957407265d4e,reactive-no-digital-twin,baseline,2,HSI,0.1,task_within_nested_evaluation_window
s11-a27f957407265d4e,reactive-no-digital-twin,baseline,2,HSI,0.2,task_within_nested_evaluation_window
s11-a27f957407265d4e,reactive-no-digital-twin,baseline,2,HSI,0.3,task_within_nested_evaluation_window
s11-a27f957407265d4e,reactive-no-digital-twin,baseline,2,HSI,0.4,task_within_nested_evaluation_window
s11-a27f957407265d4e,reactive-no-digital-twin,baseline,2,HSI,0.5,task_within_nested_evaluation_window
s11-a27f957407265d4e,reactive-no-digital-twin,baseline,2,HSI,0.6,task_within_nested_evaluation_window
s11-a27f957407265d4e,reactive-no-digital-twin,baseline,2,HSI,0.7,task_within_nested_evaluation_window
s11-a27f957407265d4e,reactive-no-digital-twin,baseline,2,HSI,0.8,task_within_nested_evaluation_window
s11-a27f957407265d4e,reactive-no-digital-twin,baseline,2,HSI,0.9,task_within_nested_evaluation_window
s11-a27f957407265d4e,reactive-no-digital-twin,baseline,2,HSI,0.0,task_within_nested_evaluation_window
s11-a27f957407265d4e,reactive-no-digital-twin,baseline,2,HSI,0.1,task_within_nested_evaluation_window
s11-a27f957407265d4e,reactive-no-digital-twin,baseline,2,HSI,0.2,task_within_nested_evaluation_window
s11-a27f957407265d4e,reactive-no-digital-twin,baseline,2,HSI,0.3,task_within_nested_evaluation_window
s11-a27f957407265d4e,reactive-no-digital-twin,baseline,2,HSI,0.4,task_within_nested_evaluation_window
s11-a27f957407265d4e,reactive-no-digital-twin,baseline,2,HSI,0.5,task_within_nested_evaluation_window
s11-a27f957407265d4e,reactive-no-digital-twin,baseline,2,HSI,0.6,task_within_nested_evaluation_window
s11-a27f957407265d4e,reactive-no-digital-twin,baseline,2,HSI,0.7,task_within_nested_evaluation_window
s11-a27f957407265d4e,reactive-no-digital-twin,baseline,2,HSI,0.8,task_within_nested_evaluation_window
s11-a27f957407265d4e,reactive-no-digital-twin,baseline,2,HSI,0.9,task_within_nested_evaluation_window
s11-a27f957407265d4e,reactive-no-digital-twin,baseline,2,HSI,0.0,task_within_nested_evaluation_window
s11-a27f957407265d4e,reactive-no-digital-twin,baseline,2,HSI,0.1,task_within_nested_evaluation_window
s11-a27f957407265d4e,reactive-no-digital-twin,baseline,2,HSI,0.2,task_within_nested_evaluation_window
s11-a27f957407265d4e,reactive-no-digital-twin,baseline,2,HSI,0.3,task_within_nested_evaluation_window
s11-a27f957407265d4e,reactive-no-digital-twin,baseline,2,HSI,0.4,task_within_nested_evaluation_window
s11-a27f957407265d4e,reactive-no-digital-twin,baseline,2,HSI,0.5,task_within_nested_evaluation_window
s11-a27f957407265d4e,reactive-no-digital-twin,baseline,2,HSI,0.6,task_within_nested_evaluation_window
s11-a27f957407265d4e,reactive-no-digital-twin,baseline,2,HSI,0.7,task_within_nested_evaluation_window
s11-a27f957407265d4e,reactive-no-digital-twin,baseline,2,HSI,0.8,task_within_nested_evaluation_window
s11-a27f957407265d4e,reactive-no-digital-twin,baseline,2,HSI,0.9,task_within_nested_evaluation_window
s11-a27f957407265d4e,reactive-no-digital-twin,baseline,2,HSI,0.0,task_within_nested_evaluation_window
s11-a27f957407265d4e,reactive-no-digital-twin,baseline,2,HSI,0.1,task_within_nested_evaluation_window
s11-a27f957407265d4e,reactive-no-digital-twin,baseline,2,HSI,0.2,task_within_nested_evaluation_window
s11-a27f957407265d4e,reactive-no-digital-twin,baseline,2,HSI,0.3,task_within_nested_evaluation_window
s11-a27f957407265d4e,reactive-no-digital-twin,baseline,2,HSI,0.4,task_within_nested_evaluation_window
s11-a27f957407265d4e,reactive-no-digital-twin,baseline,2,HSI,0.5,task_within_nested_evaluation_window
s11-a27f957407265d4e,reactive-no-digital-twin,baseline,2,HSI,0.6,task_within_nested_evaluation_window
s11-a27f957407265d4e,reactive-no-digital-twin,baseline,2,HSI,0.7,task_within_nested_evaluation_window
s11-a27f957407265d4e,reactive-no-digital-twin,baseline,2,HSI,0.8,task_within_nested_evaluation_window
s11-a27f957407265d4e,reactive-no-digital-twin,baseline,2,HSI,0.9,task_within_nested_evaluation_window
s11-a27f957407265d4e,reactive-no-digital-twin,baseline,2,avg_task_latency_s,363.56499999999994,nested_evaluation_window
s11-a27f957407265d4e,reactive-no-digital-twin,baseline,2,physical_energy_j,952412.5475692747,nested_evaluation_window
s11-a27f957407265d4e,reactive-no-digital-twin,baseline,2,episode_reward,-187.03254593419842,nested_evaluation_window
s11-a27f957407265d4e,reactive-no-digital-twin,baseline,2,HSI,0.0,task_within_nested_evaluation_window
s11-a27f957407265d4e,reactive-no-digital-twin,baseline,2,HSI,0.1,task_within_nested_evaluation_window
s11-a27f957407265d4e,reactive-no-digital-twin,baseline,2,HSI,0.2,task_within_nested_evaluation_window
s11-a27f957407265d4e,reactive-no-digital-twin,baseline,2,HSI,0.3,task_within_nested_evaluation_window
s11-a27f957407265d4e,reactive-no-digital-twin,baseline,2,HSI,0.4,task_within_nested_evaluation_window
s11-a27f957407265d4e,reactive-no-digital-twin,baseline,2,HSI,0.5,task_within_nested_evaluation_window
s11-a27f957407265d4e,reactive-no-digital-twin,baseline,2,HSI,0.6,task_within_nested_evaluation_window
s11-a27f957407265d4e,reactive-no-digital-twin,baseline,2,HSI,0.7,task_within_nested_evaluation_window
s11-a27f957407265d4e,reactive-no-digital-twin,baseline,2,HSI,0.8,task_within_nested_evaluation_window
s11-a27f957407265d4e,reactive-no-digital-twin,baseline,2,HSI,0.9,task_within_nested_evaluation_window
s11-a27f957407265d4e,reactive-no-digital-twin,baseline,2,HSI,0.0,task_within_nested_evaluation_window
s11-a27f957407265d4e,reactive-no-digital-twin,baseline,2,HSI,0.1,task_within_nested_evaluation_window
s11-a27f957407265d4e,reactive-no-digital-twin,baseline,2,HSI,0.2,task_within_nested_evaluation_window
s11-a27f957407265d4e,reactive-no-digital-twin,baseline,2,HSI,0.3,task_within_nested_evaluation_window
s11-a27f957407265d4e,reactive-no-digital-twin,baseline,2,HSI,0.4,task_within_nested_evaluation_window
s11-a27f957407265d4e,reactive-no-digital-twin,baseline,2,HSI,0.5,task_within_nested_evaluation_window
s11-a27f957407265d4e,reactive-no-digital-twin,baseline,2,HSI,0.6,task_within_nested_evaluation_window
s11-a27f957407265d4e,reactive-no-digital-twin,baseline,2,HSI,0.7,task_within_nested_evaluation_window
s11-a27f957407265d4e,reactive-no-digital-twin,baseline,2,HSI,0.8,task_within_nested_evaluation_window
s11-a27f957407265d4e,reactive-no-digital-twin,baseline,2,HSI,0.9,task_within_nested_evaluation_window
s11-a27f957407265d4e,reactive-no-digital-twin,baseline,2,HSI,0.0,task_within_nested_evaluation_window
s11-a27f957407265d4e,reactive-no-digital-twin,baseline,2,HSI,0.1,task_within_nested_evaluation_window
s11-a27f957407265d4e,reactive-no-digital-twin,baseline,2,HSI,0.2,task_within_nested_evaluation_window
s11-a27f957407265d4e,reactive-no-digital-twin,baseline,2,HSI,0.3,task_within_nested_evaluation_window
s11-a27f957407265d4e,reactive-no-digital-twin,baseline,2,HSI,0.4,task_within_nested_evaluation_window
s11-a27f957407265d4e,reactive-no-digital-twin,baseline,2,HSI,0.5,task_within_nested_evaluation_window
s11-a27f957407265d4e,reactive-no-digital-twin,baseline,2,HSI,0.6,task_within_nested_evaluation_window
s11-a27f957407265d4e,reactive-no-digital-twin,baseline,2,HSI,0.7,task_within_nested_evaluation_window
s11-a27f957407265d4e,reactive-no-digital-twin,baseline,2,HSI,0.8,task_within_nested_evaluation_window
s11-a27f957407265d4e,reactive-no-digital-twin,baseline,2,HSI,0.9,task_within_nested_evaluation_window
s11-a27f957407265d4e,reactive-no-digital-twin,baseline,2,HSI,0.0,task_within_nested_evaluation_window
s11-a27f957407265d4e,reactive-no-digital-twin,baseline,2,HSI,0.1,task_within_nested_evaluation_window
s11-a27f957407265d4e,reactive-no-digital-twin,baseline,2,HSI,0.2,task_within_nested_evaluation_window
s11-a27f957407265d4e,reactive-no-digital-twin,baseline,2,HSI,0.3,task_within_nested_evaluation_window
s11-a27f957407265d4e,reactive-no-digital-twin,baseline,2,HSI,0.4,task_within_nested_evaluation_window
s11-a27f957407265d4e,reactive-no-digital-twin,baseline,2,HSI,0.5,task_within_nested_evaluation_window
s11-a27f957407265d4e,reactive-no-digital-twin,baseline,2,HSI,0.6,task_within_nested_evaluation_window
s11-a27f957407265d4e,reactive-no-digital-twin,baseline,2,HSI,0.7,task_within_nested_evaluation_window
s11-a27f957407265d4e,reactive-no-digital-twin,baseline,2,HSI,0.8,task_within_nested_evaluation_window
s11-a27f957407265d4e,reactive-no-digital-twin,baseline,2,HSI,0.9,task_within_nested_evaluation_window
s11-a27f957407265d4e,reactive-no-digital-twin,baseline,2,HSI,0.0,task_within_nested_evaluation_window
s11-a27f957407265d4e,reactive-no-digital-twin,baseline,2,HSI,0.1,task_within_nested_evaluation_window
s11-a27f957407265d4e,reactive-no-digital-twin,baseline,2,HSI,0.2,task_within_nested_evaluation_window
s11-a27f957407265d4e,reactive-no-digital-twin,baseline,2,HSI,0.3,task_within_nested_evaluation_window
s11-a27f957407265d4e,reactive-no-digital-twin,baseline,2,HSI,0.4,task_within_nested_evaluation_window
s11-a27f957407265d4e,reactive-no-digital-twin,baseline,2,HSI,0.5,task_within_nested_evaluation_window
s11-a27f957407265d4e,reactive-no-digital-twin,baseline,2,HSI,0.6,task_within_nested_evaluation_window
s11-a27f957407265d4e,reactive-no-digital-twin,baseline,2,HSI,0.7,task_within_nested_evaluation_window
s11-a27f957407265d4e,reactive-no-digital-twin,baseline,2,HSI,0.8,task_within_nested_evaluation_window
s11-a27f957407265d4e,reactive-no-digital-twin,baseline,2,HSI,0.9,task_within_nested_evaluation_window
s11-a27f957407265d4e,reactive-no-digital-twin,baseline,2,HSI,0.0,task_within_nested_evaluation_window
s11-a27f957407265d4e,reactive-no-digital-twin,baseline,2,HSI,0.1,task_within_nested_evaluation_window
s11-a27f957407265d4e,reactive-no-digital-twin,baseline,2,HSI,0.2,task_within_nested_evaluation_window
s11-a27f957407265d4e,reactive-no-digital-twin,baseline,2,HSI,0.3,task_within_nested_evaluation_window
s11-a27f957407265d4e,reactive-no-digital-twin,baseline,2,HSI,0.4,task_within_nested_evaluation_window
s11-a27f957407265d4e,reactive-no-digital-twin,baseline,2,HSI,0.5,task_within_nested_evaluation_window
s11-a27f957407265d4e,reactive-no-digital-twin,baseline,2,HSI,0.6,task_within_nested_evaluation_window
s11-a27f957407265d4e,reactive-no-digital-twin,baseline,2,HSI,0.7,task_within_nested_evaluation_window
s11-a27f957407265d4e,reactive-no-digital-twin,baseline,2,HSI,0.8,task_within_nested_evaluation_window
s11-a27f957407265d4e,reactive-no-digital-twin,baseline,2,HSI,0.9,task_within_nested_evaluation_window
s11-a27f957407265d4e,reactive-no-digital-twin,baseline,2,HSI,0.0,task_within_nested_evaluation_window
s11-a27f957407265d4e,reactive-no-digital-twin,baseline,2,HSI,0.1,task_within_nested_evaluation_window
s11-a27f957407265d4e,reactive-no-digital-twin,baseline,2,HSI,0.2,task_within_nested_evaluation_window
s11-a27f957407265d4e,reactive-no-digital-twin,baseline,2,HSI,0.3,task_within_nested_evaluation_window
s11-a27f957407265d4e,reactive-no-digital-twin,baseline,2,HSI,0.4,task_within_nested_evaluation_window
s11-a27f957407265d4e,reactive-no-digital-twin,baseline,2,HSI,0.5,task_within_nested_evaluation_window
s11-a27f957407265d4e,reactive-no-digital-twin,baseline,2,HSI,0.6,task_within_nested_evaluation_window
s11-a27f957407265d4e,reactive-no-digital-twin,baseline,2,HSI,0.7,task_within_nested_evaluation_window
s11-a27f957407265d4e,reactive-no-digital-twin,baseline,2,HSI,0.8,task_within_nested_evaluation_window
s11-a27f957407265d4e,reactive-no-digital-twin,baseline,2,HSI,0.9,task_within_nested_evaluation_window
s11-a27f957407265d4e,reactive-no-digital-twin,baseline,2,HSI,0.0,task_within_nested_evaluation_window
s11-a27f957407265d4e,reactive-no-digital-twin,baseline,2,HSI,0.1,task_within_nested_evaluation_window
s11-a27f957407265d4e,reactive-no-digital-twin,baseline,2,HSI,0.2,task_within_nested_evaluation_window
s11-a27f957407265d4e,reactive-no-digital-twin,baseline,2,HSI,0.3,task_within_nested_evaluation_window
s11-a27f957407265d4e,reactive-no-digital-twin,baseline,2,HSI,0.4,task_within_nested_evaluation_window
s11-a27f957407265d4e,reactive-no-digital-twin,baseline,2,HSI,0.5,task_within_nested_evaluation_window
s11-a27f957407265d4e,reactive-no-digital-twin,baseline,2,HSI,0.6,task_within_nested_evaluation_window
s11-a27f957407265d4e,reactive-no-digital-twin,baseline,2,HSI,0.7,task_within_nested_evaluation_window
s11-a27f957407265d4e,reactive-no-digital-twin,baseline,2,HSI,0.8,task_within_nested_evaluation_window
s11-a27f957407265d4e,reactive-no-digital-twin,baseline,2,HSI,0.9,task_within_nested_evaluation_window
s11-a27f957407265d4e,reactive-no-digital-twin,baseline,2,HSI,0.0,task_within_nested_evaluation_window
s11-a27f957407265d4e,reactive-no-digital-twin,baseline,2,HSI,0.1,task_within_nested_evaluation_window
s11-a27f957407265d4e,reactive-no-digital-twin,baseline,2,HSI,0.2,task_within_nested_evaluation_window
s11-a27f957407265d4e,reactive-no-digital-twin,baseline,2,HSI,0.3,task_within_nested_evaluation_window
s11-a27f957407265d4e,reactive-no-digital-twin,baseline,2,HSI,0.4,task_within_nested_evaluation_window
s11-a27f957407265d4e,reactive-no-digital-twin,baseline,2,HSI,0.5,task_within_nested_evaluation_window
s11-a27f957407265d4e,reactive-no-digital-twin,baseline,2,HSI,0.6,task_within_nested_evaluation_window
s11-a27f957407265d4e,reactive-no-digital-twin,baseline,2,HSI,0.7,task_within_nested_evaluation_window
s11-a27f957407265d4e,reactive-no-digital-twin,baseline,2,HSI,0.8,task_within_nested_evaluation_window
s11-a27f957407265d4e,reactive-no-digital-twin,baseline,2,HSI,0.9,task_within_nested_evaluation_window
s11-a27f957407265d4e,reactive-no-digital-twin,baseline,2,HSI,0.0,task_within_nested_evaluation_window
s11-a27f957407265d4e,reactive-no-digital-twin,baseline,2,HSI,0.1,task_within_nested_evaluation_window
s11-a27f957407265d4e,reactive-no-digital-twin,baseline,2,HSI,0.2,task_within_nested_evaluation_window
s11-a27f957407265d4e,reactive-no-digital-twin,baseline,2,HSI,0.3,task_within_nested_evaluation_window
s11-a27f957407265d4e,reactive-no-digital-twin,baseline,2,HSI,0.4,task_within_nested_evaluation_window
s11-a27f957407265d4e,reactive-no-digital-twin,baseline,2,HSI,0.5,task_within_nested_evaluation_window
s11-a27f957407265d4e,reactive-no-digital-twin,baseline,2,HSI,0.6,task_within_nested_evaluation_window
s11-a27f957407265d4e,reactive-no-digital-twin,baseline,2,HSI,0.7,task_within_nested_evaluation_window
s11-a27f957407265d4e,reactive-no-digital-twin,baseline,2,HSI,0.8,task_within_nested_evaluation_window
s11-a27f957407265d4e,reactive-no-digital-twin,baseline,2,HSI,0.9,task_within_nested_evaluation_window
s11-a27f957407265d4e,reactive-no-digital-twin,baseline,2,HSI,0.0,task_within_nested_evaluation_window
s11-a27f957407265d4e,reactive-no-digital-twin,baseline,2,HSI,0.1,task_within_nested_evaluation_window
s11-a27f957407265d4e,reactive-no-digital-twin,baseline,2,HSI,0.2,task_within_nested_evaluation_window
s11-a27f957407265d4e,reactive-no-digital-twin,baseline,2,HSI,0.3,task_within_nested_evaluation_window
s11-a27f957407265d4e,reactive-no-digital-twin,baseline,2,HSI,0.4,task_within_nested_evaluation_window
s11-a27f957407265d4e,reactive-no-digital-twin,baseline,2,HSI,0.5,task_within_nested_evaluation_window
s11-a27f957407265d4e,reactive-no-digital-twin,baseline,2,HSI,0.6,task_within_nested_evaluation_window
s11-a27f957407265d4e,reactive-no-digital-twin,baseline,2,HSI,0.7,task_within_nested_evaluation_window
s11-a27f957407265d4e,reactive-no-digital-twin,baseline,2,HSI,0.8,task_within_nested_evaluation_window
s11-a27f957407265d4e,reactive-no-digital-twin,baseline,2,HSI,0.9,task_within_nested_evaluation_window
s11-a27f957407265d4e,reactive-no-digital-twin,baseline,2,HSI,0.0,task_within_nested_evaluation_window
s11-a27f957407265d4e,reactive-no-digital-twin,baseline,2,HSI,0.1,task_within_nested_evaluation_window
s11-a27f957407265d4e,reactive-no-digital-twin,baseline,2,HSI,0.2,task_within_nested_evaluation_window
s11-a27f957407265d4e,reactive-no-digital-twin,baseline,2,HSI,0.3,task_within_nested_evaluation_window
s11-a27f957407265d4e,reactive-no-digital-twin,baseline,2,HSI,0.4,task_within_nested_evaluation_window
s11-a27f957407265d4e,reactive-no-digital-twin,baseline,2,HSI,0.5,task_within_nested_evaluation_window
s11-a27f957407265d4e,reactive-no-digital-twin,baseline,2,HSI,0.6,task_within_nested_evaluation_window
s11-a27f957407265d4e,reactive-no-digital-twin,baseline,2,HSI,0.7,task_within_nested_evaluation_window
s11-a27f957407265d4e,reactive-no-digital-twin,baseline,2,HSI,0.8,task_within_nested_evaluation_window
s11-a27f957407265d4e,reactive-no-digital-twin,baseline,2,HSI,0.9,task_within_nested_evaluation_window
s11-a27f957407265d4e,reactive-no-digital-twin,baseline,2,avg_task_latency_s,372.12216216216217,nested_evaluation_window
s11-a27f957407265d4e,reactive-no-digital-twin,baseline,2,physical_energy_j,953029.7629852293,nested_evaluation_window
s11-a27f957407265d4e,reactive-no-digital-twin,baseline,2,episode_reward,-176.0979741786141,nested_evaluation_window
s11-a27f957407265d4e,reactive-no-digital-twin,baseline,2,HSI,0.0,task_within_nested_evaluation_window
s11-a27f957407265d4e,reactive-no-digital-twin,baseline,2,HSI,0.1,task_within_nested_evaluation_window
s11-a27f957407265d4e,reactive-no-digital-twin,baseline,2,HSI,0.2,task_within_nested_evaluation_window
s11-a27f957407265d4e,reactive-no-digital-twin,baseline,2,HSI,0.3,task_within_nested_evaluation_window
s11-a27f957407265d4e,reactive-no-digital-twin,baseline,2,HSI,0.4,task_within_nested_evaluation_window
s11-a27f957407265d4e,reactive-no-digital-twin,baseline,2,HSI,0.5,task_within_nested_evaluation_window
s11-a27f957407265d4e,reactive-no-digital-twin,baseline,2,HSI,0.6,task_within_nested_evaluation_window
s11-a27f957407265d4e,reactive-no-digital-twin,baseline,2,HSI,0.7,task_within_nested_evaluation_window
s11-a27f957407265d4e,reactive-no-digital-twin,baseline,2,HSI,0.8,task_within_nested_evaluation_window
s11-a27f957407265d4e,reactive-no-digital-twin,baseline,2,HSI,0.9,task_within_nested_evaluation_window
s11-a27f957407265d4e,reactive-no-digital-twin,baseline,2,HSI,0.0,task_within_nested_evaluation_window
s11-a27f957407265d4e,reactive-no-digital-twin,baseline,2,HSI,0.1,task_within_nested_evaluation_window
s11-a27f957407265d4e,reactive-no-digital-twin,baseline,2,HSI,0.2,task_within_nested_evaluation_window
s11-a27f957407265d4e,reactive-no-digital-twin,baseline,2,HSI,0.3,task_within_nested_evaluation_window
s11-a27f957407265d4e,reactive-no-digital-twin,baseline,2,HSI,0.4,task_within_nested_evaluation_window
s11-a27f957407265d4e,reactive-no-digital-twin,baseline,2,HSI,0.5,task_within_nested_evaluation_window
s11-a27f957407265d4e,reactive-no-digital-twin,baseline,2,HSI,0.6,task_within_nested_evaluation_window
s11-a27f957407265d4e,reactive-no-digital-twin,baseline,2,HSI,0.7,task_within_nested_evaluation_window
s11-a27f957407265d4e,reactive-no-digital-twin,baseline,2,HSI,0.8,task_within_nested_evaluation_window
s11-a27f957407265d4e,reactive-no-digital-twin,baseline,2,HSI,0.9,task_within_nested_evaluation_window
s11-a27f957407265d4e,reactive-no-digital-twin,baseline,2,HSI,0.0,task_within_nested_evaluation_window
s11-a27f957407265d4e,reactive-no-digital-twin,baseline,2,HSI,0.1,task_within_nested_evaluation_window
s11-a27f957407265d4e,reactive-no-digital-twin,baseline,2,HSI,0.2,task_within_nested_evaluation_window
s11-a27f957407265d4e,reactive-no-digital-twin,baseline,2,HSI,0.3,task_within_nested_evaluation_window
s11-a27f957407265d4e,reactive-no-digital-twin,baseline,2,HSI,0.4,task_within_nested_evaluation_window
s11-a27f957407265d4e,reactive-no-digital-twin,baseline,2,HSI,0.5,task_within_nested_evaluation_window
s11-a27f957407265d4e,reactive-no-digital-twin,baseline,2,HSI,0.6,task_within_nested_evaluation_window
s11-a27f957407265d4e,reactive-no-digital-twin,baseline,2,HSI,0.7,task_within_nested_evaluation_window
s11-a27f957407265d4e,reactive-no-digital-twin,baseline,2,HSI,0.8,task_within_nested_evaluation_window
s11-a27f957407265d4e,reactive-no-digital-twin,baseline,2,HSI,0.9,task_within_nested_evaluation_window
s11-a27f957407265d4e,reactive-no-digital-twin,baseline,2,HSI,0.0,task_within_nested_evaluation_window
s11-a27f957407265d4e,reactive-no-digital-twin,baseline,2,HSI,0.1,task_within_nested_evaluation_window
s11-a27f957407265d4e,reactive-no-digital-twin,baseline,2,HSI,0.2,task_within_nested_evaluation_window
s11-a27f957407265d4e,reactive-no-digital-twin,baseline,2,HSI,0.3,task_within_nested_evaluation_window
s11-a27f957407265d4e,reactive-no-digital-twin,baseline,2,HSI,0.4,task_within_nested_evaluation_window
s11-a27f957407265d4e,reactive-no-digital-twin,baseline,2,HSI,0.5,task_within_nested_evaluation_window
s11-a27f957407265d4e,reactive-no-digital-twin,baseline,2,HSI,0.6,task_within_nested_evaluation_window
s11-a27f957407265d4e,reactive-no-digital-twin,baseline,2,HSI,0.7,task_within_nested_evaluation_window
s11-a27f957407265d4e,reactive-no-digital-twin,baseline,2,HSI,0.8,task_within_nested_evaluation_window
s11-a27f957407265d4e,reactive-no-digital-twin,baseline,2,HSI,0.9,task_within_nested_evaluation_window
s11-a27f957407265d4e,reactive-no-digital-twin,baseline,2,HSI,0.0,task_within_nested_evaluation_window
s11-a27f957407265d4e,reactive-no-digital-twin,baseline,2,HSI,0.1,task_within_nested_evaluation_window
s11-a27f957407265d4e,reactive-no-digital-twin,baseline,2,HSI,0.2,task_within_nested_evaluation_window
s11-a27f957407265d4e,reactive-no-digital-twin,baseline,2,HSI,0.3,task_within_nested_evaluation_window
s11-a27f957407265d4e,reactive-no-digital-twin,baseline,2,HSI,0.4,task_within_nested_evaluation_window
s11-a27f957407265d4e,reactive-no-digital-twin,baseline,2,HSI,0.5,task_within_nested_evaluation_window
s11-a27f957407265d4e,reactive-no-digital-twin,baseline,2,HSI,0.6,task_within_nested_evaluation_window
s11-a27f957407265d4e,reactive-no-digital-twin,baseline,2,HSI,0.7,task_within_nested_evaluation_window
s11-a27f957407265d4e,reactive-no-digital-twin,baseline,2,HSI,0.8,task_within_nested_evaluation_window
s11-a27f957407265d4e,reactive-no-digital-twin,baseline,2,HSI,0.9,task_within_nested_evaluation_window
s11-a27f957407265d4e,reactive-no-digital-twin,baseline,2,HSI,0.0,task_within_nested_evaluation_window
s11-a27f957407265d4e,reactive-no-digital-twin,baseline,2,HSI,0.1,task_within_nested_evaluation_window
s11-a27f957407265d4e,reactive-no-digital-twin,baseline,2,HSI,0.2,task_within_nested_evaluation_window
s11-a27f957407265d4e,reactive-no-digital-twin,baseline,2,HSI,0.3,task_within_nested_evaluation_window
s11-a27f957407265d4e,reactive-no-digital-twin,baseline,2,HSI,0.4,task_within_nested_evaluation_window
s11-a27f957407265d4e,reactive-no-digital-twin,baseline,2,HSI,0.5,task_within_nested_evaluation_window
s11-a27f957407265d4e,reactive-no-digital-twin,baseline,2,HSI,0.6,task_within_nested_evaluation_window
s11-a27f957407265d4e,reactive-no-digital-twin,baseline,2,HSI,0.7,task_within_nested_evaluation_window
s11-a27f957407265d4e,reactive-no-digital-twin,baseline,2,HSI,0.8,task_within_nested_evaluation_window
s11-a27f957407265d4e,reactive-no-digital-twin,baseline,2,HSI,0.9,task_within_nested_evaluation_window
s11-a27f957407265d4e,reactive-no-digital-twin,baseline,2,HSI,0.0,task_within_nested_evaluation_window
s11-a27f957407265d4e,reactive-no-digital-twin,baseline,2,HSI,0.1,task_within_nested_evaluation_window
s11-a27f957407265d4e,reactive-no-digital-twin,baseline,2,HSI,0.2,task_within_nested_evaluation_window
s11-a27f957407265d4e,reactive-no-digital-twin,baseline,2,HSI,0.3,task_within_nested_evaluation_window
s11-a27f957407265d4e,reactive-no-digital-twin,baseline,2,HSI,0.4,task_within_nested_evaluation_window
s11-a27f957407265d4e,reactive-no-digital-twin,baseline,2,HSI,0.5,task_within_nested_evaluation_window
s11-a27f957407265d4e,reactive-no-digital-twin,baseline,2,HSI,0.6,task_within_nested_evaluation_window
s11-a27f957407265d4e,reactive-no-digital-twin,baseline,2,HSI,0.7,task_within_nested_evaluation_window
s11-a27f957407265d4e,reactive-no-digital-twin,baseline,2,HSI,0.8,task_within_nested_evaluation_window
s11-a27f957407265d4e,reactive-no-digital-twin,baseline,2,HSI,0.9,task_within_nested_evaluation_window
s11-a27f957407265d4e,reactive-no-digital-twin,baseline,2,HSI,0.0,task_within_nested_evaluation_window
s11-a27f957407265d4e,reactive-no-digital-twin,baseline,2,HSI,0.1,task_within_nested_evaluation_window
s11-a27f957407265d4e,reactive-no-digital-twin,baseline,2,HSI,0.2,task_within_nested_evaluation_window
s11-a27f957407265d4e,reactive-no-digital-twin,baseline,2,HSI,0.3,task_within_nested_evaluation_window
s11-a27f957407265d4e,reactive-no-digital-twin,baseline,2,HSI,0.4,task_within_nested_evaluation_window
s11-a27f957407265d4e,reactive-no-digital-twin,baseline,2,HSI,0.5,task_within_nested_evaluation_window
s11-a27f957407265d4e,reactive-no-digital-twin,baseline,2,HSI,0.6,task_within_nested_evaluation_window
s11-a27f957407265d4e,reactive-no-digital-twin,baseline,2,HSI,0.7,task_within_nested_evaluation_window
s11-a27f957407265d4e,reactive-no-digital-twin,baseline,2,HSI,0.8,task_within_nested_evaluation_window
s11-a27f957407265d4e,reactive-no-digital-twin,baseline,2,HSI,0.9,task_within_nested_evaluation_window
s11-a27f957407265d4e,reactive-no-digital-twin,baseline,2,HSI,0.0,task_within_nested_evaluation_window
s11-a27f957407265d4e,reactive-no-digital-twin,baseline,2,HSI,0.1,task_within_nested_evaluation_window
s11-a27f957407265d4e,reactive-no-digital-twin,baseline,2,HSI,0.2,task_within_nested_evaluation_window
s11-a27f957407265d4e,reactive-no-digital-twin,baseline,2,HSI,0.3,task_within_nested_evaluation_window
s11-a27f957407265d4e,reactive-no-digital-twin,baseline,2,HSI,0.4,task_within_nested_evaluation_window
s11-a27f957407265d4e,reactive-no-digital-twin,baseline,2,HSI,0.5,task_within_nested_evaluation_window
s11-a27f957407265d4e,reactive-no-digital-twin,baseline,2,HSI,0.6,task_within_nested_evaluation_window
s11-a27f957407265d4e,reactive-no-digital-twin,baseline,2,HSI,0.7,task_within_nested_evaluation_window
s11-a27f957407265d4e,reactive-no-digital-twin,baseline,2,HSI,0.8,task_within_nested_evaluation_window
s11-a27f957407265d4e,reactive-no-digital-twin,baseline,2,HSI,0.9,task_within_nested_evaluation_window
s11-a27f957407265d4e,reactive-no-digital-twin,baseline,2,HSI,0.0,task_within_nested_evaluation_window
s11-a27f957407265d4e,reactive-no-digital-twin,baseline,2,HSI,0.1,task_within_nested_evaluation_window
s11-a27f957407265d4e,reactive-no-digital-twin,baseline,2,HSI,0.2,task_within_nested_evaluation_window
s11-a27f957407265d4e,reactive-no-digital-twin,baseline,2,HSI,0.3,task_within_nested_evaluation_window
s11-a27f957407265d4e,reactive-no-digital-twin,baseline,2,HSI,0.4,task_within_nested_evaluation_window
s11-a27f957407265d4e,reactive-no-digital-twin,baseline,2,HSI,0.5,task_within_nested_evaluation_window
s11-a27f957407265d4e,reactive-no-digital-twin,baseline,2,HSI,0.6,task_within_nested_evaluation_window
s11-a27f957407265d4e,reactive-no-digital-twin,baseline,2,HSI,0.7,task_within_nested_evaluation_window
s11-a27f957407265d4e,reactive-no-digital-twin,baseline,2,HSI,0.8,task_within_nested_evaluation_window
s11-a27f957407265d4e,reactive-no-digital-twin,baseline,2,HSI,0.9,task_within_nested_evaluation_window
s11-a27f957407265d4e,reactive-no-digital-twin,baseline,2,HSI,0.0,task_within_nested_evaluation_window
s11-a27f957407265d4e,reactive-no-digital-twin,baseline,2,HSI,0.1,task_within_nested_evaluation_window
s11-a27f957407265d4e,reactive-no-digital-twin,baseline,2,HSI,0.2,task_within_nested_evaluation_window
s11-a27f957407265d4e,reactive-no-digital-twin,baseline,2,HSI,0.3,task_within_nested_evaluation_window
s11-a27f957407265d4e,reactive-no-digital-twin,baseline,2,HSI,0.4,task_within_nested_evaluation_window
s11-a27f957407265d4e,reactive-no-digital-twin,baseline,2,HSI,0.5,task_within_nested_evaluation_window
s11-a27f957407265d4e,reactive-no-digital-twin,baseline,2,HSI,0.6,task_within_nested_evaluation_window
s11-a27f957407265d4e,reactive-no-digital-twin,baseline,2,HSI,0.7,task_within_nested_evaluation_window
s11-a27f957407265d4e,reactive-no-digital-twin,baseline,2,HSI,0.8,task_within_nested_evaluation_window
s11-a27f957407265d4e,reactive-no-digital-twin,baseline,2,HSI,0.9,task_within_nested_evaluation_window
s11-a27f957407265d4e,reactive-no-digital-twin,baseline,2,HSI,0.0,task_within_nested_evaluation_window
s11-a27f957407265d4e,reactive-no-digital-twin,baseline,2,HSI,0.1,task_within_nested_evaluation_window
s11-a27f957407265d4e,reactive-no-digital-twin,baseline,2,HSI,0.2,task_within_nested_evaluation_window
s11-a27f957407265d4e,reactive-no-digital-twin,baseline,2,HSI,0.3,task_within_nested_evaluation_window
s11-a27f957407265d4e,reactive-no-digital-twin,baseline,2,HSI,0.4,task_within_nested_evaluation_window
s11-a27f957407265d4e,reactive-no-digital-twin,baseline,2,HSI,0.5,task_within_nested_evaluation_window
s11-a27f957407265d4e,reactive-no-digital-twin,baseline,2,HSI,0.6,task_within_nested_evaluation_window
s11-a27f957407265d4e,reactive-no-digital-twin,baseline,2,HSI,0.7,task_within_nested_evaluation_window
s11-a27f957407265d4e,reactive-no-digital-twin,baseline,2,HSI,0.8,task_within_nested_evaluation_window
s11-a27f957407265d4e,reactive-no-digital-twin,baseline,2,HSI,0.9,task_within_nested_evaluation_window
s11-a27f957407265d4e,reactive-no-digital-twin,baseline,3,avg_task_latency_s,340.73939393939395,nested_evaluation_window
s11-a27f957407265d4e,reactive-no-digital-twin,baseline,3,physical_energy_j,937838.2598571777,nested_evaluation_window
s11-a27f957407265d4e,reactive-no-digital-twin,baseline,3,episode_reward,-241.73228372936137,nested_evaluation_window
s11-a27f957407265d4e,reactive-no-digital-twin,baseline,3,HSI,0.0,task_within_nested_evaluation_window
s11-a27f957407265d4e,reactive-no-digital-twin,baseline,3,HSI,0.1,task_within_nested_evaluation_window
s11-a27f957407265d4e,reactive-no-digital-twin,baseline,3,HSI,0.2,task_within_nested_evaluation_window
s11-a27f957407265d4e,reactive-no-digital-twin,baseline,3,HSI,0.3,task_within_nested_evaluation_window
s11-a27f957407265d4e,reactive-no-digital-twin,baseline,3,HSI,0.4,task_within_nested_evaluation_window
s11-a27f957407265d4e,reactive-no-digital-twin,baseline,3,HSI,0.5,task_within_nested_evaluation_window
s11-a27f957407265d4e,reactive-no-digital-twin,baseline,3,HSI,0.6,task_within_nested_evaluation_window
s11-a27f957407265d4e,reactive-no-digital-twin,baseline,3,HSI,0.7,task_within_nested_evaluation_window
s11-a27f957407265d4e,reactive-no-digital-twin,baseline,3,HSI,0.8,task_within_nested_evaluation_window
s11-a27f957407265d4e,reactive-no-digital-twin,baseline,3,HSI,0.9,task_within_nested_evaluation_window
s11-a27f957407265d4e,reactive-no-digital-twin,baseline,3,HSI,0.0,task_within_nested_evaluation_window
s11-a27f957407265d4e,reactive-no-digital-twin,baseline,3,HSI,0.1,task_within_nested_evaluation_window
s11-a27f957407265d4e,reactive-no-digital-twin,baseline,3,HSI,0.2,task_within_nested_evaluation_window
s11-a27f957407265d4e,reactive-no-digital-twin,baseline,3,HSI,0.3,task_within_nested_evaluation_window
s11-a27f957407265d4e,reactive-no-digital-twin,baseline,3,HSI,0.4,task_within_nested_evaluation_window
s11-a27f957407265d4e,reactive-no-digital-twin,baseline,3,HSI,0.5,task_within_nested_evaluation_window
s11-a27f957407265d4e,reactive-no-digital-twin,baseline,3,HSI,0.6,task_within_nested_evaluation_window
s11-a27f957407265d4e,reactive-no-digital-twin,baseline,3,HSI,0.7,task_within_nested_evaluation_window
s11-a27f957407265d4e,reactive-no-digital-twin,baseline,3,HSI,0.8,task_within_nested_evaluation_window
s11-a27f957407265d4e,reactive-no-digital-twin,baseline,3,HSI,0.9,task_within_nested_evaluation_window
s11-a27f957407265d4e,reactive-no-digital-twin,baseline,3,HSI,0.0,task_within_nested_evaluation_window
s11-a27f957407265d4e,reactive-no-digital-twin,baseline,3,HSI,0.1,task_within_nested_evaluation_window
s11-a27f957407265d4e,reactive-no-digital-twin,baseline,3,HSI,0.2,task_within_nested_evaluation_window
s11-a27f957407265d4e,reactive-no-digital-twin,baseline,3,HSI,0.3,task_within_nested_evaluation_window
s11-a27f957407265d4e,reactive-no-digital-twin,baseline,3,HSI,0.4,task_within_nested_evaluation_window
s11-a27f957407265d4e,reactive-no-digital-twin,baseline,3,HSI,0.5,task_within_nested_evaluation_window
s11-a27f957407265d4e,reactive-no-digital-twin,baseline,3,HSI,0.6,task_within_nested_evaluation_window
s11-a27f957407265d4e,reactive-no-digital-twin,baseline,3,HSI,0.7,task_within_nested_evaluation_window
s11-a27f957407265d4e,reactive-no-digital-twin,baseline,3,HSI,0.8,task_within_nested_evaluation_window
s11-a27f957407265d4e,reactive-no-digital-twin,baseline,3,HSI,0.9,task_within_nested_evaluation_window
s11-a27f957407265d4e,reactive-no-digital-twin,baseline,3,HSI,0.0,task_within_nested_evaluation_window
s11-a27f957407265d4e,reactive-no-digital-twin,baseline,3,HSI,0.1,task_within_nested_evaluation_window
s11-a27f957407265d4e,reactive-no-digital-twin,baseline,3,HSI,0.2,task_within_nested_evaluation_window
s11-a27f957407265d4e,reactive-no-digital-twin,baseline,3,HSI,0.3,task_within_nested_evaluation_window
s11-a27f957407265d4e,reactive-no-digital-twin,baseline,3,HSI,0.4,task_within_nested_evaluation_window
s11-a27f957407265d4e,reactive-no-digital-twin,baseline,3,HSI,0.5,task_within_nested_evaluation_window
s11-a27f957407265d4e,reactive-no-digital-twin,baseline,3,HSI,0.6,task_within_nested_evaluation_window
s11-a27f957407265d4e,reactive-no-digital-twin,baseline,3,HSI,0.7,task_within_nested_evaluation_window
s11-a27f957407265d4e,reactive-no-digital-twin,baseline,3,HSI,0.8,task_within_nested_evaluation_window
s11-a27f957407265d4e,reactive-no-digital-twin,baseline,3,HSI,0.9,task_within_nested_evaluation_window
s11-a27f957407265d4e,reactive-no-digital-twin,baseline,3,HSI,0.0,task_within_nested_evaluation_window
s11-a27f957407265d4e,reactive-no-digital-twin,baseline,3,HSI,0.1,task_within_nested_evaluation_window
s11-a27f957407265d4e,reactive-no-digital-twin,baseline,3,HSI,0.2,task_within_nested_evaluation_window
s11-a27f957407265d4e,reactive-no-digital-twin,baseline,3,HSI,0.3,task_within_nested_evaluation_window
s11-a27f957407265d4e,reactive-no-digital-twin,baseline,3,HSI,0.4,task_within_nested_evaluation_window
s11-a27f957407265d4e,reactive-no-digital-twin,baseline,3,HSI,0.5,task_within_nested_evaluation_window
s11-a27f957407265d4e,reactive-no-digital-twin,baseline,3,HSI,0.6,task_within_nested_evaluation_window
s11-a27f957407265d4e,reactive-no-digital-twin,baseline,3,HSI,0.7,task_within_nested_evaluation_window
s11-a27f957407265d4e,reactive-no-digital-twin,baseline,3,HSI,0.8,task_within_nested_evaluation_window
s11-a27f957407265d4e,reactive-no-digital-twin,baseline,3,HSI,0.9,task_within_nested_evaluation_window
s11-a27f957407265d4e,reactive-no-digital-twin,baseline,3,HSI,0.0,task_within_nested_evaluation_window
s11-a27f957407265d4e,reactive-no-digital-twin,baseline,3,HSI,0.1,task_within_nested_evaluation_window
s11-a27f957407265d4e,reactive-no-digital-twin,baseline,3,HSI,0.2,task_within_nested_evaluation_window
s11-a27f957407265d4e,reactive-no-digital-twin,baseline,3,HSI,0.3,task_within_nested_evaluation_window
s11-a27f957407265d4e,reactive-no-digital-twin,baseline,3,HSI,0.4,task_within_nested_evaluation_window
s11-a27f957407265d4e,reactive-no-digital-twin,baseline,3,HSI,0.5,task_within_nested_evaluation_window
s11-a27f957407265d4e,reactive-no-digital-twin,baseline,3,HSI,0.6,task_within_nested_evaluation_window
s11-a27f957407265d4e,reactive-no-digital-twin,baseline,3,HSI,0.7,task_within_nested_evaluation_window
s11-a27f957407265d4e,reactive-no-digital-twin,baseline,3,HSI,0.8,task_within_nested_evaluation_window
s11-a27f957407265d4e,reactive-no-digital-twin,baseline,3,HSI,0.9,task_within_nested_evaluation_window
s11-a27f957407265d4e,reactive-no-digital-twin,baseline,3,HSI,0.0,task_within_nested_evaluation_window
s11-a27f957407265d4e,reactive-no-digital-twin,baseline,3,HSI,0.1,task_within_nested_evaluation_window
s11-a27f957407265d4e,reactive-no-digital-twin,baseline,3,HSI,0.2,task_within_nested_evaluation_window
s11-a27f957407265d4e,reactive-no-digital-twin,baseline,3,HSI,0.3,task_within_nested_evaluation_window
s11-a27f957407265d4e,reactive-no-digital-twin,baseline,3,HSI,0.4,task_within_nested_evaluation_window
s11-a27f957407265d4e,reactive-no-digital-twin,baseline,3,HSI,0.5,task_within_nested_evaluation_window
s11-a27f957407265d4e,reactive-no-digital-twin,baseline,3,HSI,0.6,task_within_nested_evaluation_window
s11-a27f957407265d4e,reactive-no-digital-twin,baseline,3,HSI,0.7,task_within_nested_evaluation_window
s11-a27f957407265d4e,reactive-no-digital-twin,baseline,3,HSI,0.8,task_within_nested_evaluation_window
s11-a27f957407265d4e,reactive-no-digital-twin,baseline,3,HSI,0.9,task_within_nested_evaluation_window
s11-a27f957407265d4e,reactive-no-digital-twin,baseline,3,HSI,0.0,task_within_nested_evaluation_window
s11-a27f957407265d4e,reactive-no-digital-twin,baseline,3,HSI,0.1,task_within_nested_evaluation_window
s11-a27f957407265d4e,reactive-no-digital-twin,baseline,3,HSI,0.2,task_within_nested_evaluation_window
s11-a27f957407265d4e,reactive-no-digital-twin,baseline,3,HSI,0.3,task_within_nested_evaluation_window
s11-a27f957407265d4e,reactive-no-digital-twin,baseline,3,HSI,0.4,task_within_nested_evaluation_window
s11-a27f957407265d4e,reactive-no-digital-twin,baseline,3,HSI,0.5,task_within_nested_evaluation_window
s11-a27f957407265d4e,reactive-no-digital-twin,baseline,3,HSI,0.6,task_within_nested_evaluation_window
s11-a27f957407265d4e,reactive-no-digital-twin,baseline,3,HSI,0.7,task_within_nested_evaluation_window
s11-a27f957407265d4e,reactive-no-digital-twin,baseline,3,HSI,0.8,task_within_nested_evaluation_window
s11-a27f957407265d4e,reactive-no-digital-twin,baseline,3,HSI,0.9,task_within_nested_evaluation_window
s11-a27f957407265d4e,reactive-no-digital-twin,baseline,3,HSI,0.0,task_within_nested_evaluation_window
s11-a27f957407265d4e,reactive-no-digital-twin,baseline,3,HSI,0.1,task_within_nested_evaluation_window
s11-a27f957407265d4e,reactive-no-digital-twin,baseline,3,HSI,0.2,task_within_nested_evaluation_window
s11-a27f957407265d4e,reactive-no-digital-twin,baseline,3,HSI,0.3,task_within_nested_evaluation_window
s11-a27f957407265d4e,reactive-no-digital-twin,baseline,3,HSI,0.4,task_within_nested_evaluation_window
s11-a27f957407265d4e,reactive-no-digital-twin,baseline,3,HSI,0.5,task_within_nested_evaluation_window
s11-a27f957407265d4e,reactive-no-digital-twin,baseline,3,HSI,0.6,task_within_nested_evaluation_window
s11-a27f957407265d4e,reactive-no-digital-twin,baseline,3,HSI,0.7,task_within_nested_evaluation_window
s11-a27f957407265d4e,reactive-no-digital-twin,baseline,3,HSI,0.8,task_within_nested_evaluation_window
s11-a27f957407265d4e,reactive-no-digital-twin,baseline,3,HSI,0.9,task_within_nested_evaluation_window
s11-a27f957407265d4e,reactive-no-digital-twin,baseline,3,HSI,0.0,task_within_nested_evaluation_window
s11-a27f957407265d4e,reactive-no-digital-twin,baseline,3,HSI,0.1,task_within_nested_evaluation_window
s11-a27f957407265d4e,reactive-no-digital-twin,baseline,3,HSI,0.2,task_within_nested_evaluation_window
s11-a27f957407265d4e,reactive-no-digital-twin,baseline,3,HSI,0.3,task_within_nested_evaluation_window
s11-a27f957407265d4e,reactive-no-digital-twin,baseline,3,HSI,0.4,task_within_nested_evaluation_window
s11-a27f957407265d4e,reactive-no-digital-twin,baseline,3,HSI,0.5,task_within_nested_evaluation_window
s11-a27f957407265d4e,reactive-no-digital-twin,baseline,3,HSI,0.6,task_within_nested_evaluation_window
s11-a27f957407265d4e,reactive-no-digital-twin,baseline,3,HSI,0.7,task_within_nested_evaluation_window
s11-a27f957407265d4e,reactive-no-digital-twin,baseline,3,HSI,0.8,task_within_nested_evaluation_window
s11-a27f957407265d4e,reactive-no-digital-twin,baseline,3,HSI,0.9,task_within_nested_evaluation_window
s11-a27f957407265d4e,reactive-no-digital-twin,baseline,3,HSI,0.0,task_within_nested_evaluation_window
s11-a27f957407265d4e,reactive-no-digital-twin,baseline,3,HSI,0.1,task_within_nested_evaluation_window
s11-a27f957407265d4e,reactive-no-digital-twin,baseline,3,HSI,0.2,task_within_nested_evaluation_window
s11-a27f957407265d4e,reactive-no-digital-twin,baseline,3,HSI,0.3,task_within_nested_evaluation_window
s11-a27f957407265d4e,reactive-no-digital-twin,baseline,3,HSI,0.4,task_within_nested_evaluation_window
s11-a27f957407265d4e,reactive-no-digital-twin,baseline,3,HSI,0.5,task_within_nested_evaluation_window
s11-a27f957407265d4e,reactive-no-digital-twin,baseline,3,HSI,0.6,task_within_nested_evaluation_window
s11-a27f957407265d4e,reactive-no-digital-twin,baseline,3,HSI,0.7,task_within_nested_evaluation_window
s11-a27f957407265d4e,reactive-no-digital-twin,baseline,3,HSI,0.8,task_within_nested_evaluation_window
s11-a27f957407265d4e,reactive-no-digital-twin,baseline,3,HSI,0.9,task_within_nested_evaluation_window
s11-a27f957407265d4e,reactive-no-digital-twin,baseline,3,HSI,0.0,task_within_nested_evaluation_window
s11-a27f957407265d4e,reactive-no-digital-twin,baseline,3,HSI,0.1,task_within_nested_evaluation_window
s11-a27f957407265d4e,reactive-no-digital-twin,baseline,3,HSI,0.2,task_within_nested_evaluation_window
s11-a27f957407265d4e,reactive-no-digital-twin,baseline,3,HSI,0.3,task_within_nested_evaluation_window
s11-a27f957407265d4e,reactive-no-digital-twin,baseline,3,HSI,0.4,task_within_nested_evaluation_window
s11-a27f957407265d4e,reactive-no-digital-twin,baseline,3,HSI,0.5,task_within_nested_evaluation_window
s11-a27f957407265d4e,reactive-no-digital-twin,baseline,3,HSI,0.6,task_within_nested_evaluation_window
s11-a27f957407265d4e,reactive-no-digital-twin,baseline,3,HSI,0.7,task_within_nested_evaluation_window
s11-a27f957407265d4e,reactive-no-digital-twin,baseline,3,HSI,0.8,task_within_nested_evaluation_window
s11-a27f957407265d4e,reactive-no-digital-twin,baseline,3,HSI,0.9,task_within_nested_evaluation_window
s11-a27f957407265d4e,reactive-no-digital-twin,baseline,3,avg_task_latency_s,315.6378378378379,nested_evaluation_window
s11-a27f957407265d4e,reactive-no-digital-twin,baseline,3,physical_energy_j,938622.3091430664,nested_evaluation_window
s11-a27f957407265d4e,reactive-no-digital-twin,baseline,3,episode_reward,-186.24028244847432,nested_evaluation_window
s11-a27f957407265d4e,reactive-no-digital-twin,baseline,3,HSI,0.0,task_within_nested_evaluation_window
s11-a27f957407265d4e,reactive-no-digital-twin,baseline,3,HSI,0.1,task_within_nested_evaluation_window
s11-a27f957407265d4e,reactive-no-digital-twin,baseline,3,HSI,0.2,task_within_nested_evaluation_window
s11-a27f957407265d4e,reactive-no-digital-twin,baseline,3,HSI,0.3,task_within_nested_evaluation_window
s11-a27f957407265d4e,reactive-no-digital-twin,baseline,3,HSI,0.4,task_within_nested_evaluation_window
s11-a27f957407265d4e,reactive-no-digital-twin,baseline,3,HSI,0.5,task_within_nested_evaluation_window
s11-a27f957407265d4e,reactive-no-digital-twin,baseline,3,HSI,0.6,task_within_nested_evaluation_window
s11-a27f957407265d4e,reactive-no-digital-twin,baseline,3,HSI,0.7,task_within_nested_evaluation_window
s11-a27f957407265d4e,reactive-no-digital-twin,baseline,3,HSI,0.8,task_within_nested_evaluation_window
s11-a27f957407265d4e,reactive-no-digital-twin,baseline,3,HSI,0.9,task_within_nested_evaluation_window
s11-a27f957407265d4e,reactive-no-digital-twin,baseline,3,HSI,0.0,task_within_nested_evaluation_window
s11-a27f957407265d4e,reactive-no-digital-twin,baseline,3,HSI,0.1,task_within_nested_evaluation_window
s11-a27f957407265d4e,reactive-no-digital-twin,baseline,3,HSI,0.2,task_within_nested_evaluation_window
s11-a27f957407265d4e,reactive-no-digital-twin,baseline,3,HSI,0.3,task_within_nested_evaluation_window
s11-a27f957407265d4e,reactive-no-digital-twin,baseline,3,HSI,0.4,task_within_nested_evaluation_window
s11-a27f957407265d4e,reactive-no-digital-twin,baseline,3,HSI,0.5,task_within_nested_evaluation_window
s11-a27f957407265d4e,reactive-no-digital-twin,baseline,3,HSI,0.6,task_within_nested_evaluation_window
s11-a27f957407265d4e,reactive-no-digital-twin,baseline,3,HSI,0.7,task_within_nested_evaluation_window
s11-a27f957407265d4e,reactive-no-digital-twin,baseline,3,HSI,0.8,task_within_nested_evaluation_window
s11-a27f957407265d4e,reactive-no-digital-twin,baseline,3,HSI,0.9,task_within_nested_evaluation_window
s11-a27f957407265d4e,reactive-no-digital-twin,baseline,3,HSI,0.0,task_within_nested_evaluation_window
s11-a27f957407265d4e,reactive-no-digital-twin,baseline,3,HSI,0.1,task_within_nested_evaluation_window
s11-a27f957407265d4e,reactive-no-digital-twin,baseline,3,HSI,0.2,task_within_nested_evaluation_window
s11-a27f957407265d4e,reactive-no-digital-twin,baseline,3,HSI,0.3,task_within_nested_evaluation_window
s11-a27f957407265d4e,reactive-no-digital-twin,baseline,3,HSI,0.4,task_within_nested_evaluation_window
s11-a27f957407265d4e,reactive-no-digital-twin,baseline,3,HSI,0.5,task_within_nested_evaluation_window
s11-a27f957407265d4e,reactive-no-digital-twin,baseline,3,HSI,0.6,task_within_nested_evaluation_window
s11-a27f957407265d4e,reactive-no-digital-twin,baseline,3,HSI,0.7,task_within_nested_evaluation_window
s11-a27f957407265d4e,reactive-no-digital-twin,baseline,3,HSI,0.8,task_within_nested_evaluation_window
s11-a27f957407265d4e,reactive-no-digital-twin,baseline,3,HSI,0.9,task_within_nested_evaluation_window
s11-a27f957407265d4e,reactive-no-digital-twin,baseline,3,HSI,0.0,task_within_nested_evaluation_window
s11-a27f957407265d4e,reactive-no-digital-twin,baseline,3,HSI,0.1,task_within_nested_evaluation_window
s11-a27f957407265d4e,reactive-no-digital-twin,baseline,3,HSI,0.2,task_within_nested_evaluation_window
s11-a27f957407265d4e,reactive-no-digital-twin,baseline,3,HSI,0.3,task_within_nested_evaluation_window
s11-a27f957407265d4e,reactive-no-digital-twin,baseline,3,HSI,0.4,task_within_nested_evaluation_window
s11-a27f957407265d4e,reactive-no-digital-twin,baseline,3,HSI,0.5,task_within_nested_evaluation_window
s11-a27f957407265d4e,reactive-no-digital-twin,baseline,3,HSI,0.6,task_within_nested_evaluation_window
s11-a27f957407265d4e,reactive-no-digital-twin,baseline,3,HSI,0.7,task_within_nested_evaluation_window
s11-a27f957407265d4e,reactive-no-digital-twin,baseline,3,HSI,0.8,task_within_nested_evaluation_window
s11-a27f957407265d4e,reactive-no-digital-twin,baseline,3,HSI,0.9,task_within_nested_evaluation_window
s11-a27f957407265d4e,reactive-no-digital-twin,baseline,3,HSI,0.0,task_within_nested_evaluation_window
s11-a27f957407265d4e,reactive-no-digital-twin,baseline,3,HSI,0.1,task_within_nested_evaluation_window
s11-a27f957407265d4e,reactive-no-digital-twin,baseline,3,HSI,0.2,task_within_nested_evaluation_window
s11-a27f957407265d4e,reactive-no-digital-twin,baseline,3,HSI,0.3,task_within_nested_evaluation_window
s11-a27f957407265d4e,reactive-no-digital-twin,baseline,3,HSI,0.4,task_within_nested_evaluation_window
s11-a27f957407265d4e,reactive-no-digital-twin,baseline,3,HSI,0.5,task_within_nested_evaluation_window
s11-a27f957407265d4e,reactive-no-digital-twin,baseline,3,HSI,0.6,task_within_nested_evaluation_window
s11-a27f957407265d4e,reactive-no-digital-twin,baseline,3,HSI,0.7,task_within_nested_evaluation_window
s11-a27f957407265d4e,reactive-no-digital-twin,baseline,3,HSI,0.8,task_within_nested_evaluation_window
s11-a27f957407265d4e,reactive-no-digital-twin,baseline,3,HSI,0.9,task_within_nested_evaluation_window
s11-a27f957407265d4e,reactive-no-digital-twin,baseline,3,HSI,0.0,task_within_nested_evaluation_window
s11-a27f957407265d4e,reactive-no-digital-twin,baseline,3,HSI,0.1,task_within_nested_evaluation_window
s11-a27f957407265d4e,reactive-no-digital-twin,baseline,3,HSI,0.2,task_within_nested_evaluation_window
s11-a27f957407265d4e,reactive-no-digital-twin,baseline,3,HSI,0.3,task_within_nested_evaluation_window
s11-a27f957407265d4e,reactive-no-digital-twin,baseline,3,HSI,0.4,task_within_nested_evaluation_window
s11-a27f957407265d4e,reactive-no-digital-twin,baseline,3,HSI,0.5,task_within_nested_evaluation_window
s11-a27f957407265d4e,reactive-no-digital-twin,baseline,3,HSI,0.6,task_within_nested_evaluation_window
s11-a27f957407265d4e,reactive-no-digital-twin,baseline,3,HSI,0.7,task_within_nested_evaluation_window
s11-a27f957407265d4e,reactive-no-digital-twin,baseline,3,HSI,0.8,task_within_nested_evaluation_window
s11-a27f957407265d4e,reactive-no-digital-twin,baseline,3,HSI,0.9,task_within_nested_evaluation_window
s11-a27f957407265d4e,reactive-no-digital-twin,baseline,3,HSI,0.0,task_within_nested_evaluation_window
s11-a27f957407265d4e,reactive-no-digital-twin,baseline,3,HSI,0.1,task_within_nested_evaluation_window
s11-a27f957407265d4e,reactive-no-digital-twin,baseline,3,HSI,0.2,task_within_nested_evaluation_window
s11-a27f957407265d4e,reactive-no-digital-twin,baseline,3,HSI,0.3,task_within_nested_evaluation_window
s11-a27f957407265d4e,reactive-no-digital-twin,baseline,3,HSI,0.4,task_within_nested_evaluation_window
s11-a27f957407265d4e,reactive-no-digital-twin,baseline,3,HSI,0.5,task_within_nested_evaluation_window
s11-a27f957407265d4e,reactive-no-digital-twin,baseline,3,HSI,0.6,task_within_nested_evaluation_window
s11-a27f957407265d4e,reactive-no-digital-twin,baseline,3,HSI,0.7,task_within_nested_evaluation_window
s11-a27f957407265d4e,reactive-no-digital-twin,baseline,3,HSI,0.8,task_within_nested_evaluation_window
s11-a27f957407265d4e,reactive-no-digital-twin,baseline,3,HSI,0.9,task_within_nested_evaluation_window
s11-a27f957407265d4e,reactive-no-digital-twin,baseline,3,HSI,0.0,task_within_nested_evaluation_window
s11-a27f957407265d4e,reactive-no-digital-twin,baseline,3,HSI,0.1,task_within_nested_evaluation_window
s11-a27f957407265d4e,reactive-no-digital-twin,baseline,3,HSI,0.2,task_within_nested_evaluation_window
s11-a27f957407265d4e,reactive-no-digital-twin,baseline,3,HSI,0.3,task_within_nested_evaluation_window
s11-a27f957407265d4e,reactive-no-digital-twin,baseline,3,HSI,0.4,task_within_nested_evaluation_window
s11-a27f957407265d4e,reactive-no-digital-twin,baseline,3,HSI,0.5,task_within_nested_evaluation_window
s11-a27f957407265d4e,reactive-no-digital-twin,baseline,3,HSI,0.6,task_within_nested_evaluation_window
s11-a27f957407265d4e,reactive-no-digital-twin,baseline,3,HSI,0.7,task_within_nested_evaluation_window
s11-a27f957407265d4e,reactive-no-digital-twin,baseline,3,HSI,0.8,task_within_nested_evaluation_window
s11-a27f957407265d4e,reactive-no-digital-twin,baseline,3,HSI,0.9,task_within_nested_evaluation_window
s11-a27f957407265d4e,reactive-no-digital-twin,baseline,3,HSI,0.0,task_within_nested_evaluation_window
s11-a27f957407265d4e,reactive-no-digital-twin,baseline,3,HSI,0.1,task_within_nested_evaluation_window
s11-a27f957407265d4e,reactive-no-digital-twin,baseline,3,HSI,0.2,task_within_nested_evaluation_window
s11-a27f957407265d4e,reactive-no-digital-twin,baseline,3,HSI,0.3,task_within_nested_evaluation_window
s11-a27f957407265d4e,reactive-no-digital-twin,baseline,3,HSI,0.4,task_within_nested_evaluation_window
s11-a27f957407265d4e,reactive-no-digital-twin,baseline,3,HSI,0.5,task_within_nested_evaluation_window
s11-a27f957407265d4e,reactive-no-digital-twin,baseline,3,HSI,0.6,task_within_nested_evaluation_window
s11-a27f957407265d4e,reactive-no-digital-twin,baseline,3,HSI,0.7,task_within_nested_evaluation_window
s11-a27f957407265d4e,reactive-no-digital-twin,baseline,3,HSI,0.8,task_within_nested_evaluation_window
s11-a27f957407265d4e,reactive-no-digital-twin,baseline,3,HSI,0.9,task_within_nested_evaluation_window
s11-a27f957407265d4e,reactive-no-digital-twin,baseline,3,HSI,0.0,task_within_nested_evaluation_window
s11-a27f957407265d4e,reactive-no-digital-twin,baseline,3,HSI,0.1,task_within_nested_evaluation_window
s11-a27f957407265d4e,reactive-no-digital-twin,baseline,3,HSI,0.2,task_within_nested_evaluation_window
s11-a27f957407265d4e,reactive-no-digital-twin,baseline,3,HSI,0.3,task_within_nested_evaluation_window
s11-a27f957407265d4e,reactive-no-digital-twin,baseline,3,HSI,0.4,task_within_nested_evaluation_window
s11-a27f957407265d4e,reactive-no-digital-twin,baseline,3,HSI,0.5,task_within_nested_evaluation_window
s11-a27f957407265d4e,reactive-no-digital-twin,baseline,3,HSI,0.6,task_within_nested_evaluation_window
s11-a27f957407265d4e,reactive-no-digital-twin,baseline,3,HSI,0.7,task_within_nested_evaluation_window
s11-a27f957407265d4e,reactive-no-digital-twin,baseline,3,HSI,0.8,task_within_nested_evaluation_window
s11-a27f957407265d4e,reactive-no-digital-twin,baseline,3,HSI,0.9,task_within_nested_evaluation_window
s11-a27f957407265d4e,reactive-no-digital-twin,baseline,3,HSI,0.0,task_within_nested_evaluation_window
s11-a27f957407265d4e,reactive-no-digital-twin,baseline,3,HSI,0.1,task_within_nested_evaluation_window
s11-a27f957407265d4e,reactive-no-digital-twin,baseline,3,HSI,0.2,task_within_nested_evaluation_window
s11-a27f957407265d4e,reactive-no-digital-twin,baseline,3,HSI,0.3,task_within_nested_evaluation_window
s11-a27f957407265d4e,reactive-no-digital-twin,baseline,3,HSI,0.4,task_within_nested_evaluation_window
s11-a27f957407265d4e,reactive-no-digital-twin,baseline,3,HSI,0.5,task_within_nested_evaluation_window
s11-a27f957407265d4e,reactive-no-digital-twin,baseline,3,HSI,0.6,task_within_nested_evaluation_window
s11-a27f957407265d4e,reactive-no-digital-twin,baseline,3,HSI,0.7,task_within_nested_evaluation_window
s11-a27f957407265d4e,reactive-no-digital-twin,baseline,3,HSI,0.8,task_within_nested_evaluation_window
s11-a27f957407265d4e,reactive-no-digital-twin,baseline,3,HSI,0.9,task_within_nested_evaluation_window
s11-a27f957407265d4e,reactive-no-digital-twin,baseline,3,HSI,0.0,task_within_nested_evaluation_window
s11-a27f957407265d4e,reactive-no-digital-twin,baseline,3,HSI,0.1,task_within_nested_evaluation_window
s11-a27f957407265d4e,reactive-no-digital-twin,baseline,3,HSI,0.2,task_within_nested_evaluation_window
s11-a27f957407265d4e,reactive-no-digital-twin,baseline,3,HSI,0.3,task_within_nested_evaluation_window
s11-a27f957407265d4e,reactive-no-digital-twin,baseline,3,HSI,0.4,task_within_nested_evaluation_window
s11-a27f957407265d4e,reactive-no-digital-twin,baseline,3,HSI,0.5,task_within_nested_evaluation_window
s11-a27f957407265d4e,reactive-no-digital-twin,baseline,3,HSI,0.6,task_within_nested_evaluation_window
s11-a27f957407265d4e,reactive-no-digital-twin,baseline,3,HSI,0.7,task_within_nested_evaluation_window
s11-a27f957407265d4e,reactive-no-digital-twin,baseline,3,HSI,0.8,task_within_nested_evaluation_window
s11-a27f957407265d4e,reactive-no-digital-twin,baseline,3,HSI,0.9,task_within_nested_evaluation_window
s11-a27f957407265d4e,reactive-no-digital-twin,baseline,3,avg_task_latency_s,320.2458823529412,nested_evaluation_window
s11-a27f957407265d4e,reactive-no-digital-twin,baseline,3,physical_energy_j,937674.0906677244,nested_evaluation_window
s11-a27f957407265d4e,reactive-no-digital-twin,baseline,3,episode_reward,-180.53245795355178,nested_evaluation_window
s11-a27f957407265d4e,reactive-no-digital-twin,baseline,3,HSI,0.0,task_within_nested_evaluation_window
s11-a27f957407265d4e,reactive-no-digital-twin,baseline,3,HSI,0.1,task_within_nested_evaluation_window
s11-a27f957407265d4e,reactive-no-digital-twin,baseline,3,HSI,0.2,task_within_nested_evaluation_window
s11-a27f957407265d4e,reactive-no-digital-twin,baseline,3,HSI,0.3,task_within_nested_evaluation_window
s11-a27f957407265d4e,reactive-no-digital-twin,baseline,3,HSI,0.4,task_within_nested_evaluation_window
s11-a27f957407265d4e,reactive-no-digital-twin,baseline,3,HSI,0.5,task_within_nested_evaluation_window
s11-a27f957407265d4e,reactive-no-digital-twin,baseline,3,HSI,0.6,task_within_nested_evaluation_window
s11-a27f957407265d4e,reactive-no-digital-twin,baseline,3,HSI,0.7,task_within_nested_evaluation_window
s11-a27f957407265d4e,reactive-no-digital-twin,baseline,3,HSI,0.8,task_within_nested_evaluation_window
s11-a27f957407265d4e,reactive-no-digital-twin,baseline,3,HSI,0.9,task_within_nested_evaluation_window
s11-a27f957407265d4e,reactive-no-digital-twin,baseline,3,HSI,0.0,task_within_nested_evaluation_window
s11-a27f957407265d4e,reactive-no-digital-twin,baseline,3,HSI,0.1,task_within_nested_evaluation_window
s11-a27f957407265d4e,reactive-no-digital-twin,baseline,3,HSI,0.2,task_within_nested_evaluation_window
s11-a27f957407265d4e,reactive-no-digital-twin,baseline,3,HSI,0.3,task_within_nested_evaluation_window
s11-a27f957407265d4e,reactive-no-digital-twin,baseline,3,HSI,0.4,task_within_nested_evaluation_window
s11-a27f957407265d4e,reactive-no-digital-twin,baseline,3,HSI,0.5,task_within_nested_evaluation_window
s11-a27f957407265d4e,reactive-no-digital-twin,baseline,3,HSI,0.6,task_within_nested_evaluation_window
s11-a27f957407265d4e,reactive-no-digital-twin,baseline,3,HSI,0.7,task_within_nested_evaluation_window
s11-a27f957407265d4e,reactive-no-digital-twin,baseline,3,HSI,0.8,task_within_nested_evaluation_window
s11-a27f957407265d4e,reactive-no-digital-twin,baseline,3,HSI,0.9,task_within_nested_evaluation_window
s11-a27f957407265d4e,reactive-no-digital-twin,baseline,3,HSI,0.0,task_within_nested_evaluation_window
s11-a27f957407265d4e,reactive-no-digital-twin,baseline,3,HSI,0.1,task_within_nested_evaluation_window
s11-a27f957407265d4e,reactive-no-digital-twin,baseline,3,HSI,0.2,task_within_nested_evaluation_window
s11-a27f957407265d4e,reactive-no-digital-twin,baseline,3,HSI,0.3,task_within_nested_evaluation_window
s11-a27f957407265d4e,reactive-no-digital-twin,baseline,3,HSI,0.4,task_within_nested_evaluation_window
s11-a27f957407265d4e,reactive-no-digital-twin,baseline,3,HSI,0.5,task_within_nested_evaluation_window
s11-a27f957407265d4e,reactive-no-digital-twin,baseline,3,HSI,0.6,task_within_nested_evaluation_window
s11-a27f957407265d4e,reactive-no-digital-twin,baseline,3,HSI,0.7,task_within_nested_evaluation_window
s11-a27f957407265d4e,reactive-no-digital-twin,baseline,3,HSI,0.8,task_within_nested_evaluation_window
s11-a27f957407265d4e,reactive-no-digital-twin,baseline,3,HSI,0.9,task_within_nested_evaluation_window
s11-a27f957407265d4e,reactive-no-digital-twin,baseline,3,HSI,0.0,task_within_nested_evaluation_window
s11-a27f957407265d4e,reactive-no-digital-twin,baseline,3,HSI,0.1,task_within_nested_evaluation_window
s11-a27f957407265d4e,reactive-no-digital-twin,baseline,3,HSI,0.2,task_within_nested_evaluation_window
s11-a27f957407265d4e,reactive-no-digital-twin,baseline,3,HSI,0.3,task_within_nested_evaluation_window
s11-a27f957407265d4e,reactive-no-digital-twin,baseline,3,HSI,0.4,task_within_nested_evaluation_window
s11-a27f957407265d4e,reactive-no-digital-twin,baseline,3,HSI,0.5,task_within_nested_evaluation_window
s11-a27f957407265d4e,reactive-no-digital-twin,baseline,3,HSI,0.6,task_within_nested_evaluation_window
s11-a27f957407265d4e,reactive-no-digital-twin,baseline,3,HSI,0.7,task_within_nested_evaluation_window
s11-a27f957407265d4e,reactive-no-digital-twin,baseline,3,HSI,0.8,task_within_nested_evaluation_window
s11-a27f957407265d4e,reactive-no-digital-twin,baseline,3,HSI,0.9,task_within_nested_evaluation_window
s11-a27f957407265d4e,reactive-no-digital-twin,baseline,3,HSI,0.0,task_within_nested_evaluation_window
s11-a27f957407265d4e,reactive-no-digital-twin,baseline,3,HSI,0.1,task_within_nested_evaluation_window
s11-a27f957407265d4e,reactive-no-digital-twin,baseline,3,HSI,0.2,task_within_nested_evaluation_window
s11-a27f957407265d4e,reactive-no-digital-twin,baseline,3,HSI,0.3,task_within_nested_evaluation_window
s11-a27f957407265d4e,reactive-no-digital-twin,baseline,3,HSI,0.4,task_within_nested_evaluation_window
s11-a27f957407265d4e,reactive-no-digital-twin,baseline,3,HSI,0.5,task_within_nested_evaluation_window
s11-a27f957407265d4e,reactive-no-digital-twin,baseline,3,HSI,0.6,task_within_nested_evaluation_window
s11-a27f957407265d4e,reactive-no-digital-twin,baseline,3,HSI,0.7,task_within_nested_evaluation_window
s11-a27f957407265d4e,reactive-no-digital-twin,baseline,3,HSI,0.8,task_within_nested_evaluation_window
s11-a27f957407265d4e,reactive-no-digital-twin,baseline,3,HSI,0.9,task_within_nested_evaluation_window
s11-a27f957407265d4e,reactive-no-digital-twin,baseline,3,HSI,0.0,task_within_nested_evaluation_window
s11-a27f957407265d4e,reactive-no-digital-twin,baseline,3,HSI,0.1,task_within_nested_evaluation_window
s11-a27f957407265d4e,reactive-no-digital-twin,baseline,3,HSI,0.2,task_within_nested_evaluation_window
s11-a27f957407265d4e,reactive-no-digital-twin,baseline,3,HSI,0.3,task_within_nested_evaluation_window
s11-a27f957407265d4e,reactive-no-digital-twin,baseline,3,HSI,0.4,task_within_nested_evaluation_window
s11-a27f957407265d4e,reactive-no-digital-twin,baseline,3,HSI,0.5,task_within_nested_evaluation_window
s11-a27f957407265d4e,reactive-no-digital-twin,baseline,3,HSI,0.6,task_within_nested_evaluation_window
s11-a27f957407265d4e,reactive-no-digital-twin,baseline,3,HSI,0.7,task_within_nested_evaluation_window
s11-a27f957407265d4e,reactive-no-digital-twin,baseline,3,HSI,0.8,task_within_nested_evaluation_window
s11-a27f957407265d4e,reactive-no-digital-twin,baseline,3,HSI,0.9,task_within_nested_evaluation_window
s11-a27f957407265d4e,reactive-no-digital-twin,baseline,3,HSI,0.0,task_within_nested_evaluation_window
s11-a27f957407265d4e,reactive-no-digital-twin,baseline,3,HSI,0.1,task_within_nested_evaluation_window
s11-a27f957407265d4e,reactive-no-digital-twin,baseline,3,HSI,0.2,task_within_nested_evaluation_window
s11-a27f957407265d4e,reactive-no-digital-twin,baseline,3,HSI,0.3,task_within_nested_evaluation_window
s11-a27f957407265d4e,reactive-no-digital-twin,baseline,3,HSI,0.4,task_within_nested_evaluation_window
s11-a27f957407265d4e,reactive-no-digital-twin,baseline,3,HSI,0.5,task_within_nested_evaluation_window
s11-a27f957407265d4e,reactive-no-digital-twin,baseline,3,HSI,0.6,task_within_nested_evaluation_window
s11-a27f957407265d4e,reactive-no-digital-twin,baseline,3,HSI,0.7,task_within_nested_evaluation_window
s11-a27f957407265d4e,reactive-no-digital-twin,baseline,3,HSI,0.8,task_within_nested_evaluation_window
s11-a27f957407265d4e,reactive-no-digital-twin,baseline,3,HSI,0.9,task_within_nested_evaluation_window
s11-a27f957407265d4e,reactive-no-digital-twin,baseline,3,HSI,0.0,task_within_nested_evaluation_window
s11-a27f957407265d4e,reactive-no-digital-twin,baseline,3,HSI,0.1,task_within_nested_evaluation_window
s11-a27f957407265d4e,reactive-no-digital-twin,baseline,3,HSI,0.2,task_within_nested_evaluation_window
s11-a27f957407265d4e,reactive-no-digital-twin,baseline,3,HSI,0.3,task_within_nested_evaluation_window
s11-a27f957407265d4e,reactive-no-digital-twin,baseline,3,HSI,0.4,task_within_nested_evaluation_window
s11-a27f957407265d4e,reactive-no-digital-twin,baseline,3,HSI,0.5,task_within_nested_evaluation_window
s11-a27f957407265d4e,reactive-no-digital-twin,baseline,3,HSI,0.6,task_within_nested_evaluation_window
s11-a27f957407265d4e,reactive-no-digital-twin,baseline,3,HSI,0.7,task_within_nested_evaluation_window
s11-a27f957407265d4e,reactive-no-digital-twin,baseline,3,HSI,0.8,task_within_nested_evaluation_window
s11-a27f957407265d4e,reactive-no-digital-twin,baseline,3,HSI,0.9,task_within_nested_evaluation_window
s11-a27f957407265d4e,reactive-no-digital-twin,baseline,3,HSI,0.0,task_within_nested_evaluation_window
s11-a27f957407265d4e,reactive-no-digital-twin,baseline,3,HSI,0.1,task_within_nested_evaluation_window
s11-a27f957407265d4e,reactive-no-digital-twin,baseline,3,HSI,0.2,task_within_nested_evaluation_window
s11-a27f957407265d4e,reactive-no-digital-twin,baseline,3,HSI,0.3,task_within_nested_evaluation_window
s11-a27f957407265d4e,reactive-no-digital-twin,baseline,3,HSI,0.4,task_within_nested_evaluation_window
s11-a27f957407265d4e,reactive-no-digital-twin,baseline,3,HSI,0.5,task_within_nested_evaluation_window
s11-a27f957407265d4e,reactive-no-digital-twin,baseline,3,HSI,0.6,task_within_nested_evaluation_window
s11-a27f957407265d4e,reactive-no-digital-twin,baseline,3,HSI,0.7,task_within_nested_evaluation_window
s11-a27f957407265d4e,reactive-no-digital-twin,baseline,3,HSI,0.8,task_within_nested_evaluation_window
s11-a27f957407265d4e,reactive-no-digital-twin,baseline,3,HSI,0.9,task_within_nested_evaluation_window
s11-a27f957407265d4e,reactive-no-digital-twin,baseline,3,HSI,0.0,task_within_nested_evaluation_window
s11-a27f957407265d4e,reactive-no-digital-twin,baseline,3,HSI,0.1,task_within_nested_evaluation_window
s11-a27f957407265d4e,reactive-no-digital-twin,baseline,3,HSI,0.2,task_within_nested_evaluation_window
s11-a27f957407265d4e,reactive-no-digital-twin,baseline,3,HSI,0.3,task_within_nested_evaluation_window
s11-a27f957407265d4e,reactive-no-digital-twin,baseline,3,HSI,0.4,task_within_nested_evaluation_window
s11-a27f957407265d4e,reactive-no-digital-twin,baseline,3,HSI,0.5,task_within_nested_evaluation_window
s11-a27f957407265d4e,reactive-no-digital-twin,baseline,3,HSI,0.6,task_within_nested_evaluation_window
s11-a27f957407265d4e,reactive-no-digital-twin,baseline,3,HSI,0.7,task_within_nested_evaluation_window
s11-a27f957407265d4e,reactive-no-digital-twin,baseline,3,HSI,0.8,task_within_nested_evaluation_window
s11-a27f957407265d4e,reactive-no-digital-twin,baseline,3,HSI,0.9,task_within_nested_evaluation_window
s11-a27f957407265d4e,reactive-no-digital-twin,baseline,3,HSI,0.0,task_within_nested_evaluation_window
s11-a27f957407265d4e,reactive-no-digital-twin,baseline,3,HSI,0.1,task_within_nested_evaluation_window
s11-a27f957407265d4e,reactive-no-digital-twin,baseline,3,HSI,0.2,task_within_nested_evaluation_window
s11-a27f957407265d4e,reactive-no-digital-twin,baseline,3,HSI,0.3,task_within_nested_evaluation_window
s11-a27f957407265d4e,reactive-no-digital-twin,baseline,3,HSI,0.4,task_within_nested_evaluation_window
s11-a27f957407265d4e,reactive-no-digital-twin,baseline,3,HSI,0.5,task_within_nested_evaluation_window
s11-a27f957407265d4e,reactive-no-digital-twin,baseline,3,HSI,0.6,task_within_nested_evaluation_window
s11-a27f957407265d4e,reactive-no-digital-twin,baseline,3,HSI,0.7,task_within_nested_evaluation_window
s11-a27f957407265d4e,reactive-no-digital-twin,baseline,3,HSI,0.8,task_within_nested_evaluation_window
s11-a27f957407265d4e,reactive-no-digital-twin,baseline,3,HSI,0.9,task_within_nested_evaluation_window
s11-a27f957407265d4e,reactive-no-digital-twin,baseline,3,HSI,0.0,task_within_nested_evaluation_window
s11-a27f957407265d4e,reactive-no-digital-twin,baseline,3,HSI,0.1,task_within_nested_evaluation_window
s11-a27f957407265d4e,reactive-no-digital-twin,baseline,3,HSI,0.2,task_within_nested_evaluation_window
s11-a27f957407265d4e,reactive-no-digital-twin,baseline,3,HSI,0.3,task_within_nested_evaluation_window
s11-a27f957407265d4e,reactive-no-digital-twin,baseline,3,HSI,0.4,task_within_nested_evaluation_window
s11-a27f957407265d4e,reactive-no-digital-twin,baseline,3,HSI,0.5,task_within_nested_evaluation_window
s11-a27f957407265d4e,reactive-no-digital-twin,baseline,3,HSI,0.6,task_within_nested_evaluation_window
s11-a27f957407265d4e,reactive-no-digital-twin,baseline,3,HSI,0.7,task_within_nested_evaluation_window
s11-a27f957407265d4e,reactive-no-digital-twin,baseline,3,HSI,0.8,task_within_nested_evaluation_window
s11-a27f957407265d4e,reactive-no-digital-twin,baseline,3,HSI,0.9,task_within_nested_evaluation_window
s11-a27f957407265d4e,reactive-no-digital-twin,baseline,3,avg_task_latency_s,354.1788888888889,nested_evaluation_window
s11-a27f957407265d4e,reactive-no-digital-twin,baseline,3,physical_energy_j,942213.3314056394,nested_evaluation_window
s11-a27f957407265d4e,reactive-no-digital-twin,baseline,3,episode_reward,-127.51299878931604,nested_evaluation_window
s11-a27f957407265d4e,reactive-no-digital-twin,baseline,3,HSI,0.0,task_within_nested_evaluation_window
s11-a27f957407265d4e,reactive-no-digital-twin,baseline,3,HSI,0.1,task_within_nested_evaluation_window
s11-a27f957407265d4e,reactive-no-digital-twin,baseline,3,HSI,0.2,task_within_nested_evaluation_window
s11-a27f957407265d4e,reactive-no-digital-twin,baseline,3,HSI,0.3,task_within_nested_evaluation_window
s11-a27f957407265d4e,reactive-no-digital-twin,baseline,3,HSI,0.4,task_within_nested_evaluation_window
s11-a27f957407265d4e,reactive-no-digital-twin,baseline,3,HSI,0.5,task_within_nested_evaluation_window
s11-a27f957407265d4e,reactive-no-digital-twin,baseline,3,HSI,0.6,task_within_nested_evaluation_window
s11-a27f957407265d4e,reactive-no-digital-twin,baseline,3,HSI,0.7,task_within_nested_evaluation_window
s11-a27f957407265d4e,reactive-no-digital-twin,baseline,3,HSI,0.8,task_within_nested_evaluation_window
s11-a27f957407265d4e,reactive-no-digital-twin,baseline,3,HSI,0.9,task_within_nested_evaluation_window
s11-a27f957407265d4e,reactive-no-digital-twin,baseline,3,HSI,0.0,task_within_nested_evaluation_window
s11-a27f957407265d4e,reactive-no-digital-twin,baseline,3,HSI,0.1,task_within_nested_evaluation_window
s11-a27f957407265d4e,reactive-no-digital-twin,baseline,3,HSI,0.2,task_within_nested_evaluation_window
s11-a27f957407265d4e,reactive-no-digital-twin,baseline,3,HSI,0.3,task_within_nested_evaluation_window
s11-a27f957407265d4e,reactive-no-digital-twin,baseline,3,HSI,0.4,task_within_nested_evaluation_window
s11-a27f957407265d4e,reactive-no-digital-twin,baseline,3,HSI,0.5,task_within_nested_evaluation_window
s11-a27f957407265d4e,reactive-no-digital-twin,baseline,3,HSI,0.6,task_within_nested_evaluation_window
s11-a27f957407265d4e,reactive-no-digital-twin,baseline,3,HSI,0.7,task_within_nested_evaluation_window
s11-a27f957407265d4e,reactive-no-digital-twin,baseline,3,HSI,0.8,task_within_nested_evaluation_window
s11-a27f957407265d4e,reactive-no-digital-twin,baseline,3,HSI,0.9,task_within_nested_evaluation_window
s11-a27f957407265d4e,reactive-no-digital-twin,baseline,3,HSI,0.0,task_within_nested_evaluation_window
s11-a27f957407265d4e,reactive-no-digital-twin,baseline,3,HSI,0.1,task_within_nested_evaluation_window
s11-a27f957407265d4e,reactive-no-digital-twin,baseline,3,HSI,0.2,task_within_nested_evaluation_window
s11-a27f957407265d4e,reactive-no-digital-twin,baseline,3,HSI,0.3,task_within_nested_evaluation_window
s11-a27f957407265d4e,reactive-no-digital-twin,baseline,3,HSI,0.4,task_within_nested_evaluation_window
s11-a27f957407265d4e,reactive-no-digital-twin,baseline,3,HSI,0.5,task_within_nested_evaluation_window
s11-a27f957407265d4e,reactive-no-digital-twin,baseline,3,HSI,0.6,task_within_nested_evaluation_window
s11-a27f957407265d4e,reactive-no-digital-twin,baseline,3,HSI,0.7,task_within_nested_evaluation_window
s11-a27f957407265d4e,reactive-no-digital-twin,baseline,3,HSI,0.8,task_within_nested_evaluation_window
s11-a27f957407265d4e,reactive-no-digital-twin,baseline,3,HSI,0.9,task_within_nested_evaluation_window
s11-a27f957407265d4e,reactive-no-digital-twin,baseline,3,HSI,0.0,task_within_nested_evaluation_window
s11-a27f957407265d4e,reactive-no-digital-twin,baseline,3,HSI,0.1,task_within_nested_evaluation_window
s11-a27f957407265d4e,reactive-no-digital-twin,baseline,3,HSI,0.2,task_within_nested_evaluation_window
s11-a27f957407265d4e,reactive-no-digital-twin,baseline,3,HSI,0.3,task_within_nested_evaluation_window
s11-a27f957407265d4e,reactive-no-digital-twin,baseline,3,HSI,0.4,task_within_nested_evaluation_window
s11-a27f957407265d4e,reactive-no-digital-twin,baseline,3,HSI,0.5,task_within_nested_evaluation_window
s11-a27f957407265d4e,reactive-no-digital-twin,baseline,3,HSI,0.6,task_within_nested_evaluation_window
s11-a27f957407265d4e,reactive-no-digital-twin,baseline,3,HSI,0.7,task_within_nested_evaluation_window
s11-a27f957407265d4e,reactive-no-digital-twin,baseline,3,HSI,0.8,task_within_nested_evaluation_window
s11-a27f957407265d4e,reactive-no-digital-twin,baseline,3,HSI,0.9,task_within_nested_evaluation_window
s11-a27f957407265d4e,reactive-no-digital-twin,baseline,3,HSI,0.0,task_within_nested_evaluation_window
s11-a27f957407265d4e,reactive-no-digital-twin,baseline,3,HSI,0.1,task_within_nested_evaluation_window
s11-a27f957407265d4e,reactive-no-digital-twin,baseline,3,HSI,0.2,task_within_nested_evaluation_window
s11-a27f957407265d4e,reactive-no-digital-twin,baseline,3,HSI,0.3,task_within_nested_evaluation_window
s11-a27f957407265d4e,reactive-no-digital-twin,baseline,3,HSI,0.4,task_within_nested_evaluation_window
s11-a27f957407265d4e,reactive-no-digital-twin,baseline,3,HSI,0.5,task_within_nested_evaluation_window
s11-a27f957407265d4e,reactive-no-digital-twin,baseline,3,HSI,0.6,task_within_nested_evaluation_window
s11-a27f957407265d4e,reactive-no-digital-twin,baseline,3,HSI,0.7,task_within_nested_evaluation_window
s11-a27f957407265d4e,reactive-no-digital-twin,baseline,3,HSI,0.8,task_within_nested_evaluation_window
s11-a27f957407265d4e,reactive-no-digital-twin,baseline,3,HSI,0.9,task_within_nested_evaluation_window
s11-a27f957407265d4e,reactive-no-digital-twin,baseline,3,HSI,0.0,task_within_nested_evaluation_window
s11-a27f957407265d4e,reactive-no-digital-twin,baseline,3,HSI,0.1,task_within_nested_evaluation_window
s11-a27f957407265d4e,reactive-no-digital-twin,baseline,3,HSI,0.2,task_within_nested_evaluation_window
s11-a27f957407265d4e,reactive-no-digital-twin,baseline,3,HSI,0.3,task_within_nested_evaluation_window
s11-a27f957407265d4e,reactive-no-digital-twin,baseline,3,HSI,0.4,task_within_nested_evaluation_window
s11-a27f957407265d4e,reactive-no-digital-twin,baseline,3,HSI,0.5,task_within_nested_evaluation_window
s11-a27f957407265d4e,reactive-no-digital-twin,baseline,3,HSI,0.6,task_within_nested_evaluation_window
s11-a27f957407265d4e,reactive-no-digital-twin,baseline,3,HSI,0.7,task_within_nested_evaluation_window
s11-a27f957407265d4e,reactive-no-digital-twin,baseline,3,HSI,0.8,task_within_nested_evaluation_window
s11-a27f957407265d4e,reactive-no-digital-twin,baseline,3,HSI,0.9,task_within_nested_evaluation_window
s11-a27f957407265d4e,reactive-no-digital-twin,baseline,3,HSI,0.0,task_within_nested_evaluation_window
s11-a27f957407265d4e,reactive-no-digital-twin,baseline,3,HSI,0.1,task_within_nested_evaluation_window
s11-a27f957407265d4e,reactive-no-digital-twin,baseline,3,HSI,0.2,task_within_nested_evaluation_window
s11-a27f957407265d4e,reactive-no-digital-twin,baseline,3,HSI,0.3,task_within_nested_evaluation_window
s11-a27f957407265d4e,reactive-no-digital-twin,baseline,3,HSI,0.4,task_within_nested_evaluation_window
s11-a27f957407265d4e,reactive-no-digital-twin,baseline,3,HSI,0.5,task_within_nested_evaluation_window
s11-a27f957407265d4e,reactive-no-digital-twin,baseline,3,HSI,0.6,task_within_nested_evaluation_window
s11-a27f957407265d4e,reactive-no-digital-twin,baseline,3,HSI,0.7,task_within_nested_evaluation_window
s11-a27f957407265d4e,reactive-no-digital-twin,baseline,3,HSI,0.8,task_within_nested_evaluation_window
s11-a27f957407265d4e,reactive-no-digital-twin,baseline,3,HSI,0.9,task_within_nested_evaluation_window
s11-a27f957407265d4e,reactive-no-digital-twin,baseline,3,HSI,0.0,task_within_nested_evaluation_window
s11-a27f957407265d4e,reactive-no-digital-twin,baseline,3,HSI,0.1,task_within_nested_evaluation_window
s11-a27f957407265d4e,reactive-no-digital-twin,baseline,3,HSI,0.2,task_within_nested_evaluation_window
s11-a27f957407265d4e,reactive-no-digital-twin,baseline,3,HSI,0.3,task_within_nested_evaluation_window
s11-a27f957407265d4e,reactive-no-digital-twin,baseline,3,HSI,0.4,task_within_nested_evaluation_window
s11-a27f957407265d4e,reactive-no-digital-twin,baseline,3,HSI,0.5,task_within_nested_evaluation_window
s11-a27f957407265d4e,reactive-no-digital-twin,baseline,3,HSI,0.6,task_within_nested_evaluation_window
s11-a27f957407265d4e,reactive-no-digital-twin,baseline,3,HSI,0.7,task_within_nested_evaluation_window
s11-a27f957407265d4e,reactive-no-digital-twin,baseline,3,HSI,0.8,task_within_nested_evaluation_window
s11-a27f957407265d4e,reactive-no-digital-twin,baseline,3,HSI,0.9,task_within_nested_evaluation_window
s11-a27f957407265d4e,reactive-no-digital-twin,baseline,3,HSI,0.0,task_within_nested_evaluation_window
s11-a27f957407265d4e,reactive-no-digital-twin,baseline,3,HSI,0.1,task_within_nested_evaluation_window
s11-a27f957407265d4e,reactive-no-digital-twin,baseline,3,HSI,0.2,task_within_nested_evaluation_window
s11-a27f957407265d4e,reactive-no-digital-twin,baseline,3,HSI,0.3,task_within_nested_evaluation_window
s11-a27f957407265d4e,reactive-no-digital-twin,baseline,3,HSI,0.4,task_within_nested_evaluation_window
s11-a27f957407265d4e,reactive-no-digital-twin,baseline,3,HSI,0.5,task_within_nested_evaluation_window
s11-a27f957407265d4e,reactive-no-digital-twin,baseline,3,HSI,0.6,task_within_nested_evaluation_window
s11-a27f957407265d4e,reactive-no-digital-twin,baseline,3,HSI,0.7,task_within_nested_evaluation_window
s11-a27f957407265d4e,reactive-no-digital-twin,baseline,3,HSI,0.8,task_within_nested_evaluation_window
s11-a27f957407265d4e,reactive-no-digital-twin,baseline,3,HSI,0.9,task_within_nested_evaluation_window
s11-a27f957407265d4e,reactive-no-digital-twin,baseline,3,HSI,0.0,task_within_nested_evaluation_window
s11-a27f957407265d4e,reactive-no-digital-twin,baseline,3,HSI,0.1,task_within_nested_evaluation_window
s11-a27f957407265d4e,reactive-no-digital-twin,baseline,3,HSI,0.2,task_within_nested_evaluation_window
s11-a27f957407265d4e,reactive-no-digital-twin,baseline,3,HSI,0.3,task_within_nested_evaluation_window
s11-a27f957407265d4e,reactive-no-digital-twin,baseline,3,HSI,0.4,task_within_nested_evaluation_window
s11-a27f957407265d4e,reactive-no-digital-twin,baseline,3,HSI,0.5,task_within_nested_evaluation_window
s11-a27f957407265d4e,reactive-no-digital-twin,baseline,3,HSI,0.6,task_within_nested_evaluation_window
s11-a27f957407265d4e,reactive-no-digital-twin,baseline,3,HSI,0.7,task_within_nested_evaluation_window
s11-a27f957407265d4e,reactive-no-digital-twin,baseline,3,HSI,0.8,task_within_nested_evaluation_window
s11-a27f957407265d4e,reactive-no-digital-twin,baseline,3,HSI,0.9,task_within_nested_evaluation_window
s11-a27f957407265d4e,reactive-no-digital-twin,baseline,3,HSI,0.0,task_within_nested_evaluation_window
s11-a27f957407265d4e,reactive-no-digital-twin,baseline,3,HSI,0.1,task_within_nested_evaluation_window
s11-a27f957407265d4e,reactive-no-digital-twin,baseline,3,HSI,0.2,task_within_nested_evaluation_window
s11-a27f957407265d4e,reactive-no-digital-twin,baseline,3,HSI,0.3,task_within_nested_evaluation_window
s11-a27f957407265d4e,reactive-no-digital-twin,baseline,3,HSI,0.4,task_within_nested_evaluation_window
s11-a27f957407265d4e,reactive-no-digital-twin,baseline,3,HSI,0.5,task_within_nested_evaluation_window
s11-a27f957407265d4e,reactive-no-digital-twin,baseline,3,HSI,0.6,task_within_nested_evaluation_window
s11-a27f957407265d4e,reactive-no-digital-twin,baseline,3,HSI,0.7,task_within_nested_evaluation_window
s11-a27f957407265d4e,reactive-no-digital-twin,baseline,3,HSI,0.8,task_within_nested_evaluation_window
s11-a27f957407265d4e,reactive-no-digital-twin,baseline,3,HSI,0.9,task_within_nested_evaluation_window
s11-a27f957407265d4e,reactive-no-digital-twin,baseline,3,HSI,0.0,task_within_nested_evaluation_window
s11-a27f957407265d4e,reactive-no-digital-twin,baseline,3,HSI,0.1,task_within_nested_evaluation_window
s11-a27f957407265d4e,reactive-no-digital-twin,baseline,3,HSI,0.2,task_within_nested_evaluation_window
s11-a27f957407265d4e,reactive-no-digital-twin,baseline,3,HSI,0.3,task_within_nested_evaluation_window
s11-a27f957407265d4e,reactive-no-digital-twin,baseline,3,HSI,0.4,task_within_nested_evaluation_window
s11-a27f957407265d4e,reactive-no-digital-twin,baseline,3,HSI,0.5,task_within_nested_evaluation_window
s11-a27f957407265d4e,reactive-no-digital-twin,baseline,3,HSI,0.6,task_within_nested_evaluation_window
s11-a27f957407265d4e,reactive-no-digital-twin,baseline,3,HSI,0.7,task_within_nested_evaluation_window
s11-a27f957407265d4e,reactive-no-digital-twin,baseline,3,HSI,0.8,task_within_nested_evaluation_window
s11-a27f957407265d4e,reactive-no-digital-twin,baseline,3,HSI,0.9,task_within_nested_evaluation_window
s11-a27f957407265d4e,reactive-no-digital-twin,baseline,3,avg_task_latency_s,357.7771428571429,nested_evaluation_window
s11-a27f957407265d4e,reactive-no-digital-twin,baseline,3,physical_energy_j,963646.6237716672,nested_evaluation_window
s11-a27f957407265d4e,reactive-no-digital-twin,baseline,3,episode_reward,-65.96025372599252,nested_evaluation_window
s11-a27f957407265d4e,reactive-no-digital-twin,baseline,3,HSI,0.0,task_within_nested_evaluation_window
s11-a27f957407265d4e,reactive-no-digital-twin,baseline,3,HSI,0.1,task_within_nested_evaluation_window
s11-a27f957407265d4e,reactive-no-digital-twin,baseline,3,HSI,0.2,task_within_nested_evaluation_window
s11-a27f957407265d4e,reactive-no-digital-twin,baseline,3,HSI,0.3,task_within_nested_evaluation_window
s11-a27f957407265d4e,reactive-no-digital-twin,baseline,3,HSI,0.4,task_within_nested_evaluation_window
s11-a27f957407265d4e,reactive-no-digital-twin,baseline,3,HSI,0.5,task_within_nested_evaluation_window
s11-a27f957407265d4e,reactive-no-digital-twin,baseline,3,HSI,0.6,task_within_nested_evaluation_window
s11-a27f957407265d4e,reactive-no-digital-twin,baseline,3,HSI,0.7,task_within_nested_evaluation_window
s11-a27f957407265d4e,reactive-no-digital-twin,baseline,3,HSI,0.8,task_within_nested_evaluation_window
s11-a27f957407265d4e,reactive-no-digital-twin,baseline,3,HSI,0.9,task_within_nested_evaluation_window
s11-a27f957407265d4e,reactive-no-digital-twin,baseline,3,HSI,0.0,task_within_nested_evaluation_window
s11-a27f957407265d4e,reactive-no-digital-twin,baseline,3,HSI,0.1,task_within_nested_evaluation_window
s11-a27f957407265d4e,reactive-no-digital-twin,baseline,3,HSI,0.2,task_within_nested_evaluation_window
s11-a27f957407265d4e,reactive-no-digital-twin,baseline,3,HSI,0.3,task_within_nested_evaluation_window
s11-a27f957407265d4e,reactive-no-digital-twin,baseline,3,HSI,0.4,task_within_nested_evaluation_window
s11-a27f957407265d4e,reactive-no-digital-twin,baseline,3,HSI,0.5,task_within_nested_evaluation_window
s11-a27f957407265d4e,reactive-no-digital-twin,baseline,3,HSI,0.6,task_within_nested_evaluation_window
s11-a27f957407265d4e,reactive-no-digital-twin,baseline,3,HSI,0.7,task_within_nested_evaluation_window
s11-a27f957407265d4e,reactive-no-digital-twin,baseline,3,HSI,0.8,task_within_nested_evaluation_window
s11-a27f957407265d4e,reactive-no-digital-twin,baseline,3,HSI,0.9,task_within_nested_evaluation_window
s11-a27f957407265d4e,reactive-no-digital-twin,baseline,3,HSI,0.0,task_within_nested_evaluation_window
s11-a27f957407265d4e,reactive-no-digital-twin,baseline,3,HSI,0.1,task_within_nested_evaluation_window
s11-a27f957407265d4e,reactive-no-digital-twin,baseline,3,HSI,0.2,task_within_nested_evaluation_window
s11-a27f957407265d4e,reactive-no-digital-twin,baseline,3,HSI,0.3,task_within_nested_evaluation_window
s11-a27f957407265d4e,reactive-no-digital-twin,baseline,3,HSI,0.4,task_within_nested_evaluation_window
s11-a27f957407265d4e,reactive-no-digital-twin,baseline,3,HSI,0.5,task_within_nested_evaluation_window
s11-a27f957407265d4e,reactive-no-digital-twin,baseline,3,HSI,0.6,task_within_nested_evaluation_window
s11-a27f957407265d4e,reactive-no-digital-twin,baseline,3,HSI,0.7,task_within_nested_evaluation_window
s11-a27f957407265d4e,reactive-no-digital-twin,baseline,3,HSI,0.8,task_within_nested_evaluation_window
s11-a27f957407265d4e,reactive-no-digital-twin,baseline,3,HSI,0.9,task_within_nested_evaluation_window
s11-a27f957407265d4e,reactive-no-digital-twin,baseline,3,HSI,0.0,task_within_nested_evaluation_window
s11-a27f957407265d4e,reactive-no-digital-twin,baseline,3,HSI,0.1,task_within_nested_evaluation_window
s11-a27f957407265d4e,reactive-no-digital-twin,baseline,3,HSI,0.2,task_within_nested_evaluation_window
s11-a27f957407265d4e,reactive-no-digital-twin,baseline,3,HSI,0.3,task_within_nested_evaluation_window
s11-a27f957407265d4e,reactive-no-digital-twin,baseline,3,HSI,0.4,task_within_nested_evaluation_window
s11-a27f957407265d4e,reactive-no-digital-twin,baseline,3,HSI,0.5,task_within_nested_evaluation_window
s11-a27f957407265d4e,reactive-no-digital-twin,baseline,3,HSI,0.6,task_within_nested_evaluation_window
s11-a27f957407265d4e,reactive-no-digital-twin,baseline,3,HSI,0.7,task_within_nested_evaluation_window
s11-a27f957407265d4e,reactive-no-digital-twin,baseline,3,HSI,0.8,task_within_nested_evaluation_window
s11-a27f957407265d4e,reactive-no-digital-twin,baseline,3,HSI,0.9,task_within_nested_evaluation_window
s11-a27f957407265d4e,reactive-no-digital-twin,baseline,3,HSI,0.0,task_within_nested_evaluation_window
s11-a27f957407265d4e,reactive-no-digital-twin,baseline,3,HSI,0.1,task_within_nested_evaluation_window
s11-a27f957407265d4e,reactive-no-digital-twin,baseline,3,HSI,0.2,task_within_nested_evaluation_window
s11-a27f957407265d4e,reactive-no-digital-twin,baseline,3,HSI,0.3,task_within_nested_evaluation_window
s11-a27f957407265d4e,reactive-no-digital-twin,baseline,3,HSI,0.4,task_within_nested_evaluation_window
s11-a27f957407265d4e,reactive-no-digital-twin,baseline,3,HSI,0.5,task_within_nested_evaluation_window
s11-a27f957407265d4e,reactive-no-digital-twin,baseline,3,HSI,0.6,task_within_nested_evaluation_window
s11-a27f957407265d4e,reactive-no-digital-twin,baseline,3,HSI,0.7,task_within_nested_evaluation_window
s11-a27f957407265d4e,reactive-no-digital-twin,baseline,3,HSI,0.8,task_within_nested_evaluation_window
s11-a27f957407265d4e,reactive-no-digital-twin,baseline,3,HSI,0.9,task_within_nested_evaluation_window
s11-a27f957407265d4e,reactive-no-digital-twin,baseline,3,HSI,0.0,task_within_nested_evaluation_window
s11-a27f957407265d4e,reactive-no-digital-twin,baseline,3,HSI,0.1,task_within_nested_evaluation_window
s11-a27f957407265d4e,reactive-no-digital-twin,baseline,3,HSI,0.2,task_within_nested_evaluation_window
s11-a27f957407265d4e,reactive-no-digital-twin,baseline,3,HSI,0.3,task_within_nested_evaluation_window
s11-a27f957407265d4e,reactive-no-digital-twin,baseline,3,HSI,0.4,task_within_nested_evaluation_window
s11-a27f957407265d4e,reactive-no-digital-twin,baseline,3,HSI,0.5,task_within_nested_evaluation_window
s11-a27f957407265d4e,reactive-no-digital-twin,baseline,3,HSI,0.6,task_within_nested_evaluation_window
s11-a27f957407265d4e,reactive-no-digital-twin,baseline,3,HSI,0.7,task_within_nested_evaluation_window
s11-a27f957407265d4e,reactive-no-digital-twin,baseline,3,HSI,0.8,task_within_nested_evaluation_window
s11-a27f957407265d4e,reactive-no-digital-twin,baseline,3,HSI,0.9,task_within_nested_evaluation_window
s11-a27f957407265d4e,reactive-no-digital-twin,baseline,3,HSI,0.0,task_within_nested_evaluation_window
s11-a27f957407265d4e,reactive-no-digital-twin,baseline,3,HSI,0.1,task_within_nested_evaluation_window
s11-a27f957407265d4e,reactive-no-digital-twin,baseline,3,HSI,0.2,task_within_nested_evaluation_window
s11-a27f957407265d4e,reactive-no-digital-twin,baseline,3,HSI,0.3,task_within_nested_evaluation_window
s11-a27f957407265d4e,reactive-no-digital-twin,baseline,3,HSI,0.4,task_within_nested_evaluation_window
s11-a27f957407265d4e,reactive-no-digital-twin,baseline,3,HSI,0.5,task_within_nested_evaluation_window
s11-a27f957407265d4e,reactive-no-digital-twin,baseline,3,HSI,0.6,task_within_nested_evaluation_window
s11-a27f957407265d4e,reactive-no-digital-twin,baseline,3,HSI,0.7,task_within_nested_evaluation_window
s11-a27f957407265d4e,reactive-no-digital-twin,baseline,3,HSI,0.8,task_within_nested_evaluation_window
s11-a27f957407265d4e,reactive-no-digital-twin,baseline,3,HSI,0.9,task_within_nested_evaluation_window
s11-a27f957407265d4e,reactive-no-digital-twin,baseline,3,HSI,0.0,task_within_nested_evaluation_window
s11-a27f957407265d4e,reactive-no-digital-twin,baseline,3,HSI,0.1,task_within_nested_evaluation_window
s11-a27f957407265d4e,reactive-no-digital-twin,baseline,3,HSI,0.2,task_within_nested_evaluation_window
s11-a27f957407265d4e,reactive-no-digital-twin,baseline,3,HSI,0.3,task_within_nested_evaluation_window
s11-a27f957407265d4e,reactive-no-digital-twin,baseline,3,HSI,0.4,task_within_nested_evaluation_window
s11-a27f957407265d4e,reactive-no-digital-twin,baseline,3,HSI,0.5,task_within_nested_evaluation_window
s11-a27f957407265d4e,reactive-no-digital-twin,baseline,3,HSI,0.6,task_within_nested_evaluation_window
s11-a27f957407265d4e,reactive-no-digital-twin,baseline,3,HSI,0.7,task_within_nested_evaluation_window
s11-a27f957407265d4e,reactive-no-digital-twin,baseline,3,HSI,0.8,task_within_nested_evaluation_window
s11-a27f957407265d4e,reactive-no-digital-twin,baseline,3,HSI,0.9,task_within_nested_evaluation_window
s11-a27f957407265d4e,reactive-no-digital-twin,baseline,3,HSI,0.0,task_within_nested_evaluation_window
s11-a27f957407265d4e,reactive-no-digital-twin,baseline,3,HSI,0.1,task_within_nested_evaluation_window
s11-a27f957407265d4e,reactive-no-digital-twin,baseline,3,HSI,0.2,task_within_nested_evaluation_window
s11-a27f957407265d4e,reactive-no-digital-twin,baseline,3,HSI,0.3,task_within_nested_evaluation_window
s11-a27f957407265d4e,reactive-no-digital-twin,baseline,3,HSI,0.4,task_within_nested_evaluation_window
s11-a27f957407265d4e,reactive-no-digital-twin,baseline,3,HSI,0.5,task_within_nested_evaluation_window
s11-a27f957407265d4e,reactive-no-digital-twin,baseline,3,HSI,0.6,task_within_nested_evaluation_window
s11-a27f957407265d4e,reactive-no-digital-twin,baseline,3,HSI,0.7,task_within_nested_evaluation_window
s11-a27f957407265d4e,reactive-no-digital-twin,baseline,3,HSI,0.8,task_within_nested_evaluation_window
s11-a27f957407265d4e,reactive-no-digital-twin,baseline,3,HSI,0.9,task_within_nested_evaluation_window
s11-a27f957407265d4e,reactive-no-digital-twin,baseline,3,HSI,0.0,task_within_nested_evaluation_window
s11-a27f957407265d4e,reactive-no-digital-twin,baseline,3,HSI,0.1,task_within_nested_evaluation_window
s11-a27f957407265d4e,reactive-no-digital-twin,baseline,3,HSI,0.2,task_within_nested_evaluation_window
s11-a27f957407265d4e,reactive-no-digital-twin,baseline,3,HSI,0.3,task_within_nested_evaluation_window
s11-a27f957407265d4e,reactive-no-digital-twin,baseline,3,HSI,0.4,task_within_nested_evaluation_window
s11-a27f957407265d4e,reactive-no-digital-twin,baseline,3,HSI,0.5,task_within_nested_evaluation_window
s11-a27f957407265d4e,reactive-no-digital-twin,baseline,3,HSI,0.6,task_within_nested_evaluation_window
s11-a27f957407265d4e,reactive-no-digital-twin,baseline,3,HSI,0.7,task_within_nested_evaluation_window
s11-a27f957407265d4e,reactive-no-digital-twin,baseline,3,HSI,0.8,task_within_nested_evaluation_window
s11-a27f957407265d4e,reactive-no-digital-twin,baseline,3,HSI,0.9,task_within_nested_evaluation_window
s11-a27f957407265d4e,reactive-no-digital-twin,baseline,3,HSI,0.0,task_within_nested_evaluation_window
s11-a27f957407265d4e,reactive-no-digital-twin,baseline,3,HSI,0.1,task_within_nested_evaluation_window
s11-a27f957407265d4e,reactive-no-digital-twin,baseline,3,HSI,0.2,task_within_nested_evaluation_window
s11-a27f957407265d4e,reactive-no-digital-twin,baseline,3,HSI,0.3,task_within_nested_evaluation_window
s11-a27f957407265d4e,reactive-no-digital-twin,baseline,3,HSI,0.4,task_within_nested_evaluation_window
s11-a27f957407265d4e,reactive-no-digital-twin,baseline,3,HSI,0.5,task_within_nested_evaluation_window
s11-a27f957407265d4e,reactive-no-digital-twin,baseline,3,HSI,0.6,task_within_nested_evaluation_window
s11-a27f957407265d4e,reactive-no-digital-twin,baseline,3,HSI,0.7,task_within_nested_evaluation_window
s11-a27f957407265d4e,reactive-no-digital-twin,baseline,3,HSI,0.8,task_within_nested_evaluation_window
s11-a27f957407265d4e,reactive-no-digital-twin,baseline,3,HSI,0.9,task_within_nested_evaluation_window
s11-a27f957407265d4e,reactive-no-digital-twin,baseline,3,HSI,0.0,task_within_nested_evaluation_window
s11-a27f957407265d4e,reactive-no-digital-twin,baseline,3,HSI,0.1,task_within_nested_evaluation_window
s11-a27f957407265d4e,reactive-no-digital-twin,baseline,3,HSI,0.2,task_within_nested_evaluation_window
s11-a27f957407265d4e,reactive-no-digital-twin,baseline,3,HSI,0.3,task_within_nested_evaluation_window
s11-a27f957407265d4e,reactive-no-digital-twin,baseline,3,HSI,0.4,task_within_nested_evaluation_window
s11-a27f957407265d4e,reactive-no-digital-twin,baseline,3,HSI,0.5,task_within_nested_evaluation_window
s11-a27f957407265d4e,reactive-no-digital-twin,baseline,3,HSI,0.6,task_within_nested_evaluation_window
s11-a27f957407265d4e,reactive-no-digital-twin,baseline,3,HSI,0.7,task_within_nested_evaluation_window
s11-a27f957407265d4e,reactive-no-digital-twin,baseline,3,HSI,0.8,task_within_nested_evaluation_window
s11-a27f957407265d4e,reactive-no-digital-twin,baseline,3,HSI,0.9,task_within_nested_evaluation_window
s11-a27f957407265d4e,reactive-no-digital-twin,baseline,4,avg_task_latency_s,351.3961904761905,nested_evaluation_window
s11-a27f957407265d4e,reactive-no-digital-twin,baseline,4,physical_energy_j,983088.0642471313,nested_evaluation_window
s11-a27f957407265d4e,reactive-no-digital-twin,baseline,4,episode_reward,-80.55867104954086,nested_evaluation_window
s11-a27f957407265d4e,reactive-no-digital-twin,baseline,4,HSI,0.0,task_within_nested_evaluation_window
s11-a27f957407265d4e,reactive-no-digital-twin,baseline,4,HSI,0.1,task_within_nested_evaluation_window
s11-a27f957407265d4e,reactive-no-digital-twin,baseline,4,HSI,0.2,task_within_nested_evaluation_window
s11-a27f957407265d4e,reactive-no-digital-twin,baseline,4,HSI,0.3,task_within_nested_evaluation_window
s11-a27f957407265d4e,reactive-no-digital-twin,baseline,4,HSI,0.4,task_within_nested_evaluation_window
s11-a27f957407265d4e,reactive-no-digital-twin,baseline,4,HSI,0.5,task_within_nested_evaluation_window
s11-a27f957407265d4e,reactive-no-digital-twin,baseline,4,HSI,0.6,task_within_nested_evaluation_window
s11-a27f957407265d4e,reactive-no-digital-twin,baseline,4,HSI,0.7,task_within_nested_evaluation_window
s11-a27f957407265d4e,reactive-no-digital-twin,baseline,4,HSI,0.8,task_within_nested_evaluation_window
s11-a27f957407265d4e,reactive-no-digital-twin,baseline,4,HSI,0.9,task_within_nested_evaluation_window
s11-a27f957407265d4e,reactive-no-digital-twin,baseline,4,HSI,0.0,task_within_nested_evaluation_window
s11-a27f957407265d4e,reactive-no-digital-twin,baseline,4,HSI,0.1,task_within_nested_evaluation_window
s11-a27f957407265d4e,reactive-no-digital-twin,baseline,4,HSI,0.2,task_within_nested_evaluation_window
s11-a27f957407265d4e,reactive-no-digital-twin,baseline,4,HSI,0.3,task_within_nested_evaluation_window
s11-a27f957407265d4e,reactive-no-digital-twin,baseline,4,HSI,0.4,task_within_nested_evaluation_window
s11-a27f957407265d4e,reactive-no-digital-twin,baseline,4,HSI,0.5,task_within_nested_evaluation_window
s11-a27f957407265d4e,reactive-no-digital-twin,baseline,4,HSI,0.6,task_within_nested_evaluation_window
s11-a27f957407265d4e,reactive-no-digital-twin,baseline,4,HSI,0.7,task_within_nested_evaluation_window
s11-a27f957407265d4e,reactive-no-digital-twin,baseline,4,HSI,0.8,task_within_nested_evaluation_window
s11-a27f957407265d4e,reactive-no-digital-twin,baseline,4,HSI,0.9,task_within_nested_evaluation_window
s11-a27f957407265d4e,reactive-no-digital-twin,baseline,4,HSI,0.0,task_within_nested_evaluation_window
s11-a27f957407265d4e,reactive-no-digital-twin,baseline,4,HSI,0.1,task_within_nested_evaluation_window
s11-a27f957407265d4e,reactive-no-digital-twin,baseline,4,HSI,0.2,task_within_nested_evaluation_window
s11-a27f957407265d4e,reactive-no-digital-twin,baseline,4,HSI,0.3,task_within_nested_evaluation_window
s11-a27f957407265d4e,reactive-no-digital-twin,baseline,4,HSI,0.4,task_within_nested_evaluation_window
s11-a27f957407265d4e,reactive-no-digital-twin,baseline,4,HSI,0.5,task_within_nested_evaluation_window
s11-a27f957407265d4e,reactive-no-digital-twin,baseline,4,HSI,0.6,task_within_nested_evaluation_window
s11-a27f957407265d4e,reactive-no-digital-twin,baseline,4,HSI,0.7,task_within_nested_evaluation_window
s11-a27f957407265d4e,reactive-no-digital-twin,baseline,4,HSI,0.8,task_within_nested_evaluation_window
s11-a27f957407265d4e,reactive-no-digital-twin,baseline,4,HSI,0.9,task_within_nested_evaluation_window
s11-a27f957407265d4e,reactive-no-digital-twin,baseline,4,HSI,0.0,task_within_nested_evaluation_window
s11-a27f957407265d4e,reactive-no-digital-twin,baseline,4,HSI,0.1,task_within_nested_evaluation_window
s11-a27f957407265d4e,reactive-no-digital-twin,baseline,4,HSI,0.2,task_within_nested_evaluation_window
s11-a27f957407265d4e,reactive-no-digital-twin,baseline,4,HSI,0.3,task_within_nested_evaluation_window
s11-a27f957407265d4e,reactive-no-digital-twin,baseline,4,HSI,0.4,task_within_nested_evaluation_window
s11-a27f957407265d4e,reactive-no-digital-twin,baseline,4,HSI,0.5,task_within_nested_evaluation_window
s11-a27f957407265d4e,reactive-no-digital-twin,baseline,4,HSI,0.6,task_within_nested_evaluation_window
s11-a27f957407265d4e,reactive-no-digital-twin,baseline,4,HSI,0.7,task_within_nested_evaluation_window
s11-a27f957407265d4e,reactive-no-digital-twin,baseline,4,HSI,0.8,task_within_nested_evaluation_window
s11-a27f957407265d4e,reactive-no-digital-twin,baseline,4,HSI,0.9,task_within_nested_evaluation_window
s11-a27f957407265d4e,reactive-no-digital-twin,baseline,4,HSI,0.0,task_within_nested_evaluation_window
s11-a27f957407265d4e,reactive-no-digital-twin,baseline,4,HSI,0.1,task_within_nested_evaluation_window
s11-a27f957407265d4e,reactive-no-digital-twin,baseline,4,HSI,0.2,task_within_nested_evaluation_window
s11-a27f957407265d4e,reactive-no-digital-twin,baseline,4,HSI,0.3,task_within_nested_evaluation_window
s11-a27f957407265d4e,reactive-no-digital-twin,baseline,4,HSI,0.4,task_within_nested_evaluation_window
s11-a27f957407265d4e,reactive-no-digital-twin,baseline,4,HSI,0.5,task_within_nested_evaluation_window
s11-a27f957407265d4e,reactive-no-digital-twin,baseline,4,HSI,0.6,task_within_nested_evaluation_window
s11-a27f957407265d4e,reactive-no-digital-twin,baseline,4,HSI,0.7,task_within_nested_evaluation_window
s11-a27f957407265d4e,reactive-no-digital-twin,baseline,4,HSI,0.8,task_within_nested_evaluation_window
s11-a27f957407265d4e,reactive-no-digital-twin,baseline,4,HSI,0.9,task_within_nested_evaluation_window
s11-a27f957407265d4e,reactive-no-digital-twin,baseline,4,HSI,0.0,task_within_nested_evaluation_window
s11-a27f957407265d4e,reactive-no-digital-twin,baseline,4,HSI,0.1,task_within_nested_evaluation_window
s11-a27f957407265d4e,reactive-no-digital-twin,baseline,4,HSI,0.2,task_within_nested_evaluation_window
s11-a27f957407265d4e,reactive-no-digital-twin,baseline,4,HSI,0.3,task_within_nested_evaluation_window
s11-a27f957407265d4e,reactive-no-digital-twin,baseline,4,HSI,0.4,task_within_nested_evaluation_window
s11-a27f957407265d4e,reactive-no-digital-twin,baseline,4,HSI,0.5,task_within_nested_evaluation_window
s11-a27f957407265d4e,reactive-no-digital-twin,baseline,4,HSI,0.6,task_within_nested_evaluation_window
s11-a27f957407265d4e,reactive-no-digital-twin,baseline,4,HSI,0.7,task_within_nested_evaluation_window
s11-a27f957407265d4e,reactive-no-digital-twin,baseline,4,HSI,0.8,task_within_nested_evaluation_window
s11-a27f957407265d4e,reactive-no-digital-twin,baseline,4,HSI,0.9,task_within_nested_evaluation_window
s11-a27f957407265d4e,reactive-no-digital-twin,baseline,4,HSI,0.0,task_within_nested_evaluation_window
s11-a27f957407265d4e,reactive-no-digital-twin,baseline,4,HSI,0.1,task_within_nested_evaluation_window
s11-a27f957407265d4e,reactive-no-digital-twin,baseline,4,HSI,0.2,task_within_nested_evaluation_window
s11-a27f957407265d4e,reactive-no-digital-twin,baseline,4,HSI,0.3,task_within_nested_evaluation_window
s11-a27f957407265d4e,reactive-no-digital-twin,baseline,4,HSI,0.4,task_within_nested_evaluation_window
s11-a27f957407265d4e,reactive-no-digital-twin,baseline,4,HSI,0.5,task_within_nested_evaluation_window
s11-a27f957407265d4e,reactive-no-digital-twin,baseline,4,HSI,0.6,task_within_nested_evaluation_window
s11-a27f957407265d4e,reactive-no-digital-twin,baseline,4,HSI,0.7,task_within_nested_evaluation_window
s11-a27f957407265d4e,reactive-no-digital-twin,baseline,4,HSI,0.8,task_within_nested_evaluation_window
s11-a27f957407265d4e,reactive-no-digital-twin,baseline,4,HSI,0.9,task_within_nested_evaluation_window
s11-a27f957407265d4e,reactive-no-digital-twin,baseline,4,HSI,0.0,task_within_nested_evaluation_window
s11-a27f957407265d4e,reactive-no-digital-twin,baseline,4,HSI,0.1,task_within_nested_evaluation_window
s11-a27f957407265d4e,reactive-no-digital-twin,baseline,4,HSI,0.2,task_within_nested_evaluation_window
s11-a27f957407265d4e,reactive-no-digital-twin,baseline,4,HSI,0.3,task_within_nested_evaluation_window
s11-a27f957407265d4e,reactive-no-digital-twin,baseline,4,HSI,0.4,task_within_nested_evaluation_window
s11-a27f957407265d4e,reactive-no-digital-twin,baseline,4,HSI,0.5,task_within_nested_evaluation_window
s11-a27f957407265d4e,reactive-no-digital-twin,baseline,4,HSI,0.6,task_within_nested_evaluation_window
s11-a27f957407265d4e,reactive-no-digital-twin,baseline,4,HSI,0.7,task_within_nested_evaluation_window
s11-a27f957407265d4e,reactive-no-digital-twin,baseline,4,HSI,0.8,task_within_nested_evaluation_window
s11-a27f957407265d4e,reactive-no-digital-twin,baseline,4,HSI,0.9,task_within_nested_evaluation_window
s11-a27f957407265d4e,reactive-no-digital-twin,baseline,4,HSI,0.0,task_within_nested_evaluation_window
s11-a27f957407265d4e,reactive-no-digital-twin,baseline,4,HSI,0.1,task_within_nested_evaluation_window
s11-a27f957407265d4e,reactive-no-digital-twin,baseline,4,HSI,0.2,task_within_nested_evaluation_window
s11-a27f957407265d4e,reactive-no-digital-twin,baseline,4,HSI,0.3,task_within_nested_evaluation_window
s11-a27f957407265d4e,reactive-no-digital-twin,baseline,4,HSI,0.4,task_within_nested_evaluation_window
s11-a27f957407265d4e,reactive-no-digital-twin,baseline,4,HSI,0.5,task_within_nested_evaluation_window
s11-a27f957407265d4e,reactive-no-digital-twin,baseline,4,HSI,0.6,task_within_nested_evaluation_window
s11-a27f957407265d4e,reactive-no-digital-twin,baseline,4,HSI,0.7,task_within_nested_evaluation_window
s11-a27f957407265d4e,reactive-no-digital-twin,baseline,4,HSI,0.8,task_within_nested_evaluation_window
s11-a27f957407265d4e,reactive-no-digital-twin,baseline,4,HSI,0.9,task_within_nested_evaluation_window
s11-a27f957407265d4e,reactive-no-digital-twin,baseline,4,HSI,0.0,task_within_nested_evaluation_window
s11-a27f957407265d4e,reactive-no-digital-twin,baseline,4,HSI,0.1,task_within_nested_evaluation_window
s11-a27f957407265d4e,reactive-no-digital-twin,baseline,4,HSI,0.2,task_within_nested_evaluation_window
s11-a27f957407265d4e,reactive-no-digital-twin,baseline,4,HSI,0.3,task_within_nested_evaluation_window
s11-a27f957407265d4e,reactive-no-digital-twin,baseline,4,HSI,0.4,task_within_nested_evaluation_window
s11-a27f957407265d4e,reactive-no-digital-twin,baseline,4,HSI,0.5,task_within_nested_evaluation_window
s11-a27f957407265d4e,reactive-no-digital-twin,baseline,4,HSI,0.6,task_within_nested_evaluation_window
s11-a27f957407265d4e,reactive-no-digital-twin,baseline,4,HSI,0.7,task_within_nested_evaluation_window
s11-a27f957407265d4e,reactive-no-digital-twin,baseline,4,HSI,0.8,task_within_nested_evaluation_window
s11-a27f957407265d4e,reactive-no-digital-twin,baseline,4,HSI,0.9,task_within_nested_evaluation_window
s11-a27f957407265d4e,reactive-no-digital-twin,baseline,4,HSI,0.0,task_within_nested_evaluation_window
s11-a27f957407265d4e,reactive-no-digital-twin,baseline,4,HSI,0.1,task_within_nested_evaluation_window
s11-a27f957407265d4e,reactive-no-digital-twin,baseline,4,HSI,0.2,task_within_nested_evaluation_window
s11-a27f957407265d4e,reactive-no-digital-twin,baseline,4,HSI,0.3,task_within_nested_evaluation_window
s11-a27f957407265d4e,reactive-no-digital-twin,baseline,4,HSI,0.4,task_within_nested_evaluation_window
s11-a27f957407265d4e,reactive-no-digital-twin,baseline,4,HSI,0.5,task_within_nested_evaluation_window
s11-a27f957407265d4e,reactive-no-digital-twin,baseline,4,HSI,0.6,task_within_nested_evaluation_window
s11-a27f957407265d4e,reactive-no-digital-twin,baseline,4,HSI,0.7,task_within_nested_evaluation_window
s11-a27f957407265d4e,reactive-no-digital-twin,baseline,4,HSI,0.8,task_within_nested_evaluation_window
s11-a27f957407265d4e,reactive-no-digital-twin,baseline,4,HSI,0.9,task_within_nested_evaluation_window
s11-a27f957407265d4e,reactive-no-digital-twin,baseline,4,HSI,0.0,task_within_nested_evaluation_window
s11-a27f957407265d4e,reactive-no-digital-twin,baseline,4,HSI,0.1,task_within_nested_evaluation_window
s11-a27f957407265d4e,reactive-no-digital-twin,baseline,4,HSI,0.2,task_within_nested_evaluation_window
s11-a27f957407265d4e,reactive-no-digital-twin,baseline,4,HSI,0.3,task_within_nested_evaluation_window
s11-a27f957407265d4e,reactive-no-digital-twin,baseline,4,HSI,0.4,task_within_nested_evaluation_window
s11-a27f957407265d4e,reactive-no-digital-twin,baseline,4,HSI,0.5,task_within_nested_evaluation_window
s11-a27f957407265d4e,reactive-no-digital-twin,baseline,4,HSI,0.6,task_within_nested_evaluation_window
s11-a27f957407265d4e,reactive-no-digital-twin,baseline,4,HSI,0.7,task_within_nested_evaluation_window
s11-a27f957407265d4e,reactive-no-digital-twin,baseline,4,HSI,0.8,task_within_nested_evaluation_window
s11-a27f957407265d4e,reactive-no-digital-twin,baseline,4,HSI,0.9,task_within_nested_evaluation_window
s11-a27f957407265d4e,reactive-no-digital-twin,baseline,4,avg_task_latency_s,332.63625,nested_evaluation_window
s11-a27f957407265d4e,reactive-no-digital-twin,baseline,4,physical_energy_j,971780.1287841797,nested_evaluation_window
s11-a27f957407265d4e,reactive-no-digital-twin,baseline,4,episode_reward,-151.5840208379086,nested_evaluation_window
s11-a27f957407265d4e,reactive-no-digital-twin,baseline,4,HSI,0.0,task_within_nested_evaluation_window
s11-a27f957407265d4e,reactive-no-digital-twin,baseline,4,HSI,0.1,task_within_nested_evaluation_window
s11-a27f957407265d4e,reactive-no-digital-twin,baseline,4,HSI,0.2,task_within_nested_evaluation_window
s11-a27f957407265d4e,reactive-no-digital-twin,baseline,4,HSI,0.3,task_within_nested_evaluation_window
s11-a27f957407265d4e,reactive-no-digital-twin,baseline,4,HSI,0.4,task_within_nested_evaluation_window
s11-a27f957407265d4e,reactive-no-digital-twin,baseline,4,HSI,0.5,task_within_nested_evaluation_window
s11-a27f957407265d4e,reactive-no-digital-twin,baseline,4,HSI,0.6,task_within_nested_evaluation_window
s11-a27f957407265d4e,reactive-no-digital-twin,baseline,4,HSI,0.7,task_within_nested_evaluation_window
s11-a27f957407265d4e,reactive-no-digital-twin,baseline,4,HSI,0.8,task_within_nested_evaluation_window
s11-a27f957407265d4e,reactive-no-digital-twin,baseline,4,HSI,0.9,task_within_nested_evaluation_window
s11-a27f957407265d4e,reactive-no-digital-twin,baseline,4,HSI,0.0,task_within_nested_evaluation_window
s11-a27f957407265d4e,reactive-no-digital-twin,baseline,4,HSI,0.1,task_within_nested_evaluation_window
s11-a27f957407265d4e,reactive-no-digital-twin,baseline,4,HSI,0.2,task_within_nested_evaluation_window
s11-a27f957407265d4e,reactive-no-digital-twin,baseline,4,HSI,0.3,task_within_nested_evaluation_window
s11-a27f957407265d4e,reactive-no-digital-twin,baseline,4,HSI,0.4,task_within_nested_evaluation_window
s11-a27f957407265d4e,reactive-no-digital-twin,baseline,4,HSI,0.5,task_within_nested_evaluation_window
s11-a27f957407265d4e,reactive-no-digital-twin,baseline,4,HSI,0.6,task_within_nested_evaluation_window
s11-a27f957407265d4e,reactive-no-digital-twin,baseline,4,HSI,0.7,task_within_nested_evaluation_window
s11-a27f957407265d4e,reactive-no-digital-twin,baseline,4,HSI,0.8,task_within_nested_evaluation_window
s11-a27f957407265d4e,reactive-no-digital-twin,baseline,4,HSI,0.9,task_within_nested_evaluation_window
s11-a27f957407265d4e,reactive-no-digital-twin,baseline,4,HSI,0.0,task_within_nested_evaluation_window
s11-a27f957407265d4e,reactive-no-digital-twin,baseline,4,HSI,0.1,task_within_nested_evaluation_window
s11-a27f957407265d4e,reactive-no-digital-twin,baseline,4,HSI,0.2,task_within_nested_evaluation_window
s11-a27f957407265d4e,reactive-no-digital-twin,baseline,4,HSI,0.3,task_within_nested_evaluation_window
s11-a27f957407265d4e,reactive-no-digital-twin,baseline,4,HSI,0.4,task_within_nested_evaluation_window
s11-a27f957407265d4e,reactive-no-digital-twin,baseline,4,HSI,0.5,task_within_nested_evaluation_window
s11-a27f957407265d4e,reactive-no-digital-twin,baseline,4,HSI,0.6,task_within_nested_evaluation_window
s11-a27f957407265d4e,reactive-no-digital-twin,baseline,4,HSI,0.7,task_within_nested_evaluation_window
s11-a27f957407265d4e,reactive-no-digital-twin,baseline,4,HSI,0.8,task_within_nested_evaluation_window
s11-a27f957407265d4e,reactive-no-digital-twin,baseline,4,HSI,0.9,task_within_nested_evaluation_window
s11-a27f957407265d4e,reactive-no-digital-twin,baseline,4,HSI,0.0,task_within_nested_evaluation_window
s11-a27f957407265d4e,reactive-no-digital-twin,baseline,4,HSI,0.1,task_within_nested_evaluation_window
s11-a27f957407265d4e,reactive-no-digital-twin,baseline,4,HSI,0.2,task_within_nested_evaluation_window
s11-a27f957407265d4e,reactive-no-digital-twin,baseline,4,HSI,0.3,task_within_nested_evaluation_window
s11-a27f957407265d4e,reactive-no-digital-twin,baseline,4,HSI,0.4,task_within_nested_evaluation_window
s11-a27f957407265d4e,reactive-no-digital-twin,baseline,4,HSI,0.5,task_within_nested_evaluation_window
s11-a27f957407265d4e,reactive-no-digital-twin,baseline,4,HSI,0.6,task_within_nested_evaluation_window
s11-a27f957407265d4e,reactive-no-digital-twin,baseline,4,HSI,0.7,task_within_nested_evaluation_window
s11-a27f957407265d4e,reactive-no-digital-twin,baseline,4,HSI,0.8,task_within_nested_evaluation_window
s11-a27f957407265d4e,reactive-no-digital-twin,baseline,4,HSI,0.9,task_within_nested_evaluation_window
s11-a27f957407265d4e,reactive-no-digital-twin,baseline,4,HSI,0.0,task_within_nested_evaluation_window
s11-a27f957407265d4e,reactive-no-digital-twin,baseline,4,HSI,0.1,task_within_nested_evaluation_window
s11-a27f957407265d4e,reactive-no-digital-twin,baseline,4,HSI,0.2,task_within_nested_evaluation_window
s11-a27f957407265d4e,reactive-no-digital-twin,baseline,4,HSI,0.3,task_within_nested_evaluation_window
s11-a27f957407265d4e,reactive-no-digital-twin,baseline,4,HSI,0.4,task_within_nested_evaluation_window
s11-a27f957407265d4e,reactive-no-digital-twin,baseline,4,HSI,0.5,task_within_nested_evaluation_window
s11-a27f957407265d4e,reactive-no-digital-twin,baseline,4,HSI,0.6,task_within_nested_evaluation_window
s11-a27f957407265d4e,reactive-no-digital-twin,baseline,4,HSI,0.7,task_within_nested_evaluation_window
s11-a27f957407265d4e,reactive-no-digital-twin,baseline,4,HSI,0.8,task_within_nested_evaluation_window
s11-a27f957407265d4e,reactive-no-digital-twin,baseline,4,HSI,0.9,task_within_nested_evaluation_window
s11-a27f957407265d4e,reactive-no-digital-twin,baseline,4,HSI,0.0,task_within_nested_evaluation_window
s11-a27f957407265d4e,reactive-no-digital-twin,baseline,4,HSI,0.1,task_within_nested_evaluation_window
s11-a27f957407265d4e,reactive-no-digital-twin,baseline,4,HSI,0.2,task_within_nested_evaluation_window
s11-a27f957407265d4e,reactive-no-digital-twin,baseline,4,HSI,0.3,task_within_nested_evaluation_window
s11-a27f957407265d4e,reactive-no-digital-twin,baseline,4,HSI,0.4,task_within_nested_evaluation_window
s11-a27f957407265d4e,reactive-no-digital-twin,baseline,4,HSI,0.5,task_within_nested_evaluation_window
s11-a27f957407265d4e,reactive-no-digital-twin,baseline,4,HSI,0.6,task_within_nested_evaluation_window
s11-a27f957407265d4e,reactive-no-digital-twin,baseline,4,HSI,0.7,task_within_nested_evaluation_window
s11-a27f957407265d4e,reactive-no-digital-twin,baseline,4,HSI,0.8,task_within_nested_evaluation_window
s11-a27f957407265d4e,reactive-no-digital-twin,baseline,4,HSI,0.9,task_within_nested_evaluation_window
s11-a27f957407265d4e,reactive-no-digital-twin,baseline,4,HSI,0.0,task_within_nested_evaluation_window
s11-a27f957407265d4e,reactive-no-digital-twin,baseline,4,HSI,0.1,task_within_nested_evaluation_window
s11-a27f957407265d4e,reactive-no-digital-twin,baseline,4,HSI,0.2,task_within_nested_evaluation_window
s11-a27f957407265d4e,reactive-no-digital-twin,baseline,4,HSI,0.3,task_within_nested_evaluation_window
s11-a27f957407265d4e,reactive-no-digital-twin,baseline,4,HSI,0.4,task_within_nested_evaluation_window
s11-a27f957407265d4e,reactive-no-digital-twin,baseline,4,HSI,0.5,task_within_nested_evaluation_window
s11-a27f957407265d4e,reactive-no-digital-twin,baseline,4,HSI,0.6,task_within_nested_evaluation_window
s11-a27f957407265d4e,reactive-no-digital-twin,baseline,4,HSI,0.7,task_within_nested_evaluation_window
s11-a27f957407265d4e,reactive-no-digital-twin,baseline,4,HSI,0.8,task_within_nested_evaluation_window
s11-a27f957407265d4e,reactive-no-digital-twin,baseline,4,HSI,0.9,task_within_nested_evaluation_window
s11-a27f957407265d4e,reactive-no-digital-twin,baseline,4,HSI,0.0,task_within_nested_evaluation_window
s11-a27f957407265d4e,reactive-no-digital-twin,baseline,4,HSI,0.1,task_within_nested_evaluation_window
s11-a27f957407265d4e,reactive-no-digital-twin,baseline,4,HSI,0.2,task_within_nested_evaluation_window
s11-a27f957407265d4e,reactive-no-digital-twin,baseline,4,HSI,0.3,task_within_nested_evaluation_window
s11-a27f957407265d4e,reactive-no-digital-twin,baseline,4,HSI,0.4,task_within_nested_evaluation_window
s11-a27f957407265d4e,reactive-no-digital-twin,baseline,4,HSI,0.5,task_within_nested_evaluation_window
s11-a27f957407265d4e,reactive-no-digital-twin,baseline,4,HSI,0.6,task_within_nested_evaluation_window
s11-a27f957407265d4e,reactive-no-digital-twin,baseline,4,HSI,0.7,task_within_nested_evaluation_window
s11-a27f957407265d4e,reactive-no-digital-twin,baseline,4,HSI,0.8,task_within_nested_evaluation_window
s11-a27f957407265d4e,reactive-no-digital-twin,baseline,4,HSI,0.9,task_within_nested_evaluation_window
s11-a27f957407265d4e,reactive-no-digital-twin,baseline,4,HSI,0.0,task_within_nested_evaluation_window
s11-a27f957407265d4e,reactive-no-digital-twin,baseline,4,HSI,0.1,task_within_nested_evaluation_window
s11-a27f957407265d4e,reactive-no-digital-twin,baseline,4,HSI,0.2,task_within_nested_evaluation_window
s11-a27f957407265d4e,reactive-no-digital-twin,baseline,4,HSI,0.3,task_within_nested_evaluation_window
s11-a27f957407265d4e,reactive-no-digital-twin,baseline,4,HSI,0.4,task_within_nested_evaluation_window
s11-a27f957407265d4e,reactive-no-digital-twin,baseline,4,HSI,0.5,task_within_nested_evaluation_window
s11-a27f957407265d4e,reactive-no-digital-twin,baseline,4,HSI,0.6,task_within_nested_evaluation_window
s11-a27f957407265d4e,reactive-no-digital-twin,baseline,4,HSI,0.7,task_within_nested_evaluation_window
s11-a27f957407265d4e,reactive-no-digital-twin,baseline,4,HSI,0.8,task_within_nested_evaluation_window
s11-a27f957407265d4e,reactive-no-digital-twin,baseline,4,HSI,0.9,task_within_nested_evaluation_window
s11-a27f957407265d4e,reactive-no-digital-twin,baseline,4,HSI,0.0,task_within_nested_evaluation_window
s11-a27f957407265d4e,reactive-no-digital-twin,baseline,4,HSI,0.1,task_within_nested_evaluation_window
s11-a27f957407265d4e,reactive-no-digital-twin,baseline,4,HSI,0.2,task_within_nested_evaluation_window
s11-a27f957407265d4e,reactive-no-digital-twin,baseline,4,HSI,0.3,task_within_nested_evaluation_window
s11-a27f957407265d4e,reactive-no-digital-twin,baseline,4,HSI,0.4,task_within_nested_evaluation_window
s11-a27f957407265d4e,reactive-no-digital-twin,baseline,4,HSI,0.5,task_within_nested_evaluation_window
s11-a27f957407265d4e,reactive-no-digital-twin,baseline,4,HSI,0.6,task_within_nested_evaluation_window
s11-a27f957407265d4e,reactive-no-digital-twin,baseline,4,HSI,0.7,task_within_nested_evaluation_window
s11-a27f957407265d4e,reactive-no-digital-twin,baseline,4,HSI,0.8,task_within_nested_evaluation_window
s11-a27f957407265d4e,reactive-no-digital-twin,baseline,4,HSI,0.9,task_within_nested_evaluation_window
s11-a27f957407265d4e,reactive-no-digital-twin,baseline,4,HSI,0.0,task_within_nested_evaluation_window
s11-a27f957407265d4e,reactive-no-digital-twin,baseline,4,HSI,0.1,task_within_nested_evaluation_window
s11-a27f957407265d4e,reactive-no-digital-twin,baseline,4,HSI,0.2,task_within_nested_evaluation_window
s11-a27f957407265d4e,reactive-no-digital-twin,baseline,4,HSI,0.3,task_within_nested_evaluation_window
s11-a27f957407265d4e,reactive-no-digital-twin,baseline,4,HSI,0.4,task_within_nested_evaluation_window
s11-a27f957407265d4e,reactive-no-digital-twin,baseline,4,HSI,0.5,task_within_nested_evaluation_window
s11-a27f957407265d4e,reactive-no-digital-twin,baseline,4,HSI,0.6,task_within_nested_evaluation_window
s11-a27f957407265d4e,reactive-no-digital-twin,baseline,4,HSI,0.7,task_within_nested_evaluation_window
s11-a27f957407265d4e,reactive-no-digital-twin,baseline,4,HSI,0.8,task_within_nested_evaluation_window
s11-a27f957407265d4e,reactive-no-digital-twin,baseline,4,HSI,0.9,task_within_nested_evaluation_window
s11-a27f957407265d4e,reactive-no-digital-twin,baseline,4,HSI,0.0,task_within_nested_evaluation_window
s11-a27f957407265d4e,reactive-no-digital-twin,baseline,4,HSI,0.1,task_within_nested_evaluation_window
s11-a27f957407265d4e,reactive-no-digital-twin,baseline,4,HSI,0.2,task_within_nested_evaluation_window
s11-a27f957407265d4e,reactive-no-digital-twin,baseline,4,HSI,0.3,task_within_nested_evaluation_window
s11-a27f957407265d4e,reactive-no-digital-twin,baseline,4,HSI,0.4,task_within_nested_evaluation_window
s11-a27f957407265d4e,reactive-no-digital-twin,baseline,4,HSI,0.5,task_within_nested_evaluation_window
s11-a27f957407265d4e,reactive-no-digital-twin,baseline,4,HSI,0.6,task_within_nested_evaluation_window
s11-a27f957407265d4e,reactive-no-digital-twin,baseline,4,HSI,0.7,task_within_nested_evaluation_window
s11-a27f957407265d4e,reactive-no-digital-twin,baseline,4,HSI,0.8,task_within_nested_evaluation_window
s11-a27f957407265d4e,reactive-no-digital-twin,baseline,4,HSI,0.9,task_within_nested_evaluation_window
s11-a27f957407265d4e,reactive-no-digital-twin,baseline,4,avg_task_latency_s,349.0389743589745,nested_evaluation_window
s11-a27f957407265d4e,reactive-no-digital-twin,baseline,4,physical_energy_j,968017.19367218,nested_evaluation_window
s11-a27f957407265d4e,reactive-no-digital-twin,baseline,4,episode_reward,-151.81883210293017,nested_evaluation_window
s11-a27f957407265d4e,reactive-no-digital-twin,baseline,4,HSI,0.0,task_within_nested_evaluation_window
s11-a27f957407265d4e,reactive-no-digital-twin,baseline,4,HSI,0.1,task_within_nested_evaluation_window
s11-a27f957407265d4e,reactive-no-digital-twin,baseline,4,HSI,0.2,task_within_nested_evaluation_window
s11-a27f957407265d4e,reactive-no-digital-twin,baseline,4,HSI,0.3,task_within_nested_evaluation_window
s11-a27f957407265d4e,reactive-no-digital-twin,baseline,4,HSI,0.4,task_within_nested_evaluation_window
s11-a27f957407265d4e,reactive-no-digital-twin,baseline,4,HSI,0.5,task_within_nested_evaluation_window
s11-a27f957407265d4e,reactive-no-digital-twin,baseline,4,HSI,0.6,task_within_nested_evaluation_window
s11-a27f957407265d4e,reactive-no-digital-twin,baseline,4,HSI,0.7,task_within_nested_evaluation_window
s11-a27f957407265d4e,reactive-no-digital-twin,baseline,4,HSI,0.8,task_within_nested_evaluation_window
s11-a27f957407265d4e,reactive-no-digital-twin,baseline,4,HSI,0.9,task_within_nested_evaluation_window
s11-a27f957407265d4e,reactive-no-digital-twin,baseline,4,HSI,0.0,task_within_nested_evaluation_window
s11-a27f957407265d4e,reactive-no-digital-twin,baseline,4,HSI,0.1,task_within_nested_evaluation_window
s11-a27f957407265d4e,reactive-no-digital-twin,baseline,4,HSI,0.2,task_within_nested_evaluation_window
s11-a27f957407265d4e,reactive-no-digital-twin,baseline,4,HSI,0.3,task_within_nested_evaluation_window
s11-a27f957407265d4e,reactive-no-digital-twin,baseline,4,HSI,0.4,task_within_nested_evaluation_window
s11-a27f957407265d4e,reactive-no-digital-twin,baseline,4,HSI,0.5,task_within_nested_evaluation_window
s11-a27f957407265d4e,reactive-no-digital-twin,baseline,4,HSI,0.6,task_within_nested_evaluation_window
s11-a27f957407265d4e,reactive-no-digital-twin,baseline,4,HSI,0.7,task_within_nested_evaluation_window
s11-a27f957407265d4e,reactive-no-digital-twin,baseline,4,HSI,0.8,task_within_nested_evaluation_window
s11-a27f957407265d4e,reactive-no-digital-twin,baseline,4,HSI,0.9,task_within_nested_evaluation_window
s11-a27f957407265d4e,reactive-no-digital-twin,baseline,4,HSI,0.0,task_within_nested_evaluation_window
s11-a27f957407265d4e,reactive-no-digital-twin,baseline,4,HSI,0.1,task_within_nested_evaluation_window
s11-a27f957407265d4e,reactive-no-digital-twin,baseline,4,HSI,0.2,task_within_nested_evaluation_window
s11-a27f957407265d4e,reactive-no-digital-twin,baseline,4,HSI,0.3,task_within_nested_evaluation_window
s11-a27f957407265d4e,reactive-no-digital-twin,baseline,4,HSI,0.4,task_within_nested_evaluation_window
s11-a27f957407265d4e,reactive-no-digital-twin,baseline,4,HSI,0.5,task_within_nested_evaluation_window
s11-a27f957407265d4e,reactive-no-digital-twin,baseline,4,HSI,0.6,task_within_nested_evaluation_window
s11-a27f957407265d4e,reactive-no-digital-twin,baseline,4,HSI,0.7,task_within_nested_evaluation_window
s11-a27f957407265d4e,reactive-no-digital-twin,baseline,4,HSI,0.8,task_within_nested_evaluation_window
s11-a27f957407265d4e,reactive-no-digital-twin,baseline,4,HSI,0.9,task_within_nested_evaluation_window
s11-a27f957407265d4e,reactive-no-digital-twin,baseline,4,HSI,0.0,task_within_nested_evaluation_window
s11-a27f957407265d4e,reactive-no-digital-twin,baseline,4,HSI,0.1,task_within_nested_evaluation_window
s11-a27f957407265d4e,reactive-no-digital-twin,baseline,4,HSI,0.2,task_within_nested_evaluation_window
s11-a27f957407265d4e,reactive-no-digital-twin,baseline,4,HSI,0.3,task_within_nested_evaluation_window
s11-a27f957407265d4e,reactive-no-digital-twin,baseline,4,HSI,0.4,task_within_nested_evaluation_window
s11-a27f957407265d4e,reactive-no-digital-twin,baseline,4,HSI,0.5,task_within_nested_evaluation_window
s11-a27f957407265d4e,reactive-no-digital-twin,baseline,4,HSI,0.6,task_within_nested_evaluation_window
s11-a27f957407265d4e,reactive-no-digital-twin,baseline,4,HSI,0.7,task_within_nested_evaluation_window
s11-a27f957407265d4e,reactive-no-digital-twin,baseline,4,HSI,0.8,task_within_nested_evaluation_window
s11-a27f957407265d4e,reactive-no-digital-twin,baseline,4,HSI,0.9,task_within_nested_evaluation_window
s11-a27f957407265d4e,reactive-no-digital-twin,baseline,4,HSI,0.0,task_within_nested_evaluation_window
s11-a27f957407265d4e,reactive-no-digital-twin,baseline,4,HSI,0.1,task_within_nested_evaluation_window
s11-a27f957407265d4e,reactive-no-digital-twin,baseline,4,HSI,0.2,task_within_nested_evaluation_window
s11-a27f957407265d4e,reactive-no-digital-twin,baseline,4,HSI,0.3,task_within_nested_evaluation_window
s11-a27f957407265d4e,reactive-no-digital-twin,baseline,4,HSI,0.4,task_within_nested_evaluation_window
s11-a27f957407265d4e,reactive-no-digital-twin,baseline,4,HSI,0.5,task_within_nested_evaluation_window
s11-a27f957407265d4e,reactive-no-digital-twin,baseline,4,HSI,0.6,task_within_nested_evaluation_window
s11-a27f957407265d4e,reactive-no-digital-twin,baseline,4,HSI,0.7,task_within_nested_evaluation_window
s11-a27f957407265d4e,reactive-no-digital-twin,baseline,4,HSI,0.8,task_within_nested_evaluation_window
s11-a27f957407265d4e,reactive-no-digital-twin,baseline,4,HSI,0.9,task_within_nested_evaluation_window
s11-a27f957407265d4e,reactive-no-digital-twin,baseline,4,HSI,0.0,task_within_nested_evaluation_window
s11-a27f957407265d4e,reactive-no-digital-twin,baseline,4,HSI,0.1,task_within_nested_evaluation_window
s11-a27f957407265d4e,reactive-no-digital-twin,baseline,4,HSI,0.2,task_within_nested_evaluation_window
s11-a27f957407265d4e,reactive-no-digital-twin,baseline,4,HSI,0.3,task_within_nested_evaluation_window
s11-a27f957407265d4e,reactive-no-digital-twin,baseline,4,HSI,0.4,task_within_nested_evaluation_window
s11-a27f957407265d4e,reactive-no-digital-twin,baseline,4,HSI,0.5,task_within_nested_evaluation_window
s11-a27f957407265d4e,reactive-no-digital-twin,baseline,4,HSI,0.6,task_within_nested_evaluation_window
s11-a27f957407265d4e,reactive-no-digital-twin,baseline,4,HSI,0.7,task_within_nested_evaluation_window
s11-a27f957407265d4e,reactive-no-digital-twin,baseline,4,HSI,0.8,task_within_nested_evaluation_window
s11-a27f957407265d4e,reactive-no-digital-twin,baseline,4,HSI,0.9,task_within_nested_evaluation_window
s11-a27f957407265d4e,reactive-no-digital-twin,baseline,4,HSI,0.0,task_within_nested_evaluation_window
s11-a27f957407265d4e,reactive-no-digital-twin,baseline,4,HSI,0.1,task_within_nested_evaluation_window
s11-a27f957407265d4e,reactive-no-digital-twin,baseline,4,HSI,0.2,task_within_nested_evaluation_window
s11-a27f957407265d4e,reactive-no-digital-twin,baseline,4,HSI,0.3,task_within_nested_evaluation_window
s11-a27f957407265d4e,reactive-no-digital-twin,baseline,4,HSI,0.4,task_within_nested_evaluation_window
s11-a27f957407265d4e,reactive-no-digital-twin,baseline,4,HSI,0.5,task_within_nested_evaluation_window
s11-a27f957407265d4e,reactive-no-digital-twin,baseline,4,HSI,0.6,task_within_nested_evaluation_window
s11-a27f957407265d4e,reactive-no-digital-twin,baseline,4,HSI,0.7,task_within_nested_evaluation_window
s11-a27f957407265d4e,reactive-no-digital-twin,baseline,4,HSI,0.8,task_within_nested_evaluation_window
s11-a27f957407265d4e,reactive-no-digital-twin,baseline,4,HSI,0.9,task_within_nested_evaluation_window
s11-a27f957407265d4e,reactive-no-digital-twin,baseline,4,HSI,0.0,task_within_nested_evaluation_window
s11-a27f957407265d4e,reactive-no-digital-twin,baseline,4,HSI,0.1,task_within_nested_evaluation_window
s11-a27f957407265d4e,reactive-no-digital-twin,baseline,4,HSI,0.2,task_within_nested_evaluation_window
s11-a27f957407265d4e,reactive-no-digital-twin,baseline,4,HSI,0.3,task_within_nested_evaluation_window
s11-a27f957407265d4e,reactive-no-digital-twin,baseline,4,HSI,0.4,task_within_nested_evaluation_window
s11-a27f957407265d4e,reactive-no-digital-twin,baseline,4,HSI,0.5,task_within_nested_evaluation_window
s11-a27f957407265d4e,reactive-no-digital-twin,baseline,4,HSI,0.6,task_within_nested_evaluation_window
s11-a27f957407265d4e,reactive-no-digital-twin,baseline,4,HSI,0.7,task_within_nested_evaluation_window
s11-a27f957407265d4e,reactive-no-digital-twin,baseline,4,HSI,0.8,task_within_nested_evaluation_window
s11-a27f957407265d4e,reactive-no-digital-twin,baseline,4,HSI,0.9,task_within_nested_evaluation_window
s11-a27f957407265d4e,reactive-no-digital-twin,baseline,4,HSI,0.0,task_within_nested_evaluation_window
s11-a27f957407265d4e,reactive-no-digital-twin,baseline,4,HSI,0.1,task_within_nested_evaluation_window
s11-a27f957407265d4e,reactive-no-digital-twin,baseline,4,HSI,0.2,task_within_nested_evaluation_window
s11-a27f957407265d4e,reactive-no-digital-twin,baseline,4,HSI,0.3,task_within_nested_evaluation_window
s11-a27f957407265d4e,reactive-no-digital-twin,baseline,4,HSI,0.4,task_within_nested_evaluation_window
s11-a27f957407265d4e,reactive-no-digital-twin,baseline,4,HSI,0.5,task_within_nested_evaluation_window
s11-a27f957407265d4e,reactive-no-digital-twin,baseline,4,HSI,0.6,task_within_nested_evaluation_window
s11-a27f957407265d4e,reactive-no-digital-twin,baseline,4,HSI,0.7,task_within_nested_evaluation_window
s11-a27f957407265d4e,reactive-no-digital-twin,baseline,4,HSI,0.8,task_within_nested_evaluation_window
s11-a27f957407265d4e,reactive-no-digital-twin,baseline,4,HSI,0.9,task_within_nested_evaluation_window
s11-a27f957407265d4e,reactive-no-digital-twin,baseline,4,HSI,0.0,task_within_nested_evaluation_window
s11-a27f957407265d4e,reactive-no-digital-twin,baseline,4,HSI,0.1,task_within_nested_evaluation_window
s11-a27f957407265d4e,reactive-no-digital-twin,baseline,4,HSI,0.2,task_within_nested_evaluation_window
s11-a27f957407265d4e,reactive-no-digital-twin,baseline,4,HSI,0.3,task_within_nested_evaluation_window
s11-a27f957407265d4e,reactive-no-digital-twin,baseline,4,HSI,0.4,task_within_nested_evaluation_window
s11-a27f957407265d4e,reactive-no-digital-twin,baseline,4,HSI,0.5,task_within_nested_evaluation_window
s11-a27f957407265d4e,reactive-no-digital-twin,baseline,4,HSI,0.6,task_within_nested_evaluation_window
s11-a27f957407265d4e,reactive-no-digital-twin,baseline,4,HSI,0.7,task_within_nested_evaluation_window
s11-a27f957407265d4e,reactive-no-digital-twin,baseline,4,HSI,0.8,task_within_nested_evaluation_window
s11-a27f957407265d4e,reactive-no-digital-twin,baseline,4,HSI,0.9,task_within_nested_evaluation_window
s11-a27f957407265d4e,reactive-no-digital-twin,baseline,4,HSI,0.0,task_within_nested_evaluation_window
s11-a27f957407265d4e,reactive-no-digital-twin,baseline,4,HSI,0.1,task_within_nested_evaluation_window
s11-a27f957407265d4e,reactive-no-digital-twin,baseline,4,HSI,0.2,task_within_nested_evaluation_window
s11-a27f957407265d4e,reactive-no-digital-twin,baseline,4,HSI,0.3,task_within_nested_evaluation_window
s11-a27f957407265d4e,reactive-no-digital-twin,baseline,4,HSI,0.4,task_within_nested_evaluation_window
s11-a27f957407265d4e,reactive-no-digital-twin,baseline,4,HSI,0.5,task_within_nested_evaluation_window
s11-a27f957407265d4e,reactive-no-digital-twin,baseline,4,HSI,0.6,task_within_nested_evaluation_window
s11-a27f957407265d4e,reactive-no-digital-twin,baseline,4,HSI,0.7,task_within_nested_evaluation_window
s11-a27f957407265d4e,reactive-no-digital-twin,baseline,4,HSI,0.8,task_within_nested_evaluation_window
s11-a27f957407265d4e,reactive-no-digital-twin,baseline,4,HSI,0.9,task_within_nested_evaluation_window
s11-a27f957407265d4e,reactive-no-digital-twin,baseline,4,HSI,0.0,task_within_nested_evaluation_window
s11-a27f957407265d4e,reactive-no-digital-twin,baseline,4,HSI,0.1,task_within_nested_evaluation_window
s11-a27f957407265d4e,reactive-no-digital-twin,baseline,4,HSI,0.2,task_within_nested_evaluation_window
s11-a27f957407265d4e,reactive-no-digital-twin,baseline,4,HSI,0.3,task_within_nested_evaluation_window
s11-a27f957407265d4e,reactive-no-digital-twin,baseline,4,HSI,0.4,task_within_nested_evaluation_window
s11-a27f957407265d4e,reactive-no-digital-twin,baseline,4,HSI,0.5,task_within_nested_evaluation_window
s11-a27f957407265d4e,reactive-no-digital-twin,baseline,4,HSI,0.6,task_within_nested_evaluation_window
s11-a27f957407265d4e,reactive-no-digital-twin,baseline,4,HSI,0.7,task_within_nested_evaluation_window
s11-a27f957407265d4e,reactive-no-digital-twin,baseline,4,HSI,0.8,task_within_nested_evaluation_window
s11-a27f957407265d4e,reactive-no-digital-twin,baseline,4,HSI,0.9,task_within_nested_evaluation_window
s11-a27f957407265d4e,reactive-no-digital-twin,baseline,4,avg_task_latency_s,376.17157894736846,nested_evaluation_window
s11-a27f957407265d4e,reactive-no-digital-twin,baseline,4,physical_energy_j,952409.0194549558,nested_evaluation_window
s11-a27f957407265d4e,reactive-no-digital-twin,baseline,4,episode_reward,-157.6574268459808,nested_evaluation_window
s11-a27f957407265d4e,reactive-no-digital-twin,baseline,4,HSI,0.0,task_within_nested_evaluation_window
s11-a27f957407265d4e,reactive-no-digital-twin,baseline,4,HSI,0.1,task_within_nested_evaluation_window
s11-a27f957407265d4e,reactive-no-digital-twin,baseline,4,HSI,0.2,task_within_nested_evaluation_window
s11-a27f957407265d4e,reactive-no-digital-twin,baseline,4,HSI,0.3,task_within_nested_evaluation_window
s11-a27f957407265d4e,reactive-no-digital-twin,baseline,4,HSI,0.4,task_within_nested_evaluation_window
s11-a27f957407265d4e,reactive-no-digital-twin,baseline,4,HSI,0.5,task_within_nested_evaluation_window
s11-a27f957407265d4e,reactive-no-digital-twin,baseline,4,HSI,0.6,task_within_nested_evaluation_window
s11-a27f957407265d4e,reactive-no-digital-twin,baseline,4,HSI,0.7,task_within_nested_evaluation_window
s11-a27f957407265d4e,reactive-no-digital-twin,baseline,4,HSI,0.8,task_within_nested_evaluation_window
s11-a27f957407265d4e,reactive-no-digital-twin,baseline,4,HSI,0.9,task_within_nested_evaluation_window
s11-a27f957407265d4e,reactive-no-digital-twin,baseline,4,HSI,0.0,task_within_nested_evaluation_window
s11-a27f957407265d4e,reactive-no-digital-twin,baseline,4,HSI,0.1,task_within_nested_evaluation_window
s11-a27f957407265d4e,reactive-no-digital-twin,baseline,4,HSI,0.2,task_within_nested_evaluation_window
s11-a27f957407265d4e,reactive-no-digital-twin,baseline,4,HSI,0.3,task_within_nested_evaluation_window
s11-a27f957407265d4e,reactive-no-digital-twin,baseline,4,HSI,0.4,task_within_nested_evaluation_window
s11-a27f957407265d4e,reactive-no-digital-twin,baseline,4,HSI,0.5,task_within_nested_evaluation_window
s11-a27f957407265d4e,reactive-no-digital-twin,baseline,4,HSI,0.6,task_within_nested_evaluation_window
s11-a27f957407265d4e,reactive-no-digital-twin,baseline,4,HSI,0.7,task_within_nested_evaluation_window
s11-a27f957407265d4e,reactive-no-digital-twin,baseline,4,HSI,0.8,task_within_nested_evaluation_window
s11-a27f957407265d4e,reactive-no-digital-twin,baseline,4,HSI,0.9,task_within_nested_evaluation_window
s11-a27f957407265d4e,reactive-no-digital-twin,baseline,4,HSI,0.0,task_within_nested_evaluation_window
s11-a27f957407265d4e,reactive-no-digital-twin,baseline,4,HSI,0.1,task_within_nested_evaluation_window
s11-a27f957407265d4e,reactive-no-digital-twin,baseline,4,HSI,0.2,task_within_nested_evaluation_window
s11-a27f957407265d4e,reactive-no-digital-twin,baseline,4,HSI,0.3,task_within_nested_evaluation_window
s11-a27f957407265d4e,reactive-no-digital-twin,baseline,4,HSI,0.4,task_within_nested_evaluation_window
s11-a27f957407265d4e,reactive-no-digital-twin,baseline,4,HSI,0.5,task_within_nested_evaluation_window
s11-a27f957407265d4e,reactive-no-digital-twin,baseline,4,HSI,0.6,task_within_nested_evaluation_window
s11-a27f957407265d4e,reactive-no-digital-twin,baseline,4,HSI,0.7,task_within_nested_evaluation_window
s11-a27f957407265d4e,reactive-no-digital-twin,baseline,4,HSI,0.8,task_within_nested_evaluation_window
s11-a27f957407265d4e,reactive-no-digital-twin,baseline,4,HSI,0.9,task_within_nested_evaluation_window
s11-a27f957407265d4e,reactive-no-digital-twin,baseline,4,HSI,0.0,task_within_nested_evaluation_window
s11-a27f957407265d4e,reactive-no-digital-twin,baseline,4,HSI,0.1,task_within_nested_evaluation_window
s11-a27f957407265d4e,reactive-no-digital-twin,baseline,4,HSI,0.2,task_within_nested_evaluation_window
s11-a27f957407265d4e,reactive-no-digital-twin,baseline,4,HSI,0.3,task_within_nested_evaluation_window
s11-a27f957407265d4e,reactive-no-digital-twin,baseline,4,HSI,0.4,task_within_nested_evaluation_window
s11-a27f957407265d4e,reactive-no-digital-twin,baseline,4,HSI,0.5,task_within_nested_evaluation_window
s11-a27f957407265d4e,reactive-no-digital-twin,baseline,4,HSI,0.6,task_within_nested_evaluation_window
s11-a27f957407265d4e,reactive-no-digital-twin,baseline,4,HSI,0.7,task_within_nested_evaluation_window
s11-a27f957407265d4e,reactive-no-digital-twin,baseline,4,HSI,0.8,task_within_nested_evaluation_window
s11-a27f957407265d4e,reactive-no-digital-twin,baseline,4,HSI,0.9,task_within_nested_evaluation_window
s11-a27f957407265d4e,reactive-no-digital-twin,baseline,4,HSI,0.0,task_within_nested_evaluation_window
s11-a27f957407265d4e,reactive-no-digital-twin,baseline,4,HSI,0.1,task_within_nested_evaluation_window
s11-a27f957407265d4e,reactive-no-digital-twin,baseline,4,HSI,0.2,task_within_nested_evaluation_window
s11-a27f957407265d4e,reactive-no-digital-twin,baseline,4,HSI,0.3,task_within_nested_evaluation_window
s11-a27f957407265d4e,reactive-no-digital-twin,baseline,4,HSI,0.4,task_within_nested_evaluation_window
s11-a27f957407265d4e,reactive-no-digital-twin,baseline,4,HSI,0.5,task_within_nested_evaluation_window
s11-a27f957407265d4e,reactive-no-digital-twin,baseline,4,HSI,0.6,task_within_nested_evaluation_window
s11-a27f957407265d4e,reactive-no-digital-twin,baseline,4,HSI,0.7,task_within_nested_evaluation_window
s11-a27f957407265d4e,reactive-no-digital-twin,baseline,4,HSI,0.8,task_within_nested_evaluation_window
s11-a27f957407265d4e,reactive-no-digital-twin,baseline,4,HSI,0.9,task_within_nested_evaluation_window
s11-a27f957407265d4e,reactive-no-digital-twin,baseline,4,HSI,0.0,task_within_nested_evaluation_window
s11-a27f957407265d4e,reactive-no-digital-twin,baseline,4,HSI,0.1,task_within_nested_evaluation_window
s11-a27f957407265d4e,reactive-no-digital-twin,baseline,4,HSI,0.2,task_within_nested_evaluation_window
s11-a27f957407265d4e,reactive-no-digital-twin,baseline,4,HSI,0.3,task_within_nested_evaluation_window
s11-a27f957407265d4e,reactive-no-digital-twin,baseline,4,HSI,0.4,task_within_nested_evaluation_window
s11-a27f957407265d4e,reactive-no-digital-twin,baseline,4,HSI,0.5,task_within_nested_evaluation_window
s11-a27f957407265d4e,reactive-no-digital-twin,baseline,4,HSI,0.6,task_within_nested_evaluation_window
s11-a27f957407265d4e,reactive-no-digital-twin,baseline,4,HSI,0.7,task_within_nested_evaluation_window
s11-a27f957407265d4e,reactive-no-digital-twin,baseline,4,HSI,0.8,task_within_nested_evaluation_window
s11-a27f957407265d4e,reactive-no-digital-twin,baseline,4,HSI,0.9,task_within_nested_evaluation_window
s11-a27f957407265d4e,reactive-no-digital-twin,baseline,4,HSI,0.0,task_within_nested_evaluation_window
s11-a27f957407265d4e,reactive-no-digital-twin,baseline,4,HSI,0.1,task_within_nested_evaluation_window
s11-a27f957407265d4e,reactive-no-digital-twin,baseline,4,HSI,0.2,task_within_nested_evaluation_window
s11-a27f957407265d4e,reactive-no-digital-twin,baseline,4,HSI,0.3,task_within_nested_evaluation_window
s11-a27f957407265d4e,reactive-no-digital-twin,baseline,4,HSI,0.4,task_within_nested_evaluation_window
s11-a27f957407265d4e,reactive-no-digital-twin,baseline,4,HSI,0.5,task_within_nested_evaluation_window
s11-a27f957407265d4e,reactive-no-digital-twin,baseline,4,HSI,0.6,task_within_nested_evaluation_window
s11-a27f957407265d4e,reactive-no-digital-twin,baseline,4,HSI,0.7,task_within_nested_evaluation_window
s11-a27f957407265d4e,reactive-no-digital-twin,baseline,4,HSI,0.8,task_within_nested_evaluation_window
s11-a27f957407265d4e,reactive-no-digital-twin,baseline,4,HSI,0.9,task_within_nested_evaluation_window
s11-a27f957407265d4e,reactive-no-digital-twin,baseline,4,HSI,0.0,task_within_nested_evaluation_window
s11-a27f957407265d4e,reactive-no-digital-twin,baseline,4,HSI,0.1,task_within_nested_evaluation_window
s11-a27f957407265d4e,reactive-no-digital-twin,baseline,4,HSI,0.2,task_within_nested_evaluation_window
s11-a27f957407265d4e,reactive-no-digital-twin,baseline,4,HSI,0.3,task_within_nested_evaluation_window
s11-a27f957407265d4e,reactive-no-digital-twin,baseline,4,HSI,0.4,task_within_nested_evaluation_window
s11-a27f957407265d4e,reactive-no-digital-twin,baseline,4,HSI,0.5,task_within_nested_evaluation_window
s11-a27f957407265d4e,reactive-no-digital-twin,baseline,4,HSI,0.6,task_within_nested_evaluation_window
s11-a27f957407265d4e,reactive-no-digital-twin,baseline,4,HSI,0.7,task_within_nested_evaluation_window
s11-a27f957407265d4e,reactive-no-digital-twin,baseline,4,HSI,0.8,task_within_nested_evaluation_window
s11-a27f957407265d4e,reactive-no-digital-twin,baseline,4,HSI,0.9,task_within_nested_evaluation_window
s11-a27f957407265d4e,reactive-no-digital-twin,baseline,4,HSI,0.0,task_within_nested_evaluation_window
s11-a27f957407265d4e,reactive-no-digital-twin,baseline,4,HSI,0.1,task_within_nested_evaluation_window
s11-a27f957407265d4e,reactive-no-digital-twin,baseline,4,HSI,0.2,task_within_nested_evaluation_window
s11-a27f957407265d4e,reactive-no-digital-twin,baseline,4,HSI,0.3,task_within_nested_evaluation_window
s11-a27f957407265d4e,reactive-no-digital-twin,baseline,4,HSI,0.4,task_within_nested_evaluation_window
s11-a27f957407265d4e,reactive-no-digital-twin,baseline,4,HSI,0.5,task_within_nested_evaluation_window
s11-a27f957407265d4e,reactive-no-digital-twin,baseline,4,HSI,0.6,task_within_nested_evaluation_window
s11-a27f957407265d4e,reactive-no-digital-twin,baseline,4,HSI,0.7,task_within_nested_evaluation_window
s11-a27f957407265d4e,reactive-no-digital-twin,baseline,4,HSI,0.8,task_within_nested_evaluation_window
s11-a27f957407265d4e,reactive-no-digital-twin,baseline,4,HSI,0.9,task_within_nested_evaluation_window
s11-a27f957407265d4e,reactive-no-digital-twin,baseline,4,HSI,0.0,task_within_nested_evaluation_window
s11-a27f957407265d4e,reactive-no-digital-twin,baseline,4,HSI,0.1,task_within_nested_evaluation_window
s11-a27f957407265d4e,reactive-no-digital-twin,baseline,4,HSI,0.2,task_within_nested_evaluation_window
s11-a27f957407265d4e,reactive-no-digital-twin,baseline,4,HSI,0.3,task_within_nested_evaluation_window
s11-a27f957407265d4e,reactive-no-digital-twin,baseline,4,HSI,0.4,task_within_nested_evaluation_window
s11-a27f957407265d4e,reactive-no-digital-twin,baseline,4,HSI,0.5,task_within_nested_evaluation_window
s11-a27f957407265d4e,reactive-no-digital-twin,baseline,4,HSI,0.6,task_within_nested_evaluation_window
s11-a27f957407265d4e,reactive-no-digital-twin,baseline,4,HSI,0.7,task_within_nested_evaluation_window
s11-a27f957407265d4e,reactive-no-digital-twin,baseline,4,HSI,0.8,task_within_nested_evaluation_window
s11-a27f957407265d4e,reactive-no-digital-twin,baseline,4,HSI,0.9,task_within_nested_evaluation_window
s11-a27f957407265d4e,reactive-no-digital-twin,baseline,4,HSI,0.0,task_within_nested_evaluation_window
s11-a27f957407265d4e,reactive-no-digital-twin,baseline,4,HSI,0.1,task_within_nested_evaluation_window
s11-a27f957407265d4e,reactive-no-digital-twin,baseline,4,HSI,0.2,task_within_nested_evaluation_window
s11-a27f957407265d4e,reactive-no-digital-twin,baseline,4,HSI,0.3,task_within_nested_evaluation_window
s11-a27f957407265d4e,reactive-no-digital-twin,baseline,4,HSI,0.4,task_within_nested_evaluation_window
s11-a27f957407265d4e,reactive-no-digital-twin,baseline,4,HSI,0.5,task_within_nested_evaluation_window
s11-a27f957407265d4e,reactive-no-digital-twin,baseline,4,HSI,0.6,task_within_nested_evaluation_window
s11-a27f957407265d4e,reactive-no-digital-twin,baseline,4,HSI,0.7,task_within_nested_evaluation_window
s11-a27f957407265d4e,reactive-no-digital-twin,baseline,4,HSI,0.8,task_within_nested_evaluation_window
s11-a27f957407265d4e,reactive-no-digital-twin,baseline,4,HSI,0.9,task_within_nested_evaluation_window
s11-a27f957407265d4e,reactive-no-digital-twin,baseline,4,HSI,0.0,task_within_nested_evaluation_window
s11-a27f957407265d4e,reactive-no-digital-twin,baseline,4,HSI,0.1,task_within_nested_evaluation_window
s11-a27f957407265d4e,reactive-no-digital-twin,baseline,4,HSI,0.2,task_within_nested_evaluation_window
s11-a27f957407265d4e,reactive-no-digital-twin,baseline,4,HSI,0.3,task_within_nested_evaluation_window
s11-a27f957407265d4e,reactive-no-digital-twin,baseline,4,HSI,0.4,task_within_nested_evaluation_window
s11-a27f957407265d4e,reactive-no-digital-twin,baseline,4,HSI,0.5,task_within_nested_evaluation_window
s11-a27f957407265d4e,reactive-no-digital-twin,baseline,4,HSI,0.6,task_within_nested_evaluation_window
s11-a27f957407265d4e,reactive-no-digital-twin,baseline,4,HSI,0.7,task_within_nested_evaluation_window
s11-a27f957407265d4e,reactive-no-digital-twin,baseline,4,HSI,0.8,task_within_nested_evaluation_window
s11-a27f957407265d4e,reactive-no-digital-twin,baseline,4,HSI,0.9,task_within_nested_evaluation_window
s11-a27f957407265d4e,reactive-no-digital-twin,baseline,4,avg_task_latency_s,351.04114285714286,nested_evaluation_window
s11-a27f957407265d4e,reactive-no-digital-twin,baseline,4,physical_energy_j,954995.5825042722,nested_evaluation_window
s11-a27f957407265d4e,reactive-no-digital-twin,baseline,4,episode_reward,-145.63262162334286,nested_evaluation_window
s11-a27f957407265d4e,reactive-no-digital-twin,baseline,4,HSI,0.0,task_within_nested_evaluation_window
s11-a27f957407265d4e,reactive-no-digital-twin,baseline,4,HSI,0.1,task_within_nested_evaluation_window
s11-a27f957407265d4e,reactive-no-digital-twin,baseline,4,HSI,0.2,task_within_nested_evaluation_window
s11-a27f957407265d4e,reactive-no-digital-twin,baseline,4,HSI,0.3,task_within_nested_evaluation_window
s11-a27f957407265d4e,reactive-no-digital-twin,baseline,4,HSI,0.4,task_within_nested_evaluation_window
s11-a27f957407265d4e,reactive-no-digital-twin,baseline,4,HSI,0.5,task_within_nested_evaluation_window
s11-a27f957407265d4e,reactive-no-digital-twin,baseline,4,HSI,0.6,task_within_nested_evaluation_window
s11-a27f957407265d4e,reactive-no-digital-twin,baseline,4,HSI,0.7,task_within_nested_evaluation_window
s11-a27f957407265d4e,reactive-no-digital-twin,baseline,4,HSI,0.8,task_within_nested_evaluation_window
s11-a27f957407265d4e,reactive-no-digital-twin,baseline,4,HSI,0.9,task_within_nested_evaluation_window
s11-a27f957407265d4e,reactive-no-digital-twin,baseline,4,HSI,0.0,task_within_nested_evaluation_window
s11-a27f957407265d4e,reactive-no-digital-twin,baseline,4,HSI,0.1,task_within_nested_evaluation_window
s11-a27f957407265d4e,reactive-no-digital-twin,baseline,4,HSI,0.2,task_within_nested_evaluation_window
s11-a27f957407265d4e,reactive-no-digital-twin,baseline,4,HSI,0.3,task_within_nested_evaluation_window
s11-a27f957407265d4e,reactive-no-digital-twin,baseline,4,HSI,0.4,task_within_nested_evaluation_window
s11-a27f957407265d4e,reactive-no-digital-twin,baseline,4,HSI,0.5,task_within_nested_evaluation_window
s11-a27f957407265d4e,reactive-no-digital-twin,baseline,4,HSI,0.6,task_within_nested_evaluation_window
s11-a27f957407265d4e,reactive-no-digital-twin,baseline,4,HSI,0.7,task_within_nested_evaluation_window
s11-a27f957407265d4e,reactive-no-digital-twin,baseline,4,HSI,0.8,task_within_nested_evaluation_window
s11-a27f957407265d4e,reactive-no-digital-twin,baseline,4,HSI,0.9,task_within_nested_evaluation_window
s11-a27f957407265d4e,reactive-no-digital-twin,baseline,4,HSI,0.0,task_within_nested_evaluation_window
s11-a27f957407265d4e,reactive-no-digital-twin,baseline,4,HSI,0.1,task_within_nested_evaluation_window
s11-a27f957407265d4e,reactive-no-digital-twin,baseline,4,HSI,0.2,task_within_nested_evaluation_window
s11-a27f957407265d4e,reactive-no-digital-twin,baseline,4,HSI,0.3,task_within_nested_evaluation_window
s11-a27f957407265d4e,reactive-no-digital-twin,baseline,4,HSI,0.4,task_within_nested_evaluation_window
s11-a27f957407265d4e,reactive-no-digital-twin,baseline,4,HSI,0.5,task_within_nested_evaluation_window
s11-a27f957407265d4e,reactive-no-digital-twin,baseline,4,HSI,0.6,task_within_nested_evaluation_window
s11-a27f957407265d4e,reactive-no-digital-twin,baseline,4,HSI,0.7,task_within_nested_evaluation_window
s11-a27f957407265d4e,reactive-no-digital-twin,baseline,4,HSI,0.8,task_within_nested_evaluation_window
s11-a27f957407265d4e,reactive-no-digital-twin,baseline,4,HSI,0.9,task_within_nested_evaluation_window
s11-a27f957407265d4e,reactive-no-digital-twin,baseline,4,HSI,0.0,task_within_nested_evaluation_window
s11-a27f957407265d4e,reactive-no-digital-twin,baseline,4,HSI,0.1,task_within_nested_evaluation_window
s11-a27f957407265d4e,reactive-no-digital-twin,baseline,4,HSI,0.2,task_within_nested_evaluation_window
s11-a27f957407265d4e,reactive-no-digital-twin,baseline,4,HSI,0.3,task_within_nested_evaluation_window
s11-a27f957407265d4e,reactive-no-digital-twin,baseline,4,HSI,0.4,task_within_nested_evaluation_window
s11-a27f957407265d4e,reactive-no-digital-twin,baseline,4,HSI,0.5,task_within_nested_evaluation_window
s11-a27f957407265d4e,reactive-no-digital-twin,baseline,4,HSI,0.6,task_within_nested_evaluation_window
s11-a27f957407265d4e,reactive-no-digital-twin,baseline,4,HSI,0.7,task_within_nested_evaluation_window
s11-a27f957407265d4e,reactive-no-digital-twin,baseline,4,HSI,0.8,task_within_nested_evaluation_window
s11-a27f957407265d4e,reactive-no-digital-twin,baseline,4,HSI,0.9,task_within_nested_evaluation_window
s11-a27f957407265d4e,reactive-no-digital-twin,baseline,4,HSI,0.0,task_within_nested_evaluation_window
s11-a27f957407265d4e,reactive-no-digital-twin,baseline,4,HSI,0.1,task_within_nested_evaluation_window
s11-a27f957407265d4e,reactive-no-digital-twin,baseline,4,HSI,0.2,task_within_nested_evaluation_window
s11-a27f957407265d4e,reactive-no-digital-twin,baseline,4,HSI,0.3,task_within_nested_evaluation_window
s11-a27f957407265d4e,reactive-no-digital-twin,baseline,4,HSI,0.4,task_within_nested_evaluation_window
s11-a27f957407265d4e,reactive-no-digital-twin,baseline,4,HSI,0.5,task_within_nested_evaluation_window
s11-a27f957407265d4e,reactive-no-digital-twin,baseline,4,HSI,0.6,task_within_nested_evaluation_window
s11-a27f957407265d4e,reactive-no-digital-twin,baseline,4,HSI,0.7,task_within_nested_evaluation_window
s11-a27f957407265d4e,reactive-no-digital-twin,baseline,4,HSI,0.8,task_within_nested_evaluation_window
s11-a27f957407265d4e,reactive-no-digital-twin,baseline,4,HSI,0.9,task_within_nested_evaluation_window
s11-a27f957407265d4e,reactive-no-digital-twin,baseline,4,HSI,0.0,task_within_nested_evaluation_window
s11-a27f957407265d4e,reactive-no-digital-twin,baseline,4,HSI,0.1,task_within_nested_evaluation_window
s11-a27f957407265d4e,reactive-no-digital-twin,baseline,4,HSI,0.2,task_within_nested_evaluation_window
s11-a27f957407265d4e,reactive-no-digital-twin,baseline,4,HSI,0.3,task_within_nested_evaluation_window
s11-a27f957407265d4e,reactive-no-digital-twin,baseline,4,HSI,0.4,task_within_nested_evaluation_window
s11-a27f957407265d4e,reactive-no-digital-twin,baseline,4,HSI,0.5,task_within_nested_evaluation_window
s11-a27f957407265d4e,reactive-no-digital-twin,baseline,4,HSI,0.6,task_within_nested_evaluation_window
s11-a27f957407265d4e,reactive-no-digital-twin,baseline,4,HSI,0.7,task_within_nested_evaluation_window
s11-a27f957407265d4e,reactive-no-digital-twin,baseline,4,HSI,0.8,task_within_nested_evaluation_window
s11-a27f957407265d4e,reactive-no-digital-twin,baseline,4,HSI,0.9,task_within_nested_evaluation_window
s11-a27f957407265d4e,reactive-no-digital-twin,baseline,4,HSI,0.0,task_within_nested_evaluation_window
s11-a27f957407265d4e,reactive-no-digital-twin,baseline,4,HSI,0.1,task_within_nested_evaluation_window
s11-a27f957407265d4e,reactive-no-digital-twin,baseline,4,HSI,0.2,task_within_nested_evaluation_window
s11-a27f957407265d4e,reactive-no-digital-twin,baseline,4,HSI,0.3,task_within_nested_evaluation_window
s11-a27f957407265d4e,reactive-no-digital-twin,baseline,4,HSI,0.4,task_within_nested_evaluation_window
s11-a27f957407265d4e,reactive-no-digital-twin,baseline,4,HSI,0.5,task_within_nested_evaluation_window
s11-a27f957407265d4e,reactive-no-digital-twin,baseline,4,HSI,0.6,task_within_nested_evaluation_window
s11-a27f957407265d4e,reactive-no-digital-twin,baseline,4,HSI,0.7,task_within_nested_evaluation_window
s11-a27f957407265d4e,reactive-no-digital-twin,baseline,4,HSI,0.8,task_within_nested_evaluation_window
s11-a27f957407265d4e,reactive-no-digital-twin,baseline,4,HSI,0.9,task_within_nested_evaluation_window
s11-a27f957407265d4e,reactive-no-digital-twin,baseline,4,HSI,0.0,task_within_nested_evaluation_window
s11-a27f957407265d4e,reactive-no-digital-twin,baseline,4,HSI,0.1,task_within_nested_evaluation_window
s11-a27f957407265d4e,reactive-no-digital-twin,baseline,4,HSI,0.2,task_within_nested_evaluation_window
s11-a27f957407265d4e,reactive-no-digital-twin,baseline,4,HSI,0.3,task_within_nested_evaluation_window
s11-a27f957407265d4e,reactive-no-digital-twin,baseline,4,HSI,0.4,task_within_nested_evaluation_window
s11-a27f957407265d4e,reactive-no-digital-twin,baseline,4,HSI,0.5,task_within_nested_evaluation_window
s11-a27f957407265d4e,reactive-no-digital-twin,baseline,4,HSI,0.6,task_within_nested_evaluation_window
s11-a27f957407265d4e,reactive-no-digital-twin,baseline,4,HSI,0.7,task_within_nested_evaluation_window
s11-a27f957407265d4e,reactive-no-digital-twin,baseline,4,HSI,0.8,task_within_nested_evaluation_window
s11-a27f957407265d4e,reactive-no-digital-twin,baseline,4,HSI,0.9,task_within_nested_evaluation_window
s11-a27f957407265d4e,reactive-no-digital-twin,baseline,4,HSI,0.0,task_within_nested_evaluation_window
s11-a27f957407265d4e,reactive-no-digital-twin,baseline,4,HSI,0.1,task_within_nested_evaluation_window
s11-a27f957407265d4e,reactive-no-digital-twin,baseline,4,HSI,0.2,task_within_nested_evaluation_window
s11-a27f957407265d4e,reactive-no-digital-twin,baseline,4,HSI,0.3,task_within_nested_evaluation_window
s11-a27f957407265d4e,reactive-no-digital-twin,baseline,4,HSI,0.4,task_within_nested_evaluation_window
s11-a27f957407265d4e,reactive-no-digital-twin,baseline,4,HSI,0.5,task_within_nested_evaluation_window
s11-a27f957407265d4e,reactive-no-digital-twin,baseline,4,HSI,0.6,task_within_nested_evaluation_window
s11-a27f957407265d4e,reactive-no-digital-twin,baseline,4,HSI,0.7,task_within_nested_evaluation_window
s11-a27f957407265d4e,reactive-no-digital-twin,baseline,4,HSI,0.8,task_within_nested_evaluation_window
s11-a27f957407265d4e,reactive-no-digital-twin,baseline,4,HSI,0.9,task_within_nested_evaluation_window
s11-a27f957407265d4e,reactive-no-digital-twin,baseline,4,HSI,0.0,task_within_nested_evaluation_window
s11-a27f957407265d4e,reactive-no-digital-twin,baseline,4,HSI,0.1,task_within_nested_evaluation_window
s11-a27f957407265d4e,reactive-no-digital-twin,baseline,4,HSI,0.2,task_within_nested_evaluation_window
s11-a27f957407265d4e,reactive-no-digital-twin,baseline,4,HSI,0.3,task_within_nested_evaluation_window
s11-a27f957407265d4e,reactive-no-digital-twin,baseline,4,HSI,0.4,task_within_nested_evaluation_window
s11-a27f957407265d4e,reactive-no-digital-twin,baseline,4,HSI,0.5,task_within_nested_evaluation_window
s11-a27f957407265d4e,reactive-no-digital-twin,baseline,4,HSI,0.6,task_within_nested_evaluation_window
s11-a27f957407265d4e,reactive-no-digital-twin,baseline,4,HSI,0.7,task_within_nested_evaluation_window
s11-a27f957407265d4e,reactive-no-digital-twin,baseline,4,HSI,0.8,task_within_nested_evaluation_window
s11-a27f957407265d4e,reactive-no-digital-twin,baseline,4,HSI,0.9,task_within_nested_evaluation_window
s11-a27f957407265d4e,reactive-no-digital-twin,baseline,4,HSI,0.0,task_within_nested_evaluation_window
s11-a27f957407265d4e,reactive-no-digital-twin,baseline,4,HSI,0.1,task_within_nested_evaluation_window
s11-a27f957407265d4e,reactive-no-digital-twin,baseline,4,HSI,0.2,task_within_nested_evaluation_window
s11-a27f957407265d4e,reactive-no-digital-twin,baseline,4,HSI,0.3,task_within_nested_evaluation_window
s11-a27f957407265d4e,reactive-no-digital-twin,baseline,4,HSI,0.4,task_within_nested_evaluation_window
s11-a27f957407265d4e,reactive-no-digital-twin,baseline,4,HSI,0.5,task_within_nested_evaluation_window
s11-a27f957407265d4e,reactive-no-digital-twin,baseline,4,HSI,0.6,task_within_nested_evaluation_window
s11-a27f957407265d4e,reactive-no-digital-twin,baseline,4,HSI,0.7,task_within_nested_evaluation_window
s11-a27f957407265d4e,reactive-no-digital-twin,baseline,4,HSI,0.8,task_within_nested_evaluation_window
s11-a27f957407265d4e,reactive-no-digital-twin,baseline,4,HSI,0.9,task_within_nested_evaluation_window
s11-a27f957407265d4e,reactive-no-digital-twin,baseline,4,HSI,0.0,task_within_nested_evaluation_window
s11-a27f957407265d4e,reactive-no-digital-twin,baseline,4,HSI,0.1,task_within_nested_evaluation_window
s11-a27f957407265d4e,reactive-no-digital-twin,baseline,4,HSI,0.2,task_within_nested_evaluation_window
s11-a27f957407265d4e,reactive-no-digital-twin,baseline,4,HSI,0.3,task_within_nested_evaluation_window
s11-a27f957407265d4e,reactive-no-digital-twin,baseline,4,HSI,0.4,task_within_nested_evaluation_window
s11-a27f957407265d4e,reactive-no-digital-twin,baseline,4,HSI,0.5,task_within_nested_evaluation_window
s11-a27f957407265d4e,reactive-no-digital-twin,baseline,4,HSI,0.6,task_within_nested_evaluation_window
s11-a27f957407265d4e,reactive-no-digital-twin,baseline,4,HSI,0.7,task_within_nested_evaluation_window
s11-a27f957407265d4e,reactive-no-digital-twin,baseline,4,HSI,0.8,task_within_nested_evaluation_window
s11-a27f957407265d4e,reactive-no-digital-twin,baseline,4,HSI,0.9,task_within_nested_evaluation_window
s11-d15e537cb76b5836,reactive-no-digital-twin,baseline,2,avg_task_latency_s,323.23809523809524,nested_evaluation_window
s11-d15e537cb76b5836,reactive-no-digital-twin,baseline,2,physical_energy_j,944944.4638366699,nested_evaluation_window
s11-d15e537cb76b5836,reactive-no-digital-twin,baseline,2,episode_reward,-13.543383525800891,nested_evaluation_window
s11-d15e537cb76b5836,reactive-no-digital-twin,baseline,2,HSI,0.0,task_within_nested_evaluation_window
s11-d15e537cb76b5836,reactive-no-digital-twin,baseline,2,HSI,0.1,task_within_nested_evaluation_window
s11-d15e537cb76b5836,reactive-no-digital-twin,baseline,2,HSI,0.2,task_within_nested_evaluation_window
s11-d15e537cb76b5836,reactive-no-digital-twin,baseline,2,HSI,0.3,task_within_nested_evaluation_window
s11-d15e537cb76b5836,reactive-no-digital-twin,baseline,2,HSI,0.4,task_within_nested_evaluation_window
s11-d15e537cb76b5836,reactive-no-digital-twin,baseline,2,HSI,0.5,task_within_nested_evaluation_window
s11-d15e537cb76b5836,reactive-no-digital-twin,baseline,2,HSI,0.6,task_within_nested_evaluation_window
s11-d15e537cb76b5836,reactive-no-digital-twin,baseline,2,HSI,0.7,task_within_nested_evaluation_window
s11-d15e537cb76b5836,reactive-no-digital-twin,baseline,2,HSI,0.8,task_within_nested_evaluation_window
s11-d15e537cb76b5836,reactive-no-digital-twin,baseline,2,HSI,0.9,task_within_nested_evaluation_window
s11-d15e537cb76b5836,reactive-no-digital-twin,baseline,2,HSI,0.0,task_within_nested_evaluation_window
s11-d15e537cb76b5836,reactive-no-digital-twin,baseline,2,HSI,0.1,task_within_nested_evaluation_window
s11-d15e537cb76b5836,reactive-no-digital-twin,baseline,2,HSI,0.2,task_within_nested_evaluation_window
s11-d15e537cb76b5836,reactive-no-digital-twin,baseline,2,HSI,0.3,task_within_nested_evaluation_window
s11-d15e537cb76b5836,reactive-no-digital-twin,baseline,2,HSI,0.4,task_within_nested_evaluation_window
s11-d15e537cb76b5836,reactive-no-digital-twin,baseline,2,HSI,0.5,task_within_nested_evaluation_window
s11-d15e537cb76b5836,reactive-no-digital-twin,baseline,2,HSI,0.6,task_within_nested_evaluation_window
s11-d15e537cb76b5836,reactive-no-digital-twin,baseline,2,HSI,0.7,task_within_nested_evaluation_window
s11-d15e537cb76b5836,reactive-no-digital-twin,baseline,2,HSI,0.8,task_within_nested_evaluation_window
s11-d15e537cb76b5836,reactive-no-digital-twin,baseline,2,HSI,0.9,task_within_nested_evaluation_window
s11-d15e537cb76b5836,reactive-no-digital-twin,baseline,2,HSI,0.0,task_within_nested_evaluation_window
s11-d15e537cb76b5836,reactive-no-digital-twin,baseline,2,HSI,0.1,task_within_nested_evaluation_window
s11-d15e537cb76b5836,reactive-no-digital-twin,baseline,2,HSI,0.2,task_within_nested_evaluation_window
s11-d15e537cb76b5836,reactive-no-digital-twin,baseline,2,HSI,0.3,task_within_nested_evaluation_window
s11-d15e537cb76b5836,reactive-no-digital-twin,baseline,2,HSI,0.4,task_within_nested_evaluation_window
s11-d15e537cb76b5836,reactive-no-digital-twin,baseline,2,HSI,0.5,task_within_nested_evaluation_window
s11-d15e537cb76b5836,reactive-no-digital-twin,baseline,2,HSI,0.6,task_within_nested_evaluation_window
s11-d15e537cb76b5836,reactive-no-digital-twin,baseline,2,HSI,0.7,task_within_nested_evaluation_window
s11-d15e537cb76b5836,reactive-no-digital-twin,baseline,2,HSI,0.8,task_within_nested_evaluation_window
s11-d15e537cb76b5836,reactive-no-digital-twin,baseline,2,HSI,0.9,task_within_nested_evaluation_window
s11-d15e537cb76b5836,reactive-no-digital-twin,baseline,2,HSI,0.0,task_within_nested_evaluation_window
s11-d15e537cb76b5836,reactive-no-digital-twin,baseline,2,HSI,0.1,task_within_nested_evaluation_window
s11-d15e537cb76b5836,reactive-no-digital-twin,baseline,2,HSI,0.2,task_within_nested_evaluation_window
s11-d15e537cb76b5836,reactive-no-digital-twin,baseline,2,HSI,0.3,task_within_nested_evaluation_window
s11-d15e537cb76b5836,reactive-no-digital-twin,baseline,2,HSI,0.4,task_within_nested_evaluation_window
s11-d15e537cb76b5836,reactive-no-digital-twin,baseline,2,HSI,0.5,task_within_nested_evaluation_window
s11-d15e537cb76b5836,reactive-no-digital-twin,baseline,2,HSI,0.6,task_within_nested_evaluation_window
s11-d15e537cb76b5836,reactive-no-digital-twin,baseline,2,HSI,0.7,task_within_nested_evaluation_window
s11-d15e537cb76b5836,reactive-no-digital-twin,baseline,2,HSI,0.8,task_within_nested_evaluation_window
s11-d15e537cb76b5836,reactive-no-digital-twin,baseline,2,HSI,0.9,task_within_nested_evaluation_window
s11-d15e537cb76b5836,reactive-no-digital-twin,baseline,2,avg_task_latency_s,316.6666666666667,nested_evaluation_window
s11-d15e537cb76b5836,reactive-no-digital-twin,baseline,2,physical_energy_j,945504.4602584839,nested_evaluation_window
s11-d15e537cb76b5836,reactive-no-digital-twin,baseline,2,episode_reward,-29.645228469511494,nested_evaluation_window
s11-d15e537cb76b5836,reactive-no-digital-twin,baseline,2,HSI,0.0,task_within_nested_evaluation_window
s11-d15e537cb76b5836,reactive-no-digital-twin,baseline,2,HSI,0.1,task_within_nested_evaluation_window
s11-d15e537cb76b5836,reactive-no-digital-twin,baseline,2,HSI,0.2,task_within_nested_evaluation_window
s11-d15e537cb76b5836,reactive-no-digital-twin,baseline,2,HSI,0.3,task_within_nested_evaluation_window
s11-d15e537cb76b5836,reactive-no-digital-twin,baseline,2,HSI,0.4,task_within_nested_evaluation_window
s11-d15e537cb76b5836,reactive-no-digital-twin,baseline,2,HSI,0.5,task_within_nested_evaluation_window
s11-d15e537cb76b5836,reactive-no-digital-twin,baseline,2,HSI,0.6,task_within_nested_evaluation_window
s11-d15e537cb76b5836,reactive-no-digital-twin,baseline,2,HSI,0.7,task_within_nested_evaluation_window
s11-d15e537cb76b5836,reactive-no-digital-twin,baseline,2,HSI,0.8,task_within_nested_evaluation_window
s11-d15e537cb76b5836,reactive-no-digital-twin,baseline,2,HSI,0.9,task_within_nested_evaluation_window
s11-d15e537cb76b5836,reactive-no-digital-twin,baseline,2,HSI,0.0,task_within_nested_evaluation_window
s11-d15e537cb76b5836,reactive-no-digital-twin,baseline,2,HSI,0.1,task_within_nested_evaluation_window
s11-d15e537cb76b5836,reactive-no-digital-twin,baseline,2,HSI,0.2,task_within_nested_evaluation_window
s11-d15e537cb76b5836,reactive-no-digital-twin,baseline,2,HSI,0.3,task_within_nested_evaluation_window
s11-d15e537cb76b5836,reactive-no-digital-twin,baseline,2,HSI,0.4,task_within_nested_evaluation_window
s11-d15e537cb76b5836,reactive-no-digital-twin,baseline,2,HSI,0.5,task_within_nested_evaluation_window
s11-d15e537cb76b5836,reactive-no-digital-twin,baseline,2,HSI,0.6,task_within_nested_evaluation_window
s11-d15e537cb76b5836,reactive-no-digital-twin,baseline,2,HSI,0.7,task_within_nested_evaluation_window
s11-d15e537cb76b5836,reactive-no-digital-twin,baseline,2,HSI,0.8,task_within_nested_evaluation_window
s11-d15e537cb76b5836,reactive-no-digital-twin,baseline,2,HSI,0.9,task_within_nested_evaluation_window
s11-d15e537cb76b5836,reactive-no-digital-twin,baseline,2,HSI,0.0,task_within_nested_evaluation_window
s11-d15e537cb76b5836,reactive-no-digital-twin,baseline,2,HSI,0.1,task_within_nested_evaluation_window
s11-d15e537cb76b5836,reactive-no-digital-twin,baseline,2,HSI,0.2,task_within_nested_evaluation_window
s11-d15e537cb76b5836,reactive-no-digital-twin,baseline,2,HSI,0.3,task_within_nested_evaluation_window
s11-d15e537cb76b5836,reactive-no-digital-twin,baseline,2,HSI,0.4,task_within_nested_evaluation_window
s11-d15e537cb76b5836,reactive-no-digital-twin,baseline,2,HSI,0.5,task_within_nested_evaluation_window
s11-d15e537cb76b5836,reactive-no-digital-twin,baseline,2,HSI,0.6,task_within_nested_evaluation_window
s11-d15e537cb76b5836,reactive-no-digital-twin,baseline,2,HSI,0.7,task_within_nested_evaluation_window
s11-d15e537cb76b5836,reactive-no-digital-twin,baseline,2,HSI,0.8,task_within_nested_evaluation_window
s11-d15e537cb76b5836,reactive-no-digital-twin,baseline,2,HSI,0.9,task_within_nested_evaluation_window
s11-d15e537cb76b5836,reactive-no-digital-twin,baseline,2,HSI,0.0,task_within_nested_evaluation_window
s11-d15e537cb76b5836,reactive-no-digital-twin,baseline,2,HSI,0.1,task_within_nested_evaluation_window
s11-d15e537cb76b5836,reactive-no-digital-twin,baseline,2,HSI,0.2,task_within_nested_evaluation_window
s11-d15e537cb76b5836,reactive-no-digital-twin,baseline,2,HSI,0.3,task_within_nested_evaluation_window
s11-d15e537cb76b5836,reactive-no-digital-twin,baseline,2,HSI,0.4,task_within_nested_evaluation_window
s11-d15e537cb76b5836,reactive-no-digital-twin,baseline,2,HSI,0.5,task_within_nested_evaluation_window
s11-d15e537cb76b5836,reactive-no-digital-twin,baseline,2,HSI,0.6,task_within_nested_evaluation_window
s11-d15e537cb76b5836,reactive-no-digital-twin,baseline,2,HSI,0.7,task_within_nested_evaluation_window
s11-d15e537cb76b5836,reactive-no-digital-twin,baseline,2,HSI,0.8,task_within_nested_evaluation_window
s11-d15e537cb76b5836,reactive-no-digital-twin,baseline,2,HSI,0.9,task_within_nested_evaluation_window
s11-d15e537cb76b5836,reactive-no-digital-twin,baseline,2,avg_task_latency_s,328.2105263157895,nested_evaluation_window
s11-d15e537cb76b5836,reactive-no-digital-twin,baseline,2,physical_energy_j,945618.2459945676,nested_evaluation_window
s11-d15e537cb76b5836,reactive-no-digital-twin,baseline,2,episode_reward,-33.65283733047545,nested_evaluation_window
s11-d15e537cb76b5836,reactive-no-digital-twin,baseline,2,HSI,0.0,task_within_nested_evaluation_window
s11-d15e537cb76b5836,reactive-no-digital-twin,baseline,2,HSI,0.1,task_within_nested_evaluation_window
s11-d15e537cb76b5836,reactive-no-digital-twin,baseline,2,HSI,0.2,task_within_nested_evaluation_window
s11-d15e537cb76b5836,reactive-no-digital-twin,baseline,2,HSI,0.3,task_within_nested_evaluation_window
s11-d15e537cb76b5836,reactive-no-digital-twin,baseline,2,HSI,0.4,task_within_nested_evaluation_window
s11-d15e537cb76b5836,reactive-no-digital-twin,baseline,2,HSI,0.5,task_within_nested_evaluation_window
s11-d15e537cb76b5836,reactive-no-digital-twin,baseline,2,HSI,0.6,task_within_nested_evaluation_window
s11-d15e537cb76b5836,reactive-no-digital-twin,baseline,2,HSI,0.7,task_within_nested_evaluation_window
s11-d15e537cb76b5836,reactive-no-digital-twin,baseline,2,HSI,0.8,task_within_nested_evaluation_window
s11-d15e537cb76b5836,reactive-no-digital-twin,baseline,2,HSI,0.9,task_within_nested_evaluation_window
s11-d15e537cb76b5836,reactive-no-digital-twin,baseline,2,HSI,0.0,task_within_nested_evaluation_window
s11-d15e537cb76b5836,reactive-no-digital-twin,baseline,2,HSI,0.1,task_within_nested_evaluation_window
s11-d15e537cb76b5836,reactive-no-digital-twin,baseline,2,HSI,0.2,task_within_nested_evaluation_window
s11-d15e537cb76b5836,reactive-no-digital-twin,baseline,2,HSI,0.3,task_within_nested_evaluation_window
s11-d15e537cb76b5836,reactive-no-digital-twin,baseline,2,HSI,0.4,task_within_nested_evaluation_window
s11-d15e537cb76b5836,reactive-no-digital-twin,baseline,2,HSI,0.5,task_within_nested_evaluation_window
s11-d15e537cb76b5836,reactive-no-digital-twin,baseline,2,HSI,0.6,task_within_nested_evaluation_window
s11-d15e537cb76b5836,reactive-no-digital-twin,baseline,2,HSI,0.7,task_within_nested_evaluation_window
s11-d15e537cb76b5836,reactive-no-digital-twin,baseline,2,HSI,0.8,task_within_nested_evaluation_window
s11-d15e537cb76b5836,reactive-no-digital-twin,baseline,2,HSI,0.9,task_within_nested_evaluation_window
s11-d15e537cb76b5836,reactive-no-digital-twin,baseline,2,HSI,0.0,task_within_nested_evaluation_window
s11-d15e537cb76b5836,reactive-no-digital-twin,baseline,2,HSI,0.1,task_within_nested_evaluation_window
s11-d15e537cb76b5836,reactive-no-digital-twin,baseline,2,HSI,0.2,task_within_nested_evaluation_window
s11-d15e537cb76b5836,reactive-no-digital-twin,baseline,2,HSI,0.3,task_within_nested_evaluation_window
s11-d15e537cb76b5836,reactive-no-digital-twin,baseline,2,HSI,0.4,task_within_nested_evaluation_window
s11-d15e537cb76b5836,reactive-no-digital-twin,baseline,2,HSI,0.5,task_within_nested_evaluation_window
s11-d15e537cb76b5836,reactive-no-digital-twin,baseline,2,HSI,0.6,task_within_nested_evaluation_window
s11-d15e537cb76b5836,reactive-no-digital-twin,baseline,2,HSI,0.7,task_within_nested_evaluation_window
s11-d15e537cb76b5836,reactive-no-digital-twin,baseline,2,HSI,0.8,task_within_nested_evaluation_window
s11-d15e537cb76b5836,reactive-no-digital-twin,baseline,2,HSI,0.9,task_within_nested_evaluation_window
s11-d15e537cb76b5836,reactive-no-digital-twin,baseline,2,HSI,0.0,task_within_nested_evaluation_window
s11-d15e537cb76b5836,reactive-no-digital-twin,baseline,2,HSI,0.1,task_within_nested_evaluation_window
s11-d15e537cb76b5836,reactive-no-digital-twin,baseline,2,HSI,0.2,task_within_nested_evaluation_window
s11-d15e537cb76b5836,reactive-no-digital-twin,baseline,2,HSI,0.3,task_within_nested_evaluation_window
s11-d15e537cb76b5836,reactive-no-digital-twin,baseline,2,HSI,0.4,task_within_nested_evaluation_window
s11-d15e537cb76b5836,reactive-no-digital-twin,baseline,2,HSI,0.5,task_within_nested_evaluation_window
s11-d15e537cb76b5836,reactive-no-digital-twin,baseline,2,HSI,0.6,task_within_nested_evaluation_window
s11-d15e537cb76b5836,reactive-no-digital-twin,baseline,2,HSI,0.7,task_within_nested_evaluation_window
s11-d15e537cb76b5836,reactive-no-digital-twin,baseline,2,HSI,0.8,task_within_nested_evaluation_window
s11-d15e537cb76b5836,reactive-no-digital-twin,baseline,2,HSI,0.9,task_within_nested_evaluation_window
s11-d15e537cb76b5836,reactive-no-digital-twin,baseline,2,avg_task_latency_s,338.63157894736844,nested_evaluation_window
s11-d15e537cb76b5836,reactive-no-digital-twin,baseline,2,physical_energy_j,929141.1790695188,nested_evaluation_window
s11-d15e537cb76b5836,reactive-no-digital-twin,baseline,2,episode_reward,-32.650775871647056,nested_evaluation_window
s11-d15e537cb76b5836,reactive-no-digital-twin,baseline,2,HSI,0.0,task_within_nested_evaluation_window
s11-d15e537cb76b5836,reactive-no-digital-twin,baseline,2,HSI,0.1,task_within_nested_evaluation_window
s11-d15e537cb76b5836,reactive-no-digital-twin,baseline,2,HSI,0.2,task_within_nested_evaluation_window
s11-d15e537cb76b5836,reactive-no-digital-twin,baseline,2,HSI,0.3,task_within_nested_evaluation_window
s11-d15e537cb76b5836,reactive-no-digital-twin,baseline,2,HSI,0.4,task_within_nested_evaluation_window
s11-d15e537cb76b5836,reactive-no-digital-twin,baseline,2,HSI,0.5,task_within_nested_evaluation_window
s11-d15e537cb76b5836,reactive-no-digital-twin,baseline,2,HSI,0.6,task_within_nested_evaluation_window
s11-d15e537cb76b5836,reactive-no-digital-twin,baseline,2,HSI,0.7,task_within_nested_evaluation_window
s11-d15e537cb76b5836,reactive-no-digital-twin,baseline,2,HSI,0.8,task_within_nested_evaluation_window
s11-d15e537cb76b5836,reactive-no-digital-twin,baseline,2,HSI,0.9,task_within_nested_evaluation_window
s11-d15e537cb76b5836,reactive-no-digital-twin,baseline,2,HSI,0.0,task_within_nested_evaluation_window
s11-d15e537cb76b5836,reactive-no-digital-twin,baseline,2,HSI,0.1,task_within_nested_evaluation_window
s11-d15e537cb76b5836,reactive-no-digital-twin,baseline,2,HSI,0.2,task_within_nested_evaluation_window
s11-d15e537cb76b5836,reactive-no-digital-twin,baseline,2,HSI,0.3,task_within_nested_evaluation_window
s11-d15e537cb76b5836,reactive-no-digital-twin,baseline,2,HSI,0.4,task_within_nested_evaluation_window
s11-d15e537cb76b5836,reactive-no-digital-twin,baseline,2,HSI,0.5,task_within_nested_evaluation_window
s11-d15e537cb76b5836,reactive-no-digital-twin,baseline,2,HSI,0.6,task_within_nested_evaluation_window
s11-d15e537cb76b5836,reactive-no-digital-twin,baseline,2,HSI,0.7,task_within_nested_evaluation_window
s11-d15e537cb76b5836,reactive-no-digital-twin,baseline,2,HSI,0.8,task_within_nested_evaluation_window
s11-d15e537cb76b5836,reactive-no-digital-twin,baseline,2,HSI,0.9,task_within_nested_evaluation_window
s11-d15e537cb76b5836,reactive-no-digital-twin,baseline,2,HSI,0.0,task_within_nested_evaluation_window
s11-d15e537cb76b5836,reactive-no-digital-twin,baseline,2,HSI,0.1,task_within_nested_evaluation_window
s11-d15e537cb76b5836,reactive-no-digital-twin,baseline,2,HSI,0.2,task_within_nested_evaluation_window
s11-d15e537cb76b5836,reactive-no-digital-twin,baseline,2,HSI,0.3,task_within_nested_evaluation_window
s11-d15e537cb76b5836,reactive-no-digital-twin,baseline,2,HSI,0.4,task_within_nested_evaluation_window
s11-d15e537cb76b5836,reactive-no-digital-twin,baseline,2,HSI,0.5,task_within_nested_evaluation_window
s11-d15e537cb76b5836,reactive-no-digital-twin,baseline,2,HSI,0.6,task_within_nested_evaluation_window
s11-d15e537cb76b5836,reactive-no-digital-twin,baseline,2,HSI,0.7,task_within_nested_evaluation_window
s11-d15e537cb76b5836,reactive-no-digital-twin,baseline,2,HSI,0.8,task_within_nested_evaluation_window
s11-d15e537cb76b5836,reactive-no-digital-twin,baseline,2,HSI,0.9,task_within_nested_evaluation_window
s11-d15e537cb76b5836,reactive-no-digital-twin,baseline,2,HSI,0.0,task_within_nested_evaluation_window
s11-d15e537cb76b5836,reactive-no-digital-twin,baseline,2,HSI,0.1,task_within_nested_evaluation_window
s11-d15e537cb76b5836,reactive-no-digital-twin,baseline,2,HSI,0.2,task_within_nested_evaluation_window
s11-d15e537cb76b5836,reactive-no-digital-twin,baseline,2,HSI,0.3,task_within_nested_evaluation_window
s11-d15e537cb76b5836,reactive-no-digital-twin,baseline,2,HSI,0.4,task_within_nested_evaluation_window
s11-d15e537cb76b5836,reactive-no-digital-twin,baseline,2,HSI,0.5,task_within_nested_evaluation_window
s11-d15e537cb76b5836,reactive-no-digital-twin,baseline,2,HSI,0.6,task_within_nested_evaluation_window
s11-d15e537cb76b5836,reactive-no-digital-twin,baseline,2,HSI,0.7,task_within_nested_evaluation_window
s11-d15e537cb76b5836,reactive-no-digital-twin,baseline,2,HSI,0.8,task_within_nested_evaluation_window
s11-d15e537cb76b5836,reactive-no-digital-twin,baseline,2,HSI,0.9,task_within_nested_evaluation_window
s11-d15e537cb76b5836,reactive-no-digital-twin,baseline,2,avg_task_latency_s,344.2857142857143,nested_evaluation_window
s11-d15e537cb76b5836,reactive-no-digital-twin,baseline,2,physical_energy_j,916316.9202575681,nested_evaluation_window
s11-d15e537cb76b5836,reactive-no-digital-twin,baseline,2,episode_reward,-75.993511286797,nested_evaluation_window
s11-d15e537cb76b5836,reactive-no-digital-twin,baseline,2,HSI,0.0,task_within_nested_evaluation_window
s11-d15e537cb76b5836,reactive-no-digital-twin,baseline,2,HSI,0.1,task_within_nested_evaluation_window
s11-d15e537cb76b5836,reactive-no-digital-twin,baseline,2,HSI,0.2,task_within_nested_evaluation_window
s11-d15e537cb76b5836,reactive-no-digital-twin,baseline,2,HSI,0.3,task_within_nested_evaluation_window
s11-d15e537cb76b5836,reactive-no-digital-twin,baseline,2,HSI,0.4,task_within_nested_evaluation_window
s11-d15e537cb76b5836,reactive-no-digital-twin,baseline,2,HSI,0.5,task_within_nested_evaluation_window
s11-d15e537cb76b5836,reactive-no-digital-twin,baseline,2,HSI,0.6,task_within_nested_evaluation_window
s11-d15e537cb76b5836,reactive-no-digital-twin,baseline,2,HSI,0.7,task_within_nested_evaluation_window
s11-d15e537cb76b5836,reactive-no-digital-twin,baseline,2,HSI,0.8,task_within_nested_evaluation_window
s11-d15e537cb76b5836,reactive-no-digital-twin,baseline,2,HSI,0.9,task_within_nested_evaluation_window
s11-d15e537cb76b5836,reactive-no-digital-twin,baseline,2,HSI,0.0,task_within_nested_evaluation_window
s11-d15e537cb76b5836,reactive-no-digital-twin,baseline,2,HSI,0.1,task_within_nested_evaluation_window
s11-d15e537cb76b5836,reactive-no-digital-twin,baseline,2,HSI,0.2,task_within_nested_evaluation_window
s11-d15e537cb76b5836,reactive-no-digital-twin,baseline,2,HSI,0.3,task_within_nested_evaluation_window
s11-d15e537cb76b5836,reactive-no-digital-twin,baseline,2,HSI,0.4,task_within_nested_evaluation_window
s11-d15e537cb76b5836,reactive-no-digital-twin,baseline,2,HSI,0.5,task_within_nested_evaluation_window
s11-d15e537cb76b5836,reactive-no-digital-twin,baseline,2,HSI,0.6,task_within_nested_evaluation_window
s11-d15e537cb76b5836,reactive-no-digital-twin,baseline,2,HSI,0.7,task_within_nested_evaluation_window
s11-d15e537cb76b5836,reactive-no-digital-twin,baseline,2,HSI,0.8,task_within_nested_evaluation_window
s11-d15e537cb76b5836,reactive-no-digital-twin,baseline,2,HSI,0.9,task_within_nested_evaluation_window
s11-d15e537cb76b5836,reactive-no-digital-twin,baseline,2,HSI,0.0,task_within_nested_evaluation_window
s11-d15e537cb76b5836,reactive-no-digital-twin,baseline,2,HSI,0.1,task_within_nested_evaluation_window
s11-d15e537cb76b5836,reactive-no-digital-twin,baseline,2,HSI,0.2,task_within_nested_evaluation_window
s11-d15e537cb76b5836,reactive-no-digital-twin,baseline,2,HSI,0.3,task_within_nested_evaluation_window
s11-d15e537cb76b5836,reactive-no-digital-twin,baseline,2,HSI,0.4,task_within_nested_evaluation_window
s11-d15e537cb76b5836,reactive-no-digital-twin,baseline,2,HSI,0.5,task_within_nested_evaluation_window
s11-d15e537cb76b5836,reactive-no-digital-twin,baseline,2,HSI,0.6,task_within_nested_evaluation_window
s11-d15e537cb76b5836,reactive-no-digital-twin,baseline,2,HSI,0.7,task_within_nested_evaluation_window
s11-d15e537cb76b5836,reactive-no-digital-twin,baseline,2,HSI,0.8,task_within_nested_evaluation_window
s11-d15e537cb76b5836,reactive-no-digital-twin,baseline,2,HSI,0.9,task_within_nested_evaluation_window
s11-d15e537cb76b5836,reactive-no-digital-twin,baseline,2,HSI,0.0,task_within_nested_evaluation_window
s11-d15e537cb76b5836,reactive-no-digital-twin,baseline,2,HSI,0.1,task_within_nested_evaluation_window
s11-d15e537cb76b5836,reactive-no-digital-twin,baseline,2,HSI,0.2,task_within_nested_evaluation_window
s11-d15e537cb76b5836,reactive-no-digital-twin,baseline,2,HSI,0.3,task_within_nested_evaluation_window
s11-d15e537cb76b5836,reactive-no-digital-twin,baseline,2,HSI,0.4,task_within_nested_evaluation_window
s11-d15e537cb76b5836,reactive-no-digital-twin,baseline,2,HSI,0.5,task_within_nested_evaluation_window
s11-d15e537cb76b5836,reactive-no-digital-twin,baseline,2,HSI,0.6,task_within_nested_evaluation_window
s11-d15e537cb76b5836,reactive-no-digital-twin,baseline,2,HSI,0.7,task_within_nested_evaluation_window
s11-d15e537cb76b5836,reactive-no-digital-twin,baseline,2,HSI,0.8,task_within_nested_evaluation_window
s11-d15e537cb76b5836,reactive-no-digital-twin,baseline,2,HSI,0.9,task_within_nested_evaluation_window
s11-d15e537cb76b5836,reactive-no-digital-twin,baseline,3,avg_task_latency_s,344.25,nested_evaluation_window
s11-d15e537cb76b5836,reactive-no-digital-twin,baseline,3,physical_energy_j,952648.9468612671,nested_evaluation_window
s11-d15e537cb76b5836,reactive-no-digital-twin,baseline,3,episode_reward,10.233898209407926,nested_evaluation_window
s11-d15e537cb76b5836,reactive-no-digital-twin,baseline,3,HSI,0.0,task_within_nested_evaluation_window
s11-d15e537cb76b5836,reactive-no-digital-twin,baseline,3,HSI,0.1,task_within_nested_evaluation_window
s11-d15e537cb76b5836,reactive-no-digital-twin,baseline,3,HSI,0.2,task_within_nested_evaluation_window
s11-d15e537cb76b5836,reactive-no-digital-twin,baseline,3,HSI,0.3,task_within_nested_evaluation_window
s11-d15e537cb76b5836,reactive-no-digital-twin,baseline,3,HSI,0.4,task_within_nested_evaluation_window
s11-d15e537cb76b5836,reactive-no-digital-twin,baseline,3,HSI,0.5,task_within_nested_evaluation_window
s11-d15e537cb76b5836,reactive-no-digital-twin,baseline,3,HSI,0.6,task_within_nested_evaluation_window
s11-d15e537cb76b5836,reactive-no-digital-twin,baseline,3,HSI,0.7,task_within_nested_evaluation_window
s11-d15e537cb76b5836,reactive-no-digital-twin,baseline,3,HSI,0.8,task_within_nested_evaluation_window
s11-d15e537cb76b5836,reactive-no-digital-twin,baseline,3,HSI,0.9,task_within_nested_evaluation_window
s11-d15e537cb76b5836,reactive-no-digital-twin,baseline,3,HSI,0.0,task_within_nested_evaluation_window
s11-d15e537cb76b5836,reactive-no-digital-twin,baseline,3,HSI,0.1,task_within_nested_evaluation_window
s11-d15e537cb76b5836,reactive-no-digital-twin,baseline,3,HSI,0.2,task_within_nested_evaluation_window
s11-d15e537cb76b5836,reactive-no-digital-twin,baseline,3,HSI,0.3,task_within_nested_evaluation_window
s11-d15e537cb76b5836,reactive-no-digital-twin,baseline,3,HSI,0.4,task_within_nested_evaluation_window
s11-d15e537cb76b5836,reactive-no-digital-twin,baseline,3,HSI,0.5,task_within_nested_evaluation_window
s11-d15e537cb76b5836,reactive-no-digital-twin,baseline,3,HSI,0.6,task_within_nested_evaluation_window
s11-d15e537cb76b5836,reactive-no-digital-twin,baseline,3,HSI,0.7,task_within_nested_evaluation_window
s11-d15e537cb76b5836,reactive-no-digital-twin,baseline,3,HSI,0.8,task_within_nested_evaluation_window
s11-d15e537cb76b5836,reactive-no-digital-twin,baseline,3,HSI,0.9,task_within_nested_evaluation_window
s11-d15e537cb76b5836,reactive-no-digital-twin,baseline,3,HSI,0.0,task_within_nested_evaluation_window
s11-d15e537cb76b5836,reactive-no-digital-twin,baseline,3,HSI,0.1,task_within_nested_evaluation_window
s11-d15e537cb76b5836,reactive-no-digital-twin,baseline,3,HSI,0.2,task_within_nested_evaluation_window
s11-d15e537cb76b5836,reactive-no-digital-twin,baseline,3,HSI,0.3,task_within_nested_evaluation_window
s11-d15e537cb76b5836,reactive-no-digital-twin,baseline,3,HSI,0.4,task_within_nested_evaluation_window
s11-d15e537cb76b5836,reactive-no-digital-twin,baseline,3,HSI,0.5,task_within_nested_evaluation_window
s11-d15e537cb76b5836,reactive-no-digital-twin,baseline,3,HSI,0.6,task_within_nested_evaluation_window
s11-d15e537cb76b5836,reactive-no-digital-twin,baseline,3,HSI,0.7,task_within_nested_evaluation_window
s11-d15e537cb76b5836,reactive-no-digital-twin,baseline,3,HSI,0.8,task_within_nested_evaluation_window
s11-d15e537cb76b5836,reactive-no-digital-twin,baseline,3,HSI,0.9,task_within_nested_evaluation_window
s11-d15e537cb76b5836,reactive-no-digital-twin,baseline,3,HSI,0.0,task_within_nested_evaluation_window
s11-d15e537cb76b5836,reactive-no-digital-twin,baseline,3,HSI,0.1,task_within_nested_evaluation_window
s11-d15e537cb76b5836,reactive-no-digital-twin,baseline,3,HSI,0.2,task_within_nested_evaluation_window
s11-d15e537cb76b5836,reactive-no-digital-twin,baseline,3,HSI,0.3,task_within_nested_evaluation_window
s11-d15e537cb76b5836,reactive-no-digital-twin,baseline,3,HSI,0.4,task_within_nested_evaluation_window
s11-d15e537cb76b5836,reactive-no-digital-twin,baseline,3,HSI,0.5,task_within_nested_evaluation_window
s11-d15e537cb76b5836,reactive-no-digital-twin,baseline,3,HSI,0.6,task_within_nested_evaluation_window
s11-d15e537cb76b5836,reactive-no-digital-twin,baseline,3,HSI,0.7,task_within_nested_evaluation_window
s11-d15e537cb76b5836,reactive-no-digital-twin,baseline,3,HSI,0.8,task_within_nested_evaluation_window
s11-d15e537cb76b5836,reactive-no-digital-twin,baseline,3,HSI,0.9,task_within_nested_evaluation_window
s11-d15e537cb76b5836,reactive-no-digital-twin,baseline,3,avg_task_latency_s,323.9130434782609,nested_evaluation_window
s11-d15e537cb76b5836,reactive-no-digital-twin,baseline,3,physical_energy_j,977524.3340530396,nested_evaluation_window
s11-d15e537cb76b5836,reactive-no-digital-twin,baseline,3,episode_reward,9.270276105729863,nested_evaluation_window
s11-d15e537cb76b5836,reactive-no-digital-twin,baseline,3,HSI,0.0,task_within_nested_evaluation_window
s11-d15e537cb76b5836,reactive-no-digital-twin,baseline,3,HSI,0.1,task_within_nested_evaluation_window
s11-d15e537cb76b5836,reactive-no-digital-twin,baseline,3,HSI,0.2,task_within_nested_evaluation_window
s11-d15e537cb76b5836,reactive-no-digital-twin,baseline,3,HSI,0.3,task_within_nested_evaluation_window
s11-d15e537cb76b5836,reactive-no-digital-twin,baseline,3,HSI,0.4,task_within_nested_evaluation_window
s11-d15e537cb76b5836,reactive-no-digital-twin,baseline,3,HSI,0.5,task_within_nested_evaluation_window
s11-d15e537cb76b5836,reactive-no-digital-twin,baseline,3,HSI,0.6,task_within_nested_evaluation_window
s11-d15e537cb76b5836,reactive-no-digital-twin,baseline,3,HSI,0.7,task_within_nested_evaluation_window
s11-d15e537cb76b5836,reactive-no-digital-twin,baseline,3,HSI,0.8,task_within_nested_evaluation_window
s11-d15e537cb76b5836,reactive-no-digital-twin,baseline,3,HSI,0.9,task_within_nested_evaluation_window
s11-d15e537cb76b5836,reactive-no-digital-twin,baseline,3,HSI,0.0,task_within_nested_evaluation_window
s11-d15e537cb76b5836,reactive-no-digital-twin,baseline,3,HSI,0.1,task_within_nested_evaluation_window
s11-d15e537cb76b5836,reactive-no-digital-twin,baseline,3,HSI,0.2,task_within_nested_evaluation_window
s11-d15e537cb76b5836,reactive-no-digital-twin,baseline,3,HSI,0.3,task_within_nested_evaluation_window
s11-d15e537cb76b5836,reactive-no-digital-twin,baseline,3,HSI,0.4,task_within_nested_evaluation_window
s11-d15e537cb76b5836,reactive-no-digital-twin,baseline,3,HSI,0.5,task_within_nested_evaluation_window
s11-d15e537cb76b5836,reactive-no-digital-twin,baseline,3,HSI,0.6,task_within_nested_evaluation_window
s11-d15e537cb76b5836,reactive-no-digital-twin,baseline,3,HSI,0.7,task_within_nested_evaluation_window
s11-d15e537cb76b5836,reactive-no-digital-twin,baseline,3,HSI,0.8,task_within_nested_evaluation_window
s11-d15e537cb76b5836,reactive-no-digital-twin,baseline,3,HSI,0.9,task_within_nested_evaluation_window
s11-d15e537cb76b5836,reactive-no-digital-twin,baseline,3,HSI,0.0,task_within_nested_evaluation_window
s11-d15e537cb76b5836,reactive-no-digital-twin,baseline,3,HSI,0.1,task_within_nested_evaluation_window
s11-d15e537cb76b5836,reactive-no-digital-twin,baseline,3,HSI,0.2,task_within_nested_evaluation_window
s11-d15e537cb76b5836,reactive-no-digital-twin,baseline,3,HSI,0.3,task_within_nested_evaluation_window
s11-d15e537cb76b5836,reactive-no-digital-twin,baseline,3,HSI,0.4,task_within_nested_evaluation_window
s11-d15e537cb76b5836,reactive-no-digital-twin,baseline,3,HSI,0.5,task_within_nested_evaluation_window
s11-d15e537cb76b5836,reactive-no-digital-twin,baseline,3,HSI,0.6,task_within_nested_evaluation_window
s11-d15e537cb76b5836,reactive-no-digital-twin,baseline,3,HSI,0.7,task_within_nested_evaluation_window
s11-d15e537cb76b5836,reactive-no-digital-twin,baseline,3,HSI,0.8,task_within_nested_evaluation_window
s11-d15e537cb76b5836,reactive-no-digital-twin,baseline,3,HSI,0.9,task_within_nested_evaluation_window
s11-d15e537cb76b5836,reactive-no-digital-twin,baseline,3,HSI,0.0,task_within_nested_evaluation_window
s11-d15e537cb76b5836,reactive-no-digital-twin,baseline,3,HSI,0.1,task_within_nested_evaluation_window
s11-d15e537cb76b5836,reactive-no-digital-twin,baseline,3,HSI,0.2,task_within_nested_evaluation_window
s11-d15e537cb76b5836,reactive-no-digital-twin,baseline,3,HSI,0.3,task_within_nested_evaluation_window
s11-d15e537cb76b5836,reactive-no-digital-twin,baseline,3,HSI,0.4,task_within_nested_evaluation_window
s11-d15e537cb76b5836,reactive-no-digital-twin,baseline,3,HSI,0.5,task_within_nested_evaluation_window
s11-d15e537cb76b5836,reactive-no-digital-twin,baseline,3,HSI,0.6,task_within_nested_evaluation_window
s11-d15e537cb76b5836,reactive-no-digital-twin,baseline,3,HSI,0.7,task_within_nested_evaluation_window
s11-d15e537cb76b5836,reactive-no-digital-twin,baseline,3,HSI,0.8,task_within_nested_evaluation_window
s11-d15e537cb76b5836,reactive-no-digital-twin,baseline,3,HSI,0.9,task_within_nested_evaluation_window
s11-d15e537cb76b5836,reactive-no-digital-twin,baseline,3,avg_task_latency_s,333.2,nested_evaluation_window
s11-d15e537cb76b5836,reactive-no-digital-twin,baseline,3,physical_energy_j,976690.9007873533,nested_evaluation_window
s11-d15e537cb76b5836,reactive-no-digital-twin,baseline,3,episode_reward,14.746976522030309,nested_evaluation_window
s11-d15e537cb76b5836,reactive-no-digital-twin,baseline,3,HSI,0.0,task_within_nested_evaluation_window
s11-d15e537cb76b5836,reactive-no-digital-twin,baseline,3,HSI,0.1,task_within_nested_evaluation_window
s11-d15e537cb76b5836,reactive-no-digital-twin,baseline,3,HSI,0.2,task_within_nested_evaluation_window
s11-d15e537cb76b5836,reactive-no-digital-twin,baseline,3,HSI,0.3,task_within_nested_evaluation_window
s11-d15e537cb76b5836,reactive-no-digital-twin,baseline,3,HSI,0.4,task_within_nested_evaluation_window
s11-d15e537cb76b5836,reactive-no-digital-twin,baseline,3,HSI,0.5,task_within_nested_evaluation_window
s11-d15e537cb76b5836,reactive-no-digital-twin,baseline,3,HSI,0.6,task_within_nested_evaluation_window
s11-d15e537cb76b5836,reactive-no-digital-twin,baseline,3,HSI,0.7,task_within_nested_evaluation_window
s11-d15e537cb76b5836,reactive-no-digital-twin,baseline,3,HSI,0.8,task_within_nested_evaluation_window
s11-d15e537cb76b5836,reactive-no-digital-twin,baseline,3,HSI,0.9,task_within_nested_evaluation_window
s11-d15e537cb76b5836,reactive-no-digital-twin,baseline,3,HSI,0.0,task_within_nested_evaluation_window
s11-d15e537cb76b5836,reactive-no-digital-twin,baseline,3,HSI,0.1,task_within_nested_evaluation_window
s11-d15e537cb76b5836,reactive-no-digital-twin,baseline,3,HSI,0.2,task_within_nested_evaluation_window
s11-d15e537cb76b5836,reactive-no-digital-twin,baseline,3,HSI,0.3,task_within_nested_evaluation_window
s11-d15e537cb76b5836,reactive-no-digital-twin,baseline,3,HSI,0.4,task_within_nested_evaluation_window
s11-d15e537cb76b5836,reactive-no-digital-twin,baseline,3,HSI,0.5,task_within_nested_evaluation_window
s11-d15e537cb76b5836,reactive-no-digital-twin,baseline,3,HSI,0.6,task_within_nested_evaluation_window
s11-d15e537cb76b5836,reactive-no-digital-twin,baseline,3,HSI,0.7,task_within_nested_evaluation_window
s11-d15e537cb76b5836,reactive-no-digital-twin,baseline,3,HSI,0.8,task_within_nested_evaluation_window
s11-d15e537cb76b5836,reactive-no-digital-twin,baseline,3,HSI,0.9,task_within_nested_evaluation_window
s11-d15e537cb76b5836,reactive-no-digital-twin,baseline,3,HSI,0.0,task_within_nested_evaluation_window
s11-d15e537cb76b5836,reactive-no-digital-twin,baseline,3,HSI,0.1,task_within_nested_evaluation_window
s11-d15e537cb76b5836,reactive-no-digital-twin,baseline,3,HSI,0.2,task_within_nested_evaluation_window
s11-d15e537cb76b5836,reactive-no-digital-twin,baseline,3,HSI,0.3,task_within_nested_evaluation_window
s11-d15e537cb76b5836,reactive-no-digital-twin,baseline,3,HSI,0.4,task_within_nested_evaluation_window
s11-d15e537cb76b5836,reactive-no-digital-twin,baseline,3,HSI,0.5,task_within_nested_evaluation_window
s11-d15e537cb76b5836,reactive-no-digital-twin,baseline,3,HSI,0.6,task_within_nested_evaluation_window
s11-d15e537cb76b5836,reactive-no-digital-twin,baseline,3,HSI,0.7,task_within_nested_evaluation_window
s11-d15e537cb76b5836,reactive-no-digital-twin,baseline,3,HSI,0.8,task_within_nested_evaluation_window
s11-d15e537cb76b5836,reactive-no-digital-twin,baseline,3,HSI,0.9,task_within_nested_evaluation_window
s11-d15e537cb76b5836,reactive-no-digital-twin,baseline,3,HSI,0.0,task_within_nested_evaluation_window
s11-d15e537cb76b5836,reactive-no-digital-twin,baseline,3,HSI,0.1,task_within_nested_evaluation_window
s11-d15e537cb76b5836,reactive-no-digital-twin,baseline,3,HSI,0.2,task_within_nested_evaluation_window
s11-d15e537cb76b5836,reactive-no-digital-twin,baseline,3,HSI,0.3,task_within_nested_evaluation_window
s11-d15e537cb76b5836,reactive-no-digital-twin,baseline,3,HSI,0.4,task_within_nested_evaluation_window
s11-d15e537cb76b5836,reactive-no-digital-twin,baseline,3,HSI,0.5,task_within_nested_evaluation_window
s11-d15e537cb76b5836,reactive-no-digital-twin,baseline,3,HSI,0.6,task_within_nested_evaluation_window
s11-d15e537cb76b5836,reactive-no-digital-twin,baseline,3,HSI,0.7,task_within_nested_evaluation_window
s11-d15e537cb76b5836,reactive-no-digital-twin,baseline,3,HSI,0.8,task_within_nested_evaluation_window
s11-d15e537cb76b5836,reactive-no-digital-twin,baseline,3,HSI,0.9,task_within_nested_evaluation_window
s11-d15e537cb76b5836,reactive-no-digital-twin,baseline,3,avg_task_latency_s,352.8,nested_evaluation_window
s11-d15e537cb76b5836,reactive-no-digital-twin,baseline,3,physical_energy_j,976370.0721206663,nested_evaluation_window
s11-d15e537cb76b5836,reactive-no-digital-twin,baseline,3,episode_reward,3.5274502779357135,nested_evaluation_window
s11-d15e537cb76b5836,reactive-no-digital-twin,baseline,3,HSI,0.0,task_within_nested_evaluation_window
s11-d15e537cb76b5836,reactive-no-digital-twin,baseline,3,HSI,0.1,task_within_nested_evaluation_window
s11-d15e537cb76b5836,reactive-no-digital-twin,baseline,3,HSI,0.2,task_within_nested_evaluation_window
s11-d15e537cb76b5836,reactive-no-digital-twin,baseline,3,HSI,0.3,task_within_nested_evaluation_window
s11-d15e537cb76b5836,reactive-no-digital-twin,baseline,3,HSI,0.4,task_within_nested_evaluation_window
s11-d15e537cb76b5836,reactive-no-digital-twin,baseline,3,HSI,0.5,task_within_nested_evaluation_window
s11-d15e537cb76b5836,reactive-no-digital-twin,baseline,3,HSI,0.6,task_within_nested_evaluation_window
s11-d15e537cb76b5836,reactive-no-digital-twin,baseline,3,HSI,0.7,task_within_nested_evaluation_window
s11-d15e537cb76b5836,reactive-no-digital-twin,baseline,3,HSI,0.8,task_within_nested_evaluation_window
s11-d15e537cb76b5836,reactive-no-digital-twin,baseline,3,HSI,0.9,task_within_nested_evaluation_window
s11-d15e537cb76b5836,reactive-no-digital-twin,baseline,3,HSI,0.0,task_within_nested_evaluation_window
s11-d15e537cb76b5836,reactive-no-digital-twin,baseline,3,HSI,0.1,task_within_nested_evaluation_window
s11-d15e537cb76b5836,reactive-no-digital-twin,baseline,3,HSI,0.2,task_within_nested_evaluation_window
s11-d15e537cb76b5836,reactive-no-digital-twin,baseline,3,HSI,0.3,task_within_nested_evaluation_window
s11-d15e537cb76b5836,reactive-no-digital-twin,baseline,3,HSI,0.4,task_within_nested_evaluation_window
s11-d15e537cb76b5836,reactive-no-digital-twin,baseline,3,HSI,0.5,task_within_nested_evaluation_window
s11-d15e537cb76b5836,reactive-no-digital-twin,baseline,3,HSI,0.6,task_within_nested_evaluation_window
s11-d15e537cb76b5836,reactive-no-digital-twin,baseline,3,HSI,0.7,task_within_nested_evaluation_window
s11-d15e537cb76b5836,reactive-no-digital-twin,baseline,3,HSI,0.8,task_within_nested_evaluation_window
s11-d15e537cb76b5836,reactive-no-digital-twin,baseline,3,HSI,0.9,task_within_nested_evaluation_window
s11-d15e537cb76b5836,reactive-no-digital-twin,baseline,3,HSI,0.0,task_within_nested_evaluation_window
s11-d15e537cb76b5836,reactive-no-digital-twin,baseline,3,HSI,0.1,task_within_nested_evaluation_window
s11-d15e537cb76b5836,reactive-no-digital-twin,baseline,3,HSI,0.2,task_within_nested_evaluation_window
s11-d15e537cb76b5836,reactive-no-digital-twin,baseline,3,HSI,0.3,task_within_nested_evaluation_window
s11-d15e537cb76b5836,reactive-no-digital-twin,baseline,3,HSI,0.4,task_within_nested_evaluation_window
s11-d15e537cb76b5836,reactive-no-digital-twin,baseline,3,HSI,0.5,task_within_nested_evaluation_window
s11-d15e537cb76b5836,reactive-no-digital-twin,baseline,3,HSI,0.6,task_within_nested_evaluation_window
s11-d15e537cb76b5836,reactive-no-digital-twin,baseline,3,HSI,0.7,task_within_nested_evaluation_window
s11-d15e537cb76b5836,reactive-no-digital-twin,baseline,3,HSI,0.8,task_within_nested_evaluation_window
s11-d15e537cb76b5836,reactive-no-digital-twin,baseline,3,HSI,0.9,task_within_nested_evaluation_window
s11-d15e537cb76b5836,reactive-no-digital-twin,baseline,3,HSI,0.0,task_within_nested_evaluation_window
s11-d15e537cb76b5836,reactive-no-digital-twin,baseline,3,HSI,0.1,task_within_nested_evaluation_window
s11-d15e537cb76b5836,reactive-no-digital-twin,baseline,3,HSI,0.2,task_within_nested_evaluation_window
s11-d15e537cb76b5836,reactive-no-digital-twin,baseline,3,HSI,0.3,task_within_nested_evaluation_window
s11-d15e537cb76b5836,reactive-no-digital-twin,baseline,3,HSI,0.4,task_within_nested_evaluation_window
s11-d15e537cb76b5836,reactive-no-digital-twin,baseline,3,HSI,0.5,task_within_nested_evaluation_window
s11-d15e537cb76b5836,reactive-no-digital-twin,baseline,3,HSI,0.6,task_within_nested_evaluation_window
s11-d15e537cb76b5836,reactive-no-digital-twin,baseline,3,HSI,0.7,task_within_nested_evaluation_window
s11-d15e537cb76b5836,reactive-no-digital-twin,baseline,3,HSI,0.8,task_within_nested_evaluation_window
s11-d15e537cb76b5836,reactive-no-digital-twin,baseline,3,HSI,0.9,task_within_nested_evaluation_window
s11-d15e537cb76b5836,reactive-no-digital-twin,baseline,3,avg_task_latency_s,328.8333333333333,nested_evaluation_window
s11-d15e537cb76b5836,reactive-no-digital-twin,baseline,3,physical_energy_j,972259.0041885374,nested_evaluation_window
s11-d15e537cb76b5836,reactive-no-digital-twin,baseline,3,episode_reward,10.771906662965193,nested_evaluation_window
s11-d15e537cb76b5836,reactive-no-digital-twin,baseline,3,HSI,0.0,task_within_nested_evaluation_window
s11-d15e537cb76b5836,reactive-no-digital-twin,baseline,3,HSI,0.1,task_within_nested_evaluation_window
s11-d15e537cb76b5836,reactive-no-digital-twin,baseline,3,HSI,0.2,task_within_nested_evaluation_window
s11-d15e537cb76b5836,reactive-no-digital-twin,baseline,3,HSI,0.3,task_within_nested_evaluation_window
s11-d15e537cb76b5836,reactive-no-digital-twin,baseline,3,HSI,0.4,task_within_nested_evaluation_window
s11-d15e537cb76b5836,reactive-no-digital-twin,baseline,3,HSI,0.5,task_within_nested_evaluation_window
s11-d15e537cb76b5836,reactive-no-digital-twin,baseline,3,HSI,0.6,task_within_nested_evaluation_window
s11-d15e537cb76b5836,reactive-no-digital-twin,baseline,3,HSI,0.7,task_within_nested_evaluation_window
s11-d15e537cb76b5836,reactive-no-digital-twin,baseline,3,HSI,0.8,task_within_nested_evaluation_window
s11-d15e537cb76b5836,reactive-no-digital-twin,baseline,3,HSI,0.9,task_within_nested_evaluation_window
s11-d15e537cb76b5836,reactive-no-digital-twin,baseline,3,HSI,0.0,task_within_nested_evaluation_window
s11-d15e537cb76b5836,reactive-no-digital-twin,baseline,3,HSI,0.1,task_within_nested_evaluation_window
s11-d15e537cb76b5836,reactive-no-digital-twin,baseline,3,HSI,0.2,task_within_nested_evaluation_window
s11-d15e537cb76b5836,reactive-no-digital-twin,baseline,3,HSI,0.3,task_within_nested_evaluation_window
s11-d15e537cb76b5836,reactive-no-digital-twin,baseline,3,HSI,0.4,task_within_nested_evaluation_window
s11-d15e537cb76b5836,reactive-no-digital-twin,baseline,3,HSI,0.5,task_within_nested_evaluation_window
s11-d15e537cb76b5836,reactive-no-digital-twin,baseline,3,HSI,0.6,task_within_nested_evaluation_window
s11-d15e537cb76b5836,reactive-no-digital-twin,baseline,3,HSI,0.7,task_within_nested_evaluation_window
s11-d15e537cb76b5836,reactive-no-digital-twin,baseline,3,HSI,0.8,task_within_nested_evaluation_window
s11-d15e537cb76b5836,reactive-no-digital-twin,baseline,3,HSI,0.9,task_within_nested_evaluation_window
s11-d15e537cb76b5836,reactive-no-digital-twin,baseline,3,HSI,0.0,task_within_nested_evaluation_window
s11-d15e537cb76b5836,reactive-no-digital-twin,baseline,3,HSI,0.1,task_within_nested_evaluation_window
s11-d15e537cb76b5836,reactive-no-digital-twin,baseline,3,HSI,0.2,task_within_nested_evaluation_window
s11-d15e537cb76b5836,reactive-no-digital-twin,baseline,3,HSI,0.3,task_within_nested_evaluation_window
s11-d15e537cb76b5836,reactive-no-digital-twin,baseline,3,HSI,0.4,task_within_nested_evaluation_window
s11-d15e537cb76b5836,reactive-no-digital-twin,baseline,3,HSI,0.5,task_within_nested_evaluation_window
s11-d15e537cb76b5836,reactive-no-digital-twin,baseline,3,HSI,0.6,task_within_nested_evaluation_window
s11-d15e537cb76b5836,reactive-no-digital-twin,baseline,3,HSI,0.7,task_within_nested_evaluation_window
s11-d15e537cb76b5836,reactive-no-digital-twin,baseline,3,HSI,0.8,task_within_nested_evaluation_window
s11-d15e537cb76b5836,reactive-no-digital-twin,baseline,3,HSI,0.9,task_within_nested_evaluation_window
s11-d15e537cb76b5836,reactive-no-digital-twin,baseline,3,HSI,0.0,task_within_nested_evaluation_window
s11-d15e537cb76b5836,reactive-no-digital-twin,baseline,3,HSI,0.1,task_within_nested_evaluation_window
s11-d15e537cb76b5836,reactive-no-digital-twin,baseline,3,HSI,0.2,task_within_nested_evaluation_window
s11-d15e537cb76b5836,reactive-no-digital-twin,baseline,3,HSI,0.3,task_within_nested_evaluation_window
s11-d15e537cb76b5836,reactive-no-digital-twin,baseline,3,HSI,0.4,task_within_nested_evaluation_window
s11-d15e537cb76b5836,reactive-no-digital-twin,baseline,3,HSI,0.5,task_within_nested_evaluation_window
s11-d15e537cb76b5836,reactive-no-digital-twin,baseline,3,HSI,0.6,task_within_nested_evaluation_window
s11-d15e537cb76b5836,reactive-no-digital-twin,baseline,3,HSI,0.7,task_within_nested_evaluation_window
s11-d15e537cb76b5836,reactive-no-digital-twin,baseline,3,HSI,0.8,task_within_nested_evaluation_window
s11-d15e537cb76b5836,reactive-no-digital-twin,baseline,3,HSI,0.9,task_within_nested_evaluation_window
s11-d15e537cb76b5836,reactive-no-digital-twin,baseline,4,avg_task_latency_s,328.25,nested_evaluation_window
s11-d15e537cb76b5836,reactive-no-digital-twin,baseline,4,physical_energy_j,966480.3169784546,nested_evaluation_window
s11-d15e537cb76b5836,reactive-no-digital-twin,baseline,4,episode_reward,3.37273927917704,nested_evaluation_window
s11-d15e537cb76b5836,reactive-no-digital-twin,baseline,4,HSI,0.0,task_within_nested_evaluation_window
s11-d15e537cb76b5836,reactive-no-digital-twin,baseline,4,HSI,0.1,task_within_nested_evaluation_window
s11-d15e537cb76b5836,reactive-no-digital-twin,baseline,4,HSI,0.2,task_within_nested_evaluation_window
s11-d15e537cb76b5836,reactive-no-digital-twin,baseline,4,HSI,0.3,task_within_nested_evaluation_window
s11-d15e537cb76b5836,reactive-no-digital-twin,baseline,4,HSI,0.4,task_within_nested_evaluation_window
s11-d15e537cb76b5836,reactive-no-digital-twin,baseline,4,HSI,0.5,task_within_nested_evaluation_window
s11-d15e537cb76b5836,reactive-no-digital-twin,baseline,4,HSI,0.6,task_within_nested_evaluation_window
s11-d15e537cb76b5836,reactive-no-digital-twin,baseline,4,HSI,0.7,task_within_nested_evaluation_window
s11-d15e537cb76b5836,reactive-no-digital-twin,baseline,4,HSI,0.8,task_within_nested_evaluation_window
s11-d15e537cb76b5836,reactive-no-digital-twin,baseline,4,HSI,0.9,task_within_nested_evaluation_window
s11-d15e537cb76b5836,reactive-no-digital-twin,baseline,4,HSI,0.0,task_within_nested_evaluation_window
s11-d15e537cb76b5836,reactive-no-digital-twin,baseline,4,HSI,0.1,task_within_nested_evaluation_window
s11-d15e537cb76b5836,reactive-no-digital-twin,baseline,4,HSI,0.2,task_within_nested_evaluation_window
s11-d15e537cb76b5836,reactive-no-digital-twin,baseline,4,HSI,0.3,task_within_nested_evaluation_window
s11-d15e537cb76b5836,reactive-no-digital-twin,baseline,4,HSI,0.4,task_within_nested_evaluation_window
s11-d15e537cb76b5836,reactive-no-digital-twin,baseline,4,HSI,0.5,task_within_nested_evaluation_window
s11-d15e537cb76b5836,reactive-no-digital-twin,baseline,4,HSI,0.6,task_within_nested_evaluation_window
s11-d15e537cb76b5836,reactive-no-digital-twin,baseline,4,HSI,0.7,task_within_nested_evaluation_window
s11-d15e537cb76b5836,reactive-no-digital-twin,baseline,4,HSI,0.8,task_within_nested_evaluation_window
s11-d15e537cb76b5836,reactive-no-digital-twin,baseline,4,HSI,0.9,task_within_nested_evaluation_window
s11-d15e537cb76b5836,reactive-no-digital-twin,baseline,4,HSI,0.0,task_within_nested_evaluation_window
s11-d15e537cb76b5836,reactive-no-digital-twin,baseline,4,HSI,0.1,task_within_nested_evaluation_window
s11-d15e537cb76b5836,reactive-no-digital-twin,baseline,4,HSI,0.2,task_within_nested_evaluation_window
s11-d15e537cb76b5836,reactive-no-digital-twin,baseline,4,HSI,0.3,task_within_nested_evaluation_window
s11-d15e537cb76b5836,reactive-no-digital-twin,baseline,4,HSI,0.4,task_within_nested_evaluation_window
s11-d15e537cb76b5836,reactive-no-digital-twin,baseline,4,HSI,0.5,task_within_nested_evaluation_window
s11-d15e537cb76b5836,reactive-no-digital-twin,baseline,4,HSI,0.6,task_within_nested_evaluation_window
s11-d15e537cb76b5836,reactive-no-digital-twin,baseline,4,HSI,0.7,task_within_nested_evaluation_window
s11-d15e537cb76b5836,reactive-no-digital-twin,baseline,4,HSI,0.8,task_within_nested_evaluation_window
s11-d15e537cb76b5836,reactive-no-digital-twin,baseline,4,HSI,0.9,task_within_nested_evaluation_window
s11-d15e537cb76b5836,reactive-no-digital-twin,baseline,4,HSI,0.0,task_within_nested_evaluation_window
s11-d15e537cb76b5836,reactive-no-digital-twin,baseline,4,HSI,0.1,task_within_nested_evaluation_window
s11-d15e537cb76b5836,reactive-no-digital-twin,baseline,4,HSI,0.2,task_within_nested_evaluation_window
s11-d15e537cb76b5836,reactive-no-digital-twin,baseline,4,HSI,0.3,task_within_nested_evaluation_window
s11-d15e537cb76b5836,reactive-no-digital-twin,baseline,4,HSI,0.4,task_within_nested_evaluation_window
s11-d15e537cb76b5836,reactive-no-digital-twin,baseline,4,HSI,0.5,task_within_nested_evaluation_window
s11-d15e537cb76b5836,reactive-no-digital-twin,baseline,4,HSI,0.6,task_within_nested_evaluation_window
s11-d15e537cb76b5836,reactive-no-digital-twin,baseline,4,HSI,0.7,task_within_nested_evaluation_window
s11-d15e537cb76b5836,reactive-no-digital-twin,baseline,4,HSI,0.8,task_within_nested_evaluation_window
s11-d15e537cb76b5836,reactive-no-digital-twin,baseline,4,HSI,0.9,task_within_nested_evaluation_window
s11-d15e537cb76b5836,reactive-no-digital-twin,baseline,4,avg_task_latency_s,309.5238095238095,nested_evaluation_window
s11-d15e537cb76b5836,reactive-no-digital-twin,baseline,4,physical_energy_j,935561.3940200806,nested_evaluation_window
s11-d15e537cb76b5836,reactive-no-digital-twin,baseline,4,episode_reward,-15.115571388741955,nested_evaluation_window
s11-d15e537cb76b5836,reactive-no-digital-twin,baseline,4,HSI,0.0,task_within_nested_evaluation_window
s11-d15e537cb76b5836,reactive-no-digital-twin,baseline,4,HSI,0.1,task_within_nested_evaluation_window
s11-d15e537cb76b5836,reactive-no-digital-twin,baseline,4,HSI,0.2,task_within_nested_evaluation_window
s11-d15e537cb76b5836,reactive-no-digital-twin,baseline,4,HSI,0.3,task_within_nested_evaluation_window
s11-d15e537cb76b5836,reactive-no-digital-twin,baseline,4,HSI,0.4,task_within_nested_evaluation_window
s11-d15e537cb76b5836,reactive-no-digital-twin,baseline,4,HSI,0.5,task_within_nested_evaluation_window
s11-d15e537cb76b5836,reactive-no-digital-twin,baseline,4,HSI,0.6,task_within_nested_evaluation_window
s11-d15e537cb76b5836,reactive-no-digital-twin,baseline,4,HSI,0.7,task_within_nested_evaluation_window
s11-d15e537cb76b5836,reactive-no-digital-twin,baseline,4,HSI,0.8,task_within_nested_evaluation_window
s11-d15e537cb76b5836,reactive-no-digital-twin,baseline,4,HSI,0.9,task_within_nested_evaluation_window
s11-d15e537cb76b5836,reactive-no-digital-twin,baseline,4,HSI,0.0,task_within_nested_evaluation_window
s11-d15e537cb76b5836,reactive-no-digital-twin,baseline,4,HSI,0.1,task_within_nested_evaluation_window
s11-d15e537cb76b5836,reactive-no-digital-twin,baseline,4,HSI,0.2,task_within_nested_evaluation_window
s11-d15e537cb76b5836,reactive-no-digital-twin,baseline,4,HSI,0.3,task_within_nested_evaluation_window
s11-d15e537cb76b5836,reactive-no-digital-twin,baseline,4,HSI,0.4,task_within_nested_evaluation_window
s11-d15e537cb76b5836,reactive-no-digital-twin,baseline,4,HSI,0.5,task_within_nested_evaluation_window
s11-d15e537cb76b5836,reactive-no-digital-twin,baseline,4,HSI,0.6,task_within_nested_evaluation_window
s11-d15e537cb76b5836,reactive-no-digital-twin,baseline,4,HSI,0.7,task_within_nested_evaluation_window
s11-d15e537cb76b5836,reactive-no-digital-twin,baseline,4,HSI,0.8,task_within_nested_evaluation_window
s11-d15e537cb76b5836,reactive-no-digital-twin,baseline,4,HSI,0.9,task_within_nested_evaluation_window
s11-d15e537cb76b5836,reactive-no-digital-twin,baseline,4,HSI,0.0,task_within_nested_evaluation_window
s11-d15e537cb76b5836,reactive-no-digital-twin,baseline,4,HSI,0.1,task_within_nested_evaluation_window
s11-d15e537cb76b5836,reactive-no-digital-twin,baseline,4,HSI,0.2,task_within_nested_evaluation_window
s11-d15e537cb76b5836,reactive-no-digital-twin,baseline,4,HSI,0.3,task_within_nested_evaluation_window
s11-d15e537cb76b5836,reactive-no-digital-twin,baseline,4,HSI,0.4,task_within_nested_evaluation_window
s11-d15e537cb76b5836,reactive-no-digital-twin,baseline,4,HSI,0.5,task_within_nested_evaluation_window
s11-d15e537cb76b5836,reactive-no-digital-twin,baseline,4,HSI,0.6,task_within_nested_evaluation_window
s11-d15e537cb76b5836,reactive-no-digital-twin,baseline,4,HSI,0.7,task_within_nested_evaluation_window
s11-d15e537cb76b5836,reactive-no-digital-twin,baseline,4,HSI,0.8,task_within_nested_evaluation_window
s11-d15e537cb76b5836,reactive-no-digital-twin,baseline,4,HSI,0.9,task_within_nested_evaluation_window
s11-d15e537cb76b5836,reactive-no-digital-twin,baseline,4,HSI,0.0,task_within_nested_evaluation_window
s11-d15e537cb76b5836,reactive-no-digital-twin,baseline,4,HSI,0.1,task_within_nested_evaluation_window
s11-d15e537cb76b5836,reactive-no-digital-twin,baseline,4,HSI,0.2,task_within_nested_evaluation_window
s11-d15e537cb76b5836,reactive-no-digital-twin,baseline,4,HSI,0.3,task_within_nested_evaluation_window
s11-d15e537cb76b5836,reactive-no-digital-twin,baseline,4,HSI,0.4,task_within_nested_evaluation_window
s11-d15e537cb76b5836,reactive-no-digital-twin,baseline,4,HSI,0.5,task_within_nested_evaluation_window
s11-d15e537cb76b5836,reactive-no-digital-twin,baseline,4,HSI,0.6,task_within_nested_evaluation_window
s11-d15e537cb76b5836,reactive-no-digital-twin,baseline,4,HSI,0.7,task_within_nested_evaluation_window
s11-d15e537cb76b5836,reactive-no-digital-twin,baseline,4,HSI,0.8,task_within_nested_evaluation_window
s11-d15e537cb76b5836,reactive-no-digital-twin,baseline,4,HSI,0.9,task_within_nested_evaluation_window
s11-d15e537cb76b5836,reactive-no-digital-twin,baseline,4,avg_task_latency_s,344.57142857142856,nested_evaluation_window
s11-d15e537cb76b5836,reactive-no-digital-twin,baseline,4,physical_energy_j,968534.2407073972,nested_evaluation_window
s11-d15e537cb76b5836,reactive-no-digital-twin,baseline,4,episode_reward,46.45516989636235,nested_evaluation_window
s11-d15e537cb76b5836,reactive-no-digital-twin,baseline,4,HSI,0.0,task_within_nested_evaluation_window
s11-d15e537cb76b5836,reactive-no-digital-twin,baseline,4,HSI,0.1,task_within_nested_evaluation_window
s11-d15e537cb76b5836,reactive-no-digital-twin,baseline,4,HSI,0.2,task_within_nested_evaluation_window
s11-d15e537cb76b5836,reactive-no-digital-twin,baseline,4,HSI,0.3,task_within_nested_evaluation_window
s11-d15e537cb76b5836,reactive-no-digital-twin,baseline,4,HSI,0.4,task_within_nested_evaluation_window
s11-d15e537cb76b5836,reactive-no-digital-twin,baseline,4,HSI,0.5,task_within_nested_evaluation_window
s11-d15e537cb76b5836,reactive-no-digital-twin,baseline,4,HSI,0.6,task_within_nested_evaluation_window
s11-d15e537cb76b5836,reactive-no-digital-twin,baseline,4,HSI,0.7,task_within_nested_evaluation_window
s11-d15e537cb76b5836,reactive-no-digital-twin,baseline,4,HSI,0.8,task_within_nested_evaluation_window
s11-d15e537cb76b5836,reactive-no-digital-twin,baseline,4,HSI,0.9,task_within_nested_evaluation_window
s11-d15e537cb76b5836,reactive-no-digital-twin,baseline,4,HSI,0.0,task_within_nested_evaluation_window
s11-d15e537cb76b5836,reactive-no-digital-twin,baseline,4,HSI,0.1,task_within_nested_evaluation_window
s11-d15e537cb76b5836,reactive-no-digital-twin,baseline,4,HSI,0.2,task_within_nested_evaluation_window
s11-d15e537cb76b5836,reactive-no-digital-twin,baseline,4,HSI,0.3,task_within_nested_evaluation_window
s11-d15e537cb76b5836,reactive-no-digital-twin,baseline,4,HSI,0.4,task_within_nested_evaluation_window
s11-d15e537cb76b5836,reactive-no-digital-twin,baseline,4,HSI,0.5,task_within_nested_evaluation_window
s11-d15e537cb76b5836,reactive-no-digital-twin,baseline,4,HSI,0.6,task_within_nested_evaluation_window
s11-d15e537cb76b5836,reactive-no-digital-twin,baseline,4,HSI,0.7,task_within_nested_evaluation_window
s11-d15e537cb76b5836,reactive-no-digital-twin,baseline,4,HSI,0.8,task_within_nested_evaluation_window
s11-d15e537cb76b5836,reactive-no-digital-twin,baseline,4,HSI,0.9,task_within_nested_evaluation_window
s11-d15e537cb76b5836,reactive-no-digital-twin,baseline,4,HSI,0.0,task_within_nested_evaluation_window
s11-d15e537cb76b5836,reactive-no-digital-twin,baseline,4,HSI,0.1,task_within_nested_evaluation_window
s11-d15e537cb76b5836,reactive-no-digital-twin,baseline,4,HSI,0.2,task_within_nested_evaluation_window
s11-d15e537cb76b5836,reactive-no-digital-twin,baseline,4,HSI,0.3,task_within_nested_evaluation_window
s11-d15e537cb76b5836,reactive-no-digital-twin,baseline,4,HSI,0.4,task_within_nested_evaluation_window
s11-d15e537cb76b5836,reactive-no-digital-twin,baseline,4,HSI,0.5,task_within_nested_evaluation_window
s11-d15e537cb76b5836,reactive-no-digital-twin,baseline,4,HSI,0.6,task_within_nested_evaluation_window
s11-d15e537cb76b5836,reactive-no-digital-twin,baseline,4,HSI,0.7,task_within_nested_evaluation_window
s11-d15e537cb76b5836,reactive-no-digital-twin,baseline,4,HSI,0.8,task_within_nested_evaluation_window
s11-d15e537cb76b5836,reactive-no-digital-twin,baseline,4,HSI,0.9,task_within_nested_evaluation_window
s11-d15e537cb76b5836,reactive-no-digital-twin,baseline,4,HSI,0.0,task_within_nested_evaluation_window
s11-d15e537cb76b5836,reactive-no-digital-twin,baseline,4,HSI,0.1,task_within_nested_evaluation_window
s11-d15e537cb76b5836,reactive-no-digital-twin,baseline,4,HSI,0.2,task_within_nested_evaluation_window
s11-d15e537cb76b5836,reactive-no-digital-twin,baseline,4,HSI,0.3,task_within_nested_evaluation_window
s11-d15e537cb76b5836,reactive-no-digital-twin,baseline,4,HSI,0.4,task_within_nested_evaluation_window
s11-d15e537cb76b5836,reactive-no-digital-twin,baseline,4,HSI,0.5,task_within_nested_evaluation_window
s11-d15e537cb76b5836,reactive-no-digital-twin,baseline,4,HSI,0.6,task_within_nested_evaluation_window
s11-d15e537cb76b5836,reactive-no-digital-twin,baseline,4,HSI,0.7,task_within_nested_evaluation_window
s11-d15e537cb76b5836,reactive-no-digital-twin,baseline,4,HSI,0.8,task_within_nested_evaluation_window
s11-d15e537cb76b5836,reactive-no-digital-twin,baseline,4,HSI,0.9,task_within_nested_evaluation_window
s11-d15e537cb76b5836,reactive-no-digital-twin,baseline,4,avg_task_latency_s,338.06666666666666,nested_evaluation_window
s11-d15e537cb76b5836,reactive-no-digital-twin,baseline,4,physical_energy_j,977615.0740127561,nested_evaluation_window
s11-d15e537cb76b5836,reactive-no-digital-twin,baseline,4,episode_reward,58.26795354497153,nested_evaluation_window
s11-d15e537cb76b5836,reactive-no-digital-twin,baseline,4,HSI,0.0,task_within_nested_evaluation_window
s11-d15e537cb76b5836,reactive-no-digital-twin,baseline,4,HSI,0.1,task_within_nested_evaluation_window
s11-d15e537cb76b5836,reactive-no-digital-twin,baseline,4,HSI,0.2,task_within_nested_evaluation_window
s11-d15e537cb76b5836,reactive-no-digital-twin,baseline,4,HSI,0.3,task_within_nested_evaluation_window
s11-d15e537cb76b5836,reactive-no-digital-twin,baseline,4,HSI,0.4,task_within_nested_evaluation_window
s11-d15e537cb76b5836,reactive-no-digital-twin,baseline,4,HSI,0.5,task_within_nested_evaluation_window
s11-d15e537cb76b5836,reactive-no-digital-twin,baseline,4,HSI,0.6,task_within_nested_evaluation_window
s11-d15e537cb76b5836,reactive-no-digital-twin,baseline,4,HSI,0.7,task_within_nested_evaluation_window
s11-d15e537cb76b5836,reactive-no-digital-twin,baseline,4,HSI,0.8,task_within_nested_evaluation_window
s11-d15e537cb76b5836,reactive-no-digital-twin,baseline,4,HSI,0.9,task_within_nested_evaluation_window
s11-d15e537cb76b5836,reactive-no-digital-twin,baseline,4,HSI,0.0,task_within_nested_evaluation_window
s11-d15e537cb76b5836,reactive-no-digital-twin,baseline,4,HSI,0.1,task_within_nested_evaluation_window
s11-d15e537cb76b5836,reactive-no-digital-twin,baseline,4,HSI,0.2,task_within_nested_evaluation_window
s11-d15e537cb76b5836,reactive-no-digital-twin,baseline,4,HSI,0.3,task_within_nested_evaluation_window
s11-d15e537cb76b5836,reactive-no-digital-twin,baseline,4,HSI,0.4,task_within_nested_evaluation_window
s11-d15e537cb76b5836,reactive-no-digital-twin,baseline,4,HSI,0.5,task_within_nested_evaluation_window
s11-d15e537cb76b5836,reactive-no-digital-twin,baseline,4,HSI,0.6,task_within_nested_evaluation_window
s11-d15e537cb76b5836,reactive-no-digital-twin,baseline,4,HSI,0.7,task_within_nested_evaluation_window
s11-d15e537cb76b5836,reactive-no-digital-twin,baseline,4,HSI,0.8,task_within_nested_evaluation_window
s11-d15e537cb76b5836,reactive-no-digital-twin,baseline,4,HSI,0.9,task_within_nested_evaluation_window
s11-d15e537cb76b5836,reactive-no-digital-twin,baseline,4,HSI,0.0,task_within_nested_evaluation_window
s11-d15e537cb76b5836,reactive-no-digital-twin,baseline,4,HSI,0.1,task_within_nested_evaluation_window
s11-d15e537cb76b5836,reactive-no-digital-twin,baseline,4,HSI,0.2,task_within_nested_evaluation_window
s11-d15e537cb76b5836,reactive-no-digital-twin,baseline,4,HSI,0.3,task_within_nested_evaluation_window
s11-d15e537cb76b5836,reactive-no-digital-twin,baseline,4,HSI,0.4,task_within_nested_evaluation_window
s11-d15e537cb76b5836,reactive-no-digital-twin,baseline,4,HSI,0.5,task_within_nested_evaluation_window
s11-d15e537cb76b5836,reactive-no-digital-twin,baseline,4,HSI,0.6,task_within_nested_evaluation_window
s11-d15e537cb76b5836,reactive-no-digital-twin,baseline,4,HSI,0.7,task_within_nested_evaluation_window
s11-d15e537cb76b5836,reactive-no-digital-twin,baseline,4,HSI,0.8,task_within_nested_evaluation_window
s11-d15e537cb76b5836,reactive-no-digital-twin,baseline,4,HSI,0.9,task_within_nested_evaluation_window
s11-d15e537cb76b5836,reactive-no-digital-twin,baseline,4,HSI,0.0,task_within_nested_evaluation_window
s11-d15e537cb76b5836,reactive-no-digital-twin,baseline,4,HSI,0.1,task_within_nested_evaluation_window
s11-d15e537cb76b5836,reactive-no-digital-twin,baseline,4,HSI,0.2,task_within_nested_evaluation_window
s11-d15e537cb76b5836,reactive-no-digital-twin,baseline,4,HSI,0.3,task_within_nested_evaluation_window
s11-d15e537cb76b5836,reactive-no-digital-twin,baseline,4,HSI,0.4,task_within_nested_evaluation_window
s11-d15e537cb76b5836,reactive-no-digital-twin,baseline,4,HSI,0.5,task_within_nested_evaluation_window
s11-d15e537cb76b5836,reactive-no-digital-twin,baseline,4,HSI,0.6,task_within_nested_evaluation_window
s11-d15e537cb76b5836,reactive-no-digital-twin,baseline,4,HSI,0.7,task_within_nested_evaluation_window
s11-d15e537cb76b5836,reactive-no-digital-twin,baseline,4,HSI,0.8,task_within_nested_evaluation_window
s11-d15e537cb76b5836,reactive-no-digital-twin,baseline,4,HSI,0.9,task_within_nested_evaluation_window
s11-d15e537cb76b5836,reactive-no-digital-twin,baseline,4,avg_task_latency_s,321.46666666666664,nested_evaluation_window
s11-d15e537cb76b5836,reactive-no-digital-twin,baseline,4,physical_energy_j,971301.9388885496,nested_evaluation_window
s11-d15e537cb76b5836,reactive-no-digital-twin,baseline,4,episode_reward,57.36608938104473,nested_evaluation_window
s11-d15e537cb76b5836,reactive-no-digital-twin,baseline,4,HSI,0.0,task_within_nested_evaluation_window
s11-d15e537cb76b5836,reactive-no-digital-twin,baseline,4,HSI,0.1,task_within_nested_evaluation_window
s11-d15e537cb76b5836,reactive-no-digital-twin,baseline,4,HSI,0.2,task_within_nested_evaluation_window
s11-d15e537cb76b5836,reactive-no-digital-twin,baseline,4,HSI,0.3,task_within_nested_evaluation_window
s11-d15e537cb76b5836,reactive-no-digital-twin,baseline,4,HSI,0.4,task_within_nested_evaluation_window
s11-d15e537cb76b5836,reactive-no-digital-twin,baseline,4,HSI,0.5,task_within_nested_evaluation_window
s11-d15e537cb76b5836,reactive-no-digital-twin,baseline,4,HSI,0.6,task_within_nested_evaluation_window
s11-d15e537cb76b5836,reactive-no-digital-twin,baseline,4,HSI,0.7,task_within_nested_evaluation_window
s11-d15e537cb76b5836,reactive-no-digital-twin,baseline,4,HSI,0.8,task_within_nested_evaluation_window
s11-d15e537cb76b5836,reactive-no-digital-twin,baseline,4,HSI,0.9,task_within_nested_evaluation_window
s11-d15e537cb76b5836,reactive-no-digital-twin,baseline,4,HSI,0.0,task_within_nested_evaluation_window
s11-d15e537cb76b5836,reactive-no-digital-twin,baseline,4,HSI,0.1,task_within_nested_evaluation_window
s11-d15e537cb76b5836,reactive-no-digital-twin,baseline,4,HSI,0.2,task_within_nested_evaluation_window
s11-d15e537cb76b5836,reactive-no-digital-twin,baseline,4,HSI,0.3,task_within_nested_evaluation_window
s11-d15e537cb76b5836,reactive-no-digital-twin,baseline,4,HSI,0.4,task_within_nested_evaluation_window
s11-d15e537cb76b5836,reactive-no-digital-twin,baseline,4,HSI,0.5,task_within_nested_evaluation_window
s11-d15e537cb76b5836,reactive-no-digital-twin,baseline,4,HSI,0.6,task_within_nested_evaluation_window
s11-d15e537cb76b5836,reactive-no-digital-twin,baseline,4,HSI,0.7,task_within_nested_evaluation_window
s11-d15e537cb76b5836,reactive-no-digital-twin,baseline,4,HSI,0.8,task_within_nested_evaluation_window
s11-d15e537cb76b5836,reactive-no-digital-twin,baseline,4,HSI,0.9,task_within_nested_evaluation_window
s11-d15e537cb76b5836,reactive-no-digital-twin,baseline,4,HSI,0.0,task_within_nested_evaluation_window
s11-d15e537cb76b5836,reactive-no-digital-twin,baseline,4,HSI,0.1,task_within_nested_evaluation_window
s11-d15e537cb76b5836,reactive-no-digital-twin,baseline,4,HSI,0.2,task_within_nested_evaluation_window
s11-d15e537cb76b5836,reactive-no-digital-twin,baseline,4,HSI,0.3,task_within_nested_evaluation_window
s11-d15e537cb76b5836,reactive-no-digital-twin,baseline,4,HSI,0.4,task_within_nested_evaluation_window
s11-d15e537cb76b5836,reactive-no-digital-twin,baseline,4,HSI,0.5,task_within_nested_evaluation_window
s11-d15e537cb76b5836,reactive-no-digital-twin,baseline,4,HSI,0.6,task_within_nested_evaluation_window
s11-d15e537cb76b5836,reactive-no-digital-twin,baseline,4,HSI,0.7,task_within_nested_evaluation_window
s11-d15e537cb76b5836,reactive-no-digital-twin,baseline,4,HSI,0.8,task_within_nested_evaluation_window
s11-d15e537cb76b5836,reactive-no-digital-twin,baseline,4,HSI,0.9,task_within_nested_evaluation_window
s11-d15e537cb76b5836,reactive-no-digital-twin,baseline,4,HSI,0.0,task_within_nested_evaluation_window
s11-d15e537cb76b5836,reactive-no-digital-twin,baseline,4,HSI,0.1,task_within_nested_evaluation_window
s11-d15e537cb76b5836,reactive-no-digital-twin,baseline,4,HSI,0.2,task_within_nested_evaluation_window
s11-d15e537cb76b5836,reactive-no-digital-twin,baseline,4,HSI,0.3,task_within_nested_evaluation_window
s11-d15e537cb76b5836,reactive-no-digital-twin,baseline,4,HSI,0.4,task_within_nested_evaluation_window
s11-d15e537cb76b5836,reactive-no-digital-twin,baseline,4,HSI,0.5,task_within_nested_evaluation_window
s11-d15e537cb76b5836,reactive-no-digital-twin,baseline,4,HSI,0.6,task_within_nested_evaluation_window
s11-d15e537cb76b5836,reactive-no-digital-twin,baseline,4,HSI,0.7,task_within_nested_evaluation_window
s11-d15e537cb76b5836,reactive-no-digital-twin,baseline,4,HSI,0.8,task_within_nested_evaluation_window
s11-d15e537cb76b5836,reactive-no-digital-twin,baseline,4,HSI,0.9,task_within_nested_evaluation_window
s11-d15e537cb76b5836,reactive-no-digital-twin,baseline,5,avg_task_latency_s,356.6896551724138,nested_evaluation_window
s11-d15e537cb76b5836,reactive-no-digital-twin,baseline,5,physical_energy_j,979661.3542480469,nested_evaluation_window
s11-d15e537cb76b5836,reactive-no-digital-twin,baseline,5,episode_reward,50.79193490697071,nested_evaluation_window
s11-d15e537cb76b5836,reactive-no-digital-twin,baseline,5,HSI,0.0,task_within_nested_evaluation_window
s11-d15e537cb76b5836,reactive-no-digital-twin,baseline,5,HSI,0.1,task_within_nested_evaluation_window
s11-d15e537cb76b5836,reactive-no-digital-twin,baseline,5,HSI,0.2,task_within_nested_evaluation_window
s11-d15e537cb76b5836,reactive-no-digital-twin,baseline,5,HSI,0.3,task_within_nested_evaluation_window
s11-d15e537cb76b5836,reactive-no-digital-twin,baseline,5,HSI,0.4,task_within_nested_evaluation_window
s11-d15e537cb76b5836,reactive-no-digital-twin,baseline,5,HSI,0.5,task_within_nested_evaluation_window
s11-d15e537cb76b5836,reactive-no-digital-twin,baseline,5,HSI,0.6,task_within_nested_evaluation_window
s11-d15e537cb76b5836,reactive-no-digital-twin,baseline,5,HSI,0.7,task_within_nested_evaluation_window
s11-d15e537cb76b5836,reactive-no-digital-twin,baseline,5,HSI,0.8,task_within_nested_evaluation_window
s11-d15e537cb76b5836,reactive-no-digital-twin,baseline,5,HSI,0.9,task_within_nested_evaluation_window
s11-d15e537cb76b5836,reactive-no-digital-twin,baseline,5,HSI,0.0,task_within_nested_evaluation_window
s11-d15e537cb76b5836,reactive-no-digital-twin,baseline,5,HSI,0.1,task_within_nested_evaluation_window
s11-d15e537cb76b5836,reactive-no-digital-twin,baseline,5,HSI,0.2,task_within_nested_evaluation_window
s11-d15e537cb76b5836,reactive-no-digital-twin,baseline,5,HSI,0.3,task_within_nested_evaluation_window
s11-d15e537cb76b5836,reactive-no-digital-twin,baseline,5,HSI,0.4,task_within_nested_evaluation_window
s11-d15e537cb76b5836,reactive-no-digital-twin,baseline,5,HSI,0.5,task_within_nested_evaluation_window
s11-d15e537cb76b5836,reactive-no-digital-twin,baseline,5,HSI,0.6,task_within_nested_evaluation_window
s11-d15e537cb76b5836,reactive-no-digital-twin,baseline,5,HSI,0.7,task_within_nested_evaluation_window
s11-d15e537cb76b5836,reactive-no-digital-twin,baseline,5,HSI,0.8,task_within_nested_evaluation_window
s11-d15e537cb76b5836,reactive-no-digital-twin,baseline,5,HSI,0.9,task_within_nested_evaluation_window
s11-d15e537cb76b5836,reactive-no-digital-twin,baseline,5,HSI,0.0,task_within_nested_evaluation_window
s11-d15e537cb76b5836,reactive-no-digital-twin,baseline,5,HSI,0.1,task_within_nested_evaluation_window
s11-d15e537cb76b5836,reactive-no-digital-twin,baseline,5,HSI,0.2,task_within_nested_evaluation_window
s11-d15e537cb76b5836,reactive-no-digital-twin,baseline,5,HSI,0.3,task_within_nested_evaluation_window
s11-d15e537cb76b5836,reactive-no-digital-twin,baseline,5,HSI,0.4,task_within_nested_evaluation_window
s11-d15e537cb76b5836,reactive-no-digital-twin,baseline,5,HSI,0.5,task_within_nested_evaluation_window
s11-d15e537cb76b5836,reactive-no-digital-twin,baseline,5,HSI,0.6,task_within_nested_evaluation_window
s11-d15e537cb76b5836,reactive-no-digital-twin,baseline,5,HSI,0.7,task_within_nested_evaluation_window
s11-d15e537cb76b5836,reactive-no-digital-twin,baseline,5,HSI,0.8,task_within_nested_evaluation_window
s11-d15e537cb76b5836,reactive-no-digital-twin,baseline,5,HSI,0.9,task_within_nested_evaluation_window
s11-d15e537cb76b5836,reactive-no-digital-twin,baseline,5,HSI,0.0,task_within_nested_evaluation_window
s11-d15e537cb76b5836,reactive-no-digital-twin,baseline,5,HSI,0.1,task_within_nested_evaluation_window
s11-d15e537cb76b5836,reactive-no-digital-twin,baseline,5,HSI,0.2,task_within_nested_evaluation_window
s11-d15e537cb76b5836,reactive-no-digital-twin,baseline,5,HSI,0.3,task_within_nested_evaluation_window
s11-d15e537cb76b5836,reactive-no-digital-twin,baseline,5,HSI,0.4,task_within_nested_evaluation_window
s11-d15e537cb76b5836,reactive-no-digital-twin,baseline,5,HSI,0.5,task_within_nested_evaluation_window
s11-d15e537cb76b5836,reactive-no-digital-twin,baseline,5,HSI,0.6,task_within_nested_evaluation_window
s11-d15e537cb76b5836,reactive-no-digital-twin,baseline,5,HSI,0.7,task_within_nested_evaluation_window
s11-d15e537cb76b5836,reactive-no-digital-twin,baseline,5,HSI,0.8,task_within_nested_evaluation_window
s11-d15e537cb76b5836,reactive-no-digital-twin,baseline,5,HSI,0.9,task_within_nested_evaluation_window
s11-d15e537cb76b5836,reactive-no-digital-twin,baseline,5,avg_task_latency_s,331.7931034482759,nested_evaluation_window
s11-d15e537cb76b5836,reactive-no-digital-twin,baseline,5,physical_energy_j,976983.5026931763,nested_evaluation_window
s11-d15e537cb76b5836,reactive-no-digital-twin,baseline,5,episode_reward,40.030613258248195,nested_evaluation_window
s11-d15e537cb76b5836,reactive-no-digital-twin,baseline,5,HSI,0.0,task_within_nested_evaluation_window
s11-d15e537cb76b5836,reactive-no-digital-twin,baseline,5,HSI,0.1,task_within_nested_evaluation_window
s11-d15e537cb76b5836,reactive-no-digital-twin,baseline,5,HSI,0.2,task_within_nested_evaluation_window
s11-d15e537cb76b5836,reactive-no-digital-twin,baseline,5,HSI,0.3,task_within_nested_evaluation_window
s11-d15e537cb76b5836,reactive-no-digital-twin,baseline,5,HSI,0.4,task_within_nested_evaluation_window
s11-d15e537cb76b5836,reactive-no-digital-twin,baseline,5,HSI,0.5,task_within_nested_evaluation_window
s11-d15e537cb76b5836,reactive-no-digital-twin,baseline,5,HSI,0.6,task_within_nested_evaluation_window
s11-d15e537cb76b5836,reactive-no-digital-twin,baseline,5,HSI,0.7,task_within_nested_evaluation_window
s11-d15e537cb76b5836,reactive-no-digital-twin,baseline,5,HSI,0.8,task_within_nested_evaluation_window
s11-d15e537cb76b5836,reactive-no-digital-twin,baseline,5,HSI,0.9,task_within_nested_evaluation_window
s11-d15e537cb76b5836,reactive-no-digital-twin,baseline,5,HSI,0.0,task_within_nested_evaluation_window
s11-d15e537cb76b5836,reactive-no-digital-twin,baseline,5,HSI,0.1,task_within_nested_evaluation_window
s11-d15e537cb76b5836,reactive-no-digital-twin,baseline,5,HSI,0.2,task_within_nested_evaluation_window
s11-d15e537cb76b5836,reactive-no-digital-twin,baseline,5,HSI,0.3,task_within_nested_evaluation_window
s11-d15e537cb76b5836,reactive-no-digital-twin,baseline,5,HSI,0.4,task_within_nested_evaluation_window
s11-d15e537cb76b5836,reactive-no-digital-twin,baseline,5,HSI,0.5,task_within_nested_evaluation_window
s11-d15e537cb76b5836,reactive-no-digital-twin,baseline,5,HSI,0.6,task_within_nested_evaluation_window
s11-d15e537cb76b5836,reactive-no-digital-twin,baseline,5,HSI,0.7,task_within_nested_evaluation_window
s11-d15e537cb76b5836,reactive-no-digital-twin,baseline,5,HSI,0.8,task_within_nested_evaluation_window
s11-d15e537cb76b5836,reactive-no-digital-twin,baseline,5,HSI,0.9,task_within_nested_evaluation_window
s11-d15e537cb76b5836,reactive-no-digital-twin,baseline,5,HSI,0.0,task_within_nested_evaluation_window
s11-d15e537cb76b5836,reactive-no-digital-twin,baseline,5,HSI,0.1,task_within_nested_evaluation_window
s11-d15e537cb76b5836,reactive-no-digital-twin,baseline,5,HSI,0.2,task_within_nested_evaluation_window
s11-d15e537cb76b5836,reactive-no-digital-twin,baseline,5,HSI,0.3,task_within_nested_evaluation_window
s11-d15e537cb76b5836,reactive-no-digital-twin,baseline,5,HSI,0.4,task_within_nested_evaluation_window
s11-d15e537cb76b5836,reactive-no-digital-twin,baseline,5,HSI,0.5,task_within_nested_evaluation_window
s11-d15e537cb76b5836,reactive-no-digital-twin,baseline,5,HSI,0.6,task_within_nested_evaluation_window
s11-d15e537cb76b5836,reactive-no-digital-twin,baseline,5,HSI,0.7,task_within_nested_evaluation_window
s11-d15e537cb76b5836,reactive-no-digital-twin,baseline,5,HSI,0.8,task_within_nested_evaluation_window
s11-d15e537cb76b5836,reactive-no-digital-twin,baseline,5,HSI,0.9,task_within_nested_evaluation_window
s11-d15e537cb76b5836,reactive-no-digital-twin,baseline,5,HSI,0.0,task_within_nested_evaluation_window
s11-d15e537cb76b5836,reactive-no-digital-twin,baseline,5,HSI,0.1,task_within_nested_evaluation_window
s11-d15e537cb76b5836,reactive-no-digital-twin,baseline,5,HSI,0.2,task_within_nested_evaluation_window
s11-d15e537cb76b5836,reactive-no-digital-twin,baseline,5,HSI,0.3,task_within_nested_evaluation_window
s11-d15e537cb76b5836,reactive-no-digital-twin,baseline,5,HSI,0.4,task_within_nested_evaluation_window
s11-d15e537cb76b5836,reactive-no-digital-twin,baseline,5,HSI,0.5,task_within_nested_evaluation_window
s11-d15e537cb76b5836,reactive-no-digital-twin,baseline,5,HSI,0.6,task_within_nested_evaluation_window
s11-d15e537cb76b5836,reactive-no-digital-twin,baseline,5,HSI,0.7,task_within_nested_evaluation_window
s11-d15e537cb76b5836,reactive-no-digital-twin,baseline,5,HSI,0.8,task_within_nested_evaluation_window
s11-d15e537cb76b5836,reactive-no-digital-twin,baseline,5,HSI,0.9,task_within_nested_evaluation_window
s11-d15e537cb76b5836,reactive-no-digital-twin,baseline,5,avg_task_latency_s,336.0740740740741,nested_evaluation_window
s11-d15e537cb76b5836,reactive-no-digital-twin,baseline,5,physical_energy_j,979714.1897354124,nested_evaluation_window
s11-d15e537cb76b5836,reactive-no-digital-twin,baseline,5,episode_reward,26.544945465866476,nested_evaluation_window
s11-d15e537cb76b5836,reactive-no-digital-twin,baseline,5,HSI,0.0,task_within_nested_evaluation_window
s11-d15e537cb76b5836,reactive-no-digital-twin,baseline,5,HSI,0.1,task_within_nested_evaluation_window
s11-d15e537cb76b5836,reactive-no-digital-twin,baseline,5,HSI,0.2,task_within_nested_evaluation_window
s11-d15e537cb76b5836,reactive-no-digital-twin,baseline,5,HSI,0.3,task_within_nested_evaluation_window
s11-d15e537cb76b5836,reactive-no-digital-twin,baseline,5,HSI,0.4,task_within_nested_evaluation_window
s11-d15e537cb76b5836,reactive-no-digital-twin,baseline,5,HSI,0.5,task_within_nested_evaluation_window
s11-d15e537cb76b5836,reactive-no-digital-twin,baseline,5,HSI,0.6,task_within_nested_evaluation_window
s11-d15e537cb76b5836,reactive-no-digital-twin,baseline,5,HSI,0.7,task_within_nested_evaluation_window
s11-d15e537cb76b5836,reactive-no-digital-twin,baseline,5,HSI,0.8,task_within_nested_evaluation_window
s11-d15e537cb76b5836,reactive-no-digital-twin,baseline,5,HSI,0.9,task_within_nested_evaluation_window
s11-d15e537cb76b5836,reactive-no-digital-twin,baseline,5,HSI,0.0,task_within_nested_evaluation_window
s11-d15e537cb76b5836,reactive-no-digital-twin,baseline,5,HSI,0.1,task_within_nested_evaluation_window
s11-d15e537cb76b5836,reactive-no-digital-twin,baseline,5,HSI,0.2,task_within_nested_evaluation_window
s11-d15e537cb76b5836,reactive-no-digital-twin,baseline,5,HSI,0.3,task_within_nested_evaluation_window
s11-d15e537cb76b5836,reactive-no-digital-twin,baseline,5,HSI,0.4,task_within_nested_evaluation_window
s11-d15e537cb76b5836,reactive-no-digital-twin,baseline,5,HSI,0.5,task_within_nested_evaluation_window
s11-d15e537cb76b5836,reactive-no-digital-twin,baseline,5,HSI,0.6,task_within_nested_evaluation_window
s11-d15e537cb76b5836,reactive-no-digital-twin,baseline,5,HSI,0.7,task_within_nested_evaluation_window
s11-d15e537cb76b5836,reactive-no-digital-twin,baseline,5,HSI,0.8,task_within_nested_evaluation_window
s11-d15e537cb76b5836,reactive-no-digital-twin,baseline,5,HSI,0.9,task_within_nested_evaluation_window
s11-d15e537cb76b5836,reactive-no-digital-twin,baseline,5,HSI,0.0,task_within_nested_evaluation_window
s11-d15e537cb76b5836,reactive-no-digital-twin,baseline,5,HSI,0.1,task_within_nested_evaluation_window
s11-d15e537cb76b5836,reactive-no-digital-twin,baseline,5,HSI,0.2,task_within_nested_evaluation_window
s11-d15e537cb76b5836,reactive-no-digital-twin,baseline,5,HSI,0.3,task_within_nested_evaluation_window
s11-d15e537cb76b5836,reactive-no-digital-twin,baseline,5,HSI,0.4,task_within_nested_evaluation_window
s11-d15e537cb76b5836,reactive-no-digital-twin,baseline,5,HSI,0.5,task_within_nested_evaluation_window
s11-d15e537cb76b5836,reactive-no-digital-twin,baseline,5,HSI,0.6,task_within_nested_evaluation_window
s11-d15e537cb76b5836,reactive-no-digital-twin,baseline,5,HSI,0.7,task_within_nested_evaluation_window
s11-d15e537cb76b5836,reactive-no-digital-twin,baseline,5,HSI,0.8,task_within_nested_evaluation_window
s11-d15e537cb76b5836,reactive-no-digital-twin,baseline,5,HSI,0.9,task_within_nested_evaluation_window
s11-d15e537cb76b5836,reactive-no-digital-twin,baseline,5,HSI,0.0,task_within_nested_evaluation_window
s11-d15e537cb76b5836,reactive-no-digital-twin,baseline,5,HSI,0.1,task_within_nested_evaluation_window
s11-d15e537cb76b5836,reactive-no-digital-twin,baseline,5,HSI,0.2,task_within_nested_evaluation_window
s11-d15e537cb76b5836,reactive-no-digital-twin,baseline,5,HSI,0.3,task_within_nested_evaluation_window
s11-d15e537cb76b5836,reactive-no-digital-twin,baseline,5,HSI,0.4,task_within_nested_evaluation_window
s11-d15e537cb76b5836,reactive-no-digital-twin,baseline,5,HSI,0.5,task_within_nested_evaluation_window
s11-d15e537cb76b5836,reactive-no-digital-twin,baseline,5,HSI,0.6,task_within_nested_evaluation_window
s11-d15e537cb76b5836,reactive-no-digital-twin,baseline,5,HSI,0.7,task_within_nested_evaluation_window
s11-d15e537cb76b5836,reactive-no-digital-twin,baseline,5,HSI,0.8,task_within_nested_evaluation_window
s11-d15e537cb76b5836,reactive-no-digital-twin,baseline,5,HSI,0.9,task_within_nested_evaluation_window
s11-d15e537cb76b5836,reactive-no-digital-twin,baseline,5,avg_task_latency_s,315.7142857142857,nested_evaluation_window
s11-d15e537cb76b5836,reactive-no-digital-twin,baseline,5,physical_energy_j,977012.5643539426,nested_evaluation_window
s11-d15e537cb76b5836,reactive-no-digital-twin,baseline,5,episode_reward,39.15992442541756,nested_evaluation_window
s11-d15e537cb76b5836,reactive-no-digital-twin,baseline,5,HSI,0.0,task_within_nested_evaluation_window
s11-d15e537cb76b5836,reactive-no-digital-twin,baseline,5,HSI,0.1,task_within_nested_evaluation_window
s11-d15e537cb76b5836,reactive-no-digital-twin,baseline,5,HSI,0.2,task_within_nested_evaluation_window
s11-d15e537cb76b5836,reactive-no-digital-twin,baseline,5,HSI,0.3,task_within_nested_evaluation_window
s11-d15e537cb76b5836,reactive-no-digital-twin,baseline,5,HSI,0.4,task_within_nested_evaluation_window
s11-d15e537cb76b5836,reactive-no-digital-twin,baseline,5,HSI,0.5,task_within_nested_evaluation_window
s11-d15e537cb76b5836,reactive-no-digital-twin,baseline,5,HSI,0.6,task_within_nested_evaluation_window
s11-d15e537cb76b5836,reactive-no-digital-twin,baseline,5,HSI,0.7,task_within_nested_evaluation_window
s11-d15e537cb76b5836,reactive-no-digital-twin,baseline,5,HSI,0.8,task_within_nested_evaluation_window
s11-d15e537cb76b5836,reactive-no-digital-twin,baseline,5,HSI,0.9,task_within_nested_evaluation_window
s11-d15e537cb76b5836,reactive-no-digital-twin,baseline,5,HSI,0.0,task_within_nested_evaluation_window
s11-d15e537cb76b5836,reactive-no-digital-twin,baseline,5,HSI,0.1,task_within_nested_evaluation_window
s11-d15e537cb76b5836,reactive-no-digital-twin,baseline,5,HSI,0.2,task_within_nested_evaluation_window
s11-d15e537cb76b5836,reactive-no-digital-twin,baseline,5,HSI,0.3,task_within_nested_evaluation_window
s11-d15e537cb76b5836,reactive-no-digital-twin,baseline,5,HSI,0.4,task_within_nested_evaluation_window
s11-d15e537cb76b5836,reactive-no-digital-twin,baseline,5,HSI,0.5,task_within_nested_evaluation_window
s11-d15e537cb76b5836,reactive-no-digital-twin,baseline,5,HSI,0.6,task_within_nested_evaluation_window
s11-d15e537cb76b5836,reactive-no-digital-twin,baseline,5,HSI,0.7,task_within_nested_evaluation_window
s11-d15e537cb76b5836,reactive-no-digital-twin,baseline,5,HSI,0.8,task_within_nested_evaluation_window
s11-d15e537cb76b5836,reactive-no-digital-twin,baseline,5,HSI,0.9,task_within_nested_evaluation_window
s11-d15e537cb76b5836,reactive-no-digital-twin,baseline,5,HSI,0.0,task_within_nested_evaluation_window
s11-d15e537cb76b5836,reactive-no-digital-twin,baseline,5,HSI,0.1,task_within_nested_evaluation_window
s11-d15e537cb76b5836,reactive-no-digital-twin,baseline,5,HSI,0.2,task_within_nested_evaluation_window
s11-d15e537cb76b5836,reactive-no-digital-twin,baseline,5,HSI,0.3,task_within_nested_evaluation_window
s11-d15e537cb76b5836,reactive-no-digital-twin,baseline,5,HSI,0.4,task_within_nested_evaluation_window
s11-d15e537cb76b5836,reactive-no-digital-twin,baseline,5,HSI,0.5,task_within_nested_evaluation_window
s11-d15e537cb76b5836,reactive-no-digital-twin,baseline,5,HSI,0.6,task_within_nested_evaluation_window
s11-d15e537cb76b5836,reactive-no-digital-twin,baseline,5,HSI,0.7,task_within_nested_evaluation_window
s11-d15e537cb76b5836,reactive-no-digital-twin,baseline,5,HSI,0.8,task_within_nested_evaluation_window
s11-d15e537cb76b5836,reactive-no-digital-twin,baseline,5,HSI,0.9,task_within_nested_evaluation_window
s11-d15e537cb76b5836,reactive-no-digital-twin,baseline,5,HSI,0.0,task_within_nested_evaluation_window
s11-d15e537cb76b5836,reactive-no-digital-twin,baseline,5,HSI,0.1,task_within_nested_evaluation_window
s11-d15e537cb76b5836,reactive-no-digital-twin,baseline,5,HSI,0.2,task_within_nested_evaluation_window
s11-d15e537cb76b5836,reactive-no-digital-twin,baseline,5,HSI,0.3,task_within_nested_evaluation_window
s11-d15e537cb76b5836,reactive-no-digital-twin,baseline,5,HSI,0.4,task_within_nested_evaluation_window
s11-d15e537cb76b5836,reactive-no-digital-twin,baseline,5,HSI,0.5,task_within_nested_evaluation_window
s11-d15e537cb76b5836,reactive-no-digital-twin,baseline,5,HSI,0.6,task_within_nested_evaluation_window
s11-d15e537cb76b5836,reactive-no-digital-twin,baseline,5,HSI,0.7,task_within_nested_evaluation_window
s11-d15e537cb76b5836,reactive-no-digital-twin,baseline,5,HSI,0.8,task_within_nested_evaluation_window
s11-d15e537cb76b5836,reactive-no-digital-twin,baseline,5,HSI,0.9,task_within_nested_evaluation_window
s11-d15e537cb76b5836,reactive-no-digital-twin,baseline,5,avg_task_latency_s,332.57142857142856,nested_evaluation_window
s11-d15e537cb76b5836,reactive-no-digital-twin,baseline,5,physical_energy_j,977710.093734741,nested_evaluation_window
s11-d15e537cb76b5836,reactive-no-digital-twin,baseline,5,episode_reward,48.932750773848966,nested_evaluation_window
s11-d15e537cb76b5836,reactive-no-digital-twin,baseline,5,HSI,0.0,task_within_nested_evaluation_window
s11-d15e537cb76b5836,reactive-no-digital-twin,baseline,5,HSI,0.1,task_within_nested_evaluation_window
s11-d15e537cb76b5836,reactive-no-digital-twin,baseline,5,HSI,0.2,task_within_nested_evaluation_window
s11-d15e537cb76b5836,reactive-no-digital-twin,baseline,5,HSI,0.3,task_within_nested_evaluation_window
s11-d15e537cb76b5836,reactive-no-digital-twin,baseline,5,HSI,0.4,task_within_nested_evaluation_window
s11-d15e537cb76b5836,reactive-no-digital-twin,baseline,5,HSI,0.5,task_within_nested_evaluation_window
s11-d15e537cb76b5836,reactive-no-digital-twin,baseline,5,HSI,0.6,task_within_nested_evaluation_window
s11-d15e537cb76b5836,reactive-no-digital-twin,baseline,5,HSI,0.7,task_within_nested_evaluation_window
s11-d15e537cb76b5836,reactive-no-digital-twin,baseline,5,HSI,0.8,task_within_nested_evaluation_window
s11-d15e537cb76b5836,reactive-no-digital-twin,baseline,5,HSI,0.9,task_within_nested_evaluation_window
s11-d15e537cb76b5836,reactive-no-digital-twin,baseline,5,HSI,0.0,task_within_nested_evaluation_window
s11-d15e537cb76b5836,reactive-no-digital-twin,baseline,5,HSI,0.1,task_within_nested_evaluation_window
s11-d15e537cb76b5836,reactive-no-digital-twin,baseline,5,HSI,0.2,task_within_nested_evaluation_window
s11-d15e537cb76b5836,reactive-no-digital-twin,baseline,5,HSI,0.3,task_within_nested_evaluation_window
s11-d15e537cb76b5836,reactive-no-digital-twin,baseline,5,HSI,0.4,task_within_nested_evaluation_window
s11-d15e537cb76b5836,reactive-no-digital-twin,baseline,5,HSI,0.5,task_within_nested_evaluation_window
s11-d15e537cb76b5836,reactive-no-digital-twin,baseline,5,HSI,0.6,task_within_nested_evaluation_window
s11-d15e537cb76b5836,reactive-no-digital-twin,baseline,5,HSI,0.7,task_within_nested_evaluation_window
s11-d15e537cb76b5836,reactive-no-digital-twin,baseline,5,HSI,0.8,task_within_nested_evaluation_window
s11-d15e537cb76b5836,reactive-no-digital-twin,baseline,5,HSI,0.9,task_within_nested_evaluation_window
s11-d15e537cb76b5836,reactive-no-digital-twin,baseline,5,HSI,0.0,task_within_nested_evaluation_window
s11-d15e537cb76b5836,reactive-no-digital-twin,baseline,5,HSI,0.1,task_within_nested_evaluation_window
s11-d15e537cb76b5836,reactive-no-digital-twin,baseline,5,HSI,0.2,task_within_nested_evaluation_window
s11-d15e537cb76b5836,reactive-no-digital-twin,baseline,5,HSI,0.3,task_within_nested_evaluation_window
s11-d15e537cb76b5836,reactive-no-digital-twin,baseline,5,HSI,0.4,task_within_nested_evaluation_window
s11-d15e537cb76b5836,reactive-no-digital-twin,baseline,5,HSI,0.5,task_within_nested_evaluation_window
s11-d15e537cb76b5836,reactive-no-digital-twin,baseline,5,HSI,0.6,task_within_nested_evaluation_window
s11-d15e537cb76b5836,reactive-no-digital-twin,baseline,5,HSI,0.7,task_within_nested_evaluation_window
s11-d15e537cb76b5836,reactive-no-digital-twin,baseline,5,HSI,0.8,task_within_nested_evaluation_window
s11-d15e537cb76b5836,reactive-no-digital-twin,baseline,5,HSI,0.9,task_within_nested_evaluation_window
s11-d15e537cb76b5836,reactive-no-digital-twin,baseline,5,HSI,0.0,task_within_nested_evaluation_window
s11-d15e537cb76b5836,reactive-no-digital-twin,baseline,5,HSI,0.1,task_within_nested_evaluation_window
s11-d15e537cb76b5836,reactive-no-digital-twin,baseline,5,HSI,0.2,task_within_nested_evaluation_window
s11-d15e537cb76b5836,reactive-no-digital-twin,baseline,5,HSI,0.3,task_within_nested_evaluation_window
s11-d15e537cb76b5836,reactive-no-digital-twin,baseline,5,HSI,0.4,task_within_nested_evaluation_window
s11-d15e537cb76b5836,reactive-no-digital-twin,baseline,5,HSI,0.5,task_within_nested_evaluation_window
s11-d15e537cb76b5836,reactive-no-digital-twin,baseline,5,HSI,0.6,task_within_nested_evaluation_window
s11-d15e537cb76b5836,reactive-no-digital-twin,baseline,5,HSI,0.7,task_within_nested_evaluation_window
s11-d15e537cb76b5836,reactive-no-digital-twin,baseline,5,HSI,0.8,task_within_nested_evaluation_window
s11-d15e537cb76b5836,reactive-no-digital-twin,baseline,5,HSI,0.9,task_within_nested_evaluation_window
