time,deviceId,battery,connected,active,signalQuality,signalNoise,heartbeatStaleness,willFailSoon
0.10,0,98.5000,1,1,94.9564,5.0436,0.0000,0
0.10,1,98.5000,1,1,93.2276,6.7724,0.0000,0
0.10,2,98.5000,1,1,95.0070,4.9930,0.0000,0
0.10,3,98.5000,1,1,95.4922,4.5078,0.0000,0
0.10,4,98.5000,1,1,96.0600,3.9400,0.0000,0
0.10,5,98.5000,1,1,94.4047,5.5953,0.0000,0
0.10,6,98.5000,1,1,95.4091,4.5909,0.0000,0
0.10,7,98.5000,1,1,93.5073,6.4927,0.0000,0
0.10,8,98.5000,1,1,94.6228,5.3772,0.0000,1
0.10,9,98.5000,1,1,94.3075,5.6925,0.0000,0
1.10,0,97.0000,1,1,96.4211,3.5789,0.0000,0
1.10,1,97.0000,1,1,94.2806,5.7194,0.0000,0
1.10,2,97.0000,1,1,95.2432,4.7568,0.0000,0
1.10,3,97.0000,1,1,96.4064,3.5936,0.0000,0
1.10,4,97.0000,1,1,95.0640,4.9360,0.0000,0
1.10,5,97.0000,1,1,92.4105,7.5895,0.0000,0
1.10,6,97.0000,1,1,97.3140,2.6860,0.0000,0
1.10,7,97.0000,1,1,92.0235,7.9765,0.0000,0
1.10,8,97.0000,1,1,93.1128,6.8872,0.0000,1
1.10,9,97.0000,1,1,92.4899,7.5101,0.0000,0
2.10,0,95.5000,1,1,97.8957,2.1043,0.0000,0
2.10,1,95.5000,1,1,93.7516,6.2484,0.0000,0
2.10,2,95.5000,1,1,95.2688,4.7312,0.0000,0
2.10,3,95.5000,1,1,95.2451,4.7549,0.0000,1
2.10,4,95.5000,1,1,95.8726,4.1274,0.0000,0
2.10,5,95.5000,1,1,92.1582,7.8418,0.0000,0
2.10,6,95.5000,1,1,95.8565,4.1435,0.0000,0
2.10,7,95.5000,1,1,90.8306,9.1694,0.0000,0
2.10,8,95.5000,1,1,92.2178,7.7822,0.0000,1
2.10,9,95.5000,1,1,93.7736,6.2264,0.0000,0
3.10,0,94.0000,1,1,96.6791,3.3209,0.0000,0
3.10,1,94.0000,1,1,93.4969,6.5031,0.0000,0
3.10,2,94.0000,1,1,94.0467,5.9533,0.0000,0
3.10,3,94.0000,1,1,97.1735,2.8265,0.0000,1
3.10,4,94.0000,1,1,97.2833,2.7167,0.0000,0
3.10,5,94.0000,1,1,91.0731,8.9269,0.0000,0
3.10,6,94.0000,1,1,96.5953,3.4047,0.0000,0
3.10,7,94.0000,1,1,91.7038,8.2962,0.0000,0
3.10,8,94.0000,1,1,91.8905,8.1095,0.0000,1
3.10,9,94.0000,1,1,92.9945,7.0055,0.0000,0
4.10,0,92.5000,1,1,97.3781,2.6219,0.0000,0
4.10,1,92.5000,1,1,93.4761,6.5239,0.0000,0
4.10,2,92.5000,1,1,93.5777,6.4223,0.0000,0
4.10,3,92.5000,1,1,97.1104,2.8896,0.0000,1
4.10,4,92.5000,1,1,95.5563,4.4437,0.0000,0
4.10,5,92.5000,1,1,91.3564,8.6436,0.0000,0
4.10,6,92.5000,1,1,96.5956,3.4044,0.0000,0
4.10,7,92.5000,1,1,92.3113,7.6887,0.0000,0
4.10,8,92.5000,1,1,91.0889,8.9111,0.0000,1
4.10,9,92.5000,1,1,94.2199,5.7801,0.0000,0
5.10,0,91.0000,1,1,98.0530,1.9470,0.0000,0
5.10,1,91.0000,1,1,92.5339,7.4661,0.0000,0
5.10,2,91.0000,1,1,93.4772,6.5228,0.0000,0
5.10,3,91.0000,1,1,96.8740,3.1260,0.0000,1
5.10,4,91.0000,1,1,95.5694,4.4306,0.0000,0
5.10,5,91.0000,1,1,91.6171,8.3829,0.0000,0
5.10,6,91.0000,1,1,97.5003,2.4997,0.0000,0
5.10,7,91.0000,1,1,93.8617,6.1383,0.0000,0
5.10,8,91.0000,1,1,90.0135,9.9865,0.0000,1
5.10,9,91.0000,1,1,94.2205,5.7795,0.0000,0
6.10,0,89.5000,1,1,99.3421,0.6579,0.0000,0
6.10,1,89.5000,1,1,93.2535,6.7465,0.0000,0
6.10,2,89.5000,1,1,95.0289,4.9711,0.0000,0
6.10,3,89.5000,1,1,98.7135,1.2865,0.0000,1
6.10,4,89.5000,1,1,95.9182,4.0818,0.0000,0
6.10,5,89.5000,1,1,90.2086,9.7914,0.0000,0
6.10,6,89.5000,1,1,98.3607,1.6393,0.0000,0
6.10,7,89.5000,1,1,93.6955,6.3045,0.0000,0
6.10,8,89.5000,1,1,89.1376,10.8624,0.0000,1
6.10,9,89.5000,1,1,92.9477,7.0523,0.0000,0
7.10,0,88.0000,1,1,98.0939,1.9061,0.0000,0
7.10,1,88.0000,1,1,94.0197,5.9803,0.0000,0
7.10,2,88.0000,1,1,96.2009,3.7991,0.0000,0
7.10,3,88.0000,1,1,98.9866,1.0134,0.0000,1
7.10,4,88.0000,1,1,94.7992,5.2008,0.0000,0
7.10,5,88.0000,1,1,90.5550,9.4450,0.0000,0
7.10,6,88.0000,1,1,97.5116,2.4884,0.0000,0
7.10,7,88.0000,1,1,95.1050,4.8950,0.0000,0
7.10,8,88.0000,0,0,89.1376,10.8624,1.0000,0
7.10,9,88.0000,1,1,94.6019,5.3981,0.0000,0
8.10,0,86.5000,1,1,100.0000,0.0000,0.0000,0
8.10,1,86.5000,1,1,95.7814,4.2186,0.0000,0
8.10,2,86.5000,1,1,95.7675,4.2325,0.0000,0
8.10,3,86.5000,1,1,98.5868,1.4132,0.0000,1
8.10,4,86.5000,1,1,94.6003,5.3997,0.0000,0
8.10,5,86.5000,1,1,89.4819,10.5181,0.0000,0
8.10,6,86.5000,1,1,97.6773,2.3227,0.0000,0
8.10,7,86.5000,1,1,96.8534,3.1466,0.0000,0
8.10,8,88.0000,0,0,89.1376,10.8624,2.0000,0
8.10,9,86.5000,1,1,96.1823,3.8177,0.0000,0
9.10,0,85.0000,1,1,99.9199,0.0801,0.0000,0
9.10,1,85.0000,1,1,97.2320,2.7680,0.0000,0
9.10,2,85.0000,1,1,96.2233,3.7767,0.0000,0
9.10,3,85.0000,1,1,98.1119,1.8881,0.0000,1
9.10,4,85.0000,1,1,95.0339,4.9661,0.0000,0
9.10,5,85.0000,1,1,91.4189,8.5811,0.0000,0
9.10,6,85.0000,1,1,99.2676,0.7324,0.0000,0
9.10,7,85.0000,1,1,97.8041,2.1959,0.0000,0
9.10,8,88.0000,0,0,89.1376,10.8624,3.0000,0
9.10,9,85.0000,1,1,96.4757,3.5243,0.0000,0
10.10,0,83.5000,1,1,99.9620,0.0380,0.0000,0
10.10,1,83.5000,1,1,99.0213,0.9787,0.0000,0
10.10,2,83.5000,1,1,96.2401,3.7599,0.0000,0
10.10,3,83.5000,1,1,96.5948,3.4052,0.0000,1
10.10,4,83.5000,1,1,95.1609,4.8391,0.0000,0
10.10,5,83.5000,1,1,92.5311,7.4689,0.0000,1
10.10,6,83.5000,1,1,100.0000,0.0000,0.0000,0
10.10,7,83.5000,1,1,97.2430,2.7570,0.0000,0
10.10,8,88.0000,0,0,89.1376,10.8624,4.0000,0
10.10,9,83.5000,1,1,95.2321,4.7679,0.0000,0
11.10,0,82.0000,1,1,100.0000,0.0000,0.0000,0
11.10,1,82.0000,1,1,100.0000,0.0000,0.0000,0
11.10,2,82.0000,1,1,94.3220,5.6780,0.0000,0
11.10,3,82.0000,1,1,95.2454,4.7546,0.0000,1
11.10,4,82.0000,1,1,96.4396,3.5604,0.0000,0
11.10,5,82.0000,1,1,92.0508,7.9492,0.0000,1
11.10,6,82.0000,1,1,99.2440,0.7560,0.0000,0
11.10,7,82.0000,1,1,97.7171,2.2829,0.0000,0
11.10,8,88.0000,0,0,89.1376,10.8624,5.0000,0
11.10,9,82.0000,1,1,97.1668,2.8332,0.0000,0
12.10,0,80.5000,1,1,100.0000,0.0000,0.0000,0
12.10,1,80.5000,1,1,98.7152,1.2848,0.0000,0
12.10,2,80.5000,1,1,95.9562,4.0438,0.0000,0
12.10,3,80.5000,0,0,95.2454,4.7546,1.0000,0
12.10,4,80.5000,1,1,97.3616,2.6384,0.0000,0
12.10,5,80.5000,1,1,92.3604,7.6396,0.0000,1
12.10,6,80.5000,1,1,99.3208,0.6792,0.0000,0
12.10,7,80.5000,1,1,96.3907,3.6093,0.0000,0
12.10,8,88.0000,0,0,89.1376,10.8624,6.0000,0
12.10,9,80.5000,1,1,97.0852,2.9148,0.0000,0
13.10,0,79.0000,1,1,99.0988,0.9012,0.0000,0
13.10,1,79.0000,1,1,98.5198,1.4802,0.0000,0
13.10,2,79.0000,1,1,97.5872,2.4128,0.0000,0
13.10,3,80.5000,0,0,95.2454,4.7546,2.0000,0
13.10,4,79.0000,1,1,95.5894,4.4106,0.0000,0
13.10,5,79.0000,1,1,91.7348,8.2652,0.0000,1
13.10,6,79.0000,1,1,98.1364,1.8636,0.0000,0
13.10,7,79.0000,1,1,97.2873,2.7127,0.0000,0
13.10,8,88.0000,0,0,89.1376,10.8624,7.0000,0
13.10,9,79.0000,1,1,97.6044,2.3956,0.0000,0
14.10,0,77.5000,1,1,99.3921,0.6079,0.0000,0
14.10,1,77.5000,1,1,98.2179,1.7821,0.0000,0
14.10,2,77.5000,1,1,97.2174,2.7826,0.0000,0
14.10,3,80.5000,0,0,95.2454,4.7546,3.0000,0
14.10,4,77.5000,1,1,95.7567,4.2433,0.0000,0
14.10,5,77.5000,1,1,91.4108,8.5892,0.0000,1
14.10,6,77.5000,1,1,99.4452,0.5548,0.0000,0
14.10,7,77.5000,1,1,99.0053,0.9947,0.0000,0
14.10,8,88.0000,0,0,89.1376,10.8624,8.0000,0
14.10,9,77.5000,1,1,95.7186,4.2814,0.0000,0
15.10,0,76.0000,1,1,100.0000,0.0000,0.0000,0
15.10,1,76.0000,1,1,96.4522,3.5478,0.0000,0
15.10,2,76.0000,1,1,95.7463,4.2537,0.0000,0
15.10,3,80.5000,0,0,95.2454,4.7546,4.0000,0
15.10,4,76.0000,1,1,95.9325,4.0675,0.0000,0
15.10,5,76.0000,1,1,91.8099,8.1901,0.0000,1
15.10,6,76.0000,1,1,99.2523,0.7477,0.0000,0
15.10,7,76.0000,1,1,98.3962,1.6038,0.0000,0
15.10,8,88.0000,0,0,89.1376,10.8624,9.0000,0
15.10,9,76.0000,1,1,95.8095,4.1905,0.0000,0
16.10,0,74.5000,1,1,98.4677,1.5323,0.0000,0
16.10,1,74.5000,1,1,98.3840,1.6160,0.0000,0
16.10,2,74.5000,1,1,96.4907,3.5093,0.0000,0
16.10,3,80.5000,0,0,95.2454,4.7546,5.0000,0
16.10,4,74.5000,1,1,97.3038,2.6962,0.0000,0
16.10,5,74.5000,1,1,92.7846,7.2154,0.0000,1
16.10,6,74.5000,1,1,98.1722,1.8278,0.0000,0
16.10,7,74.5000,1,1,97.7365,2.2635,0.0000,0
16.10,8,88.0000,0,0,89.1376,10.8624,10.0000,0
16.10,9,74.5000,1,1,93.9446,6.0554,0.0000,0
17.10,0,73.0000,1,1,97.6770,2.3230,0.0000,0
17.10,1,73.0000,1,1,98.2310,1.7690,0.0000,0
17.10,2,73.0000,1,1,98.1230,1.8770,0.0000,0
17.10,3,80.5000,0,0,95.2454,4.7546,6.0000,0
17.10,4,73.0000,1,1,96.9148,3.0852,0.0000,0
17.10,5,73.0000,1,1,93.5212,6.4788,0.0000,1
17.10,6,73.0000,1,1,96.8100,3.1900,0.0000,0
17.10,7,73.0000,1,1,98.4131,1.5869,0.0000,0
17.10,8,88.0000,0,0,89.1376,10.8624,11.0000,0
17.10,9,73.0000,1,1,94.8260,5.1740,0.0000,0
18.10,0,71.5000,1,1,98.0758,1.9242,0.0000,0
18.10,1,71.5000,1,1,97.3812,2.6188,0.0000,0
18.10,2,71.5000,1,1,97.5098,2.4902,0.0000,0
18.10,3,80.5000,0,0,95.2454,4.7546,7.0000,0
18.10,4,71.5000,1,1,98.5985,1.4015,0.0000,0
18.10,5,71.5000,1,1,92.6527,7.3473,0.0000,1
18.10,6,71.5000,1,1,96.7829,3.2171,0.0000,0
18.10,7,71.5000,1,1,97.3125,2.6875,0.0000,0
18.10,8,88.0000,0,0,89.1376,10.8624,12.0000,0
18.10,9,71.5000,1,1,94.5469,5.4531,0.0000,0
19.10,0,70.0000,1,1,99.2724,0.7276,0.0000,0
19.10,1,70.0000,1,1,95.8464,4.1536,0.0000,0
19.10,2,70.0000,1,1,96.6034,3.3966,0.0000,0
19.10,3,80.5000,0,0,95.2454,4.7546,8.0000,0
19.10,4,70.0000,1,1,97.5318,2.4682,0.0000,0
19.10,5,70.0000,1,1,91.0609,8.9391,0.0000,1
19.10,6,70.0000,1,1,96.5431,3.4569,0.0000,0
19.10,7,70.0000,1,1,96.2797,3.7203,0.0000,0
19.10,8,88.0000,0,0,89.1376,10.8624,13.0000,0
19.10,9,70.0000,1,1,95.1120,4.8880,0.0000,0
20.10,0,68.5000,1,1,97.5471,2.4529,0.0000,0
20.10,1,68.5000,1,1,93.8659,6.1341,0.0000,0
20.10,2,68.5000,1,1,98.2103,1.7897,0.0000,0
20.10,3,80.5000,0,0,95.2454,4.7546,9.0000,0
20.10,4,68.5000,1,1,99.1433,0.8567,0.0000,0
20.10,5,68.5000,0,0,91.0609,8.9391,1.0000,0
20.10,6,68.5000,1,1,97.0365,2.9635,0.0000,0
20.10,7,68.5000,1,1,94.7416,5.2584,0.0000,0
20.10,8,88.0000,0,0,89.1376,10.8624,14.0000,0
20.10,9,68.5000,1,1,96.9674,3.0326,0.0000,0
21.10,0,67.0000,1,1,97.2462,2.7538,0.0000,0
21.10,1,67.0000,1,1,92.3698,7.6302,0.0000,0
21.10,2,67.0000,1,1,97.4089,2.5911,0.0000,0
21.10,3,80.5000,0,0,95.2454,4.7546,10.0000,0
21.10,4,67.0000,1,1,100.0000,0.0000,0.0000,0
21.10,5,68.5000,0,0,91.0609,8.9391,2.0000,0
21.10,6,67.0000,1,1,98.8762,1.1238,0.0000,0
21.10,7,67.0000,1,1,93.0012,6.9988,0.0000,0
21.10,8,88.0000,0,0,89.1376,10.8624,15.0000,0
21.10,9,67.0000,1,1,98.4543,1.5457,0.0000,0
22.10,0,65.5000,1,1,97.8579,2.1421,0.0000,0
22.10,1,65.5000,1,1,91.2674,8.7326,0.0000,0
22.10,2,65.5000,1,1,97.0632,2.9368,0.0000,0
22.10,3,80.5000,0,0,95.2454,4.7546,11.0000,0
22.10,4,65.5000,1,1,100.0000,0.0000,0.0000,0
22.10,5,68.5000,0,0,91.0609,8.9391,3.0000,0
22.10,6,65.5000,1,1,100.0000,0.0000,0.0000,0
22.10,7,65.5000,1,1,92.7061,7.2939,0.0000,0
22.10,8,88.0000,0,0,89.1376,10.8624,16.0000,0
22.10,9,65.5000,1,1,100.0000,0.0000,0.0000,0
23.10,0,64.0000,1,1,98.0725,1.9275,0.0000,0
23.10,1,64.0000,1,1,91.5696,8.4304,0.0000,0
23.10,2,64.0000,1,1,98.0657,1.9343,0.0000,0
23.10,3,80.5000,0,0,95.2454,4.7546,12.0000,0
23.10,4,64.0000,1,1,100.0000,0.0000,0.0000,0
23.10,5,68.5000,0,0,91.0609,8.9391,4.0000,0
23.10,6,64.0000,1,1,98.9963,1.0037,0.0000,0
23.10,7,64.0000,1,1,91.8464,8.1536,0.0000,0
23.10,8,88.0000,0,0,89.1376,10.8624,17.0000,0
23.10,9,64.0000,1,1,98.4472,1.5528,0.0000,0
24.10,0,62.5000,1,1,99.6700,0.3300,0.0000,0
24.10,1,62.5000,1,1,92.1818,7.8182,0.0000,0
24.10,2,62.5000,1,1,96.7274,3.2726,0.0000,0
24.10,3,80.5000,0,0,95.2454,4.7546,13.0000,0
24.10,4,62.5000,1,1,100.0000,0.0000,0.0000,0
24.10,5,68.5000,0,0,91.0609,8.9391,5.0000,0
24.10,6,62.5000,1,1,100.0000,0.0000,0.0000,0
24.10,7,62.5000,1,1,92.3949,7.6051,0.0000,0
24.10,8,88.0000,0,0,89.1376,10.8624,18.0000,0
24.10,9,62.5000,1,1,98.8354,1.1646,0.0000,0
25.10,0,61.0000,1,1,98.3412,1.6588,0.0000,0
25.10,1,61.0000,1,1,90.3834,9.6166,0.0000,0
25.10,2,61.0000,1,1,95.7273,4.2727,0.0000,0
25.10,3,80.5000,0,0,95.2454,4.7546,14.0000,0
25.10,4,61.0000,1,1,98.6805,1.3195,0.0000,0
25.10,5,68.5000,0,0,91.0609,8.9391,6.0000,0
25.10,6,61.0000,1,1,99.3654,0.6346,0.0000,0
25.10,7,61.0000,1,1,94.1157,5.8843,0.0000,0
25.10,8,88.0000,0,0,89.1376,10.8624,19.0000,0
25.10,9,61.0000,1,1,98.1359,1.8641,0.0000,0
26.10,0,59.5000,1,1,99.7616,0.2384,0.0000,0
26.10,1,59.5000,1,1,91.3860,8.6140,0.0000,0
26.10,2,59.5000,1,1,94.0552,5.9448,0.0000,0
26.10,3,80.5000,0,0,95.2454,4.7546,15.0000,0
26.10,4,59.5000,1,1,96.9322,3.0678,0.0000,0
26.10,5,68.5000,0,0,91.0609,8.9391,7.0000,0
26.10,6,59.5000,1,1,100.0000,0.0000,0.0000,0
26.10,7,59.5000,1,1,93.5928,6.4072,0.0000,0
26.10,8,88.0000,0,0,89.1376,10.8624,20.0000,0
26.10,9,59.5000,1,1,99.3422,0.6578,0.0000,0
27.10,0,58.0000,1,1,100.0000,0.0000,0.0000,0
27.10,1,58.0000,1,1,92.4134,7.5866,0.0000,0
27.10,2,58.0000,1,1,94.2502,5.7498,0.0000,0
27.10,3,80.5000,0,0,95.2454,4.7546,16.0000,0
27.10,4,58.0000,1,1,98.8522,1.1478,0.0000,0
27.10,5,68.5000,0,0,91.0609,8.9391,8.0000,0
27.10,6,58.0000,1,1,100.0000,0.0000,0.0000,0
27.10,7,58.0000,1,1,92.4302,7.5698,0.0000,0
27.10,8,88.0000,0,0,89.1376,10.8624,21.0000,0
27.10,9,58.0000,1,1,99.5501,0.4499,0.0000,0
28.10,0,56.5000,1,1,100.0000,0.0000,0.0000,0
28.10,1,56.5000,1,1,91.6337,8.3663,0.0000,0
28.10,2,56.5000,1,1,95.8709,4.1291,0.0000,0
28.10,3,80.5000,0,0,95.2454,4.7546,17.0000,0
28.10,4,56.5000,1,1,97.4362,2.5638,0.0000,0
28.10,5,68.5000,0,0,91.0609,8.9391,9.0000,0
28.10,6,56.5000,1,1,99.5981,0.4019,0.0000,0
28.10,7,56.5000,1,1,92.0416,7.9584,0.0000,0
28.10,8,88.0000,0,0,89.1376,10.8624,22.0000,0
28.10,9,56.5000,1,1,99.1175,0.8825,0.0000,0
29.10,0,55.0000,1,1,99.9212,0.0788,0.0000,0
29.10,1,55.0000,1,1,93.2007,6.7993,0.0000,0
29.10,2,55.0000,1,1,95.2701,4.7299,0.0000,0
29.10,3,80.5000,0,0,95.2454,4.7546,18.0000,0
29.10,4,55.0000,1,1,97.3409,2.6591,0.0000,0
29.10,5,68.5000,0,0,91.0609,8.9391,10.0000,0
29.10,6,55.0000,1,1,98.6598,1.3402,0.0000,0
29.10,7,55.0000,1,1,92.1241,7.8759,0.0000,0
29.10,8,88.0000,0,0,89.1376,10.8624,23.0000,0
29.10,9,55.0000,1,1,97.4413,2.5587,0.0000,0
30.10,0,53.5000,1,1,100.0000,0.0000,0.0000,0
30.10,1,53.5000,1,1,91.8083,8.1917,0.0000,0
30.10,2,53.5000,1,1,95.8484,4.1516,0.0000,0
30.10,3,80.5000,0,0,95.2454,4.7546,19.0000,0
30.10,4,53.5000,1,1,97.1805,2.8195,0.0000,0
30.10,5,68.5000,0,0,91.0609,8.9391,11.0000,0
30.10,6,53.5000,1,1,99.3247,0.6753,0.0000,0
30.10,7,53.5000,1,1,90.8660,9.1340,0.0000,0
30.10,8,88.0000,0,0,89.1376,10.8624,24.0000,0
30.10,9,53.5000,1,1,96.7162,3.2838,0.0000,0
31.10,0,52.0000,1,1,98.6835,1.3165,0.0000,0
31.10,1,52.0000,1,1,90.4465,9.5535,0.0000,0
31.10,2,52.0000,1,1,94.9979,5.0021,0.0000,0
31.10,3,80.5000,0,0,95.2454,4.7546,20.0000,0
31.10,4,52.0000,1,1,98.3237,1.6763,0.0000,0
31.10,5,68.5000,0,0,91.0609,8.9391,12.0000,0
31.10,6,52.0000,1,1,100.0000,0.0000,0.0000,0
31.10,7,52.0000,1,1,91.0836,8.9164,0.0000,0
31.10,8,88.0000,0,0,89.1376,10.8624,25.0000,0
31.10,9,52.0000,1,1,98.2062,1.7938,0.0000,0
32.10,0,50.5000,1,1,98.4796,1.5204,0.0000,0
32.10,1,50.5000,1,1,91.4355,8.5645,0.0000,0
32.10,2,50.5000,1,1,95.5783,4.4217,0.0000,0
32.10,3,80.5000,0,0,95.2454,4.7546,21.0000,0
32.10,4,50.5000,1,1,100.0000,0.0000,0.0000,0
32.10,5,68.5000,0,0,91.0609,8.9391,13.0000,0
32.10,6,50.5000,1,1,98.6431,1.3569,0.0000,0
32.10,7,50.5000,1,1,90.6778,9.3222,0.0000,0
32.10,8,88.0000,0,0,89.1376,10.8624,26.0000,0
32.10,9,50.5000,1,1,97.2753,2.7247,0.0000,0
33.10,0,49.0000,1,1,98.9669,1.0331,0.0000,0
33.10,1,49.0000,1,1,90.2097,9.7903,0.0000,0
33.10,2,49.0000,1,1,93.7689,6.2311,0.0000,0
33.10,3,80.5000,0,0,95.2454,4.7546,22.0000,0
33.10,4,49.0000,1,1,100.0000,0.0000,0.0000,0
33.10,5,68.5000,0,0,91.0609,8.9391,14.0000,0
33.10,6,49.0000,1,1,98.9542,1.0458,0.0000,0
33.10,7,49.0000,1,1,89.2189,10.7811,0.0000,0
33.10,8,88.0000,0,0,89.1376,10.8624,27.0000,0
33.10,9,49.0000,1,1,98.0468,1.9532,0.0000,0
34.10,0,47.5000,1,1,99.2982,0.7018,0.0000,0
34.10,1,47.5000,1,1,89.2131,10.7869,0.0000,0
34.10,2,47.5000,1,1,92.4529,7.5471,0.0000,0
34.10,3,80.5000,0,0,95.2454,4.7546,23.0000,0
34.10,4,47.5000,1,1,98.3281,1.6719,0.0000,0
34.10,5,68.5000,0,0,91.0609,8.9391,15.0000,0
34.10,6,47.5000,1,1,99.7557,0.2443,0.0000,0
34.10,7,47.5000,1,1,87.3173,12.6827,0.0000,0
34.10,8,88.0000,0,0,89.1376,10.8624,28.0000,0
34.10,9,47.5000,1,1,99.1537,0.8463,0.0000,0
35.10,0,46.0000,1,1,99.4634,0.5366,0.0000,0
35.10,1,46.0000,1,1,88.6530,11.3470,0.0000,0
35.10,2,46.0000,1,1,90.9997,9.0003,0.0000,0
35.10,3,80.5000,0,0,95.2454,4.7546,24.0000,0
35.10,4,46.0000,1,1,99.3586,0.6414,0.0000,0
35.10,5,68.5000,0,0,91.0609,8.9391,16.0000,0
35.10,6,46.0000,1,1,100.0000,0.0000,0.0000,0
35.10,7,46.0000,1,1,86.6687,13.3313,0.0000,0
35.10,8,88.0000,0,0,89.1376,10.8624,29.0000,0
35.10,9,46.0000,1,1,100.0000,0.0000,0.0000,0
36.10,0,44.5000,1,1,100.0000,0.0000,0.0000,0
36.10,1,44.5000,1,1,86.9136,13.0864,0.0000,0
36.10,2,44.5000,1,1,90.7228,9.2772,0.0000,0
36.10,3,80.5000,0,0,95.2454,4.7546,25.0000,0
36.10,4,44.5000,1,1,99.9261,0.0739,0.0000,0
36.10,5,68.5000,0,0,91.0609,8.9391,17.0000,0
36.10,6,44.5000,1,1,99.6763,0.3237,0.0000,0
36.10,7,44.5000,1,1,84.7718,15.2282,0.0000,0
36.10,8,88.0000,0,0,89.1376,10.8624,30.0000,0
36.10,9,44.5000,1,1,100.0000,0.0000,0.0000,0
37.10,0,43.0000,1,1,99.9467,0.0533,0.0000,0
37.10,1,43.0000,1,1,87.7418,12.2582,0.0000,0
37.10,2,43.0000,1,1,91.6102,8.3898,0.0000,0
37.10,3,80.5000,0,0,95.2454,4.7546,26.0000,0
37.10,4,43.0000,1,1,100.0000,0.0000,0.0000,0
37.10,5,68.5000,0,0,91.0609,8.9391,18.0000,0
37.10,6,43.0000,1,1,100.0000,0.0000,0.0000,0
37.10,7,43.0000,1,1,84.3799,15.6201,0.0000,0
37.10,8,88.0000,0,0,89.1376,10.8624,31.0000,0
37.10,9,43.0000,1,1,98.8221,1.1779,0.0000,0
38.10,0,41.5000,1,1,98.3391,1.6609,0.0000,0
38.10,1,41.5000,1,1,85.8813,14.1187,0.0000,1
38.10,2,41.5000,1,1,91.1343,8.8657,0.0000,0
38.10,3,80.5000,0,0,95.2454,4.7546,27.0000,0
38.10,4,41.5000,1,1,99.4645,0.5355,0.0000,0
38.10,5,68.5000,0,0,91.0609,8.9391,19.0000,0
38.10,6,41.5000,1,1,100.0000,0.0000,0.0000,0
38.10,7,41.5000,1,1,85.3724,14.6276,0.0000,0
38.10,8,88.0000,0,0,89.1376,10.8624,32.0000,0
38.10,9,41.5000,1,1,98.7628,1.2372,0.0000,0
39.10,0,40.0000,1,1,96.6978,3.3022,0.0000,0
39.10,1,40.0000,1,1,86.4761,13.5239,0.0000,1
39.10,2,40.0000,1,1,90.0480,9.9520,0.0000,0
39.10,3,80.5000,0,0,95.2454,4.7546,28.0000,0
39.10,4,40.0000,1,1,99.3885,0.6115,0.0000,0
39.10,5,68.5000,0,0,91.0609,8.9391,20.0000,0
39.10,6,40.0000,1,1,99.6732,0.3268,0.0000,0
39.10,7,40.0000,1,1,84.0686,15.9314,0.0000,0
39.10,8,88.0000,0,0,89.1376,10.8624,33.0000,0
39.10,9,40.0000,1,1,100.0000,0.0000,0.0000,0
40.10,0,38.5000,1,1,97.6504,2.3496,0.0000,0
40.10,1,38.5000,1,1,87.2306,12.7694,0.0000,1
40.10,2,38.5000,1,1,91.0909,8.9091,0.0000,0
40.10,3,80.5000,0,0,95.2454,4.7546,29.0000,0
40.10,4,38.5000,1,1,99.1895,0.8105,0.0000,0
40.10,5,68.5000,0,0,91.0609,8.9391,21.0000,0
40.10,6,38.5000,1,1,98.4332,1.5668,0.0000,0
40.10,7,38.5000,1,1,84.5519,15.4481,0.0000,0
40.10,8,88.0000,0,0,89.1376,10.8624,34.0000,0
40.10,9,38.5000,1,1,100.0000,0.0000,0.0000,0
41.10,0,37.0000,1,1,97.2520,2.7480,0.0000,0
41.10,1,37.0000,1,1,87.1849,12.8151,0.0000,1
41.10,2,37.0000,1,1,92.7619,7.2381,0.0000,0
41.10,3,80.5000,0,0,95.2454,4.7546,30.0000,0
41.10,4,37.0000,1,1,100.0000,0.0000,0.0000,0
41.10,5,68.5000,0,0,91.0609,8.9391,22.0000,0
41.10,6,37.0000,1,1,97.2551,2.7449,0.0000,0
41.10,7,37.0000,1,1,86.3650,13.6350,0.0000,0
41.10,8,88.0000,0,0,89.1376,10.8624,35.0000,0
41.10,9,37.0000,1,1,98.4527,1.5473,0.0000,0
42.10,0,35.5000,1,1,98.4665,1.5335,0.0000,0
42.10,1,35.5000,1,1,85.5642,14.4358,0.0000,1
42.10,2,35.5000,1,1,94.5440,5.4560,0.0000,0
42.10,3,80.5000,0,0,95.2454,4.7546,31.0000,0
42.10,4,35.5000,1,1,98.7345,1.2655,0.0000,0
42.10,5,68.5000,0,0,91.0609,8.9391,23.0000,0
42.10,6,35.5000,1,1,99.2023,0.7977,0.0000,0
42.10,7,35.5000,1,1,84.5943,15.4057,0.0000,0
42.10,8,88.0000,0,0,89.1376,10.8624,36.0000,0
42.10,9,35.5000,1,1,99.1603,0.8397,0.0000,0
43.10,0,34.0000,1,1,99.6890,0.3110,0.0000,0
43.10,1,34.0000,1,1,86.3684,13.6316,0.0000,1
43.10,2,34.0000,1,1,93.7090,6.2910,0.0000,0
43.10,3,80.5000,0,0,95.2454,4.7546,32.0000,0
43.10,4,34.0000,1,1,97.4506,2.5494,0.0000,0
43.10,5,68.5000,0,0,91.0609,8.9391,24.0000,0
43.10,6,34.0000,1,1,97.6137,2.3863,0.0000,0
43.10,7,34.0000,1,1,84.3255,15.6745,0.0000,0
43.10,8,88.0000,0,0,89.1376,10.8624,37.0000,0
43.10,9,34.0000,1,1,98.4539,1.5461,0.0000,0
44.10,0,32.5000,1,1,98.5914,1.4086,0.0000,0
44.10,1,32.5000,1,1,85.4976,14.5024,0.0000,1
44.10,2,32.5000,1,1,92.4078,7.5922,0.0000,0
44.10,3,80.5000,0,0,95.2454,4.7546,33.0000,0
44.10,4,32.5000,1,1,96.4889,3.5111,0.0000,0
44.10,5,68.5000,0,0,91.0609,8.9391,25.0000,0
44.10,6,32.5000,1,1,97.2343,2.7657,0.0000,0
44.10,7,32.5000,1,1,85.1636,14.8364,0.0000,0
44.10,8,88.0000,0,0,89.1376,10.8624,38.0000,0
44.10,9,32.5000,1,1,97.1661,2.8339,0.0000,0
45.10,0,31.0000,1,1,100.0000,0.0000,0.0000,0
45.10,1,31.0000,1,1,84.6750,15.3250,0.0000,1
45.10,2,31.0000,1,1,93.2647,6.7353,0.0000,0
45.10,3,80.5000,0,0,95.2454,4.7546,34.0000,0
45.10,4,31.0000,1,1,96.7593,3.2407,0.0000,0
45.10,5,68.5000,0,0,91.0609,8.9391,26.0000,0
45.10,6,31.0000,1,1,96.3336,3.6664,0.0000,0
45.10,7,31.0000,1,1,86.2635,13.7365,0.0000,0
45.10,8,88.0000,0,0,89.1376,10.8624,39.0000,0
45.10,9,31.0000,1,1,98.1919,1.8081,0.0000,0
46.10,0,29.5000,1,1,100.0000,0.0000,0.0000,0
46.10,1,29.5000,1,1,83.6298,16.3702,0.0000,1
46.10,2,29.5000,1,1,95.1758,4.8242,0.0000,0
46.10,3,80.5000,0,0,95.2454,4.7546,35.0000,0
46.10,4,29.5000,1,1,96.8094,3.1906,0.0000,0
46.10,5,68.5000,0,0,91.0609,8.9391,27.0000,0
46.10,6,29.5000,1,1,97.7082,2.2918,0.0000,0
46.10,7,29.5000,1,1,85.1283,14.8717,0.0000,0
46.10,8,88.0000,0,0,89.1376,10.8624,40.0000,0
46.10,9,29.5000,1,1,96.6629,3.3371,0.0000,0
47.10,0,28.0000,1,1,100.0000,0.0000,0.0000,0
47.10,1,28.0000,1,1,85.0240,14.9760,0.0000,1
47.10,2,28.0000,1,1,94.4712,5.5288,0.0000,0
47.10,3,80.5000,0,0,95.2454,4.7546,36.0000,0
47.10,4,28.0000,1,1,97.2550,2.7450,0.0000,0
47.10,5,68.5000,0,0,91.0609,8.9391,28.0000,0
47.10,6,28.0000,1,1,98.5177,1.4823,0.0000,0
47.10,7,28.0000,1,1,83.6243,16.3757,0.0000,0
47.10,8,88.0000,0,0,89.1376,10.8624,41.0000,0
47.10,9,28.0000,1,1,97.5961,2.4039,0.0000,0
48.10,0,26.5000,1,1,99.3470,0.6530,0.0000,0
48.10,1,26.5000,0,0,85.0240,14.9760,1.0000,0
48.10,2,26.5000,1,1,92.7560,7.2440,0.0000,0
48.10,3,80.5000,0,0,95.2454,4.7546,37.0000,0
48.10,4,26.5000,1,1,97.1905,2.8095,0.0000,0
48.10,5,68.5000,0,0,91.0609,8.9391,29.0000,0
48.10,6,26.5000,1,1,96.7037,3.2963,0.0000,0
48.10,7,26.5000,1,1,81.9557,18.0443,0.0000,0
48.10,8,88.0000,0,0,89.1376,10.8624,42.0000,0
48.10,9,26.5000,1,1,96.5086,3.4914,0.0000,0
49.10,0,25.0000,1,1,99.7301,0.2699,0.0000,0
49.10,1,26.5000,0,0,85.0240,14.9760,2.0000,0
49.10,2,25.0000,1,1,93.5517,6.4483,0.0000,0
49.10,3,80.5000,0,0,95.2454,4.7546,38.0000,0
49.10,4,25.0000,1,1,98.9898,1.0102,0.0000,0
49.10,5,68.5000,0,0,91.0609,8.9391,30.0000,0
49.10,6,25.0000,1,1,95.6615,4.3385,0.0000,0
49.10,7,25.0000,1,1,80.0925,19.9075,0.0000,0
49.10,8,88.0000,0,0,89.1376,10.8624,43.0000,0
49.10,9,25.0000,1,1,96.9834,3.0166,0.0000,0
50.10,0,23.5000,1,1,100.0000,0.0000,0.0000,0
50.10,1,26.5000,0,0,85.0240,14.9760,3.0000,0
50.10,2,23.5000,1,1,93.4566,6.5434,0.0000,0
50.10,3,80.5000,0,0,95.2454,4.7546,39.0000,0
50.10,4,23.5000,1,1,98.7854,1.2146,0.0000,0
50.10,5,68.5000,0,0,91.0609,8.9391,31.0000,0
50.10,6,23.5000,1,1,94.9023,5.0977,0.0000,0
50.10,7,23.5000,1,1,80.8348,19.1652,0.0000,0
50.10,8,88.0000,0,0,89.1376,10.8624,44.0000,0
50.10,9,23.5000,1,1,98.0314,1.9686,0.0000,0
51.10,0,22.0000,1,1,98.1545,1.8455,0.0000,0
51.10,1,26.5000,0,0,85.0240,14.9760,4.0000,0
51.10,2,22.0000,1,1,94.3212,5.6788,0.0000,0
51.10,3,80.5000,0,0,95.2454,4.7546,40.0000,0
51.10,4,22.0000,1,1,97.5227,2.4773,0.0000,0
51.10,5,68.5000,0,0,91.0609,8.9391,32.0000,0
51.10,6,22.0000,1,1,96.0519,3.9481,0.0000,0
51.10,7,22.0000,1,1,80.2452,19.7548,0.0000,0
51.10,8,88.0000,0,0,89.1376,10.8624,45.0000,0
51.10,9,22.0000,1,1,96.1715,3.8285,0.0000,0
52.10,0,20.5000,1,1,96.6518,3.3482,0.0000,0
52.10,1,26.5000,0,0,85.0240,14.9760,5.0000,0
52.10,2,20.5000,1,1,93.9096,6.0904,0.0000,0
52.10,3,80.5000,0,0,95.2454,4.7546,41.0000,0
52.10,4,20.5000,1,1,95.7126,4.2874,0.0000,0
52.10,5,68.5000,0,0,91.0609,8.9391,33.0000,0
52.10,6,20.5000,1,1,95.8788,4.1212,0.0000,0
52.10,7,20.5000,1,1,78.4008,21.5992,0.0000,0
52.10,8,88.0000,0,0,89.1376,10.8624,46.0000,0
52.10,9,20.5000,1,1,94.1751,5.8249,0.0000,0
53.10,0,19.0000,1,1,97.7142,2.2858,0.0000,0
53.10,1,26.5000,0,0,85.0240,14.9760,6.0000,0
53.10,2,19.0000,1,1,92.2648,7.7352,0.0000,0
53.10,3,80.5000,0,0,95.2454,4.7546,42.0000,0
53.10,4,19.0000,1,1,95.4926,4.5074,0.0000,0
53.10,5,68.5000,0,0,91.0609,8.9391,34.0000,0
53.10,6,19.0000,1,1,95.3334,4.6666,0.0000,0
53.10,7,19.0000,1,1,77.5772,22.4228,0.0000,0
53.10,8,88.0000,0,0,89.1376,10.8624,47.0000,0
53.10,9,19.0000,1,1,93.7551,6.2449,0.0000,0
54.10,0,17.5000,1,1,96.8377,3.1623,0.0000,0
54.10,1,26.5000,0,0,85.0240,14.9760,7.0000,0
54.10,2,17.5000,1,1,91.7559,8.2441,0.0000,0
54.10,3,80.5000,0,0,95.2454,4.7546,43.0000,0
54.10,4,17.5000,1,1,96.4985,3.5015,0.0000,0
54.10,5,68.5000,0,0,91.0609,8.9391,35.0000,0
54.10,6,17.5000,1,1,94.7655,5.2345,0.0000,0
54.10,7,17.5000,1,1,79.0212,20.9788,0.0000,0
54.10,8,88.0000,0,0,89.1376,10.8624,48.0000,0
54.10,9,17.5000,1,1,92.0355,7.9645,0.0000,0
55.10,0,16.0000,1,1,97.7525,2.2475,0.0000,0
55.10,1,26.5000,0,0,85.0240,14.9760,8.0000,0
55.10,2,16.0000,1,1,91.0138,8.9862,0.0000,0
55.10,3,80.5000,0,0,95.2454,4.7546,44.0000,0
55.10,4,16.0000,1,1,97.1008,2.8992,0.0000,0
55.10,5,68.5000,0,0,91.0609,8.9391,36.0000,0
55.10,6,16.0000,1,1,93.8370,6.1630,0.0000,0
55.10,7,16.0000,1,1,77.3654,22.6346,0.0000,0
55.10,8,88.0000,0,0,89.1376,10.8624,49.0000,0
55.10,9,16.0000,1,1,93.9915,6.0085,0.0000,0
56.10,0,14.5000,1,1,96.1871,3.8129,0.0000,1
56.10,1,26.5000,0,0,85.0240,14.9760,9.0000,0
56.10,2,14.5000,1,1,90.7905,9.2095,0.0000,1
56.10,3,80.5000,0,0,95.2454,4.7546,45.0000,0
56.10,4,14.5000,1,1,97.0049,2.9951,0.0000,1
56.10,5,68.5000,0,0,91.0609,8.9391,37.0000,0
56.10,6,14.5000,1,1,94.5473,5.4527,0.0000,1
56.10,7,14.5000,1,1,78.9218,21.0782,0.0000,1
56.10,8,88.0000,0,0,89.1376,10.8624,50.0000,0
56.10,9,14.5000,1,1,93.3228,6.6772,0.0000,1
57.10,0,13.0000,1,1,96.6790,3.3210,0.0000,1
57.10,1,26.5000,0,0,85.0240,14.9760,10.0000,0
57.10,2,13.0000,1,1,91.9741,8.0259,0.0000,1
57.10,3,80.5000,0,0,95.2454,4.7546,46.0000,0
57.10,4,13.0000,1,1,98.2900,1.7100,0.0000,1
57.10,5,68.5000,0,0,91.0609,8.9391,38.0000,0
57.10,6,13.0000,1,1,95.2934,4.7066,0.0000,1
57.10,7,13.0000,1,1,80.7124,19.2876,0.0000,1
57.10,8,88.0000,0,0,89.1376,10.8624,51.0000,0
57.10,9,13.0000,1,1,91.8037,8.1963,0.0000,1
58.10,0,11.5000,1,1,95.9657,4.0343,0.0000,1
58.10,1,26.5000,0,0,85.0240,14.9760,11.0000,0
58.10,2,11.5000,1,1,90.3704,9.6296,0.0000,1
58.10,3,80.5000,0,0,95.2454,4.7546,47.0000,0
58.10,4,11.5000,1,1,97.3804,2.6196,0.0000,1
58.10,5,68.5000,0,0,91.0609,8.9391,39.0000,0
58.10,6,11.5000,1,1,93.2969,6.7031,0.0000,1
58.10,7,11.5000,1,1,79.5410,20.4590,0.0000,1
58.10,8,88.0000,0,0,89.1376,10.8624,52.0000,0
58.10,9,11.5000,1,1,91.8964,8.1036,0.0000,1
59.10,0,10.0000,1,1,94.3207,5.6793,0.0000,1
59.10,1,26.5000,0,0,85.0240,14.9760,12.0000,0
59.10,2,10.0000,1,1,90.8811,9.1189,0.0000,1
59.10,3,80.5000,0,0,95.2454,4.7546,48.0000,0
59.10,4,10.0000,1,1,96.5688,3.4312,0.0000,1
59.10,5,68.5000,0,0,91.0609,8.9391,40.0000,0
59.10,6,10.0000,1,1,92.1600,7.8400,0.0000,1
59.10,7,10.0000,1,1,78.3394,21.6606,0.0000,1
59.10,8,88.0000,0,0,89.1376,10.8624,53.0000,0
59.10,9,10.0000,1,1,90.1653,9.8347,0.0000,1
60.10,0,8.5000,1,1,95.1176,4.8824,0.0000,1
60.10,1,26.5000,0,0,85.0240,14.9760,13.0000,0
60.10,2,8.5000,1,1,90.0037,9.9963,0.0000,1
60.10,3,80.5000,0,0,95.2454,4.7546,49.0000,0
60.10,4,8.5000,1,1,96.5306,3.4694,0.0000,1
60.10,5,68.5000,0,0,91.0609,8.9391,41.0000,0
60.10,6,8.5000,1,1,91.2719,8.7281,0.0000,1
60.10,7,8.5000,1,1,77.4482,22.5518,0.0000,1
60.10,8,88.0000,0,0,89.1376,10.8624,54.0000,0
60.10,9,8.5000,1,1,91.2085,8.7915,0.0000,1
61.10,0,7.0000,1,1,93.4970,6.5030,0.0000,1
61.10,1,26.5000,0,0,85.0240,14.9760,14.0000,0
61.10,2,7.0000,1,1,90.5543,9.4457,0.0000,1
61.10,3,80.5000,0,0,95.2454,4.7546,50.0000,0
61.10,4,7.0000,1,1,96.5087,3.4913,0.0000,1
61.10,5,68.5000,0,0,91.0609,8.9391,42.0000,0
61.10,6,7.0000,1,1,90.7052,9.2948,0.0000,1
61.10,7,7.0000,1,1,76.8390,23.1610,0.0000,1
61.10,8,88.0000,0,0,89.1376,10.8624,55.0000,0
61.10,9,7.0000,1,1,91.9707,8.0293,0.0000,1
62.10,0,5.5000,1,1,93.9700,6.0300,0.0000,1
62.10,1,26.5000,0,0,85.0240,14.9760,15.0000,0
62.10,2,5.5000,1,1,89.8754,10.1246,0.0000,1
62.10,3,80.5000,0,0,95.2454,4.7546,51.0000,0
62.10,4,5.5000,1,1,97.0176,2.9824,0.0000,1
62.10,5,68.5000,0,0,91.0609,8.9391,43.0000,0
62.10,6,5.5000,1,1,92.0627,7.9373,0.0000,1
62.10,7,5.5000,1,1,75.4440,24.5560,0.0000,1
62.10,8,88.0000,0,0,89.1376,10.8624,56.0000,0
62.10,9,5.5000,1,1,93.6578,6.3422,0.0000,1
63.10,0,4.0000,1,1,93.9443,6.0557,0.0000,1
63.10,1,26.5000,0,0,85.0240,14.9760,16.0000,0
63.10,2,4.0000,1,1,90.1380,9.8620,0.0000,1
63.10,3,80.5000,0,0,95.2454,4.7546,52.0000,0
63.10,4,4.0000,1,1,96.3699,3.6301,0.0000,1
63.10,5,68.5000,0,0,91.0609,8.9391,44.0000,0
63.10,6,4.0000,1,1,93.4815,6.5185,0.0000,1
63.10,7,4.0000,1,1,75.1655,24.8345,0.0000,1
63.10,8,88.0000,0,0,89.1376,10.8624,57.0000,0
63.10,9,4.0000,1,1,93.5284,6.4716,0.0000,1
64.10,0,2.5000,1,1,94.5901,5.4099,0.0000,1
64.10,1,26.5000,0,0,85.0240,14.9760,17.0000,0
64.10,2,2.5000,1,1,91.7058,8.2942,0.0000,1
64.10,3,80.5000,0,0,95.2454,4.7546,53.0000,0
64.10,4,2.5000,1,1,98.3308,1.6692,0.0000,1
64.10,5,68.5000,0,0,91.0609,8.9391,45.0000,0
64.10,6,2.5000,1,1,95.2908,4.7092,0.0000,1
64.10,7,2.5000,1,1,74.8112,25.1888,0.0000,1
64.10,8,88.0000,0,0,89.1376,10.8624,58.0000,0
64.10,9,2.5000,1,1,92.8949,7.1051,0.0000,1
65.10,0,1.0000,1,1,93.5116,6.4884,0.0000,1
65.10,1,26.5000,0,0,85.0240,14.9760,18.0000,0
65.10,2,1.0000,1,1,92.9436,7.0564,0.0000,1
65.10,3,80.5000,0,0,95.2454,4.7546,54.0000,0
65.10,4,1.0000,1,1,99.0005,0.9995,0.0000,1
65.10,5,68.5000,0,0,91.0609,8.9391,46.0000,0
65.10,6,1.0000,1,1,95.5052,4.4948,0.0000,1
65.10,7,1.0000,1,1,72.8390,27.1610,0.0000,1
65.10,8,88.0000,0,0,89.1376,10.8624,59.0000,0
65.10,9,1.0000,1,1,91.4188,8.5812,0.0000,1
66.10,0,0.0000,0,0,93.5116,6.4884,1.0000,0
66.10,1,26.5000,0,0,85.0240,14.9760,19.0000,0
66.10,2,0.0000,0,0,92.9436,7.0564,1.0000,0
66.10,3,80.5000,0,0,95.2454,4.7546,55.0000,0
66.10,4,0.0000,0,0,99.0005,0.9995,1.0000,0
66.10,5,68.5000,0,0,91.0609,8.9391,47.0000,0
66.10,6,0.0000,0,0,95.5052,4.4948,1.0000,0
66.10,7,0.0000,0,0,72.8390,27.1610,1.0000,0
66.10,8,88.0000,0,0,89.1376,10.8624,60.0000,0
66.10,9,0.0000,0,0,91.4188,8.5812,1.0000,0
67.10,0,0.0000,0,0,93.5116,6.4884,2.0000,0
67.10,1,26.5000,0,0,85.0240,14.9760,20.0000,0
67.10,2,0.0000,0,0,92.9436,7.0564,2.0000,0
67.10,3,80.5000,0,0,95.2454,4.7546,56.0000,0
67.10,4,0.0000,0,0,99.0005,0.9995,2.0000,0
67.10,5,68.5000,0,0,91.0609,8.9391,48.0000,0
67.10,6,0.0000,0,0,95.5052,4.4948,2.0000,0
67.10,7,0.0000,0,0,72.8390,27.1610,2.0000,0
67.10,8,88.0000,0,0,89.1376,10.8624,61.0000,0
67.10,9,0.0000,0,0,91.4188,8.5812,2.0000,0
68.10,0,0.0000,0,0,93.5116,6.4884,3.0000,0
68.10,1,26.5000,0,0,85.0240,14.9760,21.0000,0
68.10,2,0.0000,0,0,92.9436,7.0564,3.0000,0
68.10,3,80.5000,0,0,95.2454,4.7546,57.0000,0
68.10,4,0.0000,0,0,99.0005,0.9995,3.0000,0
68.10,5,68.5000,0,0,91.0609,8.9391,49.0000,0
68.10,6,0.0000,0,0,95.5052,4.4948,3.0000,0
68.10,7,0.0000,0,0,72.8390,27.1610,3.0000,0
68.10,8,88.0000,0,0,89.1376,10.8624,62.0000,0
68.10,9,0.0000,0,0,91.4188,8.5812,3.0000,0
69.10,0,0.0000,0,0,93.5116,6.4884,4.0000,0
69.10,1,26.5000,0,0,85.0240,14.9760,22.0000,0
69.10,2,0.0000,0,0,92.9436,7.0564,4.0000,0
69.10,3,80.5000,0,0,95.2454,4.7546,58.0000,0
69.10,4,0.0000,0,0,99.0005,0.9995,4.0000,0
69.10,5,68.5000,0,0,91.0609,8.9391,50.0000,0
69.10,6,0.0000,0,0,95.5052,4.4948,4.0000,0
69.10,7,0.0000,0,0,72.8390,27.1610,4.0000,0
69.10,8,88.0000,0,0,89.1376,10.8624,63.0000,0
69.10,9,0.0000,0,0,91.4188,8.5812,4.0000,0
70.10,0,0.0000,0,0,93.5116,6.4884,5.0000,0
70.10,1,26.5000,0,0,85.0240,14.9760,23.0000,0
70.10,2,0.0000,0,0,92.9436,7.0564,5.0000,0
70.10,3,80.5000,0,0,95.2454,4.7546,59.0000,0
70.10,4,0.0000,0,0,99.0005,0.9995,5.0000,0
70.10,5,68.5000,0,0,91.0609,8.9391,51.0000,0
70.10,6,0.0000,0,0,95.5052,4.4948,5.0000,0
70.10,7,0.0000,0,0,72.8390,27.1610,5.0000,0
70.10,8,88.0000,0,0,89.1376,10.8624,64.0000,0
70.10,9,0.0000,0,0,91.4188,8.5812,5.0000,0
71.10,0,0.0000,0,0,93.5116,6.4884,6.0000,0
71.10,1,26.5000,0,0,85.0240,14.9760,24.0000,0
71.10,2,0.0000,0,0,92.9436,7.0564,6.0000,0
71.10,3,80.5000,0,0,95.2454,4.7546,60.0000,0
71.10,4,0.0000,0,0,99.0005,0.9995,6.0000,0
71.10,5,68.5000,0,0,91.0609,8.9391,52.0000,0
71.10,6,0.0000,0,0,95.5052,4.4948,6.0000,0
71.10,7,0.0000,0,0,72.8390,27.1610,6.0000,0
71.10,8,88.0000,0,0,89.1376,10.8624,65.0000,0
71.10,9,0.0000,0,0,91.4188,8.5812,6.0000,0
72.10,0,0.0000,0,0,93.5116,6.4884,7.0000,0
72.10,1,26.5000,0,0,85.0240,14.9760,25.0000,0
72.10,2,0.0000,0,0,92.9436,7.0564,7.0000,0
72.10,3,80.5000,0,0,95.2454,4.7546,61.0000,0
72.10,4,0.0000,0,0,99.0005,0.9995,7.0000,0
72.10,5,68.5000,0,0,91.0609,8.9391,53.0000,0
72.10,6,0.0000,0,0,95.5052,4.4948,7.0000,0
72.10,7,0.0000,0,0,72.8390,27.1610,7.0000,0
72.10,8,88.0000,0,0,89.1376,10.8624,66.0000,0
72.10,9,0.0000,0,0,91.4188,8.5812,7.0000,0
73.10,0,0.0000,0,0,93.5116,6.4884,8.0000,0
73.10,1,26.5000,0,0,85.0240,14.9760,26.0000,0
73.10,2,0.0000,0,0,92.9436,7.0564,8.0000,0
73.10,3,80.5000,0,0,95.2454,4.7546,62.0000,0
73.10,4,0.0000,0,0,99.0005,0.9995,8.0000,0
73.10,5,68.5000,0,0,91.0609,8.9391,54.0000,0
73.10,6,0.0000,0,0,95.5052,4.4948,8.0000,0
73.10,7,0.0000,0,0,72.8390,27.1610,8.0000,0
73.10,8,88.0000,0,0,89.1376,10.8624,67.0000,0
73.10,9,0.0000,0,0,91.4188,8.5812,8.0000,0
74.10,0,0.0000,0,0,93.5116,6.4884,9.0000,0
74.10,1,26.5000,0,0,85.0240,14.9760,27.0000,0
74.10,2,0.0000,0,0,92.9436,7.0564,9.0000,0
74.10,3,80.5000,0,0,95.2454,4.7546,63.0000,0
74.10,4,0.0000,0,0,99.0005,0.9995,9.0000,0
74.10,5,68.5000,0,0,91.0609,8.9391,55.0000,0
74.10,6,0.0000,0,0,95.5052,4.4948,9.0000,0
74.10,7,0.0000,0,0,72.8390,27.1610,9.0000,0
74.10,8,88.0000,0,0,89.1376,10.8624,68.0000,0
74.10,9,0.0000,0,0,91.4188,8.5812,9.0000,0
75.10,0,0.0000,0,0,93.5116,6.4884,10.0000,0
75.10,1,26.5000,0,0,85.0240,14.9760,28.0000,0
75.10,2,0.0000,0,0,92.9436,7.0564,10.0000,0
75.10,3,80.5000,0,0,95.2454,4.7546,64.0000,0
75.10,4,0.0000,0,0,99.0005,0.9995,10.0000,0
75.10,5,68.5000,0,0,91.0609,8.9391,56.0000,0
75.10,6,0.0000,0,0,95.5052,4.4948,10.0000,0
75.10,7,0.0000,0,0,72.8390,27.1610,10.0000,0
75.10,8,88.0000,0,0,89.1376,10.8624,69.0000,0
75.10,9,0.0000,0,0,91.4188,8.5812,10.0000,0
76.10,0,0.0000,0,0,93.5116,6.4884,11.0000,0
76.10,1,26.5000,0,0,85.0240,14.9760,29.0000,0
76.10,2,0.0000,0,0,92.9436,7.0564,11.0000,0
76.10,3,80.5000,0,0,95.2454,4.7546,65.0000,0
76.10,4,0.0000,0,0,99.0005,0.9995,11.0000,0
76.10,5,68.5000,0,0,91.0609,8.9391,57.0000,0
76.10,6,0.0000,0,0,95.5052,4.4948,11.0000,0
76.10,7,0.0000,0,0,72.8390,27.1610,11.0000,0
76.10,8,88.0000,0,0,89.1376,10.8624,70.0000,0
76.10,9,0.0000,0,0,91.4188,8.5812,11.0000,0
77.10,0,0.0000,0,0,93.5116,6.4884,12.0000,0
77.10,1,26.5000,0,0,85.0240,14.9760,30.0000,0
77.10,2,0.0000,0,0,92.9436,7.0564,12.0000,0
77.10,3,80.5000,0,0,95.2454,4.7546,66.0000,0
77.10,4,0.0000,0,0,99.0005,0.9995,12.0000,0
77.10,5,68.5000,0,0,91.0609,8.9391,58.0000,0
77.10,6,0.0000,0,0,95.5052,4.4948,12.0000,0
77.10,7,0.0000,0,0,72.8390,27.1610,12.0000,0
77.10,8,88.0000,0,0,89.1376,10.8624,71.0000,0
77.10,9,0.0000,0,0,91.4188,8.5812,12.0000,0
78.10,0,0.0000,0,0,93.5116,6.4884,13.0000,0
78.10,1,26.5000,0,0,85.0240,14.9760,31.0000,0
78.10,2,0.0000,0,0,92.9436,7.0564,13.0000,0
78.10,3,80.5000,0,0,95.2454,4.7546,67.0000,0
78.10,4,0.0000,0,0,99.0005,0.9995,13.0000,0
78.10,5,68.5000,0,0,91.0609,8.9391,59.0000,0
78.10,6,0.0000,0,0,95.5052,4.4948,13.0000,0
78.10,7,0.0000,0,0,72.8390,27.1610,13.0000,0
78.10,8,88.0000,0,0,89.1376,10.8624,72.0000,0
78.10,9,0.0000,0,0,91.4188,8.5812,13.0000,0
79.10,0,0.0000,0,0,93.5116,6.4884,14.0000,0
79.10,1,26.5000,0,0,85.0240,14.9760,32.0000,0
79.10,2,0.0000,0,0,92.9436,7.0564,14.0000,0
79.10,3,80.5000,0,0,95.2454,4.7546,68.0000,0
79.10,4,0.0000,0,0,99.0005,0.9995,14.0000,0
79.10,5,68.5000,0,0,91.0609,8.9391,60.0000,0
79.10,6,0.0000,0,0,95.5052,4.4948,14.0000,0
79.10,7,0.0000,0,0,72.8390,27.1610,14.0000,0
79.10,8,88.0000,0,0,89.1376,10.8624,73.0000,0
79.10,9,0.0000,0,0,91.4188,8.5812,14.0000,0
80.10,0,0.0000,0,0,93.5116,6.4884,15.0000,0
80.10,1,26.5000,0,0,85.0240,14.9760,33.0000,0
80.10,2,0.0000,0,0,92.9436,7.0564,15.0000,0
80.10,3,80.5000,0,0,95.2454,4.7546,69.0000,0
80.10,4,0.0000,0,0,99.0005,0.9995,15.0000,0
80.10,5,68.5000,0,0,91.0609,8.9391,61.0000,0
80.10,6,0.0000,0,0,95.5052,4.4948,15.0000,0
80.10,7,0.0000,0,0,72.8390,27.1610,15.0000,0
80.10,8,88.0000,0,0,89.1376,10.8624,74.0000,0
80.10,9,0.0000,0,0,91.4188,8.5812,15.0000,0
81.10,0,0.0000,0,0,93.5116,6.4884,16.0000,0
81.10,1,26.5000,0,0,85.0240,14.9760,34.0000,0
81.10,2,0.0000,0,0,92.9436,7.0564,16.0000,0
81.10,3,80.5000,0,0,95.2454,4.7546,70.0000,0
81.10,4,0.0000,0,0,99.0005,0.9995,16.0000,0
81.10,5,68.5000,0,0,91.0609,8.9391,62.0000,0
81.10,6,0.0000,0,0,95.5052,4.4948,16.0000,0
81.10,7,0.0000,0,0,72.8390,27.1610,16.0000,0
81.10,8,88.0000,0,0,89.1376,10.8624,75.0000,0
81.10,9,0.0000,0,0,91.4188,8.5812,16.0000,0
82.10,0,0.0000,0,0,93.5116,6.4884,17.0000,0
82.10,1,26.5000,0,0,85.0240,14.9760,35.0000,0
82.10,2,0.0000,0,0,92.9436,7.0564,17.0000,0
82.10,3,80.5000,0,0,95.2454,4.7546,71.0000,0
82.10,4,0.0000,0,0,99.0005,0.9995,17.0000,0
82.10,5,68.5000,0,0,91.0609,8.9391,63.0000,0
82.10,6,0.0000,0,0,95.5052,4.4948,17.0000,0
82.10,7,0.0000,0,0,72.8390,27.1610,17.0000,0
82.10,8,88.0000,0,0,89.1376,10.8624,76.0000,0
82.10,9,0.0000,0,0,91.4188,8.5812,17.0000,0
83.10,0,0.0000,0,0,93.5116,6.4884,18.0000,0
83.10,1,26.5000,0,0,85.0240,14.9760,36.0000,0
83.10,2,0.0000,0,0,92.9436,7.0564,18.0000,0
83.10,3,80.5000,0,0,95.2454,4.7546,72.0000,0
83.10,4,0.0000,0,0,99.0005,0.9995,18.0000,0
83.10,5,68.5000,0,0,91.0609,8.9391,64.0000,0
83.10,6,0.0000,0,0,95.5052,4.4948,18.0000,0
83.10,7,0.0000,0,0,72.8390,27.1610,18.0000,0
83.10,8,88.0000,0,0,89.1376,10.8624,77.0000,0
83.10,9,0.0000,0,0,91.4188,8.5812,18.0000,0
84.10,0,0.0000,0,0,93.5116,6.4884,19.0000,0
84.10,1,26.5000,0,0,85.0240,14.9760,37.0000,0
84.10,2,0.0000,0,0,92.9436,7.0564,19.0000,0
84.10,3,80.5000,0,0,95.2454,4.7546,73.0000,0
84.10,4,0.0000,0,0,99.0005,0.9995,19.0000,0
84.10,5,68.5000,0,0,91.0609,8.9391,65.0000,0
84.10,6,0.0000,0,0,95.5052,4.4948,19.0000,0
84.10,7,0.0000,0,0,72.8390,27.1610,19.0000,0
84.10,8,88.0000,0,0,89.1376,10.8624,78.0000,0
84.10,9,0.0000,0,0,91.4188,8.5812,19.0000,0
85.10,0,0.0000,0,0,93.5116,6.4884,20.0000,0
85.10,1,26.5000,0,0,85.0240,14.9760,38.0000,0
85.10,2,0.0000,0,0,92.9436,7.0564,20.0000,0
85.10,3,80.5000,0,0,95.2454,4.7546,74.0000,0
85.10,4,0.0000,0,0,99.0005,0.9995,20.0000,0
85.10,5,68.5000,0,0,91.0609,8.9391,66.0000,0
85.10,6,0.0000,0,0,95.5052,4.4948,20.0000,0
85.10,7,0.0000,0,0,72.8390,27.1610,20.0000,0
85.10,8,88.0000,0,0,89.1376,10.8624,79.0000,0
85.10,9,0.0000,0,0,91.4188,8.5812,20.0000,0
86.10,0,0.0000,0,0,93.5116,6.4884,21.0000,0
86.10,1,26.5000,0,0,85.0240,14.9760,39.0000,0
86.10,2,0.0000,0,0,92.9436,7.0564,21.0000,0
86.10,3,80.5000,0,0,95.2454,4.7546,75.0000,0
86.10,4,0.0000,0,0,99.0005,0.9995,21.0000,0
86.10,5,68.5000,0,0,91.0609,8.9391,67.0000,0
86.10,6,0.0000,0,0,95.5052,4.4948,21.0000,0
86.10,7,0.0000,0,0,72.8390,27.1610,21.0000,0
86.10,8,88.0000,0,0,89.1376,10.8624,80.0000,0
86.10,9,0.0000,0,0,91.4188,8.5812,21.0000,0
87.10,0,0.0000,0,0,93.5116,6.4884,22.0000,0
87.10,1,26.5000,0,0,85.0240,14.9760,40.0000,0
87.10,2,0.0000,0,0,92.9436,7.0564,22.0000,0
87.10,3,80.5000,0,0,95.2454,4.7546,76.0000,0
87.10,4,0.0000,0,0,99.0005,0.9995,22.0000,0
87.10,5,68.5000,0,0,91.0609,8.9391,68.0000,0
87.10,6,0.0000,0,0,95.5052,4.4948,22.0000,0
87.10,7,0.0000,0,0,72.8390,27.1610,22.0000,0
87.10,8,88.0000,0,0,89.1376,10.8624,81.0000,0
87.10,9,0.0000,0,0,91.4188,8.5812,22.0000,0
88.10,0,0.0000,0,0,93.5116,6.4884,23.0000,0
88.10,1,26.5000,0,0,85.0240,14.9760,41.0000,0
88.10,2,0.0000,0,0,92.9436,7.0564,23.0000,0
88.10,3,80.5000,0,0,95.2454,4.7546,77.0000,0
88.10,4,0.0000,0,0,99.0005,0.9995,23.0000,0
88.10,5,68.5000,0,0,91.0609,8.9391,69.0000,0
88.10,6,0.0000,0,0,95.5052,4.4948,23.0000,0
88.10,7,0.0000,0,0,72.8390,27.1610,23.0000,0
88.10,8,88.0000,0,0,89.1376,10.8624,82.0000,0
88.10,9,0.0000,0,0,91.4188,8.5812,23.0000,0
89.10,0,0.0000,0,0,93.5116,6.4884,24.0000,0
89.10,1,26.5000,0,0,85.0240,14.9760,42.0000,0
89.10,2,0.0000,0,0,92.9436,7.0564,24.0000,0
89.10,3,80.5000,0,0,95.2454,4.7546,78.0000,0
89.10,4,0.0000,0,0,99.0005,0.9995,24.0000,0
89.10,5,68.5000,0,0,91.0609,8.9391,70.0000,0
89.10,6,0.0000,0,0,95.5052,4.4948,24.0000,0
89.10,7,0.0000,0,0,72.8390,27.1610,24.0000,0
89.10,8,88.0000,0,0,89.1376,10.8624,83.0000,0
89.10,9,0.0000,0,0,91.4188,8.5812,24.0000,0
90.10,0,0.0000,0,0,93.5116,6.4884,25.0000,0
90.10,1,26.5000,0,0,85.0240,14.9760,43.0000,0
90.10,2,0.0000,0,0,92.9436,7.0564,25.0000,0
90.10,3,80.5000,0,0,95.2454,4.7546,79.0000,0
90.10,4,0.0000,0,0,99.0005,0.9995,25.0000,0
90.10,5,68.5000,0,0,91.0609,8.9391,71.0000,0
90.10,6,0.0000,0,0,95.5052,4.4948,25.0000,0
90.10,7,0.0000,0,0,72.8390,27.1610,25.0000,0
90.10,8,88.0000,0,0,89.1376,10.8624,84.0000,0
90.10,9,0.0000,0,0,91.4188,8.5812,25.0000,0
91.10,0,0.0000,0,0,93.5116,6.4884,26.0000,0
91.10,1,26.5000,0,0,85.0240,14.9760,44.0000,0
91.10,2,0.0000,0,0,92.9436,7.0564,26.0000,0
91.10,3,80.5000,0,0,95.2454,4.7546,80.0000,0
91.10,4,0.0000,0,0,99.0005,0.9995,26.0000,0
91.10,5,68.5000,0,0,91.0609,8.9391,72.0000,0
91.10,6,0.0000,0,0,95.5052,4.4948,26.0000,0
91.10,7,0.0000,0,0,72.8390,27.1610,26.0000,0
91.10,8,88.0000,0,0,89.1376,10.8624,85.0000,0
91.10,9,0.0000,0,0,91.4188,8.5812,26.0000,0
92.10,0,0.0000,0,0,93.5116,6.4884,27.0000,0
92.10,1,26.5000,0,0,85.0240,14.9760,45.0000,0
92.10,2,0.0000,0,0,92.9436,7.0564,27.0000,0
92.10,3,80.5000,0,0,95.2454,4.7546,81.0000,0
92.10,4,0.0000,0,0,99.0005,0.9995,27.0000,0
92.10,5,68.5000,0,0,91.0609,8.9391,73.0000,0
92.10,6,0.0000,0,0,95.5052,4.4948,27.0000,0
92.10,7,0.0000,0,0,72.8390,27.1610,27.0000,0
92.10,8,88.0000,0,0,89.1376,10.8624,86.0000,0
92.10,9,0.0000,0,0,91.4188,8.5812,27.0000,0
93.10,0,0.0000,0,0,93.5116,6.4884,28.0000,0
93.10,1,26.5000,0,0,85.0240,14.9760,46.0000,0
93.10,2,0.0000,0,0,92.9436,7.0564,28.0000,0
93.10,3,80.5000,0,0,95.2454,4.7546,82.0000,0
93.10,4,0.0000,0,0,99.0005,0.9995,28.0000,0
93.10,5,68.5000,0,0,91.0609,8.9391,74.0000,0
93.10,6,0.0000,0,0,95.5052,4.4948,28.0000,0
93.10,7,0.0000,0,0,72.8390,27.1610,28.0000,0
93.10,8,88.0000,0,0,89.1376,10.8624,87.0000,0
93.10,9,0.0000,0,0,91.4188,8.5812,28.0000,0
94.10,0,0.0000,0,0,93.5116,6.4884,29.0000,0
94.10,1,26.5000,0,0,85.0240,14.9760,47.0000,0
94.10,2,0.0000,0,0,92.9436,7.0564,29.0000,0
94.10,3,80.5000,0,0,95.2454,4.7546,83.0000,0
94.10,4,0.0000,0,0,99.0005,0.9995,29.0000,0
94.10,5,68.5000,0,0,91.0609,8.9391,75.0000,0
94.10,6,0.0000,0,0,95.5052,4.4948,29.0000,0
94.10,7,0.0000,0,0,72.8390,27.1610,29.0000,0
94.10,8,88.0000,0,0,89.1376,10.8624,88.0000,0
94.10,9,0.0000,0,0,91.4188,8.5812,29.0000,0
95.10,0,0.0000,0,0,93.5116,6.4884,30.0000,0
95.10,1,26.5000,0,0,85.0240,14.9760,48.0000,0
95.10,2,0.0000,0,0,92.9436,7.0564,30.0000,0
95.10,3,80.5000,0,0,95.2454,4.7546,84.0000,0
95.10,4,0.0000,0,0,99.0005,0.9995,30.0000,0
95.10,5,68.5000,0,0,91.0609,8.9391,76.0000,0
95.10,6,0.0000,0,0,95.5052,4.4948,30.0000,0
95.10,7,0.0000,0,0,72.8390,27.1610,30.0000,0
95.10,8,88.0000,0,0,89.1376,10.8624,89.0000,0
95.10,9,0.0000,0,0,91.4188,8.5812,30.0000,0
96.10,0,0.0000,0,0,93.5116,6.4884,31.0000,0
96.10,1,26.5000,0,0,85.0240,14.9760,49.0000,0
96.10,2,0.0000,0,0,92.9436,7.0564,31.0000,0
96.10,3,80.5000,0,0,95.2454,4.7546,85.0000,0
96.10,4,0.0000,0,0,99.0005,0.9995,31.0000,0
96.10,5,68.5000,0,0,91.0609,8.9391,77.0000,0
96.10,6,0.0000,0,0,95.5052,4.4948,31.0000,0
96.10,7,0.0000,0,0,72.8390,27.1610,31.0000,0
96.10,8,88.0000,0,0,89.1376,10.8624,90.0000,0
96.10,9,0.0000,0,0,91.4188,8.5812,31.0000,0
97.10,0,0.0000,0,0,93.5116,6.4884,32.0000,0
97.10,1,26.5000,0,0,85.0240,14.9760,50.0000,0
97.10,2,0.0000,0,0,92.9436,7.0564,32.0000,0
97.10,3,80.5000,0,0,95.2454,4.7546,86.0000,0
97.10,4,0.0000,0,0,99.0005,0.9995,32.0000,0
97.10,5,68.5000,0,0,91.0609,8.9391,78.0000,0
97.10,6,0.0000,0,0,95.5052,4.4948,32.0000,0
97.10,7,0.0000,0,0,72.8390,27.1610,32.0000,0
97.10,8,88.0000,0,0,89.1376,10.8624,91.0000,0
97.10,9,0.0000,0,0,91.4188,8.5812,32.0000,0
98.10,0,0.0000,0,0,93.5116,6.4884,33.0000,0
98.10,1,26.5000,0,0,85.0240,14.9760,51.0000,0
98.10,2,0.0000,0,0,92.9436,7.0564,33.0000,0
98.10,3,80.5000,0,0,95.2454,4.7546,87.0000,0
98.10,4,0.0000,0,0,99.0005,0.9995,33.0000,0
98.10,5,68.5000,0,0,91.0609,8.9391,79.0000,0
98.10,6,0.0000,0,0,95.5052,4.4948,33.0000,0
98.10,7,0.0000,0,0,72.8390,27.1610,33.0000,0
98.10,8,88.0000,0,0,89.1376,10.8624,92.0000,0
98.10,9,0.0000,0,0,91.4188,8.5812,33.0000,0
99.10,0,0.0000,0,0,93.5116,6.4884,34.0000,0
99.10,1,26.5000,0,0,85.0240,14.9760,52.0000,0
99.10,2,0.0000,0,0,92.9436,7.0564,34.0000,0
99.10,3,80.5000,0,0,95.2454,4.7546,88.0000,0
99.10,4,0.0000,0,0,99.0005,0.9995,34.0000,0
99.10,5,68.5000,0,0,91.0609,8.9391,80.0000,0
99.10,6,0.0000,0,0,95.5052,4.4948,34.0000,0
99.10,7,0.0000,0,0,72.8390,27.1610,34.0000,0
99.10,8,88.0000,0,0,89.1376,10.8624,93.0000,0
99.10,9,0.0000,0,0,91.4188,8.5812,34.0000,0
100.10,0,0.0000,0,0,93.5116,6.4884,35.0000,0
100.10,1,26.5000,0,0,85.0240,14.9760,53.0000,0
100.10,2,0.0000,0,0,92.9436,7.0564,35.0000,0
100.10,3,80.5000,0,0,95.2454,4.7546,89.0000,0
100.10,4,0.0000,0,0,99.0005,0.9995,35.0000,0
100.10,5,68.5000,0,0,91.0609,8.9391,81.0000,0
100.10,6,0.0000,0,0,95.5052,4.4948,35.0000,0
100.10,7,0.0000,0,0,72.8390,27.1610,35.0000,0
100.10,8,88.0000,0,0,89.1376,10.8624,94.0000,0
100.10,9,0.0000,0,0,91.4188,8.5812,35.0000,0
101.10,0,0.0000,0,0,93.5116,6.4884,36.0000,0
101.10,1,26.5000,0,0,85.0240,14.9760,54.0000,0
101.10,2,0.0000,0,0,92.9436,7.0564,36.0000,0
101.10,3,80.5000,0,0,95.2454,4.7546,90.0000,0
101.10,4,0.0000,0,0,99.0005,0.9995,36.0000,0
101.10,5,68.5000,0,0,91.0609,8.9391,82.0000,0
101.10,6,0.0000,0,0,95.5052,4.4948,36.0000,0
101.10,7,0.0000,0,0,72.8390,27.1610,36.0000,0
101.10,8,88.0000,0,0,89.1376,10.8624,95.0000,0
101.10,9,0.0000,0,0,91.4188,8.5812,36.0000,0
102.10,0,0.0000,0,0,93.5116,6.4884,37.0000,0
102.10,1,26.5000,0,0,85.0240,14.9760,55.0000,0
102.10,2,0.0000,0,0,92.9436,7.0564,37.0000,0
102.10,3,80.5000,0,0,95.2454,4.7546,91.0000,0
102.10,4,0.0000,0,0,99.0005,0.9995,37.0000,0
102.10,5,68.5000,0,0,91.0609,8.9391,83.0000,0
102.10,6,0.0000,0,0,95.5052,4.4948,37.0000,0
102.10,7,0.0000,0,0,72.8390,27.1610,37.0000,0
102.10,8,88.0000,0,0,89.1376,10.8624,96.0000,0
102.10,9,0.0000,0,0,91.4188,8.5812,37.0000,0
103.10,0,0.0000,0,0,93.5116,6.4884,38.0000,0
103.10,1,26.5000,0,0,85.0240,14.9760,56.0000,0
103.10,2,0.0000,0,0,92.9436,7.0564,38.0000,0
103.10,3,80.5000,0,0,95.2454,4.7546,92.0000,0
103.10,4,0.0000,0,0,99.0005,0.9995,38.0000,0
103.10,5,68.5000,0,0,91.0609,8.9391,84.0000,0
103.10,6,0.0000,0,0,95.5052,4.4948,38.0000,0
103.10,7,0.0000,0,0,72.8390,27.1610,38.0000,0
103.10,8,88.0000,0,0,89.1376,10.8624,97.0000,0
103.10,9,0.0000,0,0,91.4188,8.5812,38.0000,0
104.10,0,0.0000,0,0,93.5116,6.4884,39.0000,0
104.10,1,26.5000,0,0,85.0240,14.9760,57.0000,0
104.10,2,0.0000,0,0,92.9436,7.0564,39.0000,0
104.10,3,80.5000,0,0,95.2454,4.7546,93.0000,0
104.10,4,0.0000,0,0,99.0005,0.9995,39.0000,0
104.10,5,68.5000,0,0,91.0609,8.9391,85.0000,0
104.10,6,0.0000,0,0,95.5052,4.4948,39.0000,0
104.10,7,0.0000,0,0,72.8390,27.1610,39.0000,0
104.10,8,88.0000,0,0,89.1376,10.8624,98.0000,0
104.10,9,0.0000,0,0,91.4188,8.5812,39.0000,0
105.10,0,0.0000,0,0,93.5116,6.4884,40.0000,0
105.10,1,26.5000,0,0,85.0240,14.9760,58.0000,0
105.10,2,0.0000,0,0,92.9436,7.0564,40.0000,0
105.10,3,80.5000,0,0,95.2454,4.7546,94.0000,0
105.10,4,0.0000,0,0,99.0005,0.9995,40.0000,0
105.10,5,68.5000,0,0,91.0609,8.9391,86.0000,0
105.10,6,0.0000,0,0,95.5052,4.4948,40.0000,0
105.10,7,0.0000,0,0,72.8390,27.1610,40.0000,0
105.10,8,88.0000,0,0,89.1376,10.8624,99.0000,0
105.10,9,0.0000,0,0,91.4188,8.5812,40.0000,0
106.10,0,0.0000,0,0,93.5116,6.4884,41.0000,0
106.10,1,26.5000,0,0,85.0240,14.9760,59.0000,0
106.10,2,0.0000,0,0,92.9436,7.0564,41.0000,0
106.10,3,80.5000,0,0,95.2454,4.7546,95.0000,0
106.10,4,0.0000,0,0,99.0005,0.9995,41.0000,0
106.10,5,68.5000,0,0,91.0609,8.9391,87.0000,0
106.10,6,0.0000,0,0,95.5052,4.4948,41.0000,0
106.10,7,0.0000,0,0,72.8390,27.1610,41.0000,0
106.10,8,88.0000,0,0,89.1376,10.8624,100.0000,0
106.10,9,0.0000,0,0,91.4188,8.5812,41.0000,0
107.10,0,0.0000,0,0,93.5116,6.4884,42.0000,0
107.10,1,26.5000,0,0,85.0240,14.9760,60.0000,0
107.10,2,0.0000,0,0,92.9436,7.0564,42.0000,0
107.10,3,80.5000,0,0,95.2454,4.7546,96.0000,0
107.10,4,0.0000,0,0,99.0005,0.9995,42.0000,0
107.10,5,68.5000,0,0,91.0609,8.9391,88.0000,0
107.10,6,0.0000,0,0,95.5052,4.4948,42.0000,0
107.10,7,0.0000,0,0,72.8390,27.1610,42.0000,0
107.10,8,88.0000,0,0,89.1376,10.8624,101.0000,0
107.10,9,0.0000,0,0,91.4188,8.5812,42.0000,0
108.10,0,0.0000,0,0,93.5116,6.4884,43.0000,0
108.10,1,26.5000,0,0,85.0240,14.9760,61.0000,0
108.10,2,0.0000,0,0,92.9436,7.0564,43.0000,0
108.10,3,80.5000,0,0,95.2454,4.7546,97.0000,0
108.10,4,0.0000,0,0,99.0005,0.9995,43.0000,0
108.10,5,68.5000,0,0,91.0609,8.9391,89.0000,0
108.10,6,0.0000,0,0,95.5052,4.4948,43.0000,0
108.10,7,0.0000,0,0,72.8390,27.1610,43.0000,0
108.10,8,88.0000,0,0,89.1376,10.8624,102.0000,0
108.10,9,0.0000,0,0,91.4188,8.5812,43.0000,0
109.10,0,0.0000,0,0,93.5116,6.4884,44.0000,0
109.10,1,26.5000,0,0,85.0240,14.9760,62.0000,0
109.10,2,0.0000,0,0,92.9436,7.0564,44.0000,0
109.10,3,80.5000,0,0,95.2454,4.7546,98.0000,0
109.10,4,0.0000,0,0,99.0005,0.9995,44.0000,0
109.10,5,68.5000,0,0,91.0609,8.9391,90.0000,0
109.10,6,0.0000,0,0,95.5052,4.4948,44.0000,0
109.10,7,0.0000,0,0,72.8390,27.1610,44.0000,0
109.10,8,88.0000,0,0,89.1376,10.8624,103.0000,0
109.10,9,0.0000,0,0,91.4188,8.5812,44.0000,0
110.10,0,0.0000,0,0,93.5116,6.4884,45.0000,0
110.10,1,26.5000,0,0,85.0240,14.9760,63.0000,0
110.10,2,0.0000,0,0,92.9436,7.0564,45.0000,0
110.10,3,80.5000,0,0,95.2454,4.7546,99.0000,0
110.10,4,0.0000,0,0,99.0005,0.9995,45.0000,0
110.10,5,68.5000,0,0,91.0609,8.9391,91.0000,0
110.10,6,0.0000,0,0,95.5052,4.4948,45.0000,0
110.10,7,0.0000,0,0,72.8390,27.1610,45.0000,0
110.10,8,88.0000,0,0,89.1376,10.8624,104.0000,0
110.10,9,0.0000,0,0,91.4188,8.5812,45.0000,0
111.10,0,0.0000,0,0,93.5116,6.4884,46.0000,0
111.10,1,26.5000,0,0,85.0240,14.9760,64.0000,0
111.10,2,0.0000,0,0,92.9436,7.0564,46.0000,0
111.10,3,80.5000,0,0,95.2454,4.7546,100.0000,0
111.10,4,0.0000,0,0,99.0005,0.9995,46.0000,0
111.10,5,68.5000,0,0,91.0609,8.9391,92.0000,0
111.10,6,0.0000,0,0,95.5052,4.4948,46.0000,0
111.10,7,0.0000,0,0,72.8390,27.1610,46.0000,0
111.10,8,88.0000,0,0,89.1376,10.8624,105.0000,0
111.10,9,0.0000,0,0,91.4188,8.5812,46.0000,0
112.10,0,0.0000,0,0,93.5116,6.4884,47.0000,0
112.10,1,26.5000,0,0,85.0240,14.9760,65.0000,0
112.10,2,0.0000,0,0,92.9436,7.0564,47.0000,0
112.10,3,80.5000,0,0,95.2454,4.7546,101.0000,0
112.10,4,0.0000,0,0,99.0005,0.9995,47.0000,0
112.10,5,68.5000,0,0,91.0609,8.9391,93.0000,0
112.10,6,0.0000,0,0,95.5052,4.4948,47.0000,0
112.10,7,0.0000,0,0,72.8390,27.1610,47.0000,0
112.10,8,88.0000,0,0,89.1376,10.8624,106.0000,0
112.10,9,0.0000,0,0,91.4188,8.5812,47.0000,0
113.10,0,0.0000,0,0,93.5116,6.4884,48.0000,0
113.10,1,26.5000,0,0,85.0240,14.9760,66.0000,0
113.10,2,0.0000,0,0,92.9436,7.0564,48.0000,0
113.10,3,80.5000,0,0,95.2454,4.7546,102.0000,0
113.10,4,0.0000,0,0,99.0005,0.9995,48.0000,0
113.10,5,68.5000,0,0,91.0609,8.9391,94.0000,0
113.10,6,0.0000,0,0,95.5052,4.4948,48.0000,0
113.10,7,0.0000,0,0,72.8390,27.1610,48.0000,0
113.10,8,88.0000,0,0,89.1376,10.8624,107.0000,0
113.10,9,0.0000,0,0,91.4188,8.5812,48.0000,0
114.10,0,0.0000,0,0,93.5116,6.4884,49.0000,0
114.10,1,26.5000,0,0,85.0240,14.9760,67.0000,0
114.10,2,0.0000,0,0,92.9436,7.0564,49.0000,0
114.10,3,80.5000,0,0,95.2454,4.7546,103.0000,0
114.10,4,0.0000,0,0,99.0005,0.9995,49.0000,0
114.10,5,68.5000,0,0,91.0609,8.9391,95.0000,0
114.10,6,0.0000,0,0,95.5052,4.4948,49.0000,0
114.10,7,0.0000,0,0,72.8390,27.1610,49.0000,0
114.10,8,88.0000,0,0,89.1376,10.8624,108.0000,0
114.10,9,0.0000,0,0,91.4188,8.5812,49.0000,0
115.10,0,0.0000,0,0,93.5116,6.4884,50.0000,0
115.10,1,26.5000,0,0,85.0240,14.9760,68.0000,0
115.10,2,0.0000,0,0,92.9436,7.0564,50.0000,0
115.10,3,80.5000,0,0,95.2454,4.7546,104.0000,0
115.10,4,0.0000,0,0,99.0005,0.9995,50.0000,0
115.10,5,68.5000,0,0,91.0609,8.9391,96.0000,0
115.10,6,0.0000,0,0,95.5052,4.4948,50.0000,0
115.10,7,0.0000,0,0,72.8390,27.1610,50.0000,0
115.10,8,88.0000,0,0,89.1376,10.8624,109.0000,0
115.10,9,0.0000,0,0,91.4188,8.5812,50.0000,0
116.10,0,0.0000,0,0,93.5116,6.4884,51.0000,0
116.10,1,26.5000,0,0,85.0240,14.9760,69.0000,0
116.10,2,0.0000,0,0,92.9436,7.0564,51.0000,0
116.10,3,80.5000,0,0,95.2454,4.7546,105.0000,0
116.10,4,0.0000,0,0,99.0005,0.9995,51.0000,0
116.10,5,68.5000,0,0,91.0609,8.9391,97.0000,0
116.10,6,0.0000,0,0,95.5052,4.4948,51.0000,0
116.10,7,0.0000,0,0,72.8390,27.1610,51.0000,0
116.10,8,88.0000,0,0,89.1376,10.8624,110.0000,0
116.10,9,0.0000,0,0,91.4188,8.5812,51.0000,0
117.10,0,0.0000,0,0,93.5116,6.4884,52.0000,0
117.10,1,26.5000,0,0,85.0240,14.9760,70.0000,0
117.10,2,0.0000,0,0,92.9436,7.0564,52.0000,0
117.10,3,80.5000,0,0,95.2454,4.7546,106.0000,0
117.10,4,0.0000,0,0,99.0005,0.9995,52.0000,0
117.10,5,68.5000,0,0,91.0609,8.9391,98.0000,0
117.10,6,0.0000,0,0,95.5052,4.4948,52.0000,0
117.10,7,0.0000,0,0,72.8390,27.1610,52.0000,0
117.10,8,88.0000,0,0,89.1376,10.8624,111.0000,0
117.10,9,0.0000,0,0,91.4188,8.5812,52.0000,0
118.10,0,0.0000,0,0,93.5116,6.4884,53.0000,0
118.10,1,26.5000,0,0,85.0240,14.9760,71.0000,0
118.10,2,0.0000,0,0,92.9436,7.0564,53.0000,0
118.10,3,80.5000,0,0,95.2454,4.7546,107.0000,0
118.10,4,0.0000,0,0,99.0005,0.9995,53.0000,0
118.10,5,68.5000,0,0,91.0609,8.9391,99.0000,0
118.10,6,0.0000,0,0,95.5052,4.4948,53.0000,0
118.10,7,0.0000,0,0,72.8390,27.1610,53.0000,0
118.10,8,88.0000,0,0,89.1376,10.8624,112.0000,0
118.10,9,0.0000,0,0,91.4188,8.5812,53.0000,0
119.10,0,0.0000,0,0,93.5116,6.4884,54.0000,0
119.10,1,26.5000,0,0,85.0240,14.9760,72.0000,0
119.10,2,0.0000,0,0,92.9436,7.0564,54.0000,0
119.10,3,80.5000,0,0,95.2454,4.7546,108.0000,0
119.10,4,0.0000,0,0,99.0005,0.9995,54.0000,0
119.10,5,68.5000,0,0,91.0609,8.9391,100.0000,0
119.10,6,0.0000,0,0,95.5052,4.4948,54.0000,0
119.10,7,0.0000,0,0,72.8390,27.1610,54.0000,0
119.10,8,88.0000,0,0,89.1376,10.8624,113.0000,0
119.10,9,0.0000,0,0,91.4188,8.5812,54.0000,0
120.10,0,0.0000,0,0,93.5116,6.4884,55.0000,0
120.10,1,26.5000,0,0,85.0240,14.9760,73.0000,0
120.10,2,0.0000,0,0,92.9436,7.0564,55.0000,0
120.10,3,80.5000,0,0,95.2454,4.7546,109.0000,0
120.10,4,0.0000,0,0,99.0005,0.9995,55.0000,0
120.10,5,68.5000,0,0,91.0609,8.9391,101.0000,0
120.10,6,0.0000,0,0,95.5052,4.4948,55.0000,0
120.10,7,0.0000,0,0,72.8390,27.1610,55.0000,0
120.10,8,88.0000,0,0,89.1376,10.8624,114.0000,0
120.10,9,0.0000,0,0,91.4188,8.5812,55.0000,0
121.10,0,0.0000,0,0,93.5116,6.4884,56.0000,0
121.10,1,26.5000,0,0,85.0240,14.9760,74.0000,0
121.10,2,0.0000,0,0,92.9436,7.0564,56.0000,0
121.10,3,80.5000,0,0,95.2454,4.7546,110.0000,0
121.10,4,0.0000,0,0,99.0005,0.9995,56.0000,0
121.10,5,68.5000,0,0,91.0609,8.9391,102.0000,0
121.10,6,0.0000,0,0,95.5052,4.4948,56.0000,0
121.10,7,0.0000,0,0,72.8390,27.1610,56.0000,0
121.10,8,88.0000,0,0,89.1376,10.8624,115.0000,0
121.10,9,0.0000,0,0,91.4188,8.5812,56.0000,0
122.10,0,0.0000,0,0,93.5116,6.4884,57.0000,0
122.10,1,26.5000,0,0,85.0240,14.9760,75.0000,0
122.10,2,0.0000,0,0,92.9436,7.0564,57.0000,0
122.10,3,80.5000,0,0,95.2454,4.7546,111.0000,0
122.10,4,0.0000,0,0,99.0005,0.9995,57.0000,0
122.10,5,68.5000,0,0,91.0609,8.9391,103.0000,0
122.10,6,0.0000,0,0,95.5052,4.4948,57.0000,0
122.10,7,0.0000,0,0,72.8390,27.1610,57.0000,0
122.10,8,88.0000,0,0,89.1376,10.8624,116.0000,0
122.10,9,0.0000,0,0,91.4188,8.5812,57.0000,0
123.10,0,0.0000,0,0,93.5116,6.4884,58.0000,0
123.10,1,26.5000,0,0,85.0240,14.9760,76.0000,0
123.10,2,0.0000,0,0,92.9436,7.0564,58.0000,0
123.10,3,80.5000,0,0,95.2454,4.7546,112.0000,0
123.10,4,0.0000,0,0,99.0005,0.9995,58.0000,0
123.10,5,68.5000,0,0,91.0609,8.9391,104.0000,0
123.10,6,0.0000,0,0,95.5052,4.4948,58.0000,0
123.10,7,0.0000,0,0,72.8390,27.1610,58.0000,0
123.10,8,88.0000,0,0,89.1376,10.8624,117.0000,0
123.10,9,0.0000,0,0,91.4188,8.5812,58.0000,0
124.10,0,0.0000,0,0,93.5116,6.4884,59.0000,0
124.10,1,26.5000,0,0,85.0240,14.9760,77.0000,0
124.10,2,0.0000,0,0,92.9436,7.0564,59.0000,0
124.10,3,80.5000,0,0,95.2454,4.7546,113.0000,0
124.10,4,0.0000,0,0,99.0005,0.9995,59.0000,0
124.10,5,68.5000,0,0,91.0609,8.9391,105.0000,0
124.10,6,0.0000,0,0,95.5052,4.4948,59.0000,0
124.10,7,0.0000,0,0,72.8390,27.1610,59.0000,0
124.10,8,88.0000,0,0,89.1376,10.8624,118.0000,0
124.10,9,0.0000,0,0,91.4188,8.5812,59.0000,0
125.10,0,0.0000,0,0,93.5116,6.4884,60.0000,0
125.10,1,26.5000,0,0,85.0240,14.9760,78.0000,0
125.10,2,0.0000,0,0,92.9436,7.0564,60.0000,0
125.10,3,80.5000,0,0,95.2454,4.7546,114.0000,0
125.10,4,0.0000,0,0,99.0005,0.9995,60.0000,0
125.10,5,68.5000,0,0,91.0609,8.9391,106.0000,0
125.10,6,0.0000,0,0,95.5052,4.4948,60.0000,0
125.10,7,0.0000,0,0,72.8390,27.1610,60.0000,0
125.10,8,88.0000,0,0,89.1376,10.8624,119.0000,0
125.10,9,0.0000,0,0,91.4188,8.5812,60.0000,0
126.10,0,0.0000,0,0,93.5116,6.4884,61.0000,0
126.10,1,26.5000,0,0,85.0240,14.9760,79.0000,0
126.10,2,0.0000,0,0,92.9436,7.0564,61.0000,0
126.10,3,80.5000,0,0,95.2454,4.7546,115.0000,0
126.10,4,0.0000,0,0,99.0005,0.9995,61.0000,0
126.10,5,68.5000,0,0,91.0609,8.9391,107.0000,0
126.10,6,0.0000,0,0,95.5052,4.4948,61.0000,0
126.10,7,0.0000,0,0,72.8390,27.1610,61.0000,0
126.10,8,88.0000,0,0,89.1376,10.8624,120.0000,0
126.10,9,0.0000,0,0,91.4188,8.5812,61.0000,0
127.10,0,0.0000,0,0,93.5116,6.4884,62.0000,0
127.10,1,26.5000,0,0,85.0240,14.9760,80.0000,0
127.10,2,0.0000,0,0,92.9436,7.0564,62.0000,0
127.10,3,80.5000,0,0,95.2454,4.7546,116.0000,0
127.10,4,0.0000,0,0,99.0005,0.9995,62.0000,0
127.10,5,68.5000,0,0,91.0609,8.9391,108.0000,0
127.10,6,0.0000,0,0,95.5052,4.4948,62.0000,0
127.10,7,0.0000,0,0,72.8390,27.1610,62.0000,0
127.10,8,88.0000,0,0,89.1376,10.8624,121.0000,0
127.10,9,0.0000,0,0,91.4188,8.5812,62.0000,0
128.10,0,0.0000,0,0,93.5116,6.4884,63.0000,0
128.10,1,26.5000,0,0,85.0240,14.9760,81.0000,0
128.10,2,0.0000,0,0,92.9436,7.0564,63.0000,0
128.10,3,80.5000,0,0,95.2454,4.7546,117.0000,0
128.10,4,0.0000,0,0,99.0005,0.9995,63.0000,0
128.10,5,68.5000,0,0,91.0609,8.9391,109.0000,0
128.10,6,0.0000,0,0,95.5052,4.4948,63.0000,0
128.10,7,0.0000,0,0,72.8390,27.1610,63.0000,0
128.10,8,88.0000,0,0,89.1376,10.8624,122.0000,0
128.10,9,0.0000,0,0,91.4188,8.5812,63.0000,0
129.10,0,0.0000,0,0,93.5116,6.4884,64.0000,0
129.10,1,26.5000,0,0,85.0240,14.9760,82.0000,0
129.10,2,0.0000,0,0,92.9436,7.0564,64.0000,0
129.10,3,80.5000,0,0,95.2454,4.7546,118.0000,0
129.10,4,0.0000,0,0,99.0005,0.9995,64.0000,0
129.10,5,68.5000,0,0,91.0609,8.9391,110.0000,0
129.10,6,0.0000,0,0,95.5052,4.4948,64.0000,0
129.10,7,0.0000,0,0,72.8390,27.1610,64.0000,0
129.10,8,88.0000,0,0,89.1376,10.8624,123.0000,0
129.10,9,0.0000,0,0,91.4188,8.5812,64.0000,0
130.10,0,0.0000,0,0,93.5116,6.4884,65.0000,0
130.10,1,26.5000,0,0,85.0240,14.9760,83.0000,0
130.10,2,0.0000,0,0,92.9436,7.0564,65.0000,0
130.10,3,80.5000,0,0,95.2454,4.7546,119.0000,0
130.10,4,0.0000,0,0,99.0005,0.9995,65.0000,0
130.10,5,68.5000,0,0,91.0609,8.9391,111.0000,0
130.10,6,0.0000,0,0,95.5052,4.4948,65.0000,0
130.10,7,0.0000,0,0,72.8390,27.1610,65.0000,0
130.10,8,88.0000,0,0,89.1376,10.8624,124.0000,0
130.10,9,0.0000,0,0,91.4188,8.5812,65.0000,0
131.10,0,0.0000,0,0,93.5116,6.4884,66.0000,0
131.10,1,26.5000,0,0,85.0240,14.9760,84.0000,0
131.10,2,0.0000,0,0,92.9436,7.0564,66.0000,0
131.10,3,80.5000,0,0,95.2454,4.7546,120.0000,0
131.10,4,0.0000,0,0,99.0005,0.9995,66.0000,0
131.10,5,68.5000,0,0,91.0609,8.9391,112.0000,0
131.10,6,0.0000,0,0,95.5052,4.4948,66.0000,0
131.10,7,0.0000,0,0,72.8390,27.1610,66.0000,0
131.10,8,88.0000,0,0,89.1376,10.8624,125.0000,0
131.10,9,0.0000,0,0,91.4188,8.5812,66.0000,0
132.10,0,0.0000,0,0,93.5116,6.4884,67.0000,0
132.10,1,26.5000,0,0,85.0240,14.9760,85.0000,0
132.10,2,0.0000,0,0,92.9436,7.0564,67.0000,0
132.10,3,80.5000,0,0,95.2454,4.7546,121.0000,0
132.10,4,0.0000,0,0,99.0005,0.9995,67.0000,0
132.10,5,68.5000,0,0,91.0609,8.9391,113.0000,0
132.10,6,0.0000,0,0,95.5052,4.4948,67.0000,0
132.10,7,0.0000,0,0,72.8390,27.1610,67.0000,0
132.10,8,88.0000,0,0,89.1376,10.8624,126.0000,0
132.10,9,0.0000,0,0,91.4188,8.5812,67.0000,0
133.10,0,0.0000,0,0,93.5116,6.4884,68.0000,0
133.10,1,26.5000,0,0,85.0240,14.9760,86.0000,0
133.10,2,0.0000,0,0,92.9436,7.0564,68.0000,0
133.10,3,80.5000,0,0,95.2454,4.7546,122.0000,0
133.10,4,0.0000,0,0,99.0005,0.9995,68.0000,0
133.10,5,68.5000,0,0,91.0609,8.9391,114.0000,0
133.10,6,0.0000,0,0,95.5052,4.4948,68.0000,0
133.10,7,0.0000,0,0,72.8390,27.1610,68.0000,0
133.10,8,88.0000,0,0,89.1376,10.8624,127.0000,0
133.10,9,0.0000,0,0,91.4188,8.5812,68.0000,0
134.10,0,0.0000,0,0,93.5116,6.4884,69.0000,0
134.10,1,26.5000,0,0,85.0240,14.9760,87.0000,0
134.10,2,0.0000,0,0,92.9436,7.0564,69.0000,0
134.10,3,80.5000,0,0,95.2454,4.7546,123.0000,0
134.10,4,0.0000,0,0,99.0005,0.9995,69.0000,0
134.10,5,68.5000,0,0,91.0609,8.9391,115.0000,0
134.10,6,0.0000,0,0,95.5052,4.4948,69.0000,0
134.10,7,0.0000,0,0,72.8390,27.1610,69.0000,0
134.10,8,88.0000,0,0,89.1376,10.8624,128.0000,0
134.10,9,0.0000,0,0,91.4188,8.5812,69.0000,0
135.10,0,0.0000,0,0,93.5116,6.4884,70.0000,0
135.10,1,26.5000,0,0,85.0240,14.9760,88.0000,0
135.10,2,0.0000,0,0,92.9436,7.0564,70.0000,0
135.10,3,80.5000,0,0,95.2454,4.7546,124.0000,0
135.10,4,0.0000,0,0,99.0005,0.9995,70.0000,0
135.10,5,68.5000,0,0,91.0609,8.9391,116.0000,0
135.10,6,0.0000,0,0,95.5052,4.4948,70.0000,0
135.10,7,0.0000,0,0,72.8390,27.1610,70.0000,0
135.10,8,88.0000,0,0,89.1376,10.8624,129.0000,0
135.10,9,0.0000,0,0,91.4188,8.5812,70.0000,0
136.10,0,0.0000,0,0,93.5116,6.4884,71.0000,0
136.10,1,26.5000,0,0,85.0240,14.9760,89.0000,0
136.10,2,0.0000,0,0,92.9436,7.0564,71.0000,0
136.10,3,80.5000,0,0,95.2454,4.7546,125.0000,0
136.10,4,0.0000,0,0,99.0005,0.9995,71.0000,0
136.10,5,68.5000,0,0,91.0609,8.9391,117.0000,0
136.10,6,0.0000,0,0,95.5052,4.4948,71.0000,0
136.10,7,0.0000,0,0,72.8390,27.1610,71.0000,0
136.10,8,88.0000,0,0,89.1376,10.8624,130.0000,0
136.10,9,0.0000,0,0,91.4188,8.5812,71.0000,0
137.10,0,0.0000,0,0,93.5116,6.4884,72.0000,0
137.10,1,26.5000,0,0,85.0240,14.9760,90.0000,0
137.10,2,0.0000,0,0,92.9436,7.0564,72.0000,0
137.10,3,80.5000,0,0,95.2454,4.7546,126.0000,0
137.10,4,0.0000,0,0,99.0005,0.9995,72.0000,0
137.10,5,68.5000,0,0,91.0609,8.9391,118.0000,0
137.10,6,0.0000,0,0,95.5052,4.4948,72.0000,0
137.10,7,0.0000,0,0,72.8390,27.1610,72.0000,0
137.10,8,88.0000,0,0,89.1376,10.8624,131.0000,0
137.10,9,0.0000,0,0,91.4188,8.5812,72.0000,0
138.10,0,0.0000,0,0,93.5116,6.4884,73.0000,0
138.10,1,26.5000,0,0,85.0240,14.9760,91.0000,0
138.10,2,0.0000,0,0,92.9436,7.0564,73.0000,0
138.10,3,80.5000,0,0,95.2454,4.7546,127.0000,0
138.10,4,0.0000,0,0,99.0005,0.9995,73.0000,0
138.10,5,68.5000,0,0,91.0609,8.9391,119.0000,0
138.10,6,0.0000,0,0,95.5052,4.4948,73.0000,0
138.10,7,0.0000,0,0,72.8390,27.1610,73.0000,0
138.10,8,88.0000,0,0,89.1376,10.8624,132.0000,0
138.10,9,0.0000,0,0,91.4188,8.5812,73.0000,0
139.10,0,0.0000,0,0,93.5116,6.4884,74.0000,0
139.10,1,26.5000,0,0,85.0240,14.9760,92.0000,0
139.10,2,0.0000,0,0,92.9436,7.0564,74.0000,0
139.10,3,80.5000,0,0,95.2454,4.7546,128.0000,0
139.10,4,0.0000,0,0,99.0005,0.9995,74.0000,0
139.10,5,68.5000,0,0,91.0609,8.9391,120.0000,0
139.10,6,0.0000,0,0,95.5052,4.4948,74.0000,0
139.10,7,0.0000,0,0,72.8390,27.1610,74.0000,0
139.10,8,88.0000,0,0,89.1376,10.8624,133.0000,0
139.10,9,0.0000,0,0,91.4188,8.5812,74.0000,0
140.10,0,0.0000,0,0,93.5116,6.4884,75.0000,0
140.10,1,26.5000,0,0,85.0240,14.9760,93.0000,0
140.10,2,0.0000,0,0,92.9436,7.0564,75.0000,0
140.10,3,80.5000,0,0,95.2454,4.7546,129.0000,0
140.10,4,0.0000,0,0,99.0005,0.9995,75.0000,0
140.10,5,68.5000,0,0,91.0609,8.9391,121.0000,0
140.10,6,0.0000,0,0,95.5052,4.4948,75.0000,0
140.10,7,0.0000,0,0,72.8390,27.1610,75.0000,0
140.10,8,88.0000,0,0,89.1376,10.8624,134.0000,0
140.10,9,0.0000,0,0,91.4188,8.5812,75.0000,0
141.10,0,0.0000,0,0,93.5116,6.4884,76.0000,0
141.10,1,26.5000,0,0,85.0240,14.9760,94.0000,0
141.10,2,0.0000,0,0,92.9436,7.0564,76.0000,0
141.10,3,80.5000,0,0,95.2454,4.7546,130.0000,0
141.10,4,0.0000,0,0,99.0005,0.9995,76.0000,0
141.10,5,68.5000,0,0,91.0609,8.9391,122.0000,0
141.10,6,0.0000,0,0,95.5052,4.4948,76.0000,0
141.10,7,0.0000,0,0,72.8390,27.1610,76.0000,0
141.10,8,88.0000,0,0,89.1376,10.8624,135.0000,0
141.10,9,0.0000,0,0,91.4188,8.5812,76.0000,0
142.10,0,0.0000,0,0,93.5116,6.4884,77.0000,0
142.10,1,26.5000,0,0,85.0240,14.9760,95.0000,0
142.10,2,0.0000,0,0,92.9436,7.0564,77.0000,0
142.10,3,80.5000,0,0,95.2454,4.7546,131.0000,0
142.10,4,0.0000,0,0,99.0005,0.9995,77.0000,0
142.10,5,68.5000,0,0,91.0609,8.9391,123.0000,0
142.10,6,0.0000,0,0,95.5052,4.4948,77.0000,0
142.10,7,0.0000,0,0,72.8390,27.1610,77.0000,0
142.10,8,88.0000,0,0,89.1376,10.8624,136.0000,0
142.10,9,0.0000,0,0,91.4188,8.5812,77.0000,0
143.10,0,0.0000,0,0,93.5116,6.4884,78.0000,0
143.10,1,26.5000,0,0,85.0240,14.9760,96.0000,0
143.10,2,0.0000,0,0,92.9436,7.0564,78.0000,0
143.10,3,80.5000,0,0,95.2454,4.7546,132.0000,0
143.10,4,0.0000,0,0,99.0005,0.9995,78.0000,0
143.10,5,68.5000,0,0,91.0609,8.9391,124.0000,0
143.10,6,0.0000,0,0,95.5052,4.4948,78.0000,0
143.10,7,0.0000,0,0,72.8390,27.1610,78.0000,0
143.10,8,88.0000,0,0,89.1376,10.8624,137.0000,0
143.10,9,0.0000,0,0,91.4188,8.5812,78.0000,0
144.10,0,0.0000,0,0,93.5116,6.4884,79.0000,0
144.10,1,26.5000,0,0,85.0240,14.9760,97.0000,0
144.10,2,0.0000,0,0,92.9436,7.0564,79.0000,0
144.10,3,80.5000,0,0,95.2454,4.7546,133.0000,0
144.10,4,0.0000,0,0,99.0005,0.9995,79.0000,0
144.10,5,68.5000,0,0,91.0609,8.9391,125.0000,0
144.10,6,0.0000,0,0,95.5052,4.4948,79.0000,0
144.10,7,0.0000,0,0,72.8390,27.1610,79.0000,0
144.10,8,88.0000,0,0,89.1376,10.8624,138.0000,0
144.10,9,0.0000,0,0,91.4188,8.5812,79.0000,0
145.10,0,0.0000,0,0,93.5116,6.4884,80.0000,0
145.10,1,26.5000,0,0,85.0240,14.9760,98.0000,0
145.10,2,0.0000,0,0,92.9436,7.0564,80.0000,0
145.10,3,80.5000,0,0,95.2454,4.7546,134.0000,0
145.10,4,0.0000,0,0,99.0005,0.9995,80.0000,0
145.10,5,68.5000,0,0,91.0609,8.9391,126.0000,0
145.10,6,0.0000,0,0,95.5052,4.4948,80.0000,0
145.10,7,0.0000,0,0,72.8390,27.1610,80.0000,0
145.10,8,88.0000,0,0,89.1376,10.8624,139.0000,0
145.10,9,0.0000,0,0,91.4188,8.5812,80.0000,0
146.10,0,0.0000,0,0,93.5116,6.4884,81.0000,0
146.10,1,26.5000,0,0,85.0240,14.9760,99.0000,0
146.10,2,0.0000,0,0,92.9436,7.0564,81.0000,0
146.10,3,80.5000,0,0,95.2454,4.7546,135.0000,0
146.10,4,0.0000,0,0,99.0005,0.9995,81.0000,0
146.10,5,68.5000,0,0,91.0609,8.9391,127.0000,0
146.10,6,0.0000,0,0,95.5052,4.4948,81.0000,0
146.10,7,0.0000,0,0,72.8390,27.1610,81.0000,0
146.10,8,88.0000,0,0,89.1376,10.8624,140.0000,0
146.10,9,0.0000,0,0,91.4188,8.5812,81.0000,0
147.10,0,0.0000,0,0,93.5116,6.4884,82.0000,0
147.10,1,26.5000,0,0,85.0240,14.9760,100.0000,0
147.10,2,0.0000,0,0,92.9436,7.0564,82.0000,0
147.10,3,80.5000,0,0,95.2454,4.7546,136.0000,0
147.10,4,0.0000,0,0,99.0005,0.9995,82.0000,0
147.10,5,68.5000,0,0,91.0609,8.9391,128.0000,0
147.10,6,0.0000,0,0,95.5052,4.4948,82.0000,0
147.10,7,0.0000,0,0,72.8390,27.1610,82.0000,0
147.10,8,88.0000,0,0,89.1376,10.8624,141.0000,0
147.10,9,0.0000,0,0,91.4188,8.5812,82.0000,0
148.10,0,0.0000,0,0,93.5116,6.4884,83.0000,0
148.10,1,26.5000,0,0,85.0240,14.9760,101.0000,0
148.10,2,0.0000,0,0,92.9436,7.0564,83.0000,0
148.10,3,80.5000,0,0,95.2454,4.7546,137.0000,0
148.10,4,0.0000,0,0,99.0005,0.9995,83.0000,0
148.10,5,68.5000,0,0,91.0609,8.9391,129.0000,0
148.10,6,0.0000,0,0,95.5052,4.4948,83.0000,0
148.10,7,0.0000,0,0,72.8390,27.1610,83.0000,0
148.10,8,88.0000,0,0,89.1376,10.8624,142.0000,0
148.10,9,0.0000,0,0,91.4188,8.5812,83.0000,0
149.10,0,0.0000,0,0,93.5116,6.4884,84.0000,0
149.10,1,26.5000,0,0,85.0240,14.9760,102.0000,0
149.10,2,0.0000,0,0,92.9436,7.0564,84.0000,0
149.10,3,80.5000,0,0,95.2454,4.7546,138.0000,0
149.10,4,0.0000,0,0,99.0005,0.9995,84.0000,0
149.10,5,68.5000,0,0,91.0609,8.9391,130.0000,0
149.10,6,0.0000,0,0,95.5052,4.4948,84.0000,0
149.10,7,0.0000,0,0,72.8390,27.1610,84.0000,0
149.10,8,88.0000,0,0,89.1376,10.8624,143.0000,0
149.10,9,0.0000,0,0,91.4188,8.5812,84.0000,0
150.10,0,0.0000,0,0,93.5116,6.4884,85.0000,0
150.10,1,26.5000,0,0,85.0240,14.9760,103.0000,0
150.10,2,0.0000,0,0,92.9436,7.0564,85.0000,0
150.10,3,80.5000,0,0,95.2454,4.7546,139.0000,0
150.10,4,0.0000,0,0,99.0005,0.9995,85.0000,0
150.10,5,68.5000,0,0,91.0609,8.9391,131.0000,0
150.10,6,0.0000,0,0,95.5052,4.4948,85.0000,0
150.10,7,0.0000,0,0,72.8390,27.1610,85.0000,0
150.10,8,88.0000,0,0,89.1376,10.8624,144.0000,0
150.10,9,0.0000,0,0,91.4188,8.5812,85.0000,0
151.10,0,0.0000,0,0,93.5116,6.4884,86.0000,0
151.10,1,26.5000,0,0,85.0240,14.9760,104.0000,0
151.10,2,0.0000,0,0,92.9436,7.0564,86.0000,0
151.10,3,80.5000,0,0,95.2454,4.7546,140.0000,0
151.10,4,0.0000,0,0,99.0005,0.9995,86.0000,0
151.10,5,68.5000,0,0,91.0609,8.9391,132.0000,0
151.10,6,0.0000,0,0,95.5052,4.4948,86.0000,0
151.10,7,0.0000,0,0,72.8390,27.1610,86.0000,0
151.10,8,88.0000,0,0,89.1376,10.8624,145.0000,0
151.10,9,0.0000,0,0,91.4188,8.5812,86.0000,0
152.10,0,0.0000,0,0,93.5116,6.4884,87.0000,0
152.10,1,26.5000,0,0,85.0240,14.9760,105.0000,0
152.10,2,0.0000,0,0,92.9436,7.0564,87.0000,0
152.10,3,80.5000,0,0,95.2454,4.7546,141.0000,0
152.10,4,0.0000,0,0,99.0005,0.9995,87.0000,0
152.10,5,68.5000,0,0,91.0609,8.9391,133.0000,0
152.10,6,0.0000,0,0,95.5052,4.4948,87.0000,0
152.10,7,0.0000,0,0,72.8390,27.1610,87.0000,0
152.10,8,88.0000,0,0,89.1376,10.8624,146.0000,0
152.10,9,0.0000,0,0,91.4188,8.5812,87.0000,0
153.10,0,0.0000,0,0,93.5116,6.4884,88.0000,0
153.10,1,26.5000,0,0,85.0240,14.9760,106.0000,0
153.10,2,0.0000,0,0,92.9436,7.0564,88.0000,0
153.10,3,80.5000,0,0,95.2454,4.7546,142.0000,0
153.10,4,0.0000,0,0,99.0005,0.9995,88.0000,0
153.10,5,68.5000,0,0,91.0609,8.9391,134.0000,0
153.10,6,0.0000,0,0,95.5052,4.4948,88.0000,0
153.10,7,0.0000,0,0,72.8390,27.1610,88.0000,0
153.10,8,88.0000,0,0,89.1376,10.8624,147.0000,0
153.10,9,0.0000,0,0,91.4188,8.5812,88.0000,0
154.10,0,0.0000,0,0,93.5116,6.4884,89.0000,0
154.10,1,26.5000,0,0,85.0240,14.9760,107.0000,0
154.10,2,0.0000,0,0,92.9436,7.0564,89.0000,0
154.10,3,80.5000,0,0,95.2454,4.7546,143.0000,0
154.10,4,0.0000,0,0,99.0005,0.9995,89.0000,0
154.10,5,68.5000,0,0,91.0609,8.9391,135.0000,0
154.10,6,0.0000,0,0,95.5052,4.4948,89.0000,0
154.10,7,0.0000,0,0,72.8390,27.1610,89.0000,0
154.10,8,88.0000,0,0,89.1376,10.8624,148.0000,0
154.10,9,0.0000,0,0,91.4188,8.5812,89.0000,0
155.10,0,0.0000,0,0,93.5116,6.4884,90.0000,0
155.10,1,26.5000,0,0,85.0240,14.9760,108.0000,0
155.10,2,0.0000,0,0,92.9436,7.0564,90.0000,0
155.10,3,80.5000,0,0,95.2454,4.7546,144.0000,0
155.10,4,0.0000,0,0,99.0005,0.9995,90.0000,0
155.10,5,68.5000,0,0,91.0609,8.9391,136.0000,0
155.10,6,0.0000,0,0,95.5052,4.4948,90.0000,0
155.10,7,0.0000,0,0,72.8390,27.1610,90.0000,0
155.10,8,88.0000,0,0,89.1376,10.8624,149.0000,0
155.10,9,0.0000,0,0,91.4188,8.5812,90.0000,0
156.10,0,0.0000,0,0,93.5116,6.4884,91.0000,0
156.10,1,26.5000,0,0,85.0240,14.9760,109.0000,0
156.10,2,0.0000,0,0,92.9436,7.0564,91.0000,0
156.10,3,80.5000,0,0,95.2454,4.7546,145.0000,0
156.10,4,0.0000,0,0,99.0005,0.9995,91.0000,0
156.10,5,68.5000,0,0,91.0609,8.9391,137.0000,0
156.10,6,0.0000,0,0,95.5052,4.4948,91.0000,0
156.10,7,0.0000,0,0,72.8390,27.1610,91.0000,0
156.10,8,88.0000,0,0,89.1376,10.8624,150.0000,0
156.10,9,0.0000,0,0,91.4188,8.5812,91.0000,0
157.10,0,0.0000,0,0,93.5116,6.4884,92.0000,0
157.10,1,26.5000,0,0,85.0240,14.9760,110.0000,0
157.10,2,0.0000,0,0,92.9436,7.0564,92.0000,0
157.10,3,80.5000,0,0,95.2454,4.7546,146.0000,0
157.10,4,0.0000,0,0,99.0005,0.9995,92.0000,0
157.10,5,68.5000,0,0,91.0609,8.9391,138.0000,0
157.10,6,0.0000,0,0,95.5052,4.4948,92.0000,0
157.10,7,0.0000,0,0,72.8390,27.1610,92.0000,0
157.10,8,88.0000,0,0,89.1376,10.8624,151.0000,0
157.10,9,0.0000,0,0,91.4188,8.5812,92.0000,0
158.10,0,0.0000,0,0,93.5116,6.4884,93.0000,0
158.10,1,26.5000,0,0,85.0240,14.9760,111.0000,0
158.10,2,0.0000,0,0,92.9436,7.0564,93.0000,0
158.10,3,80.5000,0,0,95.2454,4.7546,147.0000,0
158.10,4,0.0000,0,0,99.0005,0.9995,93.0000,0
158.10,5,68.5000,0,0,91.0609,8.9391,139.0000,0
158.10,6,0.0000,0,0,95.5052,4.4948,93.0000,0
158.10,7,0.0000,0,0,72.8390,27.1610,93.0000,0
158.10,8,88.0000,0,0,89.1376,10.8624,152.0000,0
158.10,9,0.0000,0,0,91.4188,8.5812,93.0000,0
159.10,0,0.0000,0,0,93.5116,6.4884,94.0000,0
159.10,1,26.5000,0,0,85.0240,14.9760,112.0000,0
159.10,2,0.0000,0,0,92.9436,7.0564,94.0000,0
159.10,3,80.5000,0,0,95.2454,4.7546,148.0000,0
159.10,4,0.0000,0,0,99.0005,0.9995,94.0000,0
159.10,5,68.5000,0,0,91.0609,8.9391,140.0000,0
159.10,6,0.0000,0,0,95.5052,4.4948,94.0000,0
159.10,7,0.0000,0,0,72.8390,27.1610,94.0000,0
159.10,8,88.0000,0,0,89.1376,10.8624,153.0000,0
159.10,9,0.0000,0,0,91.4188,8.5812,94.0000,0
160.10,0,0.0000,0,0,93.5116,6.4884,95.0000,0
160.10,1,26.5000,0,0,85.0240,14.9760,113.0000,0
160.10,2,0.0000,0,0,92.9436,7.0564,95.0000,0
160.10,3,80.5000,0,0,95.2454,4.7546,149.0000,0
160.10,4,0.0000,0,0,99.0005,0.9995,95.0000,0
160.10,5,68.5000,0,0,91.0609,8.9391,141.0000,0
160.10,6,0.0000,0,0,95.5052,4.4948,95.0000,0
160.10,7,0.0000,0,0,72.8390,27.1610,95.0000,0
160.10,8,88.0000,0,0,89.1376,10.8624,154.0000,0
160.10,9,0.0000,0,0,91.4188,8.5812,95.0000,0
161.10,0,0.0000,0,0,93.5116,6.4884,96.0000,0
161.10,1,26.5000,0,0,85.0240,14.9760,114.0000,0
161.10,2,0.0000,0,0,92.9436,7.0564,96.0000,0
161.10,3,80.5000,0,0,95.2454,4.7546,150.0000,0
161.10,4,0.0000,0,0,99.0005,0.9995,96.0000,0
161.10,5,68.5000,0,0,91.0609,8.9391,142.0000,0
161.10,6,0.0000,0,0,95.5052,4.4948,96.0000,0
161.10,7,0.0000,0,0,72.8390,27.1610,96.0000,0
161.10,8,88.0000,0,0,89.1376,10.8624,155.0000,0
161.10,9,0.0000,0,0,91.4188,8.5812,96.0000,0
162.10,0,0.0000,0,0,93.5116,6.4884,97.0000,0
162.10,1,26.5000,0,0,85.0240,14.9760,115.0000,0
162.10,2,0.0000,0,0,92.9436,7.0564,97.0000,0
162.10,3,80.5000,0,0,95.2454,4.7546,151.0000,0
162.10,4,0.0000,0,0,99.0005,0.9995,97.0000,0
162.10,5,68.5000,0,0,91.0609,8.9391,143.0000,0
162.10,6,0.0000,0,0,95.5052,4.4948,97.0000,0
162.10,7,0.0000,0,0,72.8390,27.1610,97.0000,0
162.10,8,88.0000,0,0,89.1376,10.8624,156.0000,0
162.10,9,0.0000,0,0,91.4188,8.5812,97.0000,0
163.10,0,0.0000,0,0,93.5116,6.4884,98.0000,0
163.10,1,26.5000,0,0,85.0240,14.9760,116.0000,0
163.10,2,0.0000,0,0,92.9436,7.0564,98.0000,0
163.10,3,80.5000,0,0,95.2454,4.7546,152.0000,0
163.10,4,0.0000,0,0,99.0005,0.9995,98.0000,0
163.10,5,68.5000,0,0,91.0609,8.9391,144.0000,0
163.10,6,0.0000,0,0,95.5052,4.4948,98.0000,0
163.10,7,0.0000,0,0,72.8390,27.1610,98.0000,0
163.10,8,88.0000,0,0,89.1376,10.8624,157.0000,0
163.10,9,0.0000,0,0,91.4188,8.5812,98.0000,0
164.10,0,0.0000,0,0,93.5116,6.4884,99.0000,0
164.10,1,26.5000,0,0,85.0240,14.9760,117.0000,0
164.10,2,0.0000,0,0,92.9436,7.0564,99.0000,0
164.10,3,80.5000,0,0,95.2454,4.7546,153.0000,0
164.10,4,0.0000,0,0,99.0005,0.9995,99.0000,0
164.10,5,68.5000,0,0,91.0609,8.9391,145.0000,0
164.10,6,0.0000,0,0,95.5052,4.4948,99.0000,0
164.10,7,0.0000,0,0,72.8390,27.1610,99.0000,0
164.10,8,88.0000,0,0,89.1376,10.8624,158.0000,0
164.10,9,0.0000,0,0,91.4188,8.5812,99.0000,0
165.10,0,0.0000,0,0,93.5116,6.4884,100.0000,0
165.10,1,26.5000,0,0,85.0240,14.9760,118.0000,0
165.10,2,0.0000,0,0,92.9436,7.0564,100.0000,0
165.10,3,80.5000,0,0,95.2454,4.7546,154.0000,0
165.10,4,0.0000,0,0,99.0005,0.9995,100.0000,0
165.10,5,68.5000,0,0,91.0609,8.9391,146.0000,0
165.10,6,0.0000,0,0,95.5052,4.4948,100.0000,0
165.10,7,0.0000,0,0,72.8390,27.1610,100.0000,0
165.10,8,88.0000,0,0,89.1376,10.8624,159.0000,0
165.10,9,0.0000,0,0,91.4188,8.5812,100.0000,0
166.10,0,0.0000,0,0,93.5116,6.4884,101.0000,0
166.10,1,26.5000,0,0,85.0240,14.9760,119.0000,0
166.10,2,0.0000,0,0,92.9436,7.0564,101.0000,0
166.10,3,80.5000,0,0,95.2454,4.7546,155.0000,0
166.10,4,0.0000,0,0,99.0005,0.9995,101.0000,0
166.10,5,68.5000,0,0,91.0609,8.9391,147.0000,0
166.10,6,0.0000,0,0,95.5052,4.4948,101.0000,0
166.10,7,0.0000,0,0,72.8390,27.1610,101.0000,0
166.10,8,88.0000,0,0,89.1376,10.8624,160.0000,0
166.10,9,0.0000,0,0,91.4188,8.5812,101.0000,0
167.10,0,0.0000,0,0,93.5116,6.4884,102.0000,0
167.10,1,26.5000,0,0,85.0240,14.9760,120.0000,0
167.10,2,0.0000,0,0,92.9436,7.0564,102.0000,0
167.10,3,80.5000,0,0,95.2454,4.7546,156.0000,0
167.10,4,0.0000,0,0,99.0005,0.9995,102.0000,0
167.10,5,68.5000,0,0,91.0609,8.9391,148.0000,0
167.10,6,0.0000,0,0,95.5052,4.4948,102.0000,0
167.10,7,0.0000,0,0,72.8390,27.1610,102.0000,0
167.10,8,88.0000,0,0,89.1376,10.8624,161.0000,0
167.10,9,0.0000,0,0,91.4188,8.5812,102.0000,0
168.10,0,0.0000,0,0,93.5116,6.4884,103.0000,0
168.10,1,26.5000,0,0,85.0240,14.9760,121.0000,0
168.10,2,0.0000,0,0,92.9436,7.0564,103.0000,0
168.10,3,80.5000,0,0,95.2454,4.7546,157.0000,0
168.10,4,0.0000,0,0,99.0005,0.9995,103.0000,0
168.10,5,68.5000,0,0,91.0609,8.9391,149.0000,0
168.10,6,0.0000,0,0,95.5052,4.4948,103.0000,0
168.10,7,0.0000,0,0,72.8390,27.1610,103.0000,0
168.10,8,88.0000,0,0,89.1376,10.8624,162.0000,0
168.10,9,0.0000,0,0,91.4188,8.5812,103.0000,0
169.10,0,0.0000,0,0,93.5116,6.4884,104.0000,0
169.10,1,26.5000,0,0,85.0240,14.9760,122.0000,0
169.10,2,0.0000,0,0,92.9436,7.0564,104.0000,0
169.10,3,80.5000,0,0,95.2454,4.7546,158.0000,0
169.10,4,0.0000,0,0,99.0005,0.9995,104.0000,0
169.10,5,68.5000,0,0,91.0609,8.9391,150.0000,0
169.10,6,0.0000,0,0,95.5052,4.4948,104.0000,0
169.10,7,0.0000,0,0,72.8390,27.1610,104.0000,0
169.10,8,88.0000,0,0,89.1376,10.8624,163.0000,0
169.10,9,0.0000,0,0,91.4188,8.5812,104.0000,0
170.10,0,0.0000,0,0,93.5116,6.4884,105.0000,0
170.10,1,26.5000,0,0,85.0240,14.9760,123.0000,0
170.10,2,0.0000,0,0,92.9436,7.0564,105.0000,0
170.10,3,80.5000,0,0,95.2454,4.7546,159.0000,0
170.10,4,0.0000,0,0,99.0005,0.9995,105.0000,0
170.10,5,68.5000,0,0,91.0609,8.9391,151.0000,0
170.10,6,0.0000,0,0,95.5052,4.4948,105.0000,0
170.10,7,0.0000,0,0,72.8390,27.1610,105.0000,0
170.10,8,88.0000,0,0,89.1376,10.8624,164.0000,0
170.10,9,0.0000,0,0,91.4188,8.5812,105.0000,0
171.10,0,0.0000,0,0,93.5116,6.4884,106.0000,0
171.10,1,26.5000,0,0,85.0240,14.9760,124.0000,0
171.10,2,0.0000,0,0,92.9436,7.0564,106.0000,0
171.10,3,80.5000,0,0,95.2454,4.7546,160.0000,0
171.10,4,0.0000,0,0,99.0005,0.9995,106.0000,0
171.10,5,68.5000,0,0,91.0609,8.9391,152.0000,0
171.10,6,0.0000,0,0,95.5052,4.4948,106.0000,0
171.10,7,0.0000,0,0,72.8390,27.1610,106.0000,0
171.10,8,88.0000,0,0,89.1376,10.8624,165.0000,0
171.10,9,0.0000,0,0,91.4188,8.5812,106.0000,0
172.10,0,0.0000,0,0,93.5116,6.4884,107.0000,0
172.10,1,26.5000,0,0,85.0240,14.9760,125.0000,0
172.10,2,0.0000,0,0,92.9436,7.0564,107.0000,0
172.10,3,80.5000,0,0,95.2454,4.7546,161.0000,0
172.10,4,0.0000,0,0,99.0005,0.9995,107.0000,0
172.10,5,68.5000,0,0,91.0609,8.9391,153.0000,0
172.10,6,0.0000,0,0,95.5052,4.4948,107.0000,0
172.10,7,0.0000,0,0,72.8390,27.1610,107.0000,0
172.10,8,88.0000,0,0,89.1376,10.8624,166.0000,0
172.10,9,0.0000,0,0,91.4188,8.5812,107.0000,0
173.10,0,0.0000,0,0,93.5116,6.4884,108.0000,0
173.10,1,26.5000,0,0,85.0240,14.9760,126.0000,0
173.10,2,0.0000,0,0,92.9436,7.0564,108.0000,0
173.10,3,80.5000,0,0,95.2454,4.7546,162.0000,0
173.10,4,0.0000,0,0,99.0005,0.9995,108.0000,0
173.10,5,68.5000,0,0,91.0609,8.9391,154.0000,0
173.10,6,0.0000,0,0,95.5052,4.4948,108.0000,0
173.10,7,0.0000,0,0,72.8390,27.1610,108.0000,0
173.10,8,88.0000,0,0,89.1376,10.8624,167.0000,0
173.10,9,0.0000,0,0,91.4188,8.5812,108.0000,0
174.10,0,0.0000,0,0,93.5116,6.4884,109.0000,0
174.10,1,26.5000,0,0,85.0240,14.9760,127.0000,0
174.10,2,0.0000,0,0,92.9436,7.0564,109.0000,0
174.10,3,80.5000,0,0,95.2454,4.7546,163.0000,0
174.10,4,0.0000,0,0,99.0005,0.9995,109.0000,0
174.10,5,68.5000,0,0,91.0609,8.9391,155.0000,0
174.10,6,0.0000,0,0,95.5052,4.4948,109.0000,0
174.10,7,0.0000,0,0,72.8390,27.1610,109.0000,0
174.10,8,88.0000,0,0,89.1376,10.8624,168.0000,0
174.10,9,0.0000,0,0,91.4188,8.5812,109.0000,0
175.10,0,0.0000,0,0,93.5116,6.4884,110.0000,0
175.10,1,26.5000,0,0,85.0240,14.9760,128.0000,0
175.10,2,0.0000,0,0,92.9436,7.0564,110.0000,0
175.10,3,80.5000,0,0,95.2454,4.7546,164.0000,0
175.10,4,0.0000,0,0,99.0005,0.9995,110.0000,0
175.10,5,68.5000,0,0,91.0609,8.9391,156.0000,0
175.10,6,0.0000,0,0,95.5052,4.4948,110.0000,0
175.10,7,0.0000,0,0,72.8390,27.1610,110.0000,0
175.10,8,88.0000,0,0,89.1376,10.8624,169.0000,0
175.10,9,0.0000,0,0,91.4188,8.5812,110.0000,0
176.10,0,0.0000,0,0,93.5116,6.4884,111.0000,0
176.10,1,26.5000,0,0,85.0240,14.9760,129.0000,0
176.10,2,0.0000,0,0,92.9436,7.0564,111.0000,0
176.10,3,80.5000,0,0,95.2454,4.7546,165.0000,0
176.10,4,0.0000,0,0,99.0005,0.9995,111.0000,0
176.10,5,68.5000,0,0,91.0609,8.9391,157.0000,0
176.10,6,0.0000,0,0,95.5052,4.4948,111.0000,0
176.10,7,0.0000,0,0,72.8390,27.1610,111.0000,0
176.10,8,88.0000,0,0,89.1376,10.8624,170.0000,0
176.10,9,0.0000,0,0,91.4188,8.5812,111.0000,0
177.10,0,0.0000,0,0,93.5116,6.4884,112.0000,0
177.10,1,26.5000,0,0,85.0240,14.9760,130.0000,0
177.10,2,0.0000,0,0,92.9436,7.0564,112.0000,0
177.10,3,80.5000,0,0,95.2454,4.7546,166.0000,0
177.10,4,0.0000,0,0,99.0005,0.9995,112.0000,0
177.10,5,68.5000,0,0,91.0609,8.9391,158.0000,0
177.10,6,0.0000,0,0,95.5052,4.4948,112.0000,0
177.10,7,0.0000,0,0,72.8390,27.1610,112.0000,0
177.10,8,88.0000,0,0,89.1376,10.8624,171.0000,0
177.10,9,0.0000,0,0,91.4188,8.5812,112.0000,0
178.10,0,0.0000,0,0,93.5116,6.4884,113.0000,0
178.10,1,26.5000,0,0,85.0240,14.9760,131.0000,0
178.10,2,0.0000,0,0,92.9436,7.0564,113.0000,0
178.10,3,80.5000,0,0,95.2454,4.7546,167.0000,0
178.10,4,0.0000,0,0,99.0005,0.9995,113.0000,0
178.10,5,68.5000,0,0,91.0609,8.9391,159.0000,0
178.10,6,0.0000,0,0,95.5052,4.4948,113.0000,0
178.10,7,0.0000,0,0,72.8390,27.1610,113.0000,0
178.10,8,88.0000,0,0,89.1376,10.8624,172.0000,0
178.10,9,0.0000,0,0,91.4188,8.5812,113.0000,0
179.10,0,0.0000,0,0,93.5116,6.4884,114.0000,0
179.10,1,26.5000,0,0,85.0240,14.9760,132.0000,0
179.10,2,0.0000,0,0,92.9436,7.0564,114.0000,0
179.10,3,80.5000,0,0,95.2454,4.7546,168.0000,0
179.10,4,0.0000,0,0,99.0005,0.9995,114.0000,0
179.10,5,68.5000,0,0,91.0609,8.9391,160.0000,0
179.10,6,0.0000,0,0,95.5052,4.4948,114.0000,0
179.10,7,0.0000,0,0,72.8390,27.1610,114.0000,0
179.10,8,88.0000,0,0,89.1376,10.8624,173.0000,0
179.10,9,0.0000,0,0,91.4188,8.5812,114.0000,0
180.10,0,0.0000,0,0,93.5116,6.4884,115.0000,0
180.10,1,26.5000,0,0,85.0240,14.9760,133.0000,0
180.10,2,0.0000,0,0,92.9436,7.0564,115.0000,0
180.10,3,80.5000,0,0,95.2454,4.7546,169.0000,0
180.10,4,0.0000,0,0,99.0005,0.9995,115.0000,0
180.10,5,68.5000,0,0,91.0609,8.9391,161.0000,0
180.10,6,0.0000,0,0,95.5052,4.4948,115.0000,0
180.10,7,0.0000,0,0,72.8390,27.1610,115.0000,0
180.10,8,88.0000,0,0,89.1376,10.8624,174.0000,0
180.10,9,0.0000,0,0,91.4188,8.5812,115.0000,0
181.10,0,0.0000,0,0,93.5116,6.4884,116.0000,0
181.10,1,26.5000,0,0,85.0240,14.9760,134.0000,0
181.10,2,0.0000,0,0,92.9436,7.0564,116.0000,0
181.10,3,80.5000,0,0,95.2454,4.7546,170.0000,0
181.10,4,0.0000,0,0,99.0005,0.9995,116.0000,0
181.10,5,68.5000,0,0,91.0609,8.9391,162.0000,0
181.10,6,0.0000,0,0,95.5052,4.4948,116.0000,0
181.10,7,0.0000,0,0,72.8390,27.1610,116.0000,0
181.10,8,88.0000,0,0,89.1376,10.8624,175.0000,0
181.10,9,0.0000,0,0,91.4188,8.5812,116.0000,0
182.10,0,0.0000,0,0,93.5116,6.4884,117.0000,0
182.10,1,26.5000,0,0,85.0240,14.9760,135.0000,0
182.10,2,0.0000,0,0,92.9436,7.0564,117.0000,0
182.10,3,80.5000,0,0,95.2454,4.7546,171.0000,0
182.10,4,0.0000,0,0,99.0005,0.9995,117.0000,0
182.10,5,68.5000,0,0,91.0609,8.9391,163.0000,0
182.10,6,0.0000,0,0,95.5052,4.4948,117.0000,0
182.10,7,0.0000,0,0,72.8390,27.1610,117.0000,0
182.10,8,88.0000,0,0,89.1376,10.8624,176.0000,0
182.10,9,0.0000,0,0,91.4188,8.5812,117.0000,0
183.10,0,0.0000,0,0,93.5116,6.4884,118.0000,0
183.10,1,26.5000,0,0,85.0240,14.9760,136.0000,0
183.10,2,0.0000,0,0,92.9436,7.0564,118.0000,0
183.10,3,80.5000,0,0,95.2454,4.7546,172.0000,0
183.10,4,0.0000,0,0,99.0005,0.9995,118.0000,0
183.10,5,68.5000,0,0,91.0609,8.9391,164.0000,0
183.10,6,0.0000,0,0,95.5052,4.4948,118.0000,0
183.10,7,0.0000,0,0,72.8390,27.1610,118.0000,0
183.10,8,88.0000,0,0,89.1376,10.8624,177.0000,0
183.10,9,0.0000,0,0,91.4188,8.5812,118.0000,0
184.10,0,0.0000,0,0,93.5116,6.4884,119.0000,0
184.10,1,26.5000,0,0,85.0240,14.9760,137.0000,0
184.10,2,0.0000,0,0,92.9436,7.0564,119.0000,0
184.10,3,80.5000,0,0,95.2454,4.7546,173.0000,0
184.10,4,0.0000,0,0,99.0005,0.9995,119.0000,0
184.10,5,68.5000,0,0,91.0609,8.9391,165.0000,0
184.10,6,0.0000,0,0,95.5052,4.4948,119.0000,0
184.10,7,0.0000,0,0,72.8390,27.1610,119.0000,0
184.10,8,88.0000,0,0,89.1376,10.8624,178.0000,0
184.10,9,0.0000,0,0,91.4188,8.5812,119.0000,0
185.10,0,0.0000,0,0,93.5116,6.4884,120.0000,0
185.10,1,26.5000,0,0,85.0240,14.9760,138.0000,0
185.10,2,0.0000,0,0,92.9436,7.0564,120.0000,0
185.10,3,80.5000,0,0,95.2454,4.7546,174.0000,0
185.10,4,0.0000,0,0,99.0005,0.9995,120.0000,0
185.10,5,68.5000,0,0,91.0609,8.9391,166.0000,0
185.10,6,0.0000,0,0,95.5052,4.4948,120.0000,0
185.10,7,0.0000,0,0,72.8390,27.1610,120.0000,0
185.10,8,88.0000,0,0,89.1376,10.8624,179.0000,0
185.10,9,0.0000,0,0,91.4188,8.5812,120.0000,0
186.10,0,0.0000,0,0,93.5116,6.4884,121.0000,0
186.10,1,26.5000,0,0,85.0240,14.9760,139.0000,0
186.10,2,0.0000,0,0,92.9436,7.0564,121.0000,0
186.10,3,80.5000,0,0,95.2454,4.7546,175.0000,0
186.10,4,0.0000,0,0,99.0005,0.9995,121.0000,0
186.10,5,68.5000,0,0,91.0609,8.9391,167.0000,0
186.10,6,0.0000,0,0,95.5052,4.4948,121.0000,0
186.10,7,0.0000,0,0,72.8390,27.1610,121.0000,0
186.10,8,88.0000,0,0,89.1376,10.8624,180.0000,0
186.10,9,0.0000,0,0,91.4188,8.5812,121.0000,0
187.10,0,0.0000,0,0,93.5116,6.4884,122.0000,0
187.10,1,26.5000,0,0,85.0240,14.9760,140.0000,0
187.10,2,0.0000,0,0,92.9436,7.0564,122.0000,0
187.10,3,80.5000,0,0,95.2454,4.7546,176.0000,0
187.10,4,0.0000,0,0,99.0005,0.9995,122.0000,0
187.10,5,68.5000,0,0,91.0609,8.9391,168.0000,0
187.10,6,0.0000,0,0,95.5052,4.4948,122.0000,0
187.10,7,0.0000,0,0,72.8390,27.1610,122.0000,0
187.10,8,88.0000,0,0,89.1376,10.8624,181.0000,0
187.10,9,0.0000,0,0,91.4188,8.5812,122.0000,0
188.10,0,0.0000,0,0,93.5116,6.4884,123.0000,0
188.10,1,26.5000,0,0,85.0240,14.9760,141.0000,0
188.10,2,0.0000,0,0,92.9436,7.0564,123.0000,0
188.10,3,80.5000,0,0,95.2454,4.7546,177.0000,0
188.10,4,0.0000,0,0,99.0005,0.9995,123.0000,0
188.10,5,68.5000,0,0,91.0609,8.9391,169.0000,0
188.10,6,0.0000,0,0,95.5052,4.4948,123.0000,0
188.10,7,0.0000,0,0,72.8390,27.1610,123.0000,0
188.10,8,88.0000,0,0,89.1376,10.8624,182.0000,0
188.10,9,0.0000,0,0,91.4188,8.5812,123.0000,0
189.10,0,0.0000,0,0,93.5116,6.4884,124.0000,0
189.10,1,26.5000,0,0,85.0240,14.9760,142.0000,0
189.10,2,0.0000,0,0,92.9436,7.0564,124.0000,0
189.10,3,80.5000,0,0,95.2454,4.7546,178.0000,0
189.10,4,0.0000,0,0,99.0005,0.9995,124.0000,0
189.10,5,68.5000,0,0,91.0609,8.9391,170.0000,0
189.10,6,0.0000,0,0,95.5052,4.4948,124.0000,0
189.10,7,0.0000,0,0,72.8390,27.1610,124.0000,0
189.10,8,88.0000,0,0,89.1376,10.8624,183.0000,0
189.10,9,0.0000,0,0,91.4188,8.5812,124.0000,0
190.10,0,0.0000,0,0,93.5116,6.4884,125.0000,0
190.10,1,26.5000,0,0,85.0240,14.9760,143.0000,0
190.10,2,0.0000,0,0,92.9436,7.0564,125.0000,0
190.10,3,80.5000,0,0,95.2454,4.7546,179.0000,0
190.10,4,0.0000,0,0,99.0005,0.9995,125.0000,0
190.10,5,68.5000,0,0,91.0609,8.9391,171.0000,0
190.10,6,0.0000,0,0,95.5052,4.4948,125.0000,0
190.10,7,0.0000,0,0,72.8390,27.1610,125.0000,0
190.10,8,88.0000,0,0,89.1376,10.8624,184.0000,0
190.10,9,0.0000,0,0,91.4188,8.5812,125.0000,0
191.10,0,0.0000,0,0,93.5116,6.4884,126.0000,0
191.10,1,26.5000,0,0,85.0240,14.9760,144.0000,0
191.10,2,0.0000,0,0,92.9436,7.0564,126.0000,0
191.10,3,80.5000,0,0,95.2454,4.7546,180.0000,0
191.10,4,0.0000,0,0,99.0005,0.9995,126.0000,0
191.10,5,68.5000,0,0,91.0609,8.9391,172.0000,0
191.10,6,0.0000,0,0,95.5052,4.4948,126.0000,0
191.10,7,0.0000,0,0,72.8390,27.1610,126.0000,0
191.10,8,88.0000,0,0,89.1376,10.8624,185.0000,0
191.10,9,0.0000,0,0,91.4188,8.5812,126.0000,0
192.10,0,0.0000,0,0,93.5116,6.4884,127.0000,0
192.10,1,26.5000,0,0,85.0240,14.9760,145.0000,0
192.10,2,0.0000,0,0,92.9436,7.0564,127.0000,0
192.10,3,80.5000,0,0,95.2454,4.7546,181.0000,0
192.10,4,0.0000,0,0,99.0005,0.9995,127.0000,0
192.10,5,68.5000,0,0,91.0609,8.9391,173.0000,0
192.10,6,0.0000,0,0,95.5052,4.4948,127.0000,0
192.10,7,0.0000,0,0,72.8390,27.1610,127.0000,0
192.10,8,88.0000,0,0,89.1376,10.8624,186.0000,0
192.10,9,0.0000,0,0,91.4188,8.5812,127.0000,0
193.10,0,0.0000,0,0,93.5116,6.4884,128.0000,0
193.10,1,26.5000,0,0,85.0240,14.9760,146.0000,0
193.10,2,0.0000,0,0,92.9436,7.0564,128.0000,0
193.10,3,80.5000,0,0,95.2454,4.7546,182.0000,0
193.10,4,0.0000,0,0,99.0005,0.9995,128.0000,0
193.10,5,68.5000,0,0,91.0609,8.9391,174.0000,0
193.10,6,0.0000,0,0,95.5052,4.4948,128.0000,0
193.10,7,0.0000,0,0,72.8390,27.1610,128.0000,0
193.10,8,88.0000,0,0,89.1376,10.8624,187.0000,0
193.10,9,0.0000,0,0,91.4188,8.5812,128.0000,0
194.10,0,0.0000,0,0,93.5116,6.4884,129.0000,0
194.10,1,26.5000,0,0,85.0240,14.9760,147.0000,0
194.10,2,0.0000,0,0,92.9436,7.0564,129.0000,0
194.10,3,80.5000,0,0,95.2454,4.7546,183.0000,0
194.10,4,0.0000,0,0,99.0005,0.9995,129.0000,0
194.10,5,68.5000,0,0,91.0609,8.9391,175.0000,0
194.10,6,0.0000,0,0,95.5052,4.4948,129.0000,0
194.10,7,0.0000,0,0,72.8390,27.1610,129.0000,0
194.10,8,88.0000,0,0,89.1376,10.8624,188.0000,0
194.10,9,0.0000,0,0,91.4188,8.5812,129.0000,0
195.10,0,0.0000,0,0,93.5116,6.4884,130.0000,0
195.10,1,26.5000,0,0,85.0240,14.9760,148.0000,0
195.10,2,0.0000,0,0,92.9436,7.0564,130.0000,0
195.10,3,80.5000,0,0,95.2454,4.7546,184.0000,0
195.10,4,0.0000,0,0,99.0005,0.9995,130.0000,0
195.10,5,68.5000,0,0,91.0609,8.9391,176.0000,0
195.10,6,0.0000,0,0,95.5052,4.4948,130.0000,0
195.10,7,0.0000,0,0,72.8390,27.1610,130.0000,0
195.10,8,88.0000,0,0,89.1376,10.8624,189.0000,0
195.10,9,0.0000,0,0,91.4188,8.5812,130.0000,0
196.10,0,0.0000,0,0,93.5116,6.4884,131.0000,0
196.10,1,26.5000,0,0,85.0240,14.9760,149.0000,0
196.10,2,0.0000,0,0,92.9436,7.0564,131.0000,0
196.10,3,80.5000,0,0,95.2454,4.7546,185.0000,0
196.10,4,0.0000,0,0,99.0005,0.9995,131.0000,0
196.10,5,68.5000,0,0,91.0609,8.9391,177.0000,0
196.10,6,0.0000,0,0,95.5052,4.4948,131.0000,0
196.10,7,0.0000,0,0,72.8390,27.1610,131.0000,0
196.10,8,88.0000,0,0,89.1376,10.8624,190.0000,0
196.10,9,0.0000,0,0,91.4188,8.5812,131.0000,0
197.10,0,0.0000,0,0,93.5116,6.4884,132.0000,0
197.10,1,26.5000,0,0,85.0240,14.9760,150.0000,0
197.10,2,0.0000,0,0,92.9436,7.0564,132.0000,0
197.10,3,80.5000,0,0,95.2454,4.7546,186.0000,0
197.10,4,0.0000,0,0,99.0005,0.9995,132.0000,0
197.10,5,68.5000,0,0,91.0609,8.9391,178.0000,0
197.10,6,0.0000,0,0,95.5052,4.4948,132.0000,0
197.10,7,0.0000,0,0,72.8390,27.1610,132.0000,0
197.10,8,88.0000,0,0,89.1376,10.8624,191.0000,0
197.10,9,0.0000,0,0,91.4188,8.5812,132.0000,0
198.10,0,0.0000,0,0,93.5116,6.4884,133.0000,0
198.10,1,26.5000,0,0,85.0240,14.9760,151.0000,0
198.10,2,0.0000,0,0,92.9436,7.0564,133.0000,0
198.10,3,80.5000,0,0,95.2454,4.7546,187.0000,0
198.10,4,0.0000,0,0,99.0005,0.9995,133.0000,0
198.10,5,68.5000,0,0,91.0609,8.9391,179.0000,0
198.10,6,0.0000,0,0,95.5052,4.4948,133.0000,0
198.10,7,0.0000,0,0,72.8390,27.1610,133.0000,0
198.10,8,88.0000,0,0,89.1376,10.8624,192.0000,0
198.10,9,0.0000,0,0,91.4188,8.5812,133.0000,0
199.10,0,0.0000,0,0,93.5116,6.4884,134.0000,0
199.10,1,26.5000,0,0,85.0240,14.9760,152.0000,0
199.10,2,0.0000,0,0,92.9436,7.0564,134.0000,0
199.10,3,80.5000,0,0,95.2454,4.7546,188.0000,0
199.10,4,0.0000,0,0,99.0005,0.9995,134.0000,0
199.10,5,68.5000,0,0,91.0609,8.9391,180.0000,0
199.10,6,0.0000,0,0,95.5052,4.4948,134.0000,0
199.10,7,0.0000,0,0,72.8390,27.1610,134.0000,0
199.10,8,88.0000,0,0,89.1376,10.8624,193.0000,0
199.10,9,0.0000,0,0,91.4188,8.5812,134.0000,0
200.10,0,0.0000,0,0,93.5116,6.4884,135.0000,0
200.10,1,26.5000,0,0,85.0240,14.9760,153.0000,0
200.10,2,0.0000,0,0,92.9436,7.0564,135.0000,0
200.10,3,80.5000,0,0,95.2454,4.7546,189.0000,0
200.10,4,0.0000,0,0,99.0005,0.9995,135.0000,0
200.10,5,68.5000,0,0,91.0609,8.9391,181.0000,0
200.10,6,0.0000,0,0,95.5052,4.4948,135.0000,0
200.10,7,0.0000,0,0,72.8390,27.1610,135.0000,0
200.10,8,88.0000,0,0,89.1376,10.8624,194.0000,0
200.10,9,0.0000,0,0,91.4188,8.5812,135.0000,0
201.10,0,0.0000,0,0,93.5116,6.4884,136.0000,0
201.10,1,26.5000,0,0,85.0240,14.9760,154.0000,0
201.10,2,0.0000,0,0,92.9436,7.0564,136.0000,0
201.10,3,80.5000,0,0,95.2454,4.7546,190.0000,0
201.10,4,0.0000,0,0,99.0005,0.9995,136.0000,0
201.10,5,68.5000,0,0,91.0609,8.9391,182.0000,0
201.10,6,0.0000,0,0,95.5052,4.4948,136.0000,0
201.10,7,0.0000,0,0,72.8390,27.1610,136.0000,0
201.10,8,88.0000,0,0,89.1376,10.8624,195.0000,0
201.10,9,0.0000,0,0,91.4188,8.5812,136.0000,0
202.10,0,0.0000,0,0,93.5116,6.4884,137.0000,0
202.10,1,26.5000,0,0,85.0240,14.9760,155.0000,0
202.10,2,0.0000,0,0,92.9436,7.0564,137.0000,0
202.10,3,80.5000,0,0,95.2454,4.7546,191.0000,0
202.10,4,0.0000,0,0,99.0005,0.9995,137.0000,0
202.10,5,68.5000,0,0,91.0609,8.9391,183.0000,0
202.10,6,0.0000,0,0,95.5052,4.4948,137.0000,0
202.10,7,0.0000,0,0,72.8390,27.1610,137.0000,0
202.10,8,88.0000,0,0,89.1376,10.8624,196.0000,0
202.10,9,0.0000,0,0,91.4188,8.5812,137.0000,0
203.10,0,0.0000,0,0,93.5116,6.4884,138.0000,0
203.10,1,26.5000,0,0,85.0240,14.9760,156.0000,0
203.10,2,0.0000,0,0,92.9436,7.0564,138.0000,0
203.10,3,80.5000,0,0,95.2454,4.7546,192.0000,0
203.10,4,0.0000,0,0,99.0005,0.9995,138.0000,0
203.10,5,68.5000,0,0,91.0609,8.9391,184.0000,0
203.10,6,0.0000,0,0,95.5052,4.4948,138.0000,0
203.10,7,0.0000,0,0,72.8390,27.1610,138.0000,0
203.10,8,88.0000,0,0,89.1376,10.8624,197.0000,0
203.10,9,0.0000,0,0,91.4188,8.5812,138.0000,0
204.10,0,0.0000,0,0,93.5116,6.4884,139.0000,0
204.10,1,26.5000,0,0,85.0240,14.9760,157.0000,0
204.10,2,0.0000,0,0,92.9436,7.0564,139.0000,0
204.10,3,80.5000,0,0,95.2454,4.7546,193.0000,0
204.10,4,0.0000,0,0,99.0005,0.9995,139.0000,0
204.10,5,68.5000,0,0,91.0609,8.9391,185.0000,0
204.10,6,0.0000,0,0,95.5052,4.4948,139.0000,0
204.10,7,0.0000,0,0,72.8390,27.1610,139.0000,0
204.10,8,88.0000,0,0,89.1376,10.8624,198.0000,0
204.10,9,0.0000,0,0,91.4188,8.5812,139.0000,0
205.10,0,0.0000,0,0,93.5116,6.4884,140.0000,0
205.10,1,26.5000,0,0,85.0240,14.9760,158.0000,0
205.10,2,0.0000,0,0,92.9436,7.0564,140.0000,0
205.10,3,80.5000,0,0,95.2454,4.7546,194.0000,0
205.10,4,0.0000,0,0,99.0005,0.9995,140.0000,0
205.10,5,68.5000,0,0,91.0609,8.9391,186.0000,0
205.10,6,0.0000,0,0,95.5052,4.4948,140.0000,0
205.10,7,0.0000,0,0,72.8390,27.1610,140.0000,0
205.10,8,88.0000,0,0,89.1376,10.8624,199.0000,0
205.10,9,0.0000,0,0,91.4188,8.5812,140.0000,0
206.10,0,0.0000,0,0,93.5116,6.4884,141.0000,0
206.10,1,26.5000,0,0,85.0240,14.9760,159.0000,0
206.10,2,0.0000,0,0,92.9436,7.0564,141.0000,0
206.10,3,80.5000,0,0,95.2454,4.7546,195.0000,0
206.10,4,0.0000,0,0,99.0005,0.9995,141.0000,0
206.10,5,68.5000,0,0,91.0609,8.9391,187.0000,0
206.10,6,0.0000,0,0,95.5052,4.4948,141.0000,0
206.10,7,0.0000,0,0,72.8390,27.1610,141.0000,0
206.10,8,88.0000,0,0,89.1376,10.8624,200.0000,0
206.10,9,0.0000,0,0,91.4188,8.5812,141.0000,0
207.10,0,0.0000,0,0,93.5116,6.4884,142.0000,0
207.10,1,26.5000,0,0,85.0240,14.9760,160.0000,0
207.10,2,0.0000,0,0,92.9436,7.0564,142.0000,0
207.10,3,80.5000,0,0,95.2454,4.7546,196.0000,0
207.10,4,0.0000,0,0,99.0005,0.9995,142.0000,0
207.10,5,68.5000,0,0,91.0609,8.9391,188.0000,0
207.10,6,0.0000,0,0,95.5052,4.4948,142.0000,0
207.10,7,0.0000,0,0,72.8390,27.1610,142.0000,0
207.10,8,88.0000,0,0,89.1376,10.8624,201.0000,0
207.10,9,0.0000,0,0,91.4188,8.5812,142.0000,0
208.10,0,0.0000,0,0,93.5116,6.4884,143.0000,0
208.10,1,26.5000,0,0,85.0240,14.9760,161.0000,0
208.10,2,0.0000,0,0,92.9436,7.0564,143.0000,0
208.10,3,80.5000,0,0,95.2454,4.7546,197.0000,0
208.10,4,0.0000,0,0,99.0005,0.9995,143.0000,0
208.10,5,68.5000,0,0,91.0609,8.9391,189.0000,0
208.10,6,0.0000,0,0,95.5052,4.4948,143.0000,0
208.10,7,0.0000,0,0,72.8390,27.1610,143.0000,0
208.10,8,88.0000,0,0,89.1376,10.8624,202.0000,0
208.10,9,0.0000,0,0,91.4188,8.5812,143.0000,0
209.10,0,0.0000,0,0,93.5116,6.4884,144.0000,0
209.10,1,26.5000,0,0,85.0240,14.9760,162.0000,0
209.10,2,0.0000,0,0,92.9436,7.0564,144.0000,0
209.10,3,80.5000,0,0,95.2454,4.7546,198.0000,0
209.10,4,0.0000,0,0,99.0005,0.9995,144.0000,0
209.10,5,68.5000,0,0,91.0609,8.9391,190.0000,0
209.10,6,0.0000,0,0,95.5052,4.4948,144.0000,0
209.10,7,0.0000,0,0,72.8390,27.1610,144.0000,0
209.10,8,88.0000,0,0,89.1376,10.8624,203.0000,0
209.10,9,0.0000,0,0,91.4188,8.5812,144.0000,0
210.10,0,0.0000,0,0,93.5116,6.4884,145.0000,0
210.10,1,26.5000,0,0,85.0240,14.9760,163.0000,0
210.10,2,0.0000,0,0,92.9436,7.0564,145.0000,0
210.10,3,80.5000,0,0,95.2454,4.7546,199.0000,0
210.10,4,0.0000,0,0,99.0005,0.9995,145.0000,0
210.10,5,68.5000,0,0,91.0609,8.9391,191.0000,0
210.10,6,0.0000,0,0,95.5052,4.4948,145.0000,0
210.10,7,0.0000,0,0,72.8390,27.1610,145.0000,0
210.10,8,88.0000,0,0,89.1376,10.8624,204.0000,0
210.10,9,0.0000,0,0,91.4188,8.5812,145.0000,0
211.10,0,0.0000,0,0,93.5116,6.4884,146.0000,0
211.10,1,26.5000,0,0,85.0240,14.9760,164.0000,0
211.10,2,0.0000,0,0,92.9436,7.0564,146.0000,0
211.10,3,80.5000,0,0,95.2454,4.7546,200.0000,0
211.10,4,0.0000,0,0,99.0005,0.9995,146.0000,0
211.10,5,68.5000,0,0,91.0609,8.9391,192.0000,0
211.10,6,0.0000,0,0,95.5052,4.4948,146.0000,0
211.10,7,0.0000,0,0,72.8390,27.1610,146.0000,0
211.10,8,88.0000,0,0,89.1376,10.8624,205.0000,0
211.10,9,0.0000,0,0,91.4188,8.5812,146.0000,0
212.10,0,0.0000,0,0,93.5116,6.4884,147.0000,0
212.10,1,26.5000,0,0,85.0240,14.9760,165.0000,0
212.10,2,0.0000,0,0,92.9436,7.0564,147.0000,0
212.10,3,80.5000,0,0,95.2454,4.7546,201.0000,0
212.10,4,0.0000,0,0,99.0005,0.9995,147.0000,0
212.10,5,68.5000,0,0,91.0609,8.9391,193.0000,0
212.10,6,0.0000,0,0,95.5052,4.4948,147.0000,0
212.10,7,0.0000,0,0,72.8390,27.1610,147.0000,0
212.10,8,88.0000,0,0,89.1376,10.8624,206.0000,0
212.10,9,0.0000,0,0,91.4188,8.5812,147.0000,0
213.10,0,0.0000,0,0,93.5116,6.4884,148.0000,0
213.10,1,26.5000,0,0,85.0240,14.9760,166.0000,0
213.10,2,0.0000,0,0,92.9436,7.0564,148.0000,0
213.10,3,80.5000,0,0,95.2454,4.7546,202.0000,0
213.10,4,0.0000,0,0,99.0005,0.9995,148.0000,0
213.10,5,68.5000,0,0,91.0609,8.9391,194.0000,0
213.10,6,0.0000,0,0,95.5052,4.4948,148.0000,0
213.10,7,0.0000,0,0,72.8390,27.1610,148.0000,0
213.10,8,88.0000,0,0,89.1376,10.8624,207.0000,0
213.10,9,0.0000,0,0,91.4188,8.5812,148.0000,0
214.10,0,0.0000,0,0,93.5116,6.4884,149.0000,0
214.10,1,26.5000,0,0,85.0240,14.9760,167.0000,0
214.10,2,0.0000,0,0,92.9436,7.0564,149.0000,0
214.10,3,80.5000,0,0,95.2454,4.7546,203.0000,0
214.10,4,0.0000,0,0,99.0005,0.9995,149.0000,0
214.10,5,68.5000,0,0,91.0609,8.9391,195.0000,0
214.10,6,0.0000,0,0,95.5052,4.4948,149.0000,0
214.10,7,0.0000,0,0,72.8390,27.1610,149.0000,0
214.10,8,88.0000,0,0,89.1376,10.8624,208.0000,0
214.10,9,0.0000,0,0,91.4188,8.5812,149.0000,0
215.10,0,0.0000,0,0,93.5116,6.4884,150.0000,0
215.10,1,26.5000,0,0,85.0240,14.9760,168.0000,0
215.10,2,0.0000,0,0,92.9436,7.0564,150.0000,0
215.10,3,80.5000,0,0,95.2454,4.7546,204.0000,0
215.10,4,0.0000,0,0,99.0005,0.9995,150.0000,0
215.10,5,68.5000,0,0,91.0609,8.9391,196.0000,0
215.10,6,0.0000,0,0,95.5052,4.4948,150.0000,0
215.10,7,0.0000,0,0,72.8390,27.1610,150.0000,0
215.10,8,88.0000,0,0,89.1376,10.8624,209.0000,0
215.10,9,0.0000,0,0,91.4188,8.5812,150.0000,0
216.10,0,0.0000,0,0,93.5116,6.4884,151.0000,0
216.10,1,26.5000,0,0,85.0240,14.9760,169.0000,0
216.10,2,0.0000,0,0,92.9436,7.0564,151.0000,0
216.10,3,80.5000,0,0,95.2454,4.7546,205.0000,0
216.10,4,0.0000,0,0,99.0005,0.9995,151.0000,0
216.10,5,68.5000,0,0,91.0609,8.9391,197.0000,0
216.10,6,0.0000,0,0,95.5052,4.4948,151.0000,0
216.10,7,0.0000,0,0,72.8390,27.1610,151.0000,0
216.10,8,88.0000,0,0,89.1376,10.8624,210.0000,0
216.10,9,0.0000,0,0,91.4188,8.5812,151.0000,0
217.10,0,0.0000,0,0,93.5116,6.4884,152.0000,0
217.10,1,26.5000,0,0,85.0240,14.9760,170.0000,0
217.10,2,0.0000,0,0,92.9436,7.0564,152.0000,0
217.10,3,80.5000,0,0,95.2454,4.7546,206.0000,0
217.10,4,0.0000,0,0,99.0005,0.9995,152.0000,0
217.10,5,68.5000,0,0,91.0609,8.9391,198.0000,0
217.10,6,0.0000,0,0,95.5052,4.4948,152.0000,0
217.10,7,0.0000,0,0,72.8390,27.1610,152.0000,0
217.10,8,88.0000,0,0,89.1376,10.8624,211.0000,0
217.10,9,0.0000,0,0,91.4188,8.5812,152.0000,0
218.10,0,0.0000,0,0,93.5116,6.4884,153.0000,0
218.10,1,26.5000,0,0,85.0240,14.9760,171.0000,0
218.10,2,0.0000,0,0,92.9436,7.0564,153.0000,0
218.10,3,80.5000,0,0,95.2454,4.7546,207.0000,0
218.10,4,0.0000,0,0,99.0005,0.9995,153.0000,0
218.10,5,68.5000,0,0,91.0609,8.9391,199.0000,0
218.10,6,0.0000,0,0,95.5052,4.4948,153.0000,0
218.10,7,0.0000,0,0,72.8390,27.1610,153.0000,0
218.10,8,88.0000,0,0,89.1376,10.8624,212.0000,0
218.10,9,0.0000,0,0,91.4188,8.5812,153.0000,0
219.10,0,0.0000,0,0,93.5116,6.4884,154.0000,0
219.10,1,26.5000,0,0,85.0240,14.9760,172.0000,0
219.10,2,0.0000,0,0,92.9436,7.0564,154.0000,0
219.10,3,80.5000,0,0,95.2454,4.7546,208.0000,0
219.10,4,0.0000,0,0,99.0005,0.9995,154.0000,0
219.10,5,68.5000,0,0,91.0609,8.9391,200.0000,0
219.10,6,0.0000,0,0,95.5052,4.4948,154.0000,0
219.10,7,0.0000,0,0,72.8390,27.1610,154.0000,0
219.10,8,88.0000,0,0,89.1376,10.8624,213.0000,0
219.10,9,0.0000,0,0,91.4188,8.5812,154.0000,0
220.10,0,0.0000,0,0,93.5116,6.4884,155.0000,0
220.10,1,26.5000,0,0,85.0240,14.9760,173.0000,0
220.10,2,0.0000,0,0,92.9436,7.0564,155.0000,0
220.10,3,80.5000,0,0,95.2454,4.7546,209.0000,0
220.10,4,0.0000,0,0,99.0005,0.9995,155.0000,0
220.10,5,68.5000,0,0,91.0609,8.9391,201.0000,0
220.10,6,0.0000,0,0,95.5052,4.4948,155.0000,0
220.10,7,0.0000,0,0,72.8390,27.1610,155.0000,0
220.10,8,88.0000,0,0,89.1376,10.8624,214.0000,0
220.10,9,0.0000,0,0,91.4188,8.5812,155.0000,0
221.10,0,0.0000,0,0,93.5116,6.4884,156.0000,0
221.10,1,26.5000,0,0,85.0240,14.9760,174.0000,0
221.10,2,0.0000,0,0,92.9436,7.0564,156.0000,0
221.10,3,80.5000,0,0,95.2454,4.7546,210.0000,0
221.10,4,0.0000,0,0,99.0005,0.9995,156.0000,0
221.10,5,68.5000,0,0,91.0609,8.9391,202.0000,0
221.10,6,0.0000,0,0,95.5052,4.4948,156.0000,0
221.10,7,0.0000,0,0,72.8390,27.1610,156.0000,0
221.10,8,88.0000,0,0,89.1376,10.8624,215.0000,0
221.10,9,0.0000,0,0,91.4188,8.5812,156.0000,0
222.10,0,0.0000,0,0,93.5116,6.4884,157.0000,0
222.10,1,26.5000,0,0,85.0240,14.9760,175.0000,0
222.10,2,0.0000,0,0,92.9436,7.0564,157.0000,0
222.10,3,80.5000,0,0,95.2454,4.7546,211.0000,0
222.10,4,0.0000,0,0,99.0005,0.9995,157.0000,0
222.10,5,68.5000,0,0,91.0609,8.9391,203.0000,0
222.10,6,0.0000,0,0,95.5052,4.4948,157.0000,0
222.10,7,0.0000,0,0,72.8390,27.1610,157.0000,0
222.10,8,88.0000,0,0,89.1376,10.8624,216.0000,0
222.10,9,0.0000,0,0,91.4188,8.5812,157.0000,0
223.10,0,0.0000,0,0,93.5116,6.4884,158.0000,0
223.10,1,26.5000,0,0,85.0240,14.9760,176.0000,0
223.10,2,0.0000,0,0,92.9436,7.0564,158.0000,0
223.10,3,80.5000,0,0,95.2454,4.7546,212.0000,0
223.10,4,0.0000,0,0,99.0005,0.9995,158.0000,0
223.10,5,68.5000,0,0,91.0609,8.9391,204.0000,0
223.10,6,0.0000,0,0,95.5052,4.4948,158.0000,0
223.10,7,0.0000,0,0,72.8390,27.1610,158.0000,0
223.10,8,88.0000,0,0,89.1376,10.8624,217.0000,0
223.10,9,0.0000,0,0,91.4188,8.5812,158.0000,0
224.10,0,0.0000,0,0,93.5116,6.4884,159.0000,0
224.10,1,26.5000,0,0,85.0240,14.9760,177.0000,0
224.10,2,0.0000,0,0,92.9436,7.0564,159.0000,0
224.10,3,80.5000,0,0,95.2454,4.7546,213.0000,0
224.10,4,0.0000,0,0,99.0005,0.9995,159.0000,0
224.10,5,68.5000,0,0,91.0609,8.9391,205.0000,0
224.10,6,0.0000,0,0,95.5052,4.4948,159.0000,0
224.10,7,0.0000,0,0,72.8390,27.1610,159.0000,0
224.10,8,88.0000,0,0,89.1376,10.8624,218.0000,0
224.10,9,0.0000,0,0,91.4188,8.5812,159.0000,0
225.10,0,0.0000,0,0,93.5116,6.4884,160.0000,0
225.10,1,26.5000,0,0,85.0240,14.9760,178.0000,0
225.10,2,0.0000,0,0,92.9436,7.0564,160.0000,0
225.10,3,80.5000,0,0,95.2454,4.7546,214.0000,0
225.10,4,0.0000,0,0,99.0005,0.9995,160.0000,0
225.10,5,68.5000,0,0,91.0609,8.9391,206.0000,0
225.10,6,0.0000,0,0,95.5052,4.4948,160.0000,0
225.10,7,0.0000,0,0,72.8390,27.1610,160.0000,0
225.10,8,88.0000,0,0,89.1376,10.8624,219.0000,0
225.10,9,0.0000,0,0,91.4188,8.5812,160.0000,0
226.10,0,0.0000,0,0,93.5116,6.4884,161.0000,0
226.10,1,26.5000,0,0,85.0240,14.9760,179.0000,0
226.10,2,0.0000,0,0,92.9436,7.0564,161.0000,0
226.10,3,80.5000,0,0,95.2454,4.7546,215.0000,0
226.10,4,0.0000,0,0,99.0005,0.9995,161.0000,0
226.10,5,68.5000,0,0,91.0609,8.9391,207.0000,0
226.10,6,0.0000,0,0,95.5052,4.4948,161.0000,0
226.10,7,0.0000,0,0,72.8390,27.1610,161.0000,0
226.10,8,88.0000,0,0,89.1376,10.8624,220.0000,0
226.10,9,0.0000,0,0,91.4188,8.5812,161.0000,0
227.10,0,0.0000,0,0,93.5116,6.4884,162.0000,0
227.10,1,26.5000,0,0,85.0240,14.9760,180.0000,0
227.10,2,0.0000,0,0,92.9436,7.0564,162.0000,0
227.10,3,80.5000,0,0,95.2454,4.7546,216.0000,0
227.10,4,0.0000,0,0,99.0005,0.9995,162.0000,0
227.10,5,68.5000,0,0,91.0609,8.9391,208.0000,0
227.10,6,0.0000,0,0,95.5052,4.4948,162.0000,0
227.10,7,0.0000,0,0,72.8390,27.1610,162.0000,0
227.10,8,88.0000,0,0,89.1376,10.8624,221.0000,0
227.10,9,0.0000,0,0,91.4188,8.5812,162.0000,0
228.10,0,0.0000,0,0,93.5116,6.4884,163.0000,0
228.10,1,26.5000,0,0,85.0240,14.9760,181.0000,0
228.10,2,0.0000,0,0,92.9436,7.0564,163.0000,0
228.10,3,80.5000,0,0,95.2454,4.7546,217.0000,0
228.10,4,0.0000,0,0,99.0005,0.9995,163.0000,0
228.10,5,68.5000,0,0,91.0609,8.9391,209.0000,0
228.10,6,0.0000,0,0,95.5052,4.4948,163.0000,0
228.10,7,0.0000,0,0,72.8390,27.1610,163.0000,0
228.10,8,88.0000,0,0,89.1376,10.8624,222.0000,0
228.10,9,0.0000,0,0,91.4188,8.5812,163.0000,0
229.10,0,0.0000,0,0,93.5116,6.4884,164.0000,0
229.10,1,26.5000,0,0,85.0240,14.9760,182.0000,0
229.10,2,0.0000,0,0,92.9436,7.0564,164.0000,0
229.10,3,80.5000,0,0,95.2454,4.7546,218.0000,0
229.10,4,0.0000,0,0,99.0005,0.9995,164.0000,0
229.10,5,68.5000,0,0,91.0609,8.9391,210.0000,0
229.10,6,0.0000,0,0,95.5052,4.4948,164.0000,0
229.10,7,0.0000,0,0,72.8390,27.1610,164.0000,0
229.10,8,88.0000,0,0,89.1376,10.8624,223.0000,0
229.10,9,0.0000,0,0,91.4188,8.5812,164.0000,0
230.10,0,0.0000,0,0,93.5116,6.4884,165.0000,0
230.10,1,26.5000,0,0,85.0240,14.9760,183.0000,0
230.10,2,0.0000,0,0,92.9436,7.0564,165.0000,0
230.10,3,80.5000,0,0,95.2454,4.7546,219.0000,0
230.10,4,0.0000,0,0,99.0005,0.9995,165.0000,0
230.10,5,68.5000,0,0,91.0609,8.9391,211.0000,0
230.10,6,0.0000,0,0,95.5052,4.4948,165.0000,0
230.10,7,0.0000,0,0,72.8390,27.1610,165.0000,0
230.10,8,88.0000,0,0,89.1376,10.8624,224.0000,0
230.10,9,0.0000,0,0,91.4188,8.5812,165.0000,0
231.10,0,0.0000,0,0,93.5116,6.4884,166.0000,0
231.10,1,26.5000,0,0,85.0240,14.9760,184.0000,0
231.10,2,0.0000,0,0,92.9436,7.0564,166.0000,0
231.10,3,80.5000,0,0,95.2454,4.7546,220.0000,0
231.10,4,0.0000,0,0,99.0005,0.9995,166.0000,0
231.10,5,68.5000,0,0,91.0609,8.9391,212.0000,0
231.10,6,0.0000,0,0,95.5052,4.4948,166.0000,0
231.10,7,0.0000,0,0,72.8390,27.1610,166.0000,0
231.10,8,88.0000,0,0,89.1376,10.8624,225.0000,0
231.10,9,0.0000,0,0,91.4188,8.5812,166.0000,0
232.10,0,0.0000,0,0,93.5116,6.4884,167.0000,0
232.10,1,26.5000,0,0,85.0240,14.9760,185.0000,0
232.10,2,0.0000,0,0,92.9436,7.0564,167.0000,0
232.10,3,80.5000,0,0,95.2454,4.7546,221.0000,0
232.10,4,0.0000,0,0,99.0005,0.9995,167.0000,0
232.10,5,68.5000,0,0,91.0609,8.9391,213.0000,0
232.10,6,0.0000,0,0,95.5052,4.4948,167.0000,0
232.10,7,0.0000,0,0,72.8390,27.1610,167.0000,0
232.10,8,88.0000,0,0,89.1376,10.8624,226.0000,0
232.10,9,0.0000,0,0,91.4188,8.5812,167.0000,0
233.10,0,0.0000,0,0,93.5116,6.4884,168.0000,0
233.10,1,26.5000,0,0,85.0240,14.9760,186.0000,0
233.10,2,0.0000,0,0,92.9436,7.0564,168.0000,0
233.10,3,80.5000,0,0,95.2454,4.7546,222.0000,0
233.10,4,0.0000,0,0,99.0005,0.9995,168.0000,0
233.10,5,68.5000,0,0,91.0609,8.9391,214.0000,0
233.10,6,0.0000,0,0,95.5052,4.4948,168.0000,0
233.10,7,0.0000,0,0,72.8390,27.1610,168.0000,0
233.10,8,88.0000,0,0,89.1376,10.8624,227.0000,0
233.10,9,0.0000,0,0,91.4188,8.5812,168.0000,0
234.10,0,0.0000,0,0,93.5116,6.4884,169.0000,0
234.10,1,26.5000,0,0,85.0240,14.9760,187.0000,0
234.10,2,0.0000,0,0,92.9436,7.0564,169.0000,0
234.10,3,80.5000,0,0,95.2454,4.7546,223.0000,0
234.10,4,0.0000,0,0,99.0005,0.9995,169.0000,0
234.10,5,68.5000,0,0,91.0609,8.9391,215.0000,0
234.10,6,0.0000,0,0,95.5052,4.4948,169.0000,0
234.10,7,0.0000,0,0,72.8390,27.1610,169.0000,0
234.10,8,88.0000,0,0,89.1376,10.8624,228.0000,0
234.10,9,0.0000,0,0,91.4188,8.5812,169.0000,0
235.10,0,0.0000,0,0,93.5116,6.4884,170.0000,0
235.10,1,26.5000,0,0,85.0240,14.9760,188.0000,0
235.10,2,0.0000,0,0,92.9436,7.0564,170.0000,0
235.10,3,80.5000,0,0,95.2454,4.7546,224.0000,0
235.10,4,0.0000,0,0,99.0005,0.9995,170.0000,0
235.10,5,68.5000,0,0,91.0609,8.9391,216.0000,0
235.10,6,0.0000,0,0,95.5052,4.4948,170.0000,0
235.10,7,0.0000,0,0,72.8390,27.1610,170.0000,0
235.10,8,88.0000,0,0,89.1376,10.8624,229.0000,0
235.10,9,0.0000,0,0,91.4188,8.5812,170.0000,0
236.10,0,0.0000,0,0,93.5116,6.4884,171.0000,0
236.10,1,26.5000,0,0,85.0240,14.9760,189.0000,0
236.10,2,0.0000,0,0,92.9436,7.0564,171.0000,0
236.10,3,80.5000,0,0,95.2454,4.7546,225.0000,0
236.10,4,0.0000,0,0,99.0005,0.9995,171.0000,0
236.10,5,68.5000,0,0,91.0609,8.9391,217.0000,0
236.10,6,0.0000,0,0,95.5052,4.4948,171.0000,0
236.10,7,0.0000,0,0,72.8390,27.1610,171.0000,0
236.10,8,88.0000,0,0,89.1376,10.8624,230.0000,0
236.10,9,0.0000,0,0,91.4188,8.5812,171.0000,0
237.10,0,0.0000,0,0,93.5116,6.4884,172.0000,0
237.10,1,26.5000,0,0,85.0240,14.9760,190.0000,0
237.10,2,0.0000,0,0,92.9436,7.0564,172.0000,0
237.10,3,80.5000,0,0,95.2454,4.7546,226.0000,0
237.10,4,0.0000,0,0,99.0005,0.9995,172.0000,0
237.10,5,68.5000,0,0,91.0609,8.9391,218.0000,0
237.10,6,0.0000,0,0,95.5052,4.4948,172.0000,0
237.10,7,0.0000,0,0,72.8390,27.1610,172.0000,0
237.10,8,88.0000,0,0,89.1376,10.8624,231.0000,0
237.10,9,0.0000,0,0,91.4188,8.5812,172.0000,0
238.10,0,0.0000,0,0,93.5116,6.4884,173.0000,0
238.10,1,26.5000,0,0,85.0240,14.9760,191.0000,0
238.10,2,0.0000,0,0,92.9436,7.0564,173.0000,0
238.10,3,80.5000,0,0,95.2454,4.7546,227.0000,0
238.10,4,0.0000,0,0,99.0005,0.9995,173.0000,0
238.10,5,68.5000,0,0,91.0609,8.9391,219.0000,0
238.10,6,0.0000,0,0,95.5052,4.4948,173.0000,0
238.10,7,0.0000,0,0,72.8390,27.1610,173.0000,0
238.10,8,88.0000,0,0,89.1376,10.8624,232.0000,0
238.10,9,0.0000,0,0,91.4188,8.5812,173.0000,0
239.10,0,0.0000,0,0,93.5116,6.4884,174.0000,0
239.10,1,26.5000,0,0,85.0240,14.9760,192.0000,0
239.10,2,0.0000,0,0,92.9436,7.0564,174.0000,0
239.10,3,80.5000,0,0,95.2454,4.7546,228.0000,0
239.10,4,0.0000,0,0,99.0005,0.9995,174.0000,0
239.10,5,68.5000,0,0,91.0609,8.9391,220.0000,0
239.10,6,0.0000,0,0,95.5052,4.4948,174.0000,0
239.10,7,0.0000,0,0,72.8390,27.1610,174.0000,0
239.10,8,88.0000,0,0,89.1376,10.8624,233.0000,0
239.10,9,0.0000,0,0,91.4188,8.5812,174.0000,0
240.10,0,0.0000,0,0,93.5116,6.4884,175.0000,0
240.10,1,26.5000,0,0,85.0240,14.9760,193.0000,0
240.10,2,0.0000,0,0,92.9436,7.0564,175.0000,0
240.10,3,80.5000,0,0,95.2454,4.7546,229.0000,0
240.10,4,0.0000,0,0,99.0005,0.9995,175.0000,0
240.10,5,68.5000,0,0,91.0609,8.9391,221.0000,0
240.10,6,0.0000,0,0,95.5052,4.4948,175.0000,0
240.10,7,0.0000,0,0,72.8390,27.1610,175.0000,0
240.10,8,88.0000,0,0,89.1376,10.8624,234.0000,0
240.10,9,0.0000,0,0,91.4188,8.5812,175.0000,0
241.10,0,0.0000,0,0,93.5116,6.4884,176.0000,0
241.10,1,26.5000,0,0,85.0240,14.9760,194.0000,0
241.10,2,0.0000,0,0,92.9436,7.0564,176.0000,0
241.10,3,80.5000,0,0,95.2454,4.7546,230.0000,0
241.10,4,0.0000,0,0,99.0005,0.9995,176.0000,0
241.10,5,68.5000,0,0,91.0609,8.9391,222.0000,0
241.10,6,0.0000,0,0,95.5052,4.4948,176.0000,0
241.10,7,0.0000,0,0,72.8390,27.1610,176.0000,0
241.10,8,88.0000,0,0,89.1376,10.8624,235.0000,0
241.10,9,0.0000,0,0,91.4188,8.5812,176.0000,0
242.10,0,0.0000,0,0,93.5116,6.4884,177.0000,0
242.10,1,26.5000,0,0,85.0240,14.9760,195.0000,0
242.10,2,0.0000,0,0,92.9436,7.0564,177.0000,0
242.10,3,80.5000,0,0,95.2454,4.7546,231.0000,0
242.10,4,0.0000,0,0,99.0005,0.9995,177.0000,0
242.10,5,68.5000,0,0,91.0609,8.9391,223.0000,0
242.10,6,0.0000,0,0,95.5052,4.4948,177.0000,0
242.10,7,0.0000,0,0,72.8390,27.1610,177.0000,0
242.10,8,88.0000,0,0,89.1376,10.8624,236.0000,0
242.10,9,0.0000,0,0,91.4188,8.5812,177.0000,0
243.10,0,0.0000,0,0,93.5116,6.4884,178.0000,0
243.10,1,26.5000,0,0,85.0240,14.9760,196.0000,0
243.10,2,0.0000,0,0,92.9436,7.0564,178.0000,0
243.10,3,80.5000,0,0,95.2454,4.7546,232.0000,0
243.10,4,0.0000,0,0,99.0005,0.9995,178.0000,0
243.10,5,68.5000,0,0,91.0609,8.9391,224.0000,0
243.10,6,0.0000,0,0,95.5052,4.4948,178.0000,0
243.10,7,0.0000,0,0,72.8390,27.1610,178.0000,0
243.10,8,88.0000,0,0,89.1376,10.8624,237.0000,0
243.10,9,0.0000,0,0,91.4188,8.5812,178.0000,0
244.10,0,0.0000,0,0,93.5116,6.4884,179.0000,0
244.10,1,26.5000,0,0,85.0240,14.9760,197.0000,0
244.10,2,0.0000,0,0,92.9436,7.0564,179.0000,0
244.10,3,80.5000,0,0,95.2454,4.7546,233.0000,0
244.10,4,0.0000,0,0,99.0005,0.9995,179.0000,0
244.10,5,68.5000,0,0,91.0609,8.9391,225.0000,0
244.10,6,0.0000,0,0,95.5052,4.4948,179.0000,0
244.10,7,0.0000,0,0,72.8390,27.1610,179.0000,0
244.10,8,88.0000,0,0,89.1376,10.8624,238.0000,0
244.10,9,0.0000,0,0,91.4188,8.5812,179.0000,0
245.10,0,0.0000,0,0,93.5116,6.4884,180.0000,0
245.10,1,26.5000,0,0,85.0240,14.9760,198.0000,0
245.10,2,0.0000,0,0,92.9436,7.0564,180.0000,0
245.10,3,80.5000,0,0,95.2454,4.7546,234.0000,0
245.10,4,0.0000,0,0,99.0005,0.9995,180.0000,0
245.10,5,68.5000,0,0,91.0609,8.9391,226.0000,0
245.10,6,0.0000,0,0,95.5052,4.4948,180.0000,0
245.10,7,0.0000,0,0,72.8390,27.1610,180.0000,0
245.10,8,88.0000,0,0,89.1376,10.8624,239.0000,0
245.10,9,0.0000,0,0,91.4188,8.5812,180.0000,0
246.10,0,0.0000,0,0,93.5116,6.4884,181.0000,0
246.10,1,26.5000,0,0,85.0240,14.9760,199.0000,0
246.10,2,0.0000,0,0,92.9436,7.0564,181.0000,0
246.10,3,80.5000,0,0,95.2454,4.7546,235.0000,0
246.10,4,0.0000,0,0,99.0005,0.9995,181.0000,0
246.10,5,68.5000,0,0,91.0609,8.9391,227.0000,0
246.10,6,0.0000,0,0,95.5052,4.4948,181.0000,0
246.10,7,0.0000,0,0,72.8390,27.1610,181.0000,0
246.10,8,88.0000,0,0,89.1376,10.8624,240.0000,0
246.10,9,0.0000,0,0,91.4188,8.5812,181.0000,0
247.10,0,0.0000,0,0,93.5116,6.4884,182.0000,0
247.10,1,26.5000,0,0,85.0240,14.9760,200.0000,0
247.10,2,0.0000,0,0,92.9436,7.0564,182.0000,0
247.10,3,80.5000,0,0,95.2454,4.7546,236.0000,0
247.10,4,0.0000,0,0,99.0005,0.9995,182.0000,0
247.10,5,68.5000,0,0,91.0609,8.9391,228.0000,0
247.10,6,0.0000,0,0,95.5052,4.4948,182.0000,0
247.10,7,0.0000,0,0,72.8390,27.1610,182.0000,0
247.10,8,88.0000,0,0,89.1376,10.8624,241.0000,0
247.10,9,0.0000,0,0,91.4188,8.5812,182.0000,0
248.10,0,0.0000,0,0,93.5116,6.4884,183.0000,0
248.10,1,26.5000,0,0,85.0240,14.9760,201.0000,0
248.10,2,0.0000,0,0,92.9436,7.0564,183.0000,0
248.10,3,80.5000,0,0,95.2454,4.7546,237.0000,0
248.10,4,0.0000,0,0,99.0005,0.9995,183.0000,0
248.10,5,68.5000,0,0,91.0609,8.9391,229.0000,0
248.10,6,0.0000,0,0,95.5052,4.4948,183.0000,0
248.10,7,0.0000,0,0,72.8390,27.1610,183.0000,0
248.10,8,88.0000,0,0,89.1376,10.8624,242.0000,0
248.10,9,0.0000,0,0,91.4188,8.5812,183.0000,0
249.10,0,0.0000,0,0,93.5116,6.4884,184.0000,0
249.10,1,26.5000,0,0,85.0240,14.9760,202.0000,0
249.10,2,0.0000,0,0,92.9436,7.0564,184.0000,0
249.10,3,80.5000,0,0,95.2454,4.7546,238.0000,0
249.10,4,0.0000,0,0,99.0005,0.9995,184.0000,0
249.10,5,68.5000,0,0,91.0609,8.9391,230.0000,0
249.10,6,0.0000,0,0,95.5052,4.4948,184.0000,0
249.10,7,0.0000,0,0,72.8390,27.1610,184.0000,0
249.10,8,88.0000,0,0,89.1376,10.8624,243.0000,0
249.10,9,0.0000,0,0,91.4188,8.5812,184.0000,0
250.10,0,0.0000,0,0,93.5116,6.4884,185.0000,0
250.10,1,26.5000,0,0,85.0240,14.9760,203.0000,0
250.10,2,0.0000,0,0,92.9436,7.0564,185.0000,0
250.10,3,80.5000,0,0,95.2454,4.7546,239.0000,0
250.10,4,0.0000,0,0,99.0005,0.9995,185.0000,0
250.10,5,68.5000,0,0,91.0609,8.9391,231.0000,0
250.10,6,0.0000,0,0,95.5052,4.4948,185.0000,0
250.10,7,0.0000,0,0,72.8390,27.1610,185.0000,0
250.10,8,88.0000,0,0,89.1376,10.8624,244.0000,0
250.10,9,0.0000,0,0,91.4188,8.5812,185.0000,0
251.10,0,0.0000,0,0,93.5116,6.4884,186.0000,0
251.10,1,26.5000,0,0,85.0240,14.9760,204.0000,0
251.10,2,0.0000,0,0,92.9436,7.0564,186.0000,0
251.10,3,80.5000,0,0,95.2454,4.7546,240.0000,0
251.10,4,0.0000,0,0,99.0005,0.9995,186.0000,0
251.10,5,68.5000,0,0,91.0609,8.9391,232.0000,0
251.10,6,0.0000,0,0,95.5052,4.4948,186.0000,0
251.10,7,0.0000,0,0,72.8390,27.1610,186.0000,0
251.10,8,88.0000,0,0,89.1376,10.8624,245.0000,0
251.10,9,0.0000,0,0,91.4188,8.5812,186.0000,0
252.10,0,0.0000,0,0,93.5116,6.4884,187.0000,0
252.10,1,26.5000,0,0,85.0240,14.9760,205.0000,0
252.10,2,0.0000,0,0,92.9436,7.0564,187.0000,0
252.10,3,80.5000,0,0,95.2454,4.7546,241.0000,0
252.10,4,0.0000,0,0,99.0005,0.9995,187.0000,0
252.10,5,68.5000,0,0,91.0609,8.9391,233.0000,0
252.10,6,0.0000,0,0,95.5052,4.4948,187.0000,0
252.10,7,0.0000,0,0,72.8390,27.1610,187.0000,0
252.10,8,88.0000,0,0,89.1376,10.8624,246.0000,0
252.10,9,0.0000,0,0,91.4188,8.5812,187.0000,0
253.10,0,0.0000,0,0,93.5116,6.4884,188.0000,0
253.10,1,26.5000,0,0,85.0240,14.9760,206.0000,0
253.10,2,0.0000,0,0,92.9436,7.0564,188.0000,0
253.10,3,80.5000,0,0,95.2454,4.7546,242.0000,0
253.10,4,0.0000,0,0,99.0005,0.9995,188.0000,0
253.10,5,68.5000,0,0,91.0609,8.9391,234.0000,0
253.10,6,0.0000,0,0,95.5052,4.4948,188.0000,0
253.10,7,0.0000,0,0,72.8390,27.1610,188.0000,0
253.10,8,88.0000,0,0,89.1376,10.8624,247.0000,0
253.10,9,0.0000,0,0,91.4188,8.5812,188.0000,0
254.10,0,0.0000,0,0,93.5116,6.4884,189.0000,0
254.10,1,26.5000,0,0,85.0240,14.9760,207.0000,0
254.10,2,0.0000,0,0,92.9436,7.0564,189.0000,0
254.10,3,80.5000,0,0,95.2454,4.7546,243.0000,0
254.10,4,0.0000,0,0,99.0005,0.9995,189.0000,0
254.10,5,68.5000,0,0,91.0609,8.9391,235.0000,0
254.10,6,0.0000,0,0,95.5052,4.4948,189.0000,0
254.10,7,0.0000,0,0,72.8390,27.1610,189.0000,0
254.10,8,88.0000,0,0,89.1376,10.8624,248.0000,0
254.10,9,0.0000,0,0,91.4188,8.5812,189.0000,0
255.10,0,0.0000,0,0,93.5116,6.4884,190.0000,0
255.10,1,26.5000,0,0,85.0240,14.9760,208.0000,0
255.10,2,0.0000,0,0,92.9436,7.0564,190.0000,0
255.10,3,80.5000,0,0,95.2454,4.7546,244.0000,0
255.10,4,0.0000,0,0,99.0005,0.9995,190.0000,0
255.10,5,68.5000,0,0,91.0609,8.9391,236.0000,0
255.10,6,0.0000,0,0,95.5052,4.4948,190.0000,0
255.10,7,0.0000,0,0,72.8390,27.1610,190.0000,0
255.10,8,88.0000,0,0,89.1376,10.8624,249.0000,0
255.10,9,0.0000,0,0,91.4188,8.5812,190.0000,0
256.10,0,0.0000,0,0,93.5116,6.4884,191.0000,0
256.10,1,26.5000,0,0,85.0240,14.9760,209.0000,0
256.10,2,0.0000,0,0,92.9436,7.0564,191.0000,0
256.10,3,80.5000,0,0,95.2454,4.7546,245.0000,0
256.10,4,0.0000,0,0,99.0005,0.9995,191.0000,0
256.10,5,68.5000,0,0,91.0609,8.9391,237.0000,0
256.10,6,0.0000,0,0,95.5052,4.4948,191.0000,0
256.10,7,0.0000,0,0,72.8390,27.1610,191.0000,0
256.10,8,88.0000,0,0,89.1376,10.8624,250.0000,0
256.10,9,0.0000,0,0,91.4188,8.5812,191.0000,0
257.10,0,0.0000,0,0,93.5116,6.4884,192.0000,0
257.10,1,26.5000,0,0,85.0240,14.9760,210.0000,0
257.10,2,0.0000,0,0,92.9436,7.0564,192.0000,0
257.10,3,80.5000,0,0,95.2454,4.7546,246.0000,0
257.10,4,0.0000,0,0,99.0005,0.9995,192.0000,0
257.10,5,68.5000,0,0,91.0609,8.9391,238.0000,0
257.10,6,0.0000,0,0,95.5052,4.4948,192.0000,0
257.10,7,0.0000,0,0,72.8390,27.1610,192.0000,0
257.10,8,88.0000,0,0,89.1376,10.8624,251.0000,0
257.10,9,0.0000,0,0,91.4188,8.5812,192.0000,0
258.10,0,0.0000,0,0,93.5116,6.4884,193.0000,0
258.10,1,26.5000,0,0,85.0240,14.9760,211.0000,0
258.10,2,0.0000,0,0,92.9436,7.0564,193.0000,0
258.10,3,80.5000,0,0,95.2454,4.7546,247.0000,0
258.10,4,0.0000,0,0,99.0005,0.9995,193.0000,0
258.10,5,68.5000,0,0,91.0609,8.9391,239.0000,0
258.10,6,0.0000,0,0,95.5052,4.4948,193.0000,0
258.10,7,0.0000,0,0,72.8390,27.1610,193.0000,0
258.10,8,88.0000,0,0,89.1376,10.8624,252.0000,0
258.10,9,0.0000,0,0,91.4188,8.5812,193.0000,0
259.10,0,0.0000,0,0,93.5116,6.4884,194.0000,0
259.10,1,26.5000,0,0,85.0240,14.9760,212.0000,0
259.10,2,0.0000,0,0,92.9436,7.0564,194.0000,0
259.10,3,80.5000,0,0,95.2454,4.7546,248.0000,0
259.10,4,0.0000,0,0,99.0005,0.9995,194.0000,0
259.10,5,68.5000,0,0,91.0609,8.9391,240.0000,0
259.10,6,0.0000,0,0,95.5052,4.4948,194.0000,0
259.10,7,0.0000,0,0,72.8390,27.1610,194.0000,0
259.10,8,88.0000,0,0,89.1376,10.8624,253.0000,0
259.10,9,0.0000,0,0,91.4188,8.5812,194.0000,0
260.10,0,0.0000,0,0,93.5116,6.4884,195.0000,0
260.10,1,26.5000,0,0,85.0240,14.9760,213.0000,0
260.10,2,0.0000,0,0,92.9436,7.0564,195.0000,0
260.10,3,80.5000,0,0,95.2454,4.7546,249.0000,0
260.10,4,0.0000,0,0,99.0005,0.9995,195.0000,0
260.10,5,68.5000,0,0,91.0609,8.9391,241.0000,0
260.10,6,0.0000,0,0,95.5052,4.4948,195.0000,0
260.10,7,0.0000,0,0,72.8390,27.1610,195.0000,0
260.10,8,88.0000,0,0,89.1376,10.8624,254.0000,0
260.10,9,0.0000,0,0,91.4188,8.5812,195.0000,0
261.10,0,0.0000,0,0,93.5116,6.4884,196.0000,0
261.10,1,26.5000,0,0,85.0240,14.9760,214.0000,0
261.10,2,0.0000,0,0,92.9436,7.0564,196.0000,0
261.10,3,80.5000,0,0,95.2454,4.7546,250.0000,0
261.10,4,0.0000,0,0,99.0005,0.9995,196.0000,0
261.10,5,68.5000,0,0,91.0609,8.9391,242.0000,0
261.10,6,0.0000,0,0,95.5052,4.4948,196.0000,0
261.10,7,0.0000,0,0,72.8390,27.1610,196.0000,0
261.10,8,88.0000,0,0,89.1376,10.8624,255.0000,0
261.10,9,0.0000,0,0,91.4188,8.5812,196.0000,0
262.10,0,0.0000,0,0,93.5116,6.4884,197.0000,0
262.10,1,26.5000,0,0,85.0240,14.9760,215.0000,0
262.10,2,0.0000,0,0,92.9436,7.0564,197.0000,0
262.10,3,80.5000,0,0,95.2454,4.7546,251.0000,0
262.10,4,0.0000,0,0,99.0005,0.9995,197.0000,0
262.10,5,68.5000,0,0,91.0609,8.9391,243.0000,0
262.10,6,0.0000,0,0,95.5052,4.4948,197.0000,0
262.10,7,0.0000,0,0,72.8390,27.1610,197.0000,0
262.10,8,88.0000,0,0,89.1376,10.8624,256.0000,0
262.10,9,0.0000,0,0,91.4188,8.5812,197.0000,0
263.10,0,0.0000,0,0,93.5116,6.4884,198.0000,0
263.10,1,26.5000,0,0,85.0240,14.9760,216.0000,0
263.10,2,0.0000,0,0,92.9436,7.0564,198.0000,0
263.10,3,80.5000,0,0,95.2454,4.7546,252.0000,0
263.10,4,0.0000,0,0,99.0005,0.9995,198.0000,0
263.10,5,68.5000,0,0,91.0609,8.9391,244.0000,0
263.10,6,0.0000,0,0,95.5052,4.4948,198.0000,0
263.10,7,0.0000,0,0,72.8390,27.1610,198.0000,0
263.10,8,88.0000,0,0,89.1376,10.8624,257.0000,0
263.10,9,0.0000,0,0,91.4188,8.5812,198.0000,0
264.10,0,0.0000,0,0,93.5116,6.4884,199.0000,0
264.10,1,26.5000,0,0,85.0240,14.9760,217.0000,0
264.10,2,0.0000,0,0,92.9436,7.0564,199.0000,0
264.10,3,80.5000,0,0,95.2454,4.7546,253.0000,0
264.10,4,0.0000,0,0,99.0005,0.9995,199.0000,0
264.10,5,68.5000,0,0,91.0609,8.9391,245.0000,0
264.10,6,0.0000,0,0,95.5052,4.4948,199.0000,0
264.10,7,0.0000,0,0,72.8390,27.1610,199.0000,0
264.10,8,88.0000,0,0,89.1376,10.8624,258.0000,0
264.10,9,0.0000,0,0,91.4188,8.5812,199.0000,0
265.10,0,0.0000,0,0,93.5116,6.4884,200.0000,0
265.10,1,26.5000,0,0,85.0240,14.9760,218.0000,0
265.10,2,0.0000,0,0,92.9436,7.0564,200.0000,0
265.10,3,80.5000,0,0,95.2454,4.7546,254.0000,0
265.10,4,0.0000,0,0,99.0005,0.9995,200.0000,0
265.10,5,68.5000,0,0,91.0609,8.9391,246.0000,0
265.10,6,0.0000,0,0,95.5052,4.4948,200.0000,0
265.10,7,0.0000,0,0,72.8390,27.1610,200.0000,0
265.10,8,88.0000,0,0,89.1376,10.8624,259.0000,0
265.10,9,0.0000,0,0,91.4188,8.5812,200.0000,0
266.10,0,0.0000,0,0,93.5116,6.4884,201.0000,0
266.10,1,26.5000,0,0,85.0240,14.9760,219.0000,0
266.10,2,0.0000,0,0,92.9436,7.0564,201.0000,0
266.10,3,80.5000,0,0,95.2454,4.7546,255.0000,0
266.10,4,0.0000,0,0,99.0005,0.9995,201.0000,0
266.10,5,68.5000,0,0,91.0609,8.9391,247.0000,0
266.10,6,0.0000,0,0,95.5052,4.4948,201.0000,0
266.10,7,0.0000,0,0,72.8390,27.1610,201.0000,0
266.10,8,88.0000,0,0,89.1376,10.8624,260.0000,0
266.10,9,0.0000,0,0,91.4188,8.5812,201.0000,0
267.10,0,0.0000,0,0,93.5116,6.4884,202.0000,0
267.10,1,26.5000,0,0,85.0240,14.9760,220.0000,0
267.10,2,0.0000,0,0,92.9436,7.0564,202.0000,0
267.10,3,80.5000,0,0,95.2454,4.7546,256.0000,0
267.10,4,0.0000,0,0,99.0005,0.9995,202.0000,0
267.10,5,68.5000,0,0,91.0609,8.9391,248.0000,0
267.10,6,0.0000,0,0,95.5052,4.4948,202.0000,0
267.10,7,0.0000,0,0,72.8390,27.1610,202.0000,0
267.10,8,88.0000,0,0,89.1376,10.8624,261.0000,0
267.10,9,0.0000,0,0,91.4188,8.5812,202.0000,0
268.10,0,0.0000,0,0,93.5116,6.4884,203.0000,0
268.10,1,26.5000,0,0,85.0240,14.9760,221.0000,0
268.10,2,0.0000,0,0,92.9436,7.0564,203.0000,0
268.10,3,80.5000,0,0,95.2454,4.7546,257.0000,0
268.10,4,0.0000,0,0,99.0005,0.9995,203.0000,0
268.10,5,68.5000,0,0,91.0609,8.9391,249.0000,0
268.10,6,0.0000,0,0,95.5052,4.4948,203.0000,0
268.10,7,0.0000,0,0,72.8390,27.1610,203.0000,0
268.10,8,88.0000,0,0,89.1376,10.8624,262.0000,0
268.10,9,0.0000,0,0,91.4188,8.5812,203.0000,0
269.10,0,0.0000,0,0,93.5116,6.4884,204.0000,0
269.10,1,26.5000,0,0,85.0240,14.9760,222.0000,0
269.10,2,0.0000,0,0,92.9436,7.0564,204.0000,0
269.10,3,80.5000,0,0,95.2454,4.7546,258.0000,0
269.10,4,0.0000,0,0,99.0005,0.9995,204.0000,0
269.10,5,68.5000,0,0,91.0609,8.9391,250.0000,0
269.10,6,0.0000,0,0,95.5052,4.4948,204.0000,0
269.10,7,0.0000,0,0,72.8390,27.1610,204.0000,0
269.10,8,88.0000,0,0,89.1376,10.8624,263.0000,0
269.10,9,0.0000,0,0,91.4188,8.5812,204.0000,0
270.10,0,0.0000,0,0,93.5116,6.4884,205.0000,0
270.10,1,26.5000,0,0,85.0240,14.9760,223.0000,0
270.10,2,0.0000,0,0,92.9436,7.0564,205.0000,0
270.10,3,80.5000,0,0,95.2454,4.7546,259.0000,0
270.10,4,0.0000,0,0,99.0005,0.9995,205.0000,0
270.10,5,68.5000,0,0,91.0609,8.9391,251.0000,0
270.10,6,0.0000,0,0,95.5052,4.4948,205.0000,0
270.10,7,0.0000,0,0,72.8390,27.1610,205.0000,0
270.10,8,88.0000,0,0,89.1376,10.8624,264.0000,0
270.10,9,0.0000,0,0,91.4188,8.5812,205.0000,0
271.10,0,0.0000,0,0,93.5116,6.4884,206.0000,0
271.10,1,26.5000,0,0,85.0240,14.9760,224.0000,0
271.10,2,0.0000,0,0,92.9436,7.0564,206.0000,0
271.10,3,80.5000,0,0,95.2454,4.7546,260.0000,0
271.10,4,0.0000,0,0,99.0005,0.9995,206.0000,0
271.10,5,68.5000,0,0,91.0609,8.9391,252.0000,0
271.10,6,0.0000,0,0,95.5052,4.4948,206.0000,0
271.10,7,0.0000,0,0,72.8390,27.1610,206.0000,0
271.10,8,88.0000,0,0,89.1376,10.8624,265.0000,0
271.10,9,0.0000,0,0,91.4188,8.5812,206.0000,0
272.10,0,0.0000,0,0,93.5116,6.4884,207.0000,0
272.10,1,26.5000,0,0,85.0240,14.9760,225.0000,0
272.10,2,0.0000,0,0,92.9436,7.0564,207.0000,0
272.10,3,80.5000,0,0,95.2454,4.7546,261.0000,0
272.10,4,0.0000,0,0,99.0005,0.9995,207.0000,0
272.10,5,68.5000,0,0,91.0609,8.9391,253.0000,0
272.10,6,0.0000,0,0,95.5052,4.4948,207.0000,0
272.10,7,0.0000,0,0,72.8390,27.1610,207.0000,0
272.10,8,88.0000,0,0,89.1376,10.8624,266.0000,0
272.10,9,0.0000,0,0,91.4188,8.5812,207.0000,0
273.10,0,0.0000,0,0,93.5116,6.4884,208.0000,0
273.10,1,26.5000,0,0,85.0240,14.9760,226.0000,0
273.10,2,0.0000,0,0,92.9436,7.0564,208.0000,0
273.10,3,80.5000,0,0,95.2454,4.7546,262.0000,0
273.10,4,0.0000,0,0,99.0005,0.9995,208.0000,0
273.10,5,68.5000,0,0,91.0609,8.9391,254.0000,0
273.10,6,0.0000,0,0,95.5052,4.4948,208.0000,0
273.10,7,0.0000,0,0,72.8390,27.1610,208.0000,0
273.10,8,88.0000,0,0,89.1376,10.8624,267.0000,0
273.10,9,0.0000,0,0,91.4188,8.5812,208.0000,0
274.10,0,0.0000,0,0,93.5116,6.4884,209.0000,0
274.10,1,26.5000,0,0,85.0240,14.9760,227.0000,0
274.10,2,0.0000,0,0,92.9436,7.0564,209.0000,0
274.10,3,80.5000,0,0,95.2454,4.7546,263.0000,0
274.10,4,0.0000,0,0,99.0005,0.9995,209.0000,0
274.10,5,68.5000,0,0,91.0609,8.9391,255.0000,0
274.10,6,0.0000,0,0,95.5052,4.4948,209.0000,0
274.10,7,0.0000,0,0,72.8390,27.1610,209.0000,0
274.10,8,88.0000,0,0,89.1376,10.8624,268.0000,0
274.10,9,0.0000,0,0,91.4188,8.5812,209.0000,0
275.10,0,0.0000,0,0,93.5116,6.4884,210.0000,0
275.10,1,26.5000,0,0,85.0240,14.9760,228.0000,0
275.10,2,0.0000,0,0,92.9436,7.0564,210.0000,0
275.10,3,80.5000,0,0,95.2454,4.7546,264.0000,0
275.10,4,0.0000,0,0,99.0005,0.9995,210.0000,0
275.10,5,68.5000,0,0,91.0609,8.9391,256.0000,0
275.10,6,0.0000,0,0,95.5052,4.4948,210.0000,0
275.10,7,0.0000,0,0,72.8390,27.1610,210.0000,0
275.10,8,88.0000,0,0,89.1376,10.8624,269.0000,0
275.10,9,0.0000,0,0,91.4188,8.5812,210.0000,0
276.10,0,0.0000,0,0,93.5116,6.4884,211.0000,0
276.10,1,26.5000,0,0,85.0240,14.9760,229.0000,0
276.10,2,0.0000,0,0,92.9436,7.0564,211.0000,0
276.10,3,80.5000,0,0,95.2454,4.7546,265.0000,0
276.10,4,0.0000,0,0,99.0005,0.9995,211.0000,0
276.10,5,68.5000,0,0,91.0609,8.9391,257.0000,0
276.10,6,0.0000,0,0,95.5052,4.4948,211.0000,0
276.10,7,0.0000,0,0,72.8390,27.1610,211.0000,0
276.10,8,88.0000,0,0,89.1376,10.8624,270.0000,0
276.10,9,0.0000,0,0,91.4188,8.5812,211.0000,0
277.10,0,0.0000,0,0,93.5116,6.4884,212.0000,0
277.10,1,26.5000,0,0,85.0240,14.9760,230.0000,0
277.10,2,0.0000,0,0,92.9436,7.0564,212.0000,0
277.10,3,80.5000,0,0,95.2454,4.7546,266.0000,0
277.10,4,0.0000,0,0,99.0005,0.9995,212.0000,0
277.10,5,68.5000,0,0,91.0609,8.9391,258.0000,0
277.10,6,0.0000,0,0,95.5052,4.4948,212.0000,0
277.10,7,0.0000,0,0,72.8390,27.1610,212.0000,0
277.10,8,88.0000,0,0,89.1376,10.8624,271.0000,0
277.10,9,0.0000,0,0,91.4188,8.5812,212.0000,0
278.10,0,0.0000,0,0,93.5116,6.4884,213.0000,0
278.10,1,26.5000,0,0,85.0240,14.9760,231.0000,0
278.10,2,0.0000,0,0,92.9436,7.0564,213.0000,0
278.10,3,80.5000,0,0,95.2454,4.7546,267.0000,0
278.10,4,0.0000,0,0,99.0005,0.9995,213.0000,0
278.10,5,68.5000,0,0,91.0609,8.9391,259.0000,0
278.10,6,0.0000,0,0,95.5052,4.4948,213.0000,0
278.10,7,0.0000,0,0,72.8390,27.1610,213.0000,0
278.10,8,88.0000,0,0,89.1376,10.8624,272.0000,0
278.10,9,0.0000,0,0,91.4188,8.5812,213.0000,0
279.10,0,0.0000,0,0,93.5116,6.4884,214.0000,0
279.10,1,26.5000,0,0,85.0240,14.9760,232.0000,0
279.10,2,0.0000,0,0,92.9436,7.0564,214.0000,0
279.10,3,80.5000,0,0,95.2454,4.7546,268.0000,0
279.10,4,0.0000,0,0,99.0005,0.9995,214.0000,0
279.10,5,68.5000,0,0,91.0609,8.9391,260.0000,0
279.10,6,0.0000,0,0,95.5052,4.4948,214.0000,0
279.10,7,0.0000,0,0,72.8390,27.1610,214.0000,0
279.10,8,88.0000,0,0,89.1376,10.8624,273.0000,0
279.10,9,0.0000,0,0,91.4188,8.5812,214.0000,0
280.10,0,0.0000,0,0,93.5116,6.4884,215.0000,0
280.10,1,26.5000,0,0,85.0240,14.9760,233.0000,0
280.10,2,0.0000,0,0,92.9436,7.0564,215.0000,0
280.10,3,80.5000,0,0,95.2454,4.7546,269.0000,0
280.10,4,0.0000,0,0,99.0005,0.9995,215.0000,0
280.10,5,68.5000,0,0,91.0609,8.9391,261.0000,0
280.10,6,0.0000,0,0,95.5052,4.4948,215.0000,0
280.10,7,0.0000,0,0,72.8390,27.1610,215.0000,0
280.10,8,88.0000,0,0,89.1376,10.8624,274.0000,0
280.10,9,0.0000,0,0,91.4188,8.5812,215.0000,0
281.10,0,0.0000,0,0,93.5116,6.4884,216.0000,0
281.10,1,26.5000,0,0,85.0240,14.9760,234.0000,0
281.10,2,0.0000,0,0,92.9436,7.0564,216.0000,0
281.10,3,80.5000,0,0,95.2454,4.7546,270.0000,0
281.10,4,0.0000,0,0,99.0005,0.9995,216.0000,0
281.10,5,68.5000,0,0,91.0609,8.9391,262.0000,0
281.10,6,0.0000,0,0,95.5052,4.4948,216.0000,0
281.10,7,0.0000,0,0,72.8390,27.1610,216.0000,0
281.10,8,88.0000,0,0,89.1376,10.8624,275.0000,0
281.10,9,0.0000,0,0,91.4188,8.5812,216.0000,0
282.10,0,0.0000,0,0,93.5116,6.4884,217.0000,0
282.10,1,26.5000,0,0,85.0240,14.9760,235.0000,0
282.10,2,0.0000,0,0,92.9436,7.0564,217.0000,0
282.10,3,80.5000,0,0,95.2454,4.7546,271.0000,0
282.10,4,0.0000,0,0,99.0005,0.9995,217.0000,0
282.10,5,68.5000,0,0,91.0609,8.9391,263.0000,0
282.10,6,0.0000,0,0,95.5052,4.4948,217.0000,0
282.10,7,0.0000,0,0,72.8390,27.1610,217.0000,0
282.10,8,88.0000,0,0,89.1376,10.8624,276.0000,0
282.10,9,0.0000,0,0,91.4188,8.5812,217.0000,0
283.10,0,0.0000,0,0,93.5116,6.4884,218.0000,0
283.10,1,26.5000,0,0,85.0240,14.9760,236.0000,0
283.10,2,0.0000,0,0,92.9436,7.0564,218.0000,0
283.10,3,80.5000,0,0,95.2454,4.7546,272.0000,0
283.10,4,0.0000,0,0,99.0005,0.9995,218.0000,0
283.10,5,68.5000,0,0,91.0609,8.9391,264.0000,0
283.10,6,0.0000,0,0,95.5052,4.4948,218.0000,0
283.10,7,0.0000,0,0,72.8390,27.1610,218.0000,0
283.10,8,88.0000,0,0,89.1376,10.8624,277.0000,0
283.10,9,0.0000,0,0,91.4188,8.5812,218.0000,0
284.10,0,0.0000,0,0,93.5116,6.4884,219.0000,0
284.10,1,26.5000,0,0,85.0240,14.9760,237.0000,0
284.10,2,0.0000,0,0,92.9436,7.0564,219.0000,0
284.10,3,80.5000,0,0,95.2454,4.7546,273.0000,0
284.10,4,0.0000,0,0,99.0005,0.9995,219.0000,0
284.10,5,68.5000,0,0,91.0609,8.9391,265.0000,0
284.10,6,0.0000,0,0,95.5052,4.4948,219.0000,0
284.10,7,0.0000,0,0,72.8390,27.1610,219.0000,0
284.10,8,88.0000,0,0,89.1376,10.8624,278.0000,0
284.10,9,0.0000,0,0,91.4188,8.5812,219.0000,0
285.10,0,0.0000,0,0,93.5116,6.4884,220.0000,0
285.10,1,26.5000,0,0,85.0240,14.9760,238.0000,0
285.10,2,0.0000,0,0,92.9436,7.0564,220.0000,0
285.10,3,80.5000,0,0,95.2454,4.7546,274.0000,0
285.10,4,0.0000,0,0,99.0005,0.9995,220.0000,0
285.10,5,68.5000,0,0,91.0609,8.9391,266.0000,0
285.10,6,0.0000,0,0,95.5052,4.4948,220.0000,0
285.10,7,0.0000,0,0,72.8390,27.1610,220.0000,0
285.10,8,88.0000,0,0,89.1376,10.8624,279.0000,0
285.10,9,0.0000,0,0,91.4188,8.5812,220.0000,0
286.10,0,0.0000,0,0,93.5116,6.4884,221.0000,0
286.10,1,26.5000,0,0,85.0240,14.9760,239.0000,0
286.10,2,0.0000,0,0,92.9436,7.0564,221.0000,0
286.10,3,80.5000,0,0,95.2454,4.7546,275.0000,0
286.10,4,0.0000,0,0,99.0005,0.9995,221.0000,0
286.10,5,68.5000,0,0,91.0609,8.9391,267.0000,0
286.10,6,0.0000,0,0,95.5052,4.4948,221.0000,0
286.10,7,0.0000,0,0,72.8390,27.1610,221.0000,0
286.10,8,88.0000,0,0,89.1376,10.8624,280.0000,0
286.10,9,0.0000,0,0,91.4188,8.5812,221.0000,0
287.10,0,0.0000,0,0,93.5116,6.4884,222.0000,0
287.10,1,26.5000,0,0,85.0240,14.9760,240.0000,0
287.10,2,0.0000,0,0,92.9436,7.0564,222.0000,0
287.10,3,80.5000,0,0,95.2454,4.7546,276.0000,0
287.10,4,0.0000,0,0,99.0005,0.9995,222.0000,0
287.10,5,68.5000,0,0,91.0609,8.9391,268.0000,0
287.10,6,0.0000,0,0,95.5052,4.4948,222.0000,0
287.10,7,0.0000,0,0,72.8390,27.1610,222.0000,0
287.10,8,88.0000,0,0,89.1376,10.8624,281.0000,0
287.10,9,0.0000,0,0,91.4188,8.5812,222.0000,0
288.10,0,0.0000,0,0,93.5116,6.4884,223.0000,0
288.10,1,26.5000,0,0,85.0240,14.9760,241.0000,0
288.10,2,0.0000,0,0,92.9436,7.0564,223.0000,0
288.10,3,80.5000,0,0,95.2454,4.7546,277.0000,0
288.10,4,0.0000,0,0,99.0005,0.9995,223.0000,0
288.10,5,68.5000,0,0,91.0609,8.9391,269.0000,0
288.10,6,0.0000,0,0,95.5052,4.4948,223.0000,0
288.10,7,0.0000,0,0,72.8390,27.1610,223.0000,0
288.10,8,88.0000,0,0,89.1376,10.8624,282.0000,0
288.10,9,0.0000,0,0,91.4188,8.5812,223.0000,0
289.10,0,0.0000,0,0,93.5116,6.4884,224.0000,0
289.10,1,26.5000,0,0,85.0240,14.9760,242.0000,0
289.10,2,0.0000,0,0,92.9436,7.0564,224.0000,0
289.10,3,80.5000,0,0,95.2454,4.7546,278.0000,0
289.10,4,0.0000,0,0,99.0005,0.9995,224.0000,0
289.10,5,68.5000,0,0,91.0609,8.9391,270.0000,0
289.10,6,0.0000,0,0,95.5052,4.4948,224.0000,0
289.10,7,0.0000,0,0,72.8390,27.1610,224.0000,0
289.10,8,88.0000,0,0,89.1376,10.8624,283.0000,0
289.10,9,0.0000,0,0,91.4188,8.5812,224.0000,0
290.10,0,0.0000,0,0,93.5116,6.4884,225.0000,0
290.10,1,26.5000,0,0,85.0240,14.9760,243.0000,0
290.10,2,0.0000,0,0,92.9436,7.0564,225.0000,0
290.10,3,80.5000,0,0,95.2454,4.7546,279.0000,0
290.10,4,0.0000,0,0,99.0005,0.9995,225.0000,0
290.10,5,68.5000,0,0,91.0609,8.9391,271.0000,0
290.10,6,0.0000,0,0,95.5052,4.4948,225.0000,0
290.10,7,0.0000,0,0,72.8390,27.1610,225.0000,0
290.10,8,88.0000,0,0,89.1376,10.8624,284.0000,0
290.10,9,0.0000,0,0,91.4188,8.5812,225.0000,0
291.10,0,0.0000,0,0,93.5116,6.4884,226.0000,0
291.10,1,26.5000,0,0,85.0240,14.9760,244.0000,0
291.10,2,0.0000,0,0,92.9436,7.0564,226.0000,0
291.10,3,80.5000,0,0,95.2454,4.7546,280.0000,0
291.10,4,0.0000,0,0,99.0005,0.9995,226.0000,0
291.10,5,68.5000,0,0,91.0609,8.9391,272.0000,0
291.10,6,0.0000,0,0,95.5052,4.4948,226.0000,0
291.10,7,0.0000,0,0,72.8390,27.1610,226.0000,0
291.10,8,88.0000,0,0,89.1376,10.8624,285.0000,0
291.10,9,0.0000,0,0,91.4188,8.5812,226.0000,0
292.10,0,0.0000,0,0,93.5116,6.4884,227.0000,0
292.10,1,26.5000,0,0,85.0240,14.9760,245.0000,0
292.10,2,0.0000,0,0,92.9436,7.0564,227.0000,0
292.10,3,80.5000,0,0,95.2454,4.7546,281.0000,0
292.10,4,0.0000,0,0,99.0005,0.9995,227.0000,0
292.10,5,68.5000,0,0,91.0609,8.9391,273.0000,0
292.10,6,0.0000,0,0,95.5052,4.4948,227.0000,0
292.10,7,0.0000,0,0,72.8390,27.1610,227.0000,0
292.10,8,88.0000,0,0,89.1376,10.8624,286.0000,0
292.10,9,0.0000,0,0,91.4188,8.5812,227.0000,0
293.10,0,0.0000,0,0,93.5116,6.4884,228.0000,0
293.10,1,26.5000,0,0,85.0240,14.9760,246.0000,0
293.10,2,0.0000,0,0,92.9436,7.0564,228.0000,0
293.10,3,80.5000,0,0,95.2454,4.7546,282.0000,0
293.10,4,0.0000,0,0,99.0005,0.9995,228.0000,0
293.10,5,68.5000,0,0,91.0609,8.9391,274.0000,0
293.10,6,0.0000,0,0,95.5052,4.4948,228.0000,0
293.10,7,0.0000,0,0,72.8390,27.1610,228.0000,0
293.10,8,88.0000,0,0,89.1376,10.8624,287.0000,0
293.10,9,0.0000,0,0,91.4188,8.5812,228.0000,0
294.10,0,0.0000,0,0,93.5116,6.4884,229.0000,0
294.10,1,26.5000,0,0,85.0240,14.9760,247.0000,0
294.10,2,0.0000,0,0,92.9436,7.0564,229.0000,0
294.10,3,80.5000,0,0,95.2454,4.7546,283.0000,0
294.10,4,0.0000,0,0,99.0005,0.9995,229.0000,0
294.10,5,68.5000,0,0,91.0609,8.9391,275.0000,0
294.10,6,0.0000,0,0,95.5052,4.4948,229.0000,0
294.10,7,0.0000,0,0,72.8390,27.1610,229.0000,0
294.10,8,88.0000,0,0,89.1376,10.8624,288.0000,0
294.10,9,0.0000,0,0,91.4188,8.5812,229.0000,0
295.10,0,0.0000,0,0,93.5116,6.4884,230.0000,0
295.10,1,26.5000,0,0,85.0240,14.9760,248.0000,0
295.10,2,0.0000,0,0,92.9436,7.0564,230.0000,0
295.10,3,80.5000,0,0,95.2454,4.7546,284.0000,0
295.10,4,0.0000,0,0,99.0005,0.9995,230.0000,0
295.10,5,68.5000,0,0,91.0609,8.9391,276.0000,0
295.10,6,0.0000,0,0,95.5052,4.4948,230.0000,0
295.10,7,0.0000,0,0,72.8390,27.1610,230.0000,0
295.10,8,88.0000,0,0,89.1376,10.8624,289.0000,0
295.10,9,0.0000,0,0,91.4188,8.5812,230.0000,0
296.10,0,0.0000,0,0,93.5116,6.4884,231.0000,0
296.10,1,26.5000,0,0,85.0240,14.9760,249.0000,0
296.10,2,0.0000,0,0,92.9436,7.0564,231.0000,0
296.10,3,80.5000,0,0,95.2454,4.7546,285.0000,0
296.10,4,0.0000,0,0,99.0005,0.9995,231.0000,0
296.10,5,68.5000,0,0,91.0609,8.9391,277.0000,0
296.10,6,0.0000,0,0,95.5052,4.4948,231.0000,0
296.10,7,0.0000,0,0,72.8390,27.1610,231.0000,0
296.10,8,88.0000,0,0,89.1376,10.8624,290.0000,0
296.10,9,0.0000,0,0,91.4188,8.5812,231.0000,0
297.10,0,0.0000,0,0,93.5116,6.4884,232.0000,0
297.10,1,26.5000,0,0,85.0240,14.9760,250.0000,0
297.10,2,0.0000,0,0,92.9436,7.0564,232.0000,0
297.10,3,80.5000,0,0,95.2454,4.7546,286.0000,0
297.10,4,0.0000,0,0,99.0005,0.9995,232.0000,0
297.10,5,68.5000,0,0,91.0609,8.9391,278.0000,0
297.10,6,0.0000,0,0,95.5052,4.4948,232.0000,0
297.10,7,0.0000,0,0,72.8390,27.1610,232.0000,0
297.10,8,88.0000,0,0,89.1376,10.8624,291.0000,0
297.10,9,0.0000,0,0,91.4188,8.5812,232.0000,0
298.10,0,0.0000,0,0,93.5116,6.4884,233.0000,0
298.10,1,26.5000,0,0,85.0240,14.9760,251.0000,0
298.10,2,0.0000,0,0,92.9436,7.0564,233.0000,0
298.10,3,80.5000,0,0,95.2454,4.7546,287.0000,0
298.10,4,0.0000,0,0,99.0005,0.9995,233.0000,0
298.10,5,68.5000,0,0,91.0609,8.9391,279.0000,0
298.10,6,0.0000,0,0,95.5052,4.4948,233.0000,0
298.10,7,0.0000,0,0,72.8390,27.1610,233.0000,0
298.10,8,88.0000,0,0,89.1376,10.8624,292.0000,0
298.10,9,0.0000,0,0,91.4188,8.5812,233.0000,0
299.10,0,0.0000,0,0,93.5116,6.4884,234.0000,0
299.10,1,26.5000,0,0,85.0240,14.9760,252.0000,0
299.10,2,0.0000,0,0,92.9436,7.0564,234.0000,0
299.10,3,80.5000,0,0,95.2454,4.7546,288.0000,0
299.10,4,0.0000,0,0,99.0005,0.9995,234.0000,0
299.10,5,68.5000,0,0,91.0609,8.9391,280.0000,0
299.10,6,0.0000,0,0,95.5052,4.4948,234.0000,0
299.10,7,0.0000,0,0,72.8390,27.1610,234.0000,0
299.10,8,88.0000,0,0,89.1376,10.8624,293.0000,0
299.10,9,0.0000,0,0,91.4188,8.5812,234.0000,0
300.10,0,0.0000,0,0,93.5116,6.4884,235.0000,0
300.10,1,26.5000,0,0,85.0240,14.9760,253.0000,0
300.10,2,0.0000,0,0,92.9436,7.0564,235.0000,0
300.10,3,80.5000,0,0,95.2454,4.7546,289.0000,0
300.10,4,0.0000,0,0,99.0005,0.9995,235.0000,0
300.10,5,68.5000,0,0,91.0609,8.9391,281.0000,0
300.10,6,0.0000,0,0,95.5052,4.4948,235.0000,0
300.10,7,0.0000,0,0,72.8390,27.1610,235.0000,0
300.10,8,88.0000,0,0,89.1376,10.8624,294.0000,0
300.10,9,0.0000,0,0,91.4188,8.5812,235.0000,0
301.10,0,0.0000,0,0,93.5116,6.4884,236.0000,0
301.10,1,26.5000,0,0,85.0240,14.9760,254.0000,0
301.10,2,0.0000,0,0,92.9436,7.0564,236.0000,0
301.10,3,80.5000,0,0,95.2454,4.7546,290.0000,0
301.10,4,0.0000,0,0,99.0005,0.9995,236.0000,0
301.10,5,68.5000,0,0,91.0609,8.9391,282.0000,0
301.10,6,0.0000,0,0,95.5052,4.4948,236.0000,0
301.10,7,0.0000,0,0,72.8390,27.1610,236.0000,0
301.10,8,88.0000,0,0,89.1376,10.8624,295.0000,0
301.10,9,0.0000,0,0,91.4188,8.5812,236.0000,0
302.10,0,0.0000,0,0,93.5116,6.4884,237.0000,0
302.10,1,26.5000,0,0,85.0240,14.9760,255.0000,0
302.10,2,0.0000,0,0,92.9436,7.0564,237.0000,0
302.10,3,80.5000,0,0,95.2454,4.7546,291.0000,0
302.10,4,0.0000,0,0,99.0005,0.9995,237.0000,0
302.10,5,68.5000,0,0,91.0609,8.9391,283.0000,0
302.10,6,0.0000,0,0,95.5052,4.4948,237.0000,0
302.10,7,0.0000,0,0,72.8390,27.1610,237.0000,0
302.10,8,88.0000,0,0,89.1376,10.8624,296.0000,0
302.10,9,0.0000,0,0,91.4188,8.5812,237.0000,0
303.10,0,0.0000,0,0,93.5116,6.4884,238.0000,0
303.10,1,26.5000,0,0,85.0240,14.9760,256.0000,0
303.10,2,0.0000,0,0,92.9436,7.0564,238.0000,0
303.10,3,80.5000,0,0,95.2454,4.7546,292.0000,0
303.10,4,0.0000,0,0,99.0005,0.9995,238.0000,0
303.10,5,68.5000,0,0,91.0609,8.9391,284.0000,0
303.10,6,0.0000,0,0,95.5052,4.4948,238.0000,0
303.10,7,0.0000,0,0,72.8390,27.1610,238.0000,0
303.10,8,88.0000,0,0,89.1376,10.8624,297.0000,0
303.10,9,0.0000,0,0,91.4188,8.5812,238.0000,0
304.10,0,0.0000,0,0,93.5116,6.4884,239.0000,0
304.10,1,26.5000,0,0,85.0240,14.9760,257.0000,0
304.10,2,0.0000,0,0,92.9436,7.0564,239.0000,0
304.10,3,80.5000,0,0,95.2454,4.7546,293.0000,0
304.10,4,0.0000,0,0,99.0005,0.9995,239.0000,0
304.10,5,68.5000,0,0,91.0609,8.9391,285.0000,0
304.10,6,0.0000,0,0,95.5052,4.4948,239.0000,0
304.10,7,0.0000,0,0,72.8390,27.1610,239.0000,0
304.10,8,88.0000,0,0,89.1376,10.8624,298.0000,0
304.10,9,0.0000,0,0,91.4188,8.5812,239.0000,0
305.10,0,0.0000,0,0,93.5116,6.4884,240.0000,0
305.10,1,26.5000,0,0,85.0240,14.9760,258.0000,0
305.10,2,0.0000,0,0,92.9436,7.0564,240.0000,0
305.10,3,80.5000,0,0,95.2454,4.7546,294.0000,0
305.10,4,0.0000,0,0,99.0005,0.9995,240.0000,0
305.10,5,68.5000,0,0,91.0609,8.9391,286.0000,0
305.10,6,0.0000,0,0,95.5052,4.4948,240.0000,0
305.10,7,0.0000,0,0,72.8390,27.1610,240.0000,0
305.10,8,88.0000,0,0,89.1376,10.8624,299.0000,0
305.10,9,0.0000,0,0,91.4188,8.5812,240.0000,0
306.10,0,0.0000,0,0,93.5116,6.4884,241.0000,0
306.10,1,26.5000,0,0,85.0240,14.9760,259.0000,0
306.10,2,0.0000,0,0,92.9436,7.0564,241.0000,0
306.10,3,80.5000,0,0,95.2454,4.7546,295.0000,0
306.10,4,0.0000,0,0,99.0005,0.9995,241.0000,0
306.10,5,68.5000,0,0,91.0609,8.9391,287.0000,0
306.10,6,0.0000,0,0,95.5052,4.4948,241.0000,0
306.10,7,0.0000,0,0,72.8390,27.1610,241.0000,0
306.10,8,88.0000,0,0,89.1376,10.8624,300.0000,0
306.10,9,0.0000,0,0,91.4188,8.5812,241.0000,0
307.10,0,0.0000,0,0,93.5116,6.4884,242.0000,0
307.10,1,26.5000,0,0,85.0240,14.9760,260.0000,0
307.10,2,0.0000,0,0,92.9436,7.0564,242.0000,0
307.10,3,80.5000,0,0,95.2454,4.7546,296.0000,0
307.10,4,0.0000,0,0,99.0005,0.9995,242.0000,0
307.10,5,68.5000,0,0,91.0609,8.9391,288.0000,0
307.10,6,0.0000,0,0,95.5052,4.4948,242.0000,0
307.10,7,0.0000,0,0,72.8390,27.1610,242.0000,0
307.10,8,88.0000,0,0,89.1376,10.8624,301.0000,0
307.10,9,0.0000,0,0,91.4188,8.5812,242.0000,0
308.10,0,0.0000,0,0,93.5116,6.4884,243.0000,0
308.10,1,26.5000,0,0,85.0240,14.9760,261.0000,0
308.10,2,0.0000,0,0,92.9436,7.0564,243.0000,0
308.10,3,80.5000,0,0,95.2454,4.7546,297.0000,0
308.10,4,0.0000,0,0,99.0005,0.9995,243.0000,0
308.10,5,68.5000,0,0,91.0609,8.9391,289.0000,0
308.10,6,0.0000,0,0,95.5052,4.4948,243.0000,0
308.10,7,0.0000,0,0,72.8390,27.1610,243.0000,0
308.10,8,88.0000,0,0,89.1376,10.8624,302.0000,0
308.10,9,0.0000,0,0,91.4188,8.5812,243.0000,0
309.10,0,0.0000,0,0,93.5116,6.4884,244.0000,0
309.10,1,26.5000,0,0,85.0240,14.9760,262.0000,0
309.10,2,0.0000,0,0,92.9436,7.0564,244.0000,0
309.10,3,80.5000,0,0,95.2454,4.7546,298.0000,0
309.10,4,0.0000,0,0,99.0005,0.9995,244.0000,0
309.10,5,68.5000,0,0,91.0609,8.9391,290.0000,0
309.10,6,0.0000,0,0,95.5052,4.4948,244.0000,0
309.10,7,0.0000,0,0,72.8390,27.1610,244.0000,0
309.10,8,88.0000,0,0,89.1376,10.8624,303.0000,0
309.10,9,0.0000,0,0,91.4188,8.5812,244.0000,0
310.10,0,0.0000,0,0,93.5116,6.4884,245.0000,0
310.10,1,26.5000,0,0,85.0240,14.9760,263.0000,0
310.10,2,0.0000,0,0,92.9436,7.0564,245.0000,0
310.10,3,80.5000,0,0,95.2454,4.7546,299.0000,0
310.10,4,0.0000,0,0,99.0005,0.9995,245.0000,0
310.10,5,68.5000,0,0,91.0609,8.9391,291.0000,0
310.10,6,0.0000,0,0,95.5052,4.4948,245.0000,0
310.10,7,0.0000,0,0,72.8390,27.1610,245.0000,0
310.10,8,88.0000,0,0,89.1376,10.8624,304.0000,0
310.10,9,0.0000,0,0,91.4188,8.5812,245.0000,0
311.10,0,0.0000,0,0,93.5116,6.4884,246.0000,0
311.10,1,26.5000,0,0,85.0240,14.9760,264.0000,0
311.10,2,0.0000,0,0,92.9436,7.0564,246.0000,0
311.10,3,80.5000,0,0,95.2454,4.7546,300.0000,0
311.10,4,0.0000,0,0,99.0005,0.9995,246.0000,0
311.10,5,68.5000,0,0,91.0609,8.9391,292.0000,0
311.10,6,0.0000,0,0,95.5052,4.4948,246.0000,0
311.10,7,0.0000,0,0,72.8390,27.1610,246.0000,0
311.10,8,88.0000,0,0,89.1376,10.8624,305.0000,0
311.10,9,0.0000,0,0,91.4188,8.5812,246.0000,0
312.10,0,0.0000,0,0,93.5116,6.4884,247.0000,0
312.10,1,26.5000,0,0,85.0240,14.9760,265.0000,0
312.10,2,0.0000,0,0,92.9436,7.0564,247.0000,0
312.10,3,80.5000,0,0,95.2454,4.7546,301.0000,0
312.10,4,0.0000,0,0,99.0005,0.9995,247.0000,0
312.10,5,68.5000,0,0,91.0609,8.9391,293.0000,0
312.10,6,0.0000,0,0,95.5052,4.4948,247.0000,0
312.10,7,0.0000,0,0,72.8390,27.1610,247.0000,0
312.10,8,88.0000,0,0,89.1376,10.8624,306.0000,0
312.10,9,0.0000,0,0,91.4188,8.5812,247.0000,0
313.10,0,0.0000,0,0,93.5116,6.4884,248.0000,0
313.10,1,26.5000,0,0,85.0240,14.9760,266.0000,0
313.10,2,0.0000,0,0,92.9436,7.0564,248.0000,0
313.10,3,80.5000,0,0,95.2454,4.7546,302.0000,0
313.10,4,0.0000,0,0,99.0005,0.9995,248.0000,0
313.10,5,68.5000,0,0,91.0609,8.9391,294.0000,0
313.10,6,0.0000,0,0,95.5052,4.4948,248.0000,0
313.10,7,0.0000,0,0,72.8390,27.1610,248.0000,0
313.10,8,88.0000,0,0,89.1376,10.8624,307.0000,0
313.10,9,0.0000,0,0,91.4188,8.5812,248.0000,0
314.10,0,0.0000,0,0,93.5116,6.4884,249.0000,0
314.10,1,26.5000,0,0,85.0240,14.9760,267.0000,0
314.10,2,0.0000,0,0,92.9436,7.0564,249.0000,0
314.10,3,80.5000,0,0,95.2454,4.7546,303.0000,0
314.10,4,0.0000,0,0,99.0005,0.9995,249.0000,0
314.10,5,68.5000,0,0,91.0609,8.9391,295.0000,0
314.10,6,0.0000,0,0,95.5052,4.4948,249.0000,0
314.10,7,0.0000,0,0,72.8390,27.1610,249.0000,0
314.10,8,88.0000,0,0,89.1376,10.8624,308.0000,0
314.10,9,0.0000,0,0,91.4188,8.5812,249.0000,0
315.10,0,0.0000,0,0,93.5116,6.4884,250.0000,0
315.10,1,26.5000,0,0,85.0240,14.9760,268.0000,0
315.10,2,0.0000,0,0,92.9436,7.0564,250.0000,0
315.10,3,80.5000,0,0,95.2454,4.7546,304.0000,0
315.10,4,0.0000,0,0,99.0005,0.9995,250.0000,0
315.10,5,68.5000,0,0,91.0609,8.9391,296.0000,0
315.10,6,0.0000,0,0,95.5052,4.4948,250.0000,0
315.10,7,0.0000,0,0,72.8390,27.1610,250.0000,0
315.10,8,88.0000,0,0,89.1376,10.8624,309.0000,0
315.10,9,0.0000,0,0,91.4188,8.5812,250.0000,0
316.10,0,0.0000,0,0,93.5116,6.4884,251.0000,0
316.10,1,26.5000,0,0,85.0240,14.9760,269.0000,0
316.10,2,0.0000,0,0,92.9436,7.0564,251.0000,0
316.10,3,80.5000,0,0,95.2454,4.7546,305.0000,0
316.10,4,0.0000,0,0,99.0005,0.9995,251.0000,0
316.10,5,68.5000,0,0,91.0609,8.9391,297.0000,0
316.10,6,0.0000,0,0,95.5052,4.4948,251.0000,0
316.10,7,0.0000,0,0,72.8390,27.1610,251.0000,0
316.10,8,88.0000,0,0,89.1376,10.8624,310.0000,0
316.10,9,0.0000,0,0,91.4188,8.5812,251.0000,0
317.10,0,0.0000,0,0,93.5116,6.4884,252.0000,0
317.10,1,26.5000,0,0,85.0240,14.9760,270.0000,0
317.10,2,0.0000,0,0,92.9436,7.0564,252.0000,0
317.10,3,80.5000,0,0,95.2454,4.7546,306.0000,0
317.10,4,0.0000,0,0,99.0005,0.9995,252.0000,0
317.10,5,68.5000,0,0,91.0609,8.9391,298.0000,0
317.10,6,0.0000,0,0,95.5052,4.4948,252.0000,0
317.10,7,0.0000,0,0,72.8390,27.1610,252.0000,0
317.10,8,88.0000,0,0,89.1376,10.8624,311.0000,0
317.10,9,0.0000,0,0,91.4188,8.5812,252.0000,0
318.10,0,0.0000,0,0,93.5116,6.4884,253.0000,0
318.10,1,26.5000,0,0,85.0240,14.9760,271.0000,0
318.10,2,0.0000,0,0,92.9436,7.0564,253.0000,0
318.10,3,80.5000,0,0,95.2454,4.7546,307.0000,0
318.10,4,0.0000,0,0,99.0005,0.9995,253.0000,0
318.10,5,68.5000,0,0,91.0609,8.9391,299.0000,0
318.10,6,0.0000,0,0,95.5052,4.4948,253.0000,0
318.10,7,0.0000,0,0,72.8390,27.1610,253.0000,0
318.10,8,88.0000,0,0,89.1376,10.8624,312.0000,0
318.10,9,0.0000,0,0,91.4188,8.5812,253.0000,0
319.10,0,0.0000,0,0,93.5116,6.4884,254.0000,0
319.10,1,26.5000,0,0,85.0240,14.9760,272.0000,0
319.10,2,0.0000,0,0,92.9436,7.0564,254.0000,0
319.10,3,80.5000,0,0,95.2454,4.7546,308.0000,0
319.10,4,0.0000,0,0,99.0005,0.9995,254.0000,0
319.10,5,68.5000,0,0,91.0609,8.9391,300.0000,0
319.10,6,0.0000,0,0,95.5052,4.4948,254.0000,0
319.10,7,0.0000,0,0,72.8390,27.1610,254.0000,0
319.10,8,88.0000,0,0,89.1376,10.8624,313.0000,0
319.10,9,0.0000,0,0,91.4188,8.5812,254.0000,0
320.10,0,0.0000,0,0,93.5116,6.4884,255.0000,0
320.10,1,26.5000,0,0,85.0240,14.9760,273.0000,0
320.10,2,0.0000,0,0,92.9436,7.0564,255.0000,0
320.10,3,80.5000,0,0,95.2454,4.7546,309.0000,0
320.10,4,0.0000,0,0,99.0005,0.9995,255.0000,0
320.10,5,68.5000,0,0,91.0609,8.9391,301.0000,0
320.10,6,0.0000,0,0,95.5052,4.4948,255.0000,0
320.10,7,0.0000,0,0,72.8390,27.1610,255.0000,0
320.10,8,88.0000,0,0,89.1376,10.8624,314.0000,0
320.10,9,0.0000,0,0,91.4188,8.5812,255.0000,0
321.10,0,0.0000,0,0,93.5116,6.4884,256.0000,0
321.10,1,26.5000,0,0,85.0240,14.9760,274.0000,0
321.10,2,0.0000,0,0,92.9436,7.0564,256.0000,0
321.10,3,80.5000,0,0,95.2454,4.7546,310.0000,0
321.10,4,0.0000,0,0,99.0005,0.9995,256.0000,0
321.10,5,68.5000,0,0,91.0609,8.9391,302.0000,0
321.10,6,0.0000,0,0,95.5052,4.4948,256.0000,0
321.10,7,0.0000,0,0,72.8390,27.1610,256.0000,0
321.10,8,88.0000,0,0,89.1376,10.8624,315.0000,0
321.10,9,0.0000,0,0,91.4188,8.5812,256.0000,0
322.10,0,0.0000,0,0,93.5116,6.4884,257.0000,0
322.10,1,26.5000,0,0,85.0240,14.9760,275.0000,0
322.10,2,0.0000,0,0,92.9436,7.0564,257.0000,0
322.10,3,80.5000,0,0,95.2454,4.7546,311.0000,0
322.10,4,0.0000,0,0,99.0005,0.9995,257.0000,0
322.10,5,68.5000,0,0,91.0609,8.9391,303.0000,0
322.10,6,0.0000,0,0,95.5052,4.4948,257.0000,0
322.10,7,0.0000,0,0,72.8390,27.1610,257.0000,0
322.10,8,88.0000,0,0,89.1376,10.8624,316.0000,0
322.10,9,0.0000,0,0,91.4188,8.5812,257.0000,0
323.10,0,0.0000,0,0,93.5116,6.4884,258.0000,0
323.10,1,26.5000,0,0,85.0240,14.9760,276.0000,0
323.10,2,0.0000,0,0,92.9436,7.0564,258.0000,0
323.10,3,80.5000,0,0,95.2454,4.7546,312.0000,0
323.10,4,0.0000,0,0,99.0005,0.9995,258.0000,0
323.10,5,68.5000,0,0,91.0609,8.9391,304.0000,0
323.10,6,0.0000,0,0,95.5052,4.4948,258.0000,0
323.10,7,0.0000,0,0,72.8390,27.1610,258.0000,0
323.10,8,88.0000,0,0,89.1376,10.8624,317.0000,0
323.10,9,0.0000,0,0,91.4188,8.5812,258.0000,0
324.10,0,0.0000,0,0,93.5116,6.4884,259.0000,0
324.10,1,26.5000,0,0,85.0240,14.9760,277.0000,0
324.10,2,0.0000,0,0,92.9436,7.0564,259.0000,0
324.10,3,80.5000,0,0,95.2454,4.7546,313.0000,0
324.10,4,0.0000,0,0,99.0005,0.9995,259.0000,0
324.10,5,68.5000,0,0,91.0609,8.9391,305.0000,0
324.10,6,0.0000,0,0,95.5052,4.4948,259.0000,0
324.10,7,0.0000,0,0,72.8390,27.1610,259.0000,0
324.10,8,88.0000,0,0,89.1376,10.8624,318.0000,0
324.10,9,0.0000,0,0,91.4188,8.5812,259.0000,0
325.10,0,0.0000,0,0,93.5116,6.4884,260.0000,0
325.10,1,26.5000,0,0,85.0240,14.9760,278.0000,0
325.10,2,0.0000,0,0,92.9436,7.0564,260.0000,0
325.10,3,80.5000,0,0,95.2454,4.7546,314.0000,0
325.10,4,0.0000,0,0,99.0005,0.9995,260.0000,0
325.10,5,68.5000,0,0,91.0609,8.9391,306.0000,0
325.10,6,0.0000,0,0,95.5052,4.4948,260.0000,0
325.10,7,0.0000,0,0,72.8390,27.1610,260.0000,0
325.10,8,88.0000,0,0,89.1376,10.8624,319.0000,0
325.10,9,0.0000,0,0,91.4188,8.5812,260.0000,0
326.10,0,0.0000,0,0,93.5116,6.4884,261.0000,0
326.10,1,26.5000,0,0,85.0240,14.9760,279.0000,0
326.10,2,0.0000,0,0,92.9436,7.0564,261.0000,0
326.10,3,80.5000,0,0,95.2454,4.7546,315.0000,0
326.10,4,0.0000,0,0,99.0005,0.9995,261.0000,0
326.10,5,68.5000,0,0,91.0609,8.9391,307.0000,0
326.10,6,0.0000,0,0,95.5052,4.4948,261.0000,0
326.10,7,0.0000,0,0,72.8390,27.1610,261.0000,0
326.10,8,88.0000,0,0,89.1376,10.8624,320.0000,0
326.10,9,0.0000,0,0,91.4188,8.5812,261.0000,0
327.10,0,0.0000,0,0,93.5116,6.4884,262.0000,0
327.10,1,26.5000,0,0,85.0240,14.9760,280.0000,0
327.10,2,0.0000,0,0,92.9436,7.0564,262.0000,0
327.10,3,80.5000,0,0,95.2454,4.7546,316.0000,0
327.10,4,0.0000,0,0,99.0005,0.9995,262.0000,0
327.10,5,68.5000,0,0,91.0609,8.9391,308.0000,0
327.10,6,0.0000,0,0,95.5052,4.4948,262.0000,0
327.10,7,0.0000,0,0,72.8390,27.1610,262.0000,0
327.10,8,88.0000,0,0,89.1376,10.8624,321.0000,0
327.10,9,0.0000,0,0,91.4188,8.5812,262.0000,0
328.10,0,0.0000,0,0,93.5116,6.4884,263.0000,0
328.10,1,26.5000,0,0,85.0240,14.9760,281.0000,0
328.10,2,0.0000,0,0,92.9436,7.0564,263.0000,0
328.10,3,80.5000,0,0,95.2454,4.7546,317.0000,0
328.10,4,0.0000,0,0,99.0005,0.9995,263.0000,0
328.10,5,68.5000,0,0,91.0609,8.9391,309.0000,0
328.10,6,0.0000,0,0,95.5052,4.4948,263.0000,0
328.10,7,0.0000,0,0,72.8390,27.1610,263.0000,0
328.10,8,88.0000,0,0,89.1376,10.8624,322.0000,0
328.10,9,0.0000,0,0,91.4188,8.5812,263.0000,0
329.10,0,0.0000,0,0,93.5116,6.4884,264.0000,0
329.10,1,26.5000,0,0,85.0240,14.9760,282.0000,0
329.10,2,0.0000,0,0,92.9436,7.0564,264.0000,0
329.10,3,80.5000,0,0,95.2454,4.7546,318.0000,0
329.10,4,0.0000,0,0,99.0005,0.9995,264.0000,0
329.10,5,68.5000,0,0,91.0609,8.9391,310.0000,0
329.10,6,0.0000,0,0,95.5052,4.4948,264.0000,0
329.10,7,0.0000,0,0,72.8390,27.1610,264.0000,0
329.10,8,88.0000,0,0,89.1376,10.8624,323.0000,0
329.10,9,0.0000,0,0,91.4188,8.5812,264.0000,0
330.10,0,0.0000,0,0,93.5116,6.4884,265.0000,0
330.10,1,26.5000,0,0,85.0240,14.9760,283.0000,0
330.10,2,0.0000,0,0,92.9436,7.0564,265.0000,0
330.10,3,80.5000,0,0,95.2454,4.7546,319.0000,0
330.10,4,0.0000,0,0,99.0005,0.9995,265.0000,0
330.10,5,68.5000,0,0,91.0609,8.9391,311.0000,0
330.10,6,0.0000,0,0,95.5052,4.4948,265.0000,0
330.10,7,0.0000,0,0,72.8390,27.1610,265.0000,0
330.10,8,88.0000,0,0,89.1376,10.8624,324.0000,0
330.10,9,0.0000,0,0,91.4188,8.5812,265.0000,0
331.10,0,0.0000,0,0,93.5116,6.4884,266.0000,0
331.10,1,26.5000,0,0,85.0240,14.9760,284.0000,0
331.10,2,0.0000,0,0,92.9436,7.0564,266.0000,0
331.10,3,80.5000,0,0,95.2454,4.7546,320.0000,0
331.10,4,0.0000,0,0,99.0005,0.9995,266.0000,0
331.10,5,68.5000,0,0,91.0609,8.9391,312.0000,0
331.10,6,0.0000,0,0,95.5052,4.4948,266.0000,0
331.10,7,0.0000,0,0,72.8390,27.1610,266.0000,0
331.10,8,88.0000,0,0,89.1376,10.8624,325.0000,0
331.10,9,0.0000,0,0,91.4188,8.5812,266.0000,0
332.10,0,0.0000,0,0,93.5116,6.4884,267.0000,0
332.10,1,26.5000,0,0,85.0240,14.9760,285.0000,0
332.10,2,0.0000,0,0,92.9436,7.0564,267.0000,0
332.10,3,80.5000,0,0,95.2454,4.7546,321.0000,0
332.10,4,0.0000,0,0,99.0005,0.9995,267.0000,0
332.10,5,68.5000,0,0,91.0609,8.9391,313.0000,0
332.10,6,0.0000,0,0,95.5052,4.4948,267.0000,0
332.10,7,0.0000,0,0,72.8390,27.1610,267.0000,0
332.10,8,88.0000,0,0,89.1376,10.8624,326.0000,0
332.10,9,0.0000,0,0,91.4188,8.5812,267.0000,0
333.10,0,0.0000,0,0,93.5116,6.4884,268.0000,0
333.10,1,26.5000,0,0,85.0240,14.9760,286.0000,0
333.10,2,0.0000,0,0,92.9436,7.0564,268.0000,0
333.10,3,80.5000,0,0,95.2454,4.7546,322.0000,0
333.10,4,0.0000,0,0,99.0005,0.9995,268.0000,0
333.10,5,68.5000,0,0,91.0609,8.9391,314.0000,0
333.10,6,0.0000,0,0,95.5052,4.4948,268.0000,0
333.10,7,0.0000,0,0,72.8390,27.1610,268.0000,0
333.10,8,88.0000,0,0,89.1376,10.8624,327.0000,0
333.10,9,0.0000,0,0,91.4188,8.5812,268.0000,0
334.10,0,0.0000,0,0,93.5116,6.4884,269.0000,0
334.10,1,26.5000,0,0,85.0240,14.9760,287.0000,0
334.10,2,0.0000,0,0,92.9436,7.0564,269.0000,0
334.10,3,80.5000,0,0,95.2454,4.7546,323.0000,0
334.10,4,0.0000,0,0,99.0005,0.9995,269.0000,0
334.10,5,68.5000,0,0,91.0609,8.9391,315.0000,0
334.10,6,0.0000,0,0,95.5052,4.4948,269.0000,0
334.10,7,0.0000,0,0,72.8390,27.1610,269.0000,0
334.10,8,88.0000,0,0,89.1376,10.8624,328.0000,0
334.10,9,0.0000,0,0,91.4188,8.5812,269.0000,0
335.10,0,0.0000,0,0,93.5116,6.4884,270.0000,0
335.10,1,26.5000,0,0,85.0240,14.9760,288.0000,0
335.10,2,0.0000,0,0,92.9436,7.0564,270.0000,0
335.10,3,80.5000,0,0,95.2454,4.7546,324.0000,0
335.10,4,0.0000,0,0,99.0005,0.9995,270.0000,0
335.10,5,68.5000,0,0,91.0609,8.9391,316.0000,0
335.10,6,0.0000,0,0,95.5052,4.4948,270.0000,0
335.10,7,0.0000,0,0,72.8390,27.1610,270.0000,0
335.10,8,88.0000,0,0,89.1376,10.8624,329.0000,0
335.10,9,0.0000,0,0,91.4188,8.5812,270.0000,0
336.10,0,0.0000,0,0,93.5116,6.4884,271.0000,0
336.10,1,26.5000,0,0,85.0240,14.9760,289.0000,0
336.10,2,0.0000,0,0,92.9436,7.0564,271.0000,0
336.10,3,80.5000,0,0,95.2454,4.7546,325.0000,0
336.10,4,0.0000,0,0,99.0005,0.9995,271.0000,0
336.10,5,68.5000,0,0,91.0609,8.9391,317.0000,0
336.10,6,0.0000,0,0,95.5052,4.4948,271.0000,0
336.10,7,0.0000,0,0,72.8390,27.1610,271.0000,0
336.10,8,88.0000,0,0,89.1376,10.8624,330.0000,0
336.10,9,0.0000,0,0,91.4188,8.5812,271.0000,0
337.10,0,0.0000,0,0,93.5116,6.4884,272.0000,0
337.10,1,26.5000,0,0,85.0240,14.9760,290.0000,0
337.10,2,0.0000,0,0,92.9436,7.0564,272.0000,0
337.10,3,80.5000,0,0,95.2454,4.7546,326.0000,0
337.10,4,0.0000,0,0,99.0005,0.9995,272.0000,0
337.10,5,68.5000,0,0,91.0609,8.9391,318.0000,0
337.10,6,0.0000,0,0,95.5052,4.4948,272.0000,0
337.10,7,0.0000,0,0,72.8390,27.1610,272.0000,0
337.10,8,88.0000,0,0,89.1376,10.8624,331.0000,0
337.10,9,0.0000,0,0,91.4188,8.5812,272.0000,0
338.10,0,0.0000,0,0,93.5116,6.4884,273.0000,0
338.10,1,26.5000,0,0,85.0240,14.9760,291.0000,0
338.10,2,0.0000,0,0,92.9436,7.0564,273.0000,0
338.10,3,80.5000,0,0,95.2454,4.7546,327.0000,0
338.10,4,0.0000,0,0,99.0005,0.9995,273.0000,0
338.10,5,68.5000,0,0,91.0609,8.9391,319.0000,0
338.10,6,0.0000,0,0,95.5052,4.4948,273.0000,0
338.10,7,0.0000,0,0,72.8390,27.1610,273.0000,0
338.10,8,88.0000,0,0,89.1376,10.8624,332.0000,0
338.10,9,0.0000,0,0,91.4188,8.5812,273.0000,0
339.10,0,0.0000,0,0,93.5116,6.4884,274.0000,0
339.10,1,26.5000,0,0,85.0240,14.9760,292.0000,0
339.10,2,0.0000,0,0,92.9436,7.0564,274.0000,0
339.10,3,80.5000,0,0,95.2454,4.7546,328.0000,0
339.10,4,0.0000,0,0,99.0005,0.9995,274.0000,0
339.10,5,68.5000,0,0,91.0609,8.9391,320.0000,0
339.10,6,0.0000,0,0,95.5052,4.4948,274.0000,0
339.10,7,0.0000,0,0,72.8390,27.1610,274.0000,0
339.10,8,88.0000,0,0,89.1376,10.8624,333.0000,0
339.10,9,0.0000,0,0,91.4188,8.5812,274.0000,0
340.10,0,0.0000,0,0,93.5116,6.4884,275.0000,0
340.10,1,26.5000,0,0,85.0240,14.9760,293.0000,0
340.10,2,0.0000,0,0,92.9436,7.0564,275.0000,0
340.10,3,80.5000,0,0,95.2454,4.7546,329.0000,0
340.10,4,0.0000,0,0,99.0005,0.9995,275.0000,0
340.10,5,68.5000,0,0,91.0609,8.9391,321.0000,0
340.10,6,0.0000,0,0,95.5052,4.4948,275.0000,0
340.10,7,0.0000,0,0,72.8390,27.1610,275.0000,0
340.10,8,88.0000,0,0,89.1376,10.8624,334.0000,0
340.10,9,0.0000,0,0,91.4188,8.5812,275.0000,0
341.10,0,0.0000,0,0,93.5116,6.4884,276.0000,0
341.10,1,26.5000,0,0,85.0240,14.9760,294.0000,0
341.10,2,0.0000,0,0,92.9436,7.0564,276.0000,0
341.10,3,80.5000,0,0,95.2454,4.7546,330.0000,0
341.10,4,0.0000,0,0,99.0005,0.9995,276.0000,0
341.10,5,68.5000,0,0,91.0609,8.9391,322.0000,0
341.10,6,0.0000,0,0,95.5052,4.4948,276.0000,0
341.10,7,0.0000,0,0,72.8390,27.1610,276.0000,0
341.10,8,88.0000,0,0,89.1376,10.8624,335.0000,0
341.10,9,0.0000,0,0,91.4188,8.5812,276.0000,0
342.10,0,0.0000,0,0,93.5116,6.4884,277.0000,0
342.10,1,26.5000,0,0,85.0240,14.9760,295.0000,0
342.10,2,0.0000,0,0,92.9436,7.0564,277.0000,0
342.10,3,80.5000,0,0,95.2454,4.7546,331.0000,0
342.10,4,0.0000,0,0,99.0005,0.9995,277.0000,0
342.10,5,68.5000,0,0,91.0609,8.9391,323.0000,0
342.10,6,0.0000,0,0,95.5052,4.4948,277.0000,0
342.10,7,0.0000,0,0,72.8390,27.1610,277.0000,0
342.10,8,88.0000,0,0,89.1376,10.8624,336.0000,0
342.10,9,0.0000,0,0,91.4188,8.5812,277.0000,0
343.10,0,0.0000,0,0,93.5116,6.4884,278.0000,0
343.10,1,26.5000,0,0,85.0240,14.9760,296.0000,0
343.10,2,0.0000,0,0,92.9436,7.0564,278.0000,0
343.10,3,80.5000,0,0,95.2454,4.7546,332.0000,0
343.10,4,0.0000,0,0,99.0005,0.9995,278.0000,0
343.10,5,68.5000,0,0,91.0609,8.9391,324.0000,0
343.10,6,0.0000,0,0,95.5052,4.4948,278.0000,0
343.10,7,0.0000,0,0,72.8390,27.1610,278.0000,0
343.10,8,88.0000,0,0,89.1376,10.8624,337.0000,0
343.10,9,0.0000,0,0,91.4188,8.5812,278.0000,0
344.10,0,0.0000,0,0,93.5116,6.4884,279.0000,0
344.10,1,26.5000,0,0,85.0240,14.9760,297.0000,0
344.10,2,0.0000,0,0,92.9436,7.0564,279.0000,0
344.10,3,80.5000,0,0,95.2454,4.7546,333.0000,0
344.10,4,0.0000,0,0,99.0005,0.9995,279.0000,0
344.10,5,68.5000,0,0,91.0609,8.9391,325.0000,0
344.10,6,0.0000,0,0,95.5052,4.4948,279.0000,0
344.10,7,0.0000,0,0,72.8390,27.1610,279.0000,0
344.10,8,88.0000,0,0,89.1376,10.8624,338.0000,0
344.10,9,0.0000,0,0,91.4188,8.5812,279.0000,0
345.10,0,0.0000,0,0,93.5116,6.4884,280.0000,0
345.10,1,26.5000,0,0,85.0240,14.9760,298.0000,0
345.10,2,0.0000,0,0,92.9436,7.0564,280.0000,0
345.10,3,80.5000,0,0,95.2454,4.7546,334.0000,0
345.10,4,0.0000,0,0,99.0005,0.9995,280.0000,0
345.10,5,68.5000,0,0,91.0609,8.9391,326.0000,0
345.10,6,0.0000,0,0,95.5052,4.4948,280.0000,0
345.10,7,0.0000,0,0,72.8390,27.1610,280.0000,0
345.10,8,88.0000,0,0,89.1376,10.8624,339.0000,0
345.10,9,0.0000,0,0,91.4188,8.5812,280.0000,0
346.10,0,0.0000,0,0,93.5116,6.4884,281.0000,0
346.10,1,26.5000,0,0,85.0240,14.9760,299.0000,0
346.10,2,0.0000,0,0,92.9436,7.0564,281.0000,0
346.10,3,80.5000,0,0,95.2454,4.7546,335.0000,0
346.10,4,0.0000,0,0,99.0005,0.9995,281.0000,0
346.10,5,68.5000,0,0,91.0609,8.9391,327.0000,0
346.10,6,0.0000,0,0,95.5052,4.4948,281.0000,0
346.10,7,0.0000,0,0,72.8390,27.1610,281.0000,0
346.10,8,88.0000,0,0,89.1376,10.8624,340.0000,0
346.10,9,0.0000,0,0,91.4188,8.5812,281.0000,0
347.10,0,0.0000,0,0,93.5116,6.4884,282.0000,0
347.10,1,26.5000,0,0,85.0240,14.9760,300.0000,0
347.10,2,0.0000,0,0,92.9436,7.0564,282.0000,0
347.10,3,80.5000,0,0,95.2454,4.7546,336.0000,0
347.10,4,0.0000,0,0,99.0005,0.9995,282.0000,0
347.10,5,68.5000,0,0,91.0609,8.9391,328.0000,0
347.10,6,0.0000,0,0,95.5052,4.4948,282.0000,0
347.10,7,0.0000,0,0,72.8390,27.1610,282.0000,0
347.10,8,88.0000,0,0,89.1376,10.8624,341.0000,0
347.10,9,0.0000,0,0,91.4188,8.5812,282.0000,0
348.10,0,0.0000,0,0,93.5116,6.4884,283.0000,0
348.10,1,26.5000,0,0,85.0240,14.9760,301.0000,0
348.10,2,0.0000,0,0,92.9436,7.0564,283.0000,0
348.10,3,80.5000,0,0,95.2454,4.7546,337.0000,0
348.10,4,0.0000,0,0,99.0005,0.9995,283.0000,0
348.10,5,68.5000,0,0,91.0609,8.9391,329.0000,0
348.10,6,0.0000,0,0,95.5052,4.4948,283.0000,0
348.10,7,0.0000,0,0,72.8390,27.1610,283.0000,0
348.10,8,88.0000,0,0,89.1376,10.8624,342.0000,0
348.10,9,0.0000,0,0,91.4188,8.5812,283.0000,0
349.10,0,0.0000,0,0,93.5116,6.4884,284.0000,0
349.10,1,26.5000,0,0,85.0240,14.9760,302.0000,0
349.10,2,0.0000,0,0,92.9436,7.0564,284.0000,0
349.10,3,80.5000,0,0,95.2454,4.7546,338.0000,0
349.10,4,0.0000,0,0,99.0005,0.9995,284.0000,0
349.10,5,68.5000,0,0,91.0609,8.9391,330.0000,0
349.10,6,0.0000,0,0,95.5052,4.4948,284.0000,0
349.10,7,0.0000,0,0,72.8390,27.1610,284.0000,0
349.10,8,88.0000,0,0,89.1376,10.8624,343.0000,0
349.10,9,0.0000,0,0,91.4188,8.5812,284.0000,0
350.10,0,0.0000,0,0,93.5116,6.4884,285.0000,0
350.10,1,26.5000,0,0,85.0240,14.9760,303.0000,0
350.10,2,0.0000,0,0,92.9436,7.0564,285.0000,0
350.10,3,80.5000,0,0,95.2454,4.7546,339.0000,0
350.10,4,0.0000,0,0,99.0005,0.9995,285.0000,0
350.10,5,68.5000,0,0,91.0609,8.9391,331.0000,0
350.10,6,0.0000,0,0,95.5052,4.4948,285.0000,0
350.10,7,0.0000,0,0,72.8390,27.1610,285.0000,0
350.10,8,88.0000,0,0,89.1376,10.8624,344.0000,0
350.10,9,0.0000,0,0,91.4188,8.5812,285.0000,0
351.10,0,0.0000,0,0,93.5116,6.4884,286.0000,0
351.10,1,26.5000,0,0,85.0240,14.9760,304.0000,0
351.10,2,0.0000,0,0,92.9436,7.0564,286.0000,0
351.10,3,80.5000,0,0,95.2454,4.7546,340.0000,0
351.10,4,0.0000,0,0,99.0005,0.9995,286.0000,0
351.10,5,68.5000,0,0,91.0609,8.9391,332.0000,0
351.10,6,0.0000,0,0,95.5052,4.4948,286.0000,0
351.10,7,0.0000,0,0,72.8390,27.1610,286.0000,0
351.10,8,88.0000,0,0,89.1376,10.8624,345.0000,0
351.10,9,0.0000,0,0,91.4188,8.5812,286.0000,0
352.10,0,0.0000,0,0,93.5116,6.4884,287.0000,0
352.10,1,26.5000,0,0,85.0240,14.9760,305.0000,0
352.10,2,0.0000,0,0,92.9436,7.0564,287.0000,0
352.10,3,80.5000,0,0,95.2454,4.7546,341.0000,0
352.10,4,0.0000,0,0,99.0005,0.9995,287.0000,0
352.10,5,68.5000,0,0,91.0609,8.9391,333.0000,0
352.10,6,0.0000,0,0,95.5052,4.4948,287.0000,0
352.10,7,0.0000,0,0,72.8390,27.1610,287.0000,0
352.10,8,88.0000,0,0,89.1376,10.8624,346.0000,0
352.10,9,0.0000,0,0,91.4188,8.5812,287.0000,0
353.10,0,0.0000,0,0,93.5116,6.4884,288.0000,0
353.10,1,26.5000,0,0,85.0240,14.9760,306.0000,0
353.10,2,0.0000,0,0,92.9436,7.0564,288.0000,0
353.10,3,80.5000,0,0,95.2454,4.7546,342.0000,0
353.10,4,0.0000,0,0,99.0005,0.9995,288.0000,0
353.10,5,68.5000,0,0,91.0609,8.9391,334.0000,0
353.10,6,0.0000,0,0,95.5052,4.4948,288.0000,0
353.10,7,0.0000,0,0,72.8390,27.1610,288.0000,0
353.10,8,88.0000,0,0,89.1376,10.8624,347.0000,0
353.10,9,0.0000,0,0,91.4188,8.5812,288.0000,0
354.10,0,0.0000,0,0,93.5116,6.4884,289.0000,0
354.10,1,26.5000,0,0,85.0240,14.9760,307.0000,0
354.10,2,0.0000,0,0,92.9436,7.0564,289.0000,0
354.10,3,80.5000,0,0,95.2454,4.7546,343.0000,0
354.10,4,0.0000,0,0,99.0005,0.9995,289.0000,0
354.10,5,68.5000,0,0,91.0609,8.9391,335.0000,0
354.10,6,0.0000,0,0,95.5052,4.4948,289.0000,0
354.10,7,0.0000,0,0,72.8390,27.1610,289.0000,0
354.10,8,88.0000,0,0,89.1376,10.8624,348.0000,0
354.10,9,0.0000,0,0,91.4188,8.5812,289.0000,0
355.10,0,0.0000,0,0,93.5116,6.4884,290.0000,0
355.10,1,26.5000,0,0,85.0240,14.9760,308.0000,0
355.10,2,0.0000,0,0,92.9436,7.0564,290.0000,0
355.10,3,80.5000,0,0,95.2454,4.7546,344.0000,0
355.10,4,0.0000,0,0,99.0005,0.9995,290.0000,0
355.10,5,68.5000,0,0,91.0609,8.9391,336.0000,0
355.10,6,0.0000,0,0,95.5052,4.4948,290.0000,0
355.10,7,0.0000,0,0,72.8390,27.1610,290.0000,0
355.10,8,88.0000,0,0,89.1376,10.8624,349.0000,0
355.10,9,0.0000,0,0,91.4188,8.5812,290.0000,0
356.10,0,0.0000,0,0,93.5116,6.4884,291.0000,0
356.10,1,26.5000,0,0,85.0240,14.9760,309.0000,0
356.10,2,0.0000,0,0,92.9436,7.0564,291.0000,0
356.10,3,80.5000,0,0,95.2454,4.7546,345.0000,0
356.10,4,0.0000,0,0,99.0005,0.9995,291.0000,0
356.10,5,68.5000,0,0,91.0609,8.9391,337.0000,0
356.10,6,0.0000,0,0,95.5052,4.4948,291.0000,0
356.10,7,0.0000,0,0,72.8390,27.1610,291.0000,0
356.10,8,88.0000,0,0,89.1376,10.8624,350.0000,0
356.10,9,0.0000,0,0,91.4188,8.5812,291.0000,0
357.10,0,0.0000,0,0,93.5116,6.4884,292.0000,0
357.10,1,26.5000,0,0,85.0240,14.9760,310.0000,0
357.10,2,0.0000,0,0,92.9436,7.0564,292.0000,0
357.10,3,80.5000,0,0,95.2454,4.7546,346.0000,0
357.10,4,0.0000,0,0,99.0005,0.9995,292.0000,0
357.10,5,68.5000,0,0,91.0609,8.9391,338.0000,0
357.10,6,0.0000,0,0,95.5052,4.4948,292.0000,0
357.10,7,0.0000,0,0,72.8390,27.1610,292.0000,0
357.10,8,88.0000,0,0,89.1376,10.8624,351.0000,0
357.10,9,0.0000,0,0,91.4188,8.5812,292.0000,0
358.10,0,0.0000,0,0,93.5116,6.4884,293.0000,0
358.10,1,26.5000,0,0,85.0240,14.9760,311.0000,0
358.10,2,0.0000,0,0,92.9436,7.0564,293.0000,0
358.10,3,80.5000,0,0,95.2454,4.7546,347.0000,0
358.10,4,0.0000,0,0,99.0005,0.9995,293.0000,0
358.10,5,68.5000,0,0,91.0609,8.9391,339.0000,0
358.10,6,0.0000,0,0,95.5052,4.4948,293.0000,0
358.10,7,0.0000,0,0,72.8390,27.1610,293.0000,0
358.10,8,88.0000,0,0,89.1376,10.8624,352.0000,0
358.10,9,0.0000,0,0,91.4188,8.5812,293.0000,0
359.10,0,0.0000,0,0,93.5116,6.4884,294.0000,0
359.10,1,26.5000,0,0,85.0240,14.9760,312.0000,0
359.10,2,0.0000,0,0,92.9436,7.0564,294.0000,0
359.10,3,80.5000,0,0,95.2454,4.7546,348.0000,0
359.10,4,0.0000,0,0,99.0005,0.9995,294.0000,0
359.10,5,68.5000,0,0,91.0609,8.9391,340.0000,0
359.10,6,0.0000,0,0,95.5052,4.4948,294.0000,0
359.10,7,0.0000,0,0,72.8390,27.1610,294.0000,0
359.10,8,88.0000,0,0,89.1376,10.8624,353.0000,0
359.10,9,0.0000,0,0,91.4188,8.5812,294.0000,0
360.10,0,0.0000,0,0,93.5116,6.4884,295.0000,0
360.10,1,26.5000,0,0,85.0240,14.9760,313.0000,0
360.10,2,0.0000,0,0,92.9436,7.0564,295.0000,0
360.10,3,80.5000,0,0,95.2454,4.7546,349.0000,0
360.10,4,0.0000,0,0,99.0005,0.9995,295.0000,0
360.10,5,68.5000,0,0,91.0609,8.9391,341.0000,0
360.10,6,0.0000,0,0,95.5052,4.4948,295.0000,0
360.10,7,0.0000,0,0,72.8390,27.1610,295.0000,0
360.10,8,88.0000,0,0,89.1376,10.8624,354.0000,0
360.10,9,0.0000,0,0,91.4188,8.5812,295.0000,0
361.10,0,0.0000,0,0,93.5116,6.4884,296.0000,0
361.10,1,26.5000,0,0,85.0240,14.9760,314.0000,0
361.10,2,0.0000,0,0,92.9436,7.0564,296.0000,0
361.10,3,80.5000,0,0,95.2454,4.7546,350.0000,0
361.10,4,0.0000,0,0,99.0005,0.9995,296.0000,0
361.10,5,68.5000,0,0,91.0609,8.9391,342.0000,0
361.10,6,0.0000,0,0,95.5052,4.4948,296.0000,0
361.10,7,0.0000,0,0,72.8390,27.1610,296.0000,0
361.10,8,88.0000,0,0,89.1376,10.8624,355.0000,0
361.10,9,0.0000,0,0,91.4188,8.5812,296.0000,0
362.10,0,0.0000,0,0,93.5116,6.4884,297.0000,0
362.10,1,26.5000,0,0,85.0240,14.9760,315.0000,0
362.10,2,0.0000,0,0,92.9436,7.0564,297.0000,0
362.10,3,80.5000,0,0,95.2454,4.7546,351.0000,0
362.10,4,0.0000,0,0,99.0005,0.9995,297.0000,0
362.10,5,68.5000,0,0,91.0609,8.9391,343.0000,0
362.10,6,0.0000,0,0,95.5052,4.4948,297.0000,0
362.10,7,0.0000,0,0,72.8390,27.1610,297.0000,0
362.10,8,88.0000,0,0,89.1376,10.8624,356.0000,0
362.10,9,0.0000,0,0,91.4188,8.5812,297.0000,0
363.10,0,0.0000,0,0,93.5116,6.4884,298.0000,0
363.10,1,26.5000,0,0,85.0240,14.9760,316.0000,0
363.10,2,0.0000,0,0,92.9436,7.0564,298.0000,0
363.10,3,80.5000,0,0,95.2454,4.7546,352.0000,0
363.10,4,0.0000,0,0,99.0005,0.9995,298.0000,0
363.10,5,68.5000,0,0,91.0609,8.9391,344.0000,0
363.10,6,0.0000,0,0,95.5052,4.4948,298.0000,0
363.10,7,0.0000,0,0,72.8390,27.1610,298.0000,0
363.10,8,88.0000,0,0,89.1376,10.8624,357.0000,0
363.10,9,0.0000,0,0,91.4188,8.5812,298.0000,0
364.10,0,0.0000,0,0,93.5116,6.4884,299.0000,0
364.10,1,26.5000,0,0,85.0240,14.9760,317.0000,0
364.10,2,0.0000,0,0,92.9436,7.0564,299.0000,0
364.10,3,80.5000,0,0,95.2454,4.7546,353.0000,0
364.10,4,0.0000,0,0,99.0005,0.9995,299.0000,0
364.10,5,68.5000,0,0,91.0609,8.9391,345.0000,0
364.10,6,0.0000,0,0,95.5052,4.4948,299.0000,0
364.10,7,0.0000,0,0,72.8390,27.1610,299.0000,0
364.10,8,88.0000,0,0,89.1376,10.8624,358.0000,0
364.10,9,0.0000,0,0,91.4188,8.5812,299.0000,0
365.10,0,0.0000,0,0,93.5116,6.4884,300.0000,0
365.10,1,26.5000,0,0,85.0240,14.9760,318.0000,0
365.10,2,0.0000,0,0,92.9436,7.0564,300.0000,0
365.10,3,80.5000,0,0,95.2454,4.7546,354.0000,0
365.10,4,0.0000,0,0,99.0005,0.9995,300.0000,0
365.10,5,68.5000,0,0,91.0609,8.9391,346.0000,0
365.10,6,0.0000,0,0,95.5052,4.4948,300.0000,0
365.10,7,0.0000,0,0,72.8390,27.1610,300.0000,0
365.10,8,88.0000,0,0,89.1376,10.8624,359.0000,0
365.10,9,0.0000,0,0,91.4188,8.5812,300.0000,0
366.10,0,0.0000,0,0,93.5116,6.4884,301.0000,0
366.10,1,26.5000,0,0,85.0240,14.9760,319.0000,0
366.10,2,0.0000,0,0,92.9436,7.0564,301.0000,0
366.10,3,80.5000,0,0,95.2454,4.7546,355.0000,0
366.10,4,0.0000,0,0,99.0005,0.9995,301.0000,0
366.10,5,68.5000,0,0,91.0609,8.9391,347.0000,0
366.10,6,0.0000,0,0,95.5052,4.4948,301.0000,0
366.10,7,0.0000,0,0,72.8390,27.1610,301.0000,0
366.10,8,88.0000,0,0,89.1376,10.8624,360.0000,0
366.10,9,0.0000,0,0,91.4188,8.5812,301.0000,0
367.10,0,0.0000,0,0,93.5116,6.4884,302.0000,0
367.10,1,26.5000,0,0,85.0240,14.9760,320.0000,0
367.10,2,0.0000,0,0,92.9436,7.0564,302.0000,0
367.10,3,80.5000,0,0,95.2454,4.7546,356.0000,0
367.10,4,0.0000,0,0,99.0005,0.9995,302.0000,0
367.10,5,68.5000,0,0,91.0609,8.9391,348.0000,0
367.10,6,0.0000,0,0,95.5052,4.4948,302.0000,0
367.10,7,0.0000,0,0,72.8390,27.1610,302.0000,0
367.10,8,88.0000,0,0,89.1376,10.8624,361.0000,0
367.10,9,0.0000,0,0,91.4188,8.5812,302.0000,0
368.10,0,0.0000,0,0,93.5116,6.4884,303.0000,0
368.10,1,26.5000,0,0,85.0240,14.9760,321.0000,0
368.10,2,0.0000,0,0,92.9436,7.0564,303.0000,0
368.10,3,80.5000,0,0,95.2454,4.7546,357.0000,0
368.10,4,0.0000,0,0,99.0005,0.9995,303.0000,0
368.10,5,68.5000,0,0,91.0609,8.9391,349.0000,0
368.10,6,0.0000,0,0,95.5052,4.4948,303.0000,0
368.10,7,0.0000,0,0,72.8390,27.1610,303.0000,0
368.10,8,88.0000,0,0,89.1376,10.8624,362.0000,0
368.10,9,0.0000,0,0,91.4188,8.5812,303.0000,0
369.10,0,0.0000,0,0,93.5116,6.4884,304.0000,0
369.10,1,26.5000,0,0,85.0240,14.9760,322.0000,0
369.10,2,0.0000,0,0,92.9436,7.0564,304.0000,0
369.10,3,80.5000,0,0,95.2454,4.7546,358.0000,0
369.10,4,0.0000,0,0,99.0005,0.9995,304.0000,0
369.10,5,68.5000,0,0,91.0609,8.9391,350.0000,0
369.10,6,0.0000,0,0,95.5052,4.4948,304.0000,0
369.10,7,0.0000,0,0,72.8390,27.1610,304.0000,0
369.10,8,88.0000,0,0,89.1376,10.8624,363.0000,0
369.10,9,0.0000,0,0,91.4188,8.5812,304.0000,0
370.10,0,0.0000,0,0,93.5116,6.4884,305.0000,0
370.10,1,26.5000,0,0,85.0240,14.9760,323.0000,0
370.10,2,0.0000,0,0,92.9436,7.0564,305.0000,0
370.10,3,80.5000,0,0,95.2454,4.7546,359.0000,0
370.10,4,0.0000,0,0,99.0005,0.9995,305.0000,0
370.10,5,68.5000,0,0,91.0609,8.9391,351.0000,0
370.10,6,0.0000,0,0,95.5052,4.4948,305.0000,0
370.10,7,0.0000,0,0,72.8390,27.1610,305.0000,0
370.10,8,88.0000,0,0,89.1376,10.8624,364.0000,0
370.10,9,0.0000,0,0,91.4188,8.5812,305.0000,0
371.10,0,0.0000,0,0,93.5116,6.4884,306.0000,0
371.10,1,26.5000,0,0,85.0240,14.9760,324.0000,0
371.10,2,0.0000,0,0,92.9436,7.0564,306.0000,0
371.10,3,80.5000,0,0,95.2454,4.7546,360.0000,0
371.10,4,0.0000,0,0,99.0005,0.9995,306.0000,0
371.10,5,68.5000,0,0,91.0609,8.9391,352.0000,0
371.10,6,0.0000,0,0,95.5052,4.4948,306.0000,0
371.10,7,0.0000,0,0,72.8390,27.1610,306.0000,0
371.10,8,88.0000,0,0,89.1376,10.8624,365.0000,0
371.10,9,0.0000,0,0,91.4188,8.5812,306.0000,0
372.10,0,0.0000,0,0,93.5116,6.4884,307.0000,0
372.10,1,26.5000,0,0,85.0240,14.9760,325.0000,0
372.10,2,0.0000,0,0,92.9436,7.0564,307.0000,0
372.10,3,80.5000,0,0,95.2454,4.7546,361.0000,0
372.10,4,0.0000,0,0,99.0005,0.9995,307.0000,0
372.10,5,68.5000,0,0,91.0609,8.9391,353.0000,0
372.10,6,0.0000,0,0,95.5052,4.4948,307.0000,0
372.10,7,0.0000,0,0,72.8390,27.1610,307.0000,0
372.10,8,88.0000,0,0,89.1376,10.8624,366.0000,0
372.10,9,0.0000,0,0,91.4188,8.5812,307.0000,0
373.10,0,0.0000,0,0,93.5116,6.4884,308.0000,0
373.10,1,26.5000,0,0,85.0240,14.9760,326.0000,0
373.10,2,0.0000,0,0,92.9436,7.0564,308.0000,0
373.10,3,80.5000,0,0,95.2454,4.7546,362.0000,0
373.10,4,0.0000,0,0,99.0005,0.9995,308.0000,0
373.10,5,68.5000,0,0,91.0609,8.9391,354.0000,0
373.10,6,0.0000,0,0,95.5052,4.4948,308.0000,0
373.10,7,0.0000,0,0,72.8390,27.1610,308.0000,0
373.10,8,88.0000,0,0,89.1376,10.8624,367.0000,0
373.10,9,0.0000,0,0,91.4188,8.5812,308.0000,0
374.10,0,0.0000,0,0,93.5116,6.4884,309.0000,0
374.10,1,26.5000,0,0,85.0240,14.9760,327.0000,0
374.10,2,0.0000,0,0,92.9436,7.0564,309.0000,0
374.10,3,80.5000,0,0,95.2454,4.7546,363.0000,0
374.10,4,0.0000,0,0,99.0005,0.9995,309.0000,0
374.10,5,68.5000,0,0,91.0609,8.9391,355.0000,0
374.10,6,0.0000,0,0,95.5052,4.4948,309.0000,0
374.10,7,0.0000,0,0,72.8390,27.1610,309.0000,0
374.10,8,88.0000,0,0,89.1376,10.8624,368.0000,0
374.10,9,0.0000,0,0,91.4188,8.5812,309.0000,0
375.10,0,0.0000,0,0,93.5116,6.4884,310.0000,0
375.10,1,26.5000,0,0,85.0240,14.9760,328.0000,0
375.10,2,0.0000,0,0,92.9436,7.0564,310.0000,0
375.10,3,80.5000,0,0,95.2454,4.7546,364.0000,0
375.10,4,0.0000,0,0,99.0005,0.9995,310.0000,0
375.10,5,68.5000,0,0,91.0609,8.9391,356.0000,0
375.10,6,0.0000,0,0,95.5052,4.4948,310.0000,0
375.10,7,0.0000,0,0,72.8390,27.1610,310.0000,0
375.10,8,88.0000,0,0,89.1376,10.8624,369.0000,0
375.10,9,0.0000,0,0,91.4188,8.5812,310.0000,0
376.10,0,0.0000,0,0,93.5116,6.4884,311.0000,0
376.10,1,26.5000,0,0,85.0240,14.9760,329.0000,0
376.10,2,0.0000,0,0,92.9436,7.0564,311.0000,0
376.10,3,80.5000,0,0,95.2454,4.7546,365.0000,0
376.10,4,0.0000,0,0,99.0005,0.9995,311.0000,0
376.10,5,68.5000,0,0,91.0609,8.9391,357.0000,0
376.10,6,0.0000,0,0,95.5052,4.4948,311.0000,0
376.10,7,0.0000,0,0,72.8390,27.1610,311.0000,0
376.10,8,88.0000,0,0,89.1376,10.8624,370.0000,0
376.10,9,0.0000,0,0,91.4188,8.5812,311.0000,0
377.10,0,0.0000,0,0,93.5116,6.4884,312.0000,0
377.10,1,26.5000,0,0,85.0240,14.9760,330.0000,0
377.10,2,0.0000,0,0,92.9436,7.0564,312.0000,0
377.10,3,80.5000,0,0,95.2454,4.7546,366.0000,0
377.10,4,0.0000,0,0,99.0005,0.9995,312.0000,0
377.10,5,68.5000,0,0,91.0609,8.9391,358.0000,0
377.10,6,0.0000,0,0,95.5052,4.4948,312.0000,0
377.10,7,0.0000,0,0,72.8390,27.1610,312.0000,0
377.10,8,88.0000,0,0,89.1376,10.8624,371.0000,0
377.10,9,0.0000,0,0,91.4188,8.5812,312.0000,0
378.10,0,0.0000,0,0,93.5116,6.4884,313.0000,0
378.10,1,26.5000,0,0,85.0240,14.9760,331.0000,0
378.10,2,0.0000,0,0,92.9436,7.0564,313.0000,0
378.10,3,80.5000,0,0,95.2454,4.7546,367.0000,0
378.10,4,0.0000,0,0,99.0005,0.9995,313.0000,0
378.10,5,68.5000,0,0,91.0609,8.9391,359.0000,0
378.10,6,0.0000,0,0,95.5052,4.4948,313.0000,0
378.10,7,0.0000,0,0,72.8390,27.1610,313.0000,0
378.10,8,88.0000,0,0,89.1376,10.8624,372.0000,0
378.10,9,0.0000,0,0,91.4188,8.5812,313.0000,0
379.10,0,0.0000,0,0,93.5116,6.4884,314.0000,0
379.10,1,26.5000,0,0,85.0240,14.9760,332.0000,0
379.10,2,0.0000,0,0,92.9436,7.0564,314.0000,0
379.10,3,80.5000,0,0,95.2454,4.7546,368.0000,0
379.10,4,0.0000,0,0,99.0005,0.9995,314.0000,0
379.10,5,68.5000,0,0,91.0609,8.9391,360.0000,0
379.10,6,0.0000,0,0,95.5052,4.4948,314.0000,0
379.10,7,0.0000,0,0,72.8390,27.1610,314.0000,0
379.10,8,88.0000,0,0,89.1376,10.8624,373.0000,0
379.10,9,0.0000,0,0,91.4188,8.5812,314.0000,0
380.10,0,0.0000,0,0,93.5116,6.4884,315.0000,0
380.10,1,26.5000,0,0,85.0240,14.9760,333.0000,0
380.10,2,0.0000,0,0,92.9436,7.0564,315.0000,0
380.10,3,80.5000,0,0,95.2454,4.7546,369.0000,0
380.10,4,0.0000,0,0,99.0005,0.9995,315.0000,0
380.10,5,68.5000,0,0,91.0609,8.9391,361.0000,0
380.10,6,0.0000,0,0,95.5052,4.4948,315.0000,0
380.10,7,0.0000,0,0,72.8390,27.1610,315.0000,0
380.10,8,88.0000,0,0,89.1376,10.8624,374.0000,0
380.10,9,0.0000,0,0,91.4188,8.5812,315.0000,0
381.10,0,0.0000,0,0,93.5116,6.4884,316.0000,0
381.10,1,26.5000,0,0,85.0240,14.9760,334.0000,0
381.10,2,0.0000,0,0,92.9436,7.0564,316.0000,0
381.10,3,80.5000,0,0,95.2454,4.7546,370.0000,0
381.10,4,0.0000,0,0,99.0005,0.9995,316.0000,0
381.10,5,68.5000,0,0,91.0609,8.9391,362.0000,0
381.10,6,0.0000,0,0,95.5052,4.4948,316.0000,0
381.10,7,0.0000,0,0,72.8390,27.1610,316.0000,0
381.10,8,88.0000,0,0,89.1376,10.8624,375.0000,0
381.10,9,0.0000,0,0,91.4188,8.5812,316.0000,0
382.10,0,0.0000,0,0,93.5116,6.4884,317.0000,0
382.10,1,26.5000,0,0,85.0240,14.9760,335.0000,0
382.10,2,0.0000,0,0,92.9436,7.0564,317.0000,0
382.10,3,80.5000,0,0,95.2454,4.7546,371.0000,0
382.10,4,0.0000,0,0,99.0005,0.9995,317.0000,0
382.10,5,68.5000,0,0,91.0609,8.9391,363.0000,0
382.10,6,0.0000,0,0,95.5052,4.4948,317.0000,0
382.10,7,0.0000,0,0,72.8390,27.1610,317.0000,0
382.10,8,88.0000,0,0,89.1376,10.8624,376.0000,0
382.10,9,0.0000,0,0,91.4188,8.5812,317.0000,0
383.10,0,0.0000,0,0,93.5116,6.4884,318.0000,0
383.10,1,26.5000,0,0,85.0240,14.9760,336.0000,0
383.10,2,0.0000,0,0,92.9436,7.0564,318.0000,0
383.10,3,80.5000,0,0,95.2454,4.7546,372.0000,0
383.10,4,0.0000,0,0,99.0005,0.9995,318.0000,0
383.10,5,68.5000,0,0,91.0609,8.9391,364.0000,0
383.10,6,0.0000,0,0,95.5052,4.4948,318.0000,0
383.10,7,0.0000,0,0,72.8390,27.1610,318.0000,0
383.10,8,88.0000,0,0,89.1376,10.8624,377.0000,0
383.10,9,0.0000,0,0,91.4188,8.5812,318.0000,0
384.10,0,0.0000,0,0,93.5116,6.4884,319.0000,0
384.10,1,26.5000,0,0,85.0240,14.9760,337.0000,0
384.10,2,0.0000,0,0,92.9436,7.0564,319.0000,0
384.10,3,80.5000,0,0,95.2454,4.7546,373.0000,0
384.10,4,0.0000,0,0,99.0005,0.9995,319.0000,0
384.10,5,68.5000,0,0,91.0609,8.9391,365.0000,0
384.10,6,0.0000,0,0,95.5052,4.4948,319.0000,0
384.10,7,0.0000,0,0,72.8390,27.1610,319.0000,0
384.10,8,88.0000,0,0,89.1376,10.8624,378.0000,0
384.10,9,0.0000,0,0,91.4188,8.5812,319.0000,0
385.10,0,0.0000,0,0,93.5116,6.4884,320.0000,0
385.10,1,26.5000,0,0,85.0240,14.9760,338.0000,0
385.10,2,0.0000,0,0,92.9436,7.0564,320.0000,0
385.10,3,80.5000,0,0,95.2454,4.7546,374.0000,0
385.10,4,0.0000,0,0,99.0005,0.9995,320.0000,0
385.10,5,68.5000,0,0,91.0609,8.9391,366.0000,0
385.10,6,0.0000,0,0,95.5052,4.4948,320.0000,0
385.10,7,0.0000,0,0,72.8390,27.1610,320.0000,0
385.10,8,88.0000,0,0,89.1376,10.8624,379.0000,0
385.10,9,0.0000,0,0,91.4188,8.5812,320.0000,0
386.10,0,0.0000,0,0,93.5116,6.4884,321.0000,0
386.10,1,26.5000,0,0,85.0240,14.9760,339.0000,0
386.10,2,0.0000,0,0,92.9436,7.0564,321.0000,0
386.10,3,80.5000,0,0,95.2454,4.7546,375.0000,0
386.10,4,0.0000,0,0,99.0005,0.9995,321.0000,0
386.10,5,68.5000,0,0,91.0609,8.9391,367.0000,0
386.10,6,0.0000,0,0,95.5052,4.4948,321.0000,0
386.10,7,0.0000,0,0,72.8390,27.1610,321.0000,0
386.10,8,88.0000,0,0,89.1376,10.8624,380.0000,0
386.10,9,0.0000,0,0,91.4188,8.5812,321.0000,0
387.10,0,0.0000,0,0,93.5116,6.4884,322.0000,0
387.10,1,26.5000,0,0,85.0240,14.9760,340.0000,0
387.10,2,0.0000,0,0,92.9436,7.0564,322.0000,0
387.10,3,80.5000,0,0,95.2454,4.7546,376.0000,0
387.10,4,0.0000,0,0,99.0005,0.9995,322.0000,0
387.10,5,68.5000,0,0,91.0609,8.9391,368.0000,0
387.10,6,0.0000,0,0,95.5052,4.4948,322.0000,0
387.10,7,0.0000,0,0,72.8390,27.1610,322.0000,0
387.10,8,88.0000,0,0,89.1376,10.8624,381.0000,0
387.10,9,0.0000,0,0,91.4188,8.5812,322.0000,0
388.10,0,0.0000,0,0,93.5116,6.4884,323.0000,0
388.10,1,26.5000,0,0,85.0240,14.9760,341.0000,0
388.10,2,0.0000,0,0,92.9436,7.0564,323.0000,0
388.10,3,80.5000,0,0,95.2454,4.7546,377.0000,0
388.10,4,0.0000,0,0,99.0005,0.9995,323.0000,0
388.10,5,68.5000,0,0,91.0609,8.9391,369.0000,0
388.10,6,0.0000,0,0,95.5052,4.4948,323.0000,0
388.10,7,0.0000,0,0,72.8390,27.1610,323.0000,0
388.10,8,88.0000,0,0,89.1376,10.8624,382.0000,0
388.10,9,0.0000,0,0,91.4188,8.5812,323.0000,0
389.10,0,0.0000,0,0,93.5116,6.4884,324.0000,0
389.10,1,26.5000,0,0,85.0240,14.9760,342.0000,0
389.10,2,0.0000,0,0,92.9436,7.0564,324.0000,0
389.10,3,80.5000,0,0,95.2454,4.7546,378.0000,0
389.10,4,0.0000,0,0,99.0005,0.9995,324.0000,0
389.10,5,68.5000,0,0,91.0609,8.9391,370.0000,0
389.10,6,0.0000,0,0,95.5052,4.4948,324.0000,0
389.10,7,0.0000,0,0,72.8390,27.1610,324.0000,0
389.10,8,88.0000,0,0,89.1376,10.8624,383.0000,0
389.10,9,0.0000,0,0,91.4188,8.5812,324.0000,0
390.10,0,0.0000,0,0,93.5116,6.4884,325.0000,0
390.10,1,26.5000,0,0,85.0240,14.9760,343.0000,0
390.10,2,0.0000,0,0,92.9436,7.0564,325.0000,0
390.10,3,80.5000,0,0,95.2454,4.7546,379.0000,0
390.10,4,0.0000,0,0,99.0005,0.9995,325.0000,0
390.10,5,68.5000,0,0,91.0609,8.9391,371.0000,0
390.10,6,0.0000,0,0,95.5052,4.4948,325.0000,0
390.10,7,0.0000,0,0,72.8390,27.1610,325.0000,0
390.10,8,88.0000,0,0,89.1376,10.8624,384.0000,0
390.10,9,0.0000,0,0,91.4188,8.5812,325.0000,0
391.10,0,0.0000,0,0,93.5116,6.4884,326.0000,0
391.10,1,26.5000,0,0,85.0240,14.9760,344.0000,0
391.10,2,0.0000,0,0,92.9436,7.0564,326.0000,0
391.10,3,80.5000,0,0,95.2454,4.7546,380.0000,0
391.10,4,0.0000,0,0,99.0005,0.9995,326.0000,0
391.10,5,68.5000,0,0,91.0609,8.9391,372.0000,0
391.10,6,0.0000,0,0,95.5052,4.4948,326.0000,0
391.10,7,0.0000,0,0,72.8390,27.1610,326.0000,0
391.10,8,88.0000,0,0,89.1376,10.8624,385.0000,0
391.10,9,0.0000,0,0,91.4188,8.5812,326.0000,0
392.10,0,0.0000,0,0,93.5116,6.4884,327.0000,0
392.10,1,26.5000,0,0,85.0240,14.9760,345.0000,0
392.10,2,0.0000,0,0,92.9436,7.0564,327.0000,0
392.10,3,80.5000,0,0,95.2454,4.7546,381.0000,0
392.10,4,0.0000,0,0,99.0005,0.9995,327.0000,0
392.10,5,68.5000,0,0,91.0609,8.9391,373.0000,0
392.10,6,0.0000,0,0,95.5052,4.4948,327.0000,0
392.10,7,0.0000,0,0,72.8390,27.1610,327.0000,0
392.10,8,88.0000,0,0,89.1376,10.8624,386.0000,0
392.10,9,0.0000,0,0,91.4188,8.5812,327.0000,0
393.10,0,0.0000,0,0,93.5116,6.4884,328.0000,0
393.10,1,26.5000,0,0,85.0240,14.9760,346.0000,0
393.10,2,0.0000,0,0,92.9436,7.0564,328.0000,0
393.10,3,80.5000,0,0,95.2454,4.7546,382.0000,0
393.10,4,0.0000,0,0,99.0005,0.9995,328.0000,0
393.10,5,68.5000,0,0,91.0609,8.9391,374.0000,0
393.10,6,0.0000,0,0,95.5052,4.4948,328.0000,0
393.10,7,0.0000,0,0,72.8390,27.1610,328.0000,0
393.10,8,88.0000,0,0,89.1376,10.8624,387.0000,0
393.10,9,0.0000,0,0,91.4188,8.5812,328.0000,0
394.10,0,0.0000,0,0,93.5116,6.4884,329.0000,0
394.10,1,26.5000,0,0,85.0240,14.9760,347.0000,0
394.10,2,0.0000,0,0,92.9436,7.0564,329.0000,0
394.10,3,80.5000,0,0,95.2454,4.7546,383.0000,0
394.10,4,0.0000,0,0,99.0005,0.9995,329.0000,0
394.10,5,68.5000,0,0,91.0609,8.9391,375.0000,0
394.10,6,0.0000,0,0,95.5052,4.4948,329.0000,0
394.10,7,0.0000,0,0,72.8390,27.1610,329.0000,0
394.10,8,88.0000,0,0,89.1376,10.8624,388.0000,0
394.10,9,0.0000,0,0,91.4188,8.5812,329.0000,0
395.10,0,0.0000,0,0,93.5116,6.4884,330.0000,0
395.10,1,26.5000,0,0,85.0240,14.9760,348.0000,0
395.10,2,0.0000,0,0,92.9436,7.0564,330.0000,0
395.10,3,80.5000,0,0,95.2454,4.7546,384.0000,0
395.10,4,0.0000,0,0,99.0005,0.9995,330.0000,0
395.10,5,68.5000,0,0,91.0609,8.9391,376.0000,0
395.10,6,0.0000,0,0,95.5052,4.4948,330.0000,0
395.10,7,0.0000,0,0,72.8390,27.1610,330.0000,0
395.10,8,88.0000,0,0,89.1376,10.8624,389.0000,0
395.10,9,0.0000,0,0,91.4188,8.5812,330.0000,0
396.10,0,0.0000,0,0,93.5116,6.4884,331.0000,0
396.10,1,26.5000,0,0,85.0240,14.9760,349.0000,0
396.10,2,0.0000,0,0,92.9436,7.0564,331.0000,0
396.10,3,80.5000,0,0,95.2454,4.7546,385.0000,0
396.10,4,0.0000,0,0,99.0005,0.9995,331.0000,0
396.10,5,68.5000,0,0,91.0609,8.9391,377.0000,0
396.10,6,0.0000,0,0,95.5052,4.4948,331.0000,0
396.10,7,0.0000,0,0,72.8390,27.1610,331.0000,0
396.10,8,88.0000,0,0,89.1376,10.8624,390.0000,0
396.10,9,0.0000,0,0,91.4188,8.5812,331.0000,0
397.10,0,0.0000,0,0,93.5116,6.4884,332.0000,0
397.10,1,26.5000,0,0,85.0240,14.9760,350.0000,0
397.10,2,0.0000,0,0,92.9436,7.0564,332.0000,0
397.10,3,80.5000,0,0,95.2454,4.7546,386.0000,0
397.10,4,0.0000,0,0,99.0005,0.9995,332.0000,0
397.10,5,68.5000,0,0,91.0609,8.9391,378.0000,0
397.10,6,0.0000,0,0,95.5052,4.4948,332.0000,0
397.10,7,0.0000,0,0,72.8390,27.1610,332.0000,0
397.10,8,88.0000,0,0,89.1376,10.8624,391.0000,0
397.10,9,0.0000,0,0,91.4188,8.5812,332.0000,0
398.10,0,0.0000,0,0,93.5116,6.4884,333.0000,0
398.10,1,26.5000,0,0,85.0240,14.9760,351.0000,0
398.10,2,0.0000,0,0,92.9436,7.0564,333.0000,0
398.10,3,80.5000,0,0,95.2454,4.7546,387.0000,0
398.10,4,0.0000,0,0,99.0005,0.9995,333.0000,0
398.10,5,68.5000,0,0,91.0609,8.9391,379.0000,0
398.10,6,0.0000,0,0,95.5052,4.4948,333.0000,0
398.10,7,0.0000,0,0,72.8390,27.1610,333.0000,0
398.10,8,88.0000,0,0,89.1376,10.8624,392.0000,0
398.10,9,0.0000,0,0,91.4188,8.5812,333.0000,0
399.10,0,0.0000,0,0,93.5116,6.4884,334.0000,0
399.10,1,26.5000,0,0,85.0240,14.9760,352.0000,0
399.10,2,0.0000,0,0,92.9436,7.0564,334.0000,0
399.10,3,80.5000,0,0,95.2454,4.7546,388.0000,0
399.10,4,0.0000,0,0,99.0005,0.9995,334.0000,0
399.10,5,68.5000,0,0,91.0609,8.9391,380.0000,0
399.10,6,0.0000,0,0,95.5052,4.4948,334.0000,0
399.10,7,0.0000,0,0,72.8390,27.1610,334.0000,0
399.10,8,88.0000,0,0,89.1376,10.8624,393.0000,0
399.10,9,0.0000,0,0,91.4188,8.5812,334.0000,0
400.10,0,0.0000,0,0,93.5116,6.4884,335.0000,0
400.10,1,26.5000,0,0,85.0240,14.9760,353.0000,0
400.10,2,0.0000,0,0,92.9436,7.0564,335.0000,0
400.10,3,80.5000,0,0,95.2454,4.7546,389.0000,0
400.10,4,0.0000,0,0,99.0005,0.9995,335.0000,0
400.10,5,68.5000,0,0,91.0609,8.9391,381.0000,0
400.10,6,0.0000,0,0,95.5052,4.4948,335.0000,0
400.10,7,0.0000,0,0,72.8390,27.1610,335.0000,0
400.10,8,88.0000,0,0,89.1376,10.8624,394.0000,0
400.10,9,0.0000,0,0,91.4188,8.5812,335.0000,0
401.10,0,0.0000,0,0,93.5116,6.4884,336.0000,0
401.10,1,26.5000,0,0,85.0240,14.9760,354.0000,0
401.10,2,0.0000,0,0,92.9436,7.0564,336.0000,0
401.10,3,80.5000,0,0,95.2454,4.7546,390.0000,0
401.10,4,0.0000,0,0,99.0005,0.9995,336.0000,0
401.10,5,68.5000,0,0,91.0609,8.9391,382.0000,0
401.10,6,0.0000,0,0,95.5052,4.4948,336.0000,0
401.10,7,0.0000,0,0,72.8390,27.1610,336.0000,0
401.10,8,88.0000,0,0,89.1376,10.8624,395.0000,0
401.10,9,0.0000,0,0,91.4188,8.5812,336.0000,0
402.10,0,0.0000,0,0,93.5116,6.4884,337.0000,0
402.10,1,26.5000,0,0,85.0240,14.9760,355.0000,0
402.10,2,0.0000,0,0,92.9436,7.0564,337.0000,0
402.10,3,80.5000,0,0,95.2454,4.7546,391.0000,0
402.10,4,0.0000,0,0,99.0005,0.9995,337.0000,0
402.10,5,68.5000,0,0,91.0609,8.9391,383.0000,0
402.10,6,0.0000,0,0,95.5052,4.4948,337.0000,0
402.10,7,0.0000,0,0,72.8390,27.1610,337.0000,0
402.10,8,88.0000,0,0,89.1376,10.8624,396.0000,0
402.10,9,0.0000,0,0,91.4188,8.5812,337.0000,0
403.10,0,0.0000,0,0,93.5116,6.4884,338.0000,0
403.10,1,26.5000,0,0,85.0240,14.9760,356.0000,0
403.10,2,0.0000,0,0,92.9436,7.0564,338.0000,0
403.10,3,80.5000,0,0,95.2454,4.7546,392.0000,0
403.10,4,0.0000,0,0,99.0005,0.9995,338.0000,0
403.10,5,68.5000,0,0,91.0609,8.9391,384.0000,0
403.10,6,0.0000,0,0,95.5052,4.4948,338.0000,0
403.10,7,0.0000,0,0,72.8390,27.1610,338.0000,0
403.10,8,88.0000,0,0,89.1376,10.8624,397.0000,0
403.10,9,0.0000,0,0,91.4188,8.5812,338.0000,0
404.10,0,0.0000,0,0,93.5116,6.4884,339.0000,0
404.10,1,26.5000,0,0,85.0240,14.9760,357.0000,0
404.10,2,0.0000,0,0,92.9436,7.0564,339.0000,0
404.10,3,80.5000,0,0,95.2454,4.7546,393.0000,0
404.10,4,0.0000,0,0,99.0005,0.9995,339.0000,0
404.10,5,68.5000,0,0,91.0609,8.9391,385.0000,0
404.10,6,0.0000,0,0,95.5052,4.4948,339.0000,0
404.10,7,0.0000,0,0,72.8390,27.1610,339.0000,0
404.10,8,88.0000,0,0,89.1376,10.8624,398.0000,0
404.10,9,0.0000,0,0,91.4188,8.5812,339.0000,0
405.10,0,0.0000,0,0,93.5116,6.4884,340.0000,0
405.10,1,26.5000,0,0,85.0240,14.9760,358.0000,0
405.10,2,0.0000,0,0,92.9436,7.0564,340.0000,0
405.10,3,80.5000,0,0,95.2454,4.7546,394.0000,0
405.10,4,0.0000,0,0,99.0005,0.9995,340.0000,0
405.10,5,68.5000,0,0,91.0609,8.9391,386.0000,0
405.10,6,0.0000,0,0,95.5052,4.4948,340.0000,0
405.10,7,0.0000,0,0,72.8390,27.1610,340.0000,0
405.10,8,88.0000,0,0,89.1376,10.8624,399.0000,0
405.10,9,0.0000,0,0,91.4188,8.5812,340.0000,0
406.10,0,0.0000,0,0,93.5116,6.4884,341.0000,0
406.10,1,26.5000,0,0,85.0240,14.9760,359.0000,0
406.10,2,0.0000,0,0,92.9436,7.0564,341.0000,0
406.10,3,80.5000,0,0,95.2454,4.7546,395.0000,0
406.10,4,0.0000,0,0,99.0005,0.9995,341.0000,0
406.10,5,68.5000,0,0,91.0609,8.9391,387.0000,0
406.10,6,0.0000,0,0,95.5052,4.4948,341.0000,0
406.10,7,0.0000,0,0,72.8390,27.1610,341.0000,0
406.10,8,88.0000,0,0,89.1376,10.8624,400.0000,0
406.10,9,0.0000,0,0,91.4188,8.5812,341.0000,0
407.10,0,0.0000,0,0,93.5116,6.4884,342.0000,0
407.10,1,26.5000,0,0,85.0240,14.9760,360.0000,0
407.10,2,0.0000,0,0,92.9436,7.0564,342.0000,0
407.10,3,80.5000,0,0,95.2454,4.7546,396.0000,0
407.10,4,0.0000,0,0,99.0005,0.9995,342.0000,0
407.10,5,68.5000,0,0,91.0609,8.9391,388.0000,0
407.10,6,0.0000,0,0,95.5052,4.4948,342.0000,0
407.10,7,0.0000,0,0,72.8390,27.1610,342.0000,0
407.10,8,88.0000,0,0,89.1376,10.8624,401.0000,0
407.10,9,0.0000,0,0,91.4188,8.5812,342.0000,0
408.10,0,0.0000,0,0,93.5116,6.4884,343.0000,0
408.10,1,26.5000,0,0,85.0240,14.9760,361.0000,0
408.10,2,0.0000,0,0,92.9436,7.0564,343.0000,0
408.10,3,80.5000,0,0,95.2454,4.7546,397.0000,0
408.10,4,0.0000,0,0,99.0005,0.9995,343.0000,0
408.10,5,68.5000,0,0,91.0609,8.9391,389.0000,0
408.10,6,0.0000,0,0,95.5052,4.4948,343.0000,0
408.10,7,0.0000,0,0,72.8390,27.1610,343.0000,0
408.10,8,88.0000,0,0,89.1376,10.8624,402.0000,0
408.10,9,0.0000,0,0,91.4188,8.5812,343.0000,0
409.10,0,0.0000,0,0,93.5116,6.4884,344.0000,0
409.10,1,26.5000,0,0,85.0240,14.9760,362.0000,0
409.10,2,0.0000,0,0,92.9436,7.0564,344.0000,0
409.10,3,80.5000,0,0,95.2454,4.7546,398.0000,0
409.10,4,0.0000,0,0,99.0005,0.9995,344.0000,0
409.10,5,68.5000,0,0,91.0609,8.9391,390.0000,0
409.10,6,0.0000,0,0,95.5052,4.4948,344.0000,0
409.10,7,0.0000,0,0,72.8390,27.1610,344.0000,0
409.10,8,88.0000,0,0,89.1376,10.8624,403.0000,0
409.10,9,0.0000,0,0,91.4188,8.5812,344.0000,0
410.10,0,0.0000,0,0,93.5116,6.4884,345.0000,0
410.10,1,26.5000,0,0,85.0240,14.9760,363.0000,0
410.10,2,0.0000,0,0,92.9436,7.0564,345.0000,0
410.10,3,80.5000,0,0,95.2454,4.7546,399.0000,0
410.10,4,0.0000,0,0,99.0005,0.9995,345.0000,0
410.10,5,68.5000,0,0,91.0609,8.9391,391.0000,0
410.10,6,0.0000,0,0,95.5052,4.4948,345.0000,0
410.10,7,0.0000,0,0,72.8390,27.1610,345.0000,0
410.10,8,88.0000,0,0,89.1376,10.8624,404.0000,0
410.10,9,0.0000,0,0,91.4188,8.5812,345.0000,0
411.10,0,0.0000,0,0,93.5116,6.4884,346.0000,0
411.10,1,26.5000,0,0,85.0240,14.9760,364.0000,0
411.10,2,0.0000,0,0,92.9436,7.0564,346.0000,0
411.10,3,80.5000,0,0,95.2454,4.7546,400.0000,0
411.10,4,0.0000,0,0,99.0005,0.9995,346.0000,0
411.10,5,68.5000,0,0,91.0609,8.9391,392.0000,0
411.10,6,0.0000,0,0,95.5052,4.4948,346.0000,0
411.10,7,0.0000,0,0,72.8390,27.1610,346.0000,0
411.10,8,88.0000,0,0,89.1376,10.8624,405.0000,0
411.10,9,0.0000,0,0,91.4188,8.5812,346.0000,0
412.10,0,0.0000,0,0,93.5116,6.4884,347.0000,0
412.10,1,26.5000,0,0,85.0240,14.9760,365.0000,0
412.10,2,0.0000,0,0,92.9436,7.0564,347.0000,0
412.10,3,80.5000,0,0,95.2454,4.7546,401.0000,0
412.10,4,0.0000,0,0,99.0005,0.9995,347.0000,0
412.10,5,68.5000,0,0,91.0609,8.9391,393.0000,0
412.10,6,0.0000,0,0,95.5052,4.4948,347.0000,0
412.10,7,0.0000,0,0,72.8390,27.1610,347.0000,0
412.10,8,88.0000,0,0,89.1376,10.8624,406.0000,0
412.10,9,0.0000,0,0,91.4188,8.5812,347.0000,0
413.10,0,0.0000,0,0,93.5116,6.4884,348.0000,0
413.10,1,26.5000,0,0,85.0240,14.9760,366.0000,0
413.10,2,0.0000,0,0,92.9436,7.0564,348.0000,0
413.10,3,80.5000,0,0,95.2454,4.7546,402.0000,0
413.10,4,0.0000,0,0,99.0005,0.9995,348.0000,0
413.10,5,68.5000,0,0,91.0609,8.9391,394.0000,0
413.10,6,0.0000,0,0,95.5052,4.4948,348.0000,0
413.10,7,0.0000,0,0,72.8390,27.1610,348.0000,0
413.10,8,88.0000,0,0,89.1376,10.8624,407.0000,0
413.10,9,0.0000,0,0,91.4188,8.5812,348.0000,0
414.10,0,0.0000,0,0,93.5116,6.4884,349.0000,0
414.10,1,26.5000,0,0,85.0240,14.9760,367.0000,0
414.10,2,0.0000,0,0,92.9436,7.0564,349.0000,0
414.10,3,80.5000,0,0,95.2454,4.7546,403.0000,0
414.10,4,0.0000,0,0,99.0005,0.9995,349.0000,0
414.10,5,68.5000,0,0,91.0609,8.9391,395.0000,0
414.10,6,0.0000,0,0,95.5052,4.4948,349.0000,0
414.10,7,0.0000,0,0,72.8390,27.1610,349.0000,0
414.10,8,88.0000,0,0,89.1376,10.8624,408.0000,0
414.10,9,0.0000,0,0,91.4188,8.5812,349.0000,0
415.10,0,0.0000,0,0,93.5116,6.4884,350.0000,0
415.10,1,26.5000,0,0,85.0240,14.9760,368.0000,0
415.10,2,0.0000,0,0,92.9436,7.0564,350.0000,0
415.10,3,80.5000,0,0,95.2454,4.7546,404.0000,0
415.10,4,0.0000,0,0,99.0005,0.9995,350.0000,0
415.10,5,68.5000,0,0,91.0609,8.9391,396.0000,0
415.10,6,0.0000,0,0,95.5052,4.4948,350.0000,0
415.10,7,0.0000,0,0,72.8390,27.1610,350.0000,0
415.10,8,88.0000,0,0,89.1376,10.8624,409.0000,0
415.10,9,0.0000,0,0,91.4188,8.5812,350.0000,0
416.10,0,0.0000,0,0,93.5116,6.4884,351.0000,0
416.10,1,26.5000,0,0,85.0240,14.9760,369.0000,0
416.10,2,0.0000,0,0,92.9436,7.0564,351.0000,0
416.10,3,80.5000,0,0,95.2454,4.7546,405.0000,0
416.10,4,0.0000,0,0,99.0005,0.9995,351.0000,0
416.10,5,68.5000,0,0,91.0609,8.9391,397.0000,0
416.10,6,0.0000,0,0,95.5052,4.4948,351.0000,0
416.10,7,0.0000,0,0,72.8390,27.1610,351.0000,0
416.10,8,88.0000,0,0,89.1376,10.8624,410.0000,0
416.10,9,0.0000,0,0,91.4188,8.5812,351.0000,0
417.10,0,0.0000,0,0,93.5116,6.4884,352.0000,0
417.10,1,26.5000,0,0,85.0240,14.9760,370.0000,0
417.10,2,0.0000,0,0,92.9436,7.0564,352.0000,0
417.10,3,80.5000,0,0,95.2454,4.7546,406.0000,0
417.10,4,0.0000,0,0,99.0005,0.9995,352.0000,0
417.10,5,68.5000,0,0,91.0609,8.9391,398.0000,0
417.10,6,0.0000,0,0,95.5052,4.4948,352.0000,0
417.10,7,0.0000,0,0,72.8390,27.1610,352.0000,0
417.10,8,88.0000,0,0,89.1376,10.8624,411.0000,0
417.10,9,0.0000,0,0,91.4188,8.5812,352.0000,0
418.10,0,0.0000,0,0,93.5116,6.4884,353.0000,0
418.10,1,26.5000,0,0,85.0240,14.9760,371.0000,0
418.10,2,0.0000,0,0,92.9436,7.0564,353.0000,0
418.10,3,80.5000,0,0,95.2454,4.7546,407.0000,0
418.10,4,0.0000,0,0,99.0005,0.9995,353.0000,0
418.10,5,68.5000,0,0,91.0609,8.9391,399.0000,0
418.10,6,0.0000,0,0,95.5052,4.4948,353.0000,0
418.10,7,0.0000,0,0,72.8390,27.1610,353.0000,0
418.10,8,88.0000,0,0,89.1376,10.8624,412.0000,0
418.10,9,0.0000,0,0,91.4188,8.5812,353.0000,0
419.10,0,0.0000,0,0,93.5116,6.4884,354.0000,0
419.10,1,26.5000,0,0,85.0240,14.9760,372.0000,0
419.10,2,0.0000,0,0,92.9436,7.0564,354.0000,0
419.10,3,80.5000,0,0,95.2454,4.7546,408.0000,0
419.10,4,0.0000,0,0,99.0005,0.9995,354.0000,0
419.10,5,68.5000,0,0,91.0609,8.9391,400.0000,0
419.10,6,0.0000,0,0,95.5052,4.4948,354.0000,0
419.10,7,0.0000,0,0,72.8390,27.1610,354.0000,0
419.10,8,88.0000,0,0,89.1376,10.8624,413.0000,0
419.10,9,0.0000,0,0,91.4188,8.5812,354.0000,0
420.10,0,0.0000,0,0,93.5116,6.4884,355.0000,0
420.10,1,26.5000,0,0,85.0240,14.9760,373.0000,0
420.10,2,0.0000,0,0,92.9436,7.0564,355.0000,0
420.10,3,80.5000,0,0,95.2454,4.7546,409.0000,0
420.10,4,0.0000,0,0,99.0005,0.9995,355.0000,0
420.10,5,68.5000,0,0,91.0609,8.9391,401.0000,0
420.10,6,0.0000,0,0,95.5052,4.4948,355.0000,0
420.10,7,0.0000,0,0,72.8390,27.1610,355.0000,0
420.10,8,88.0000,0,0,89.1376,10.8624,414.0000,0
420.10,9,0.0000,0,0,91.4188,8.5812,355.0000,0
421.10,0,0.0000,0,0,93.5116,6.4884,356.0000,0
421.10,1,26.5000,0,0,85.0240,14.9760,374.0000,0
421.10,2,0.0000,0,0,92.9436,7.0564,356.0000,0
421.10,3,80.5000,0,0,95.2454,4.7546,410.0000,0
421.10,4,0.0000,0,0,99.0005,0.9995,356.0000,0
421.10,5,68.5000,0,0,91.0609,8.9391,402.0000,0
421.10,6,0.0000,0,0,95.5052,4.4948,356.0000,0
421.10,7,0.0000,0,0,72.8390,27.1610,356.0000,0
421.10,8,88.0000,0,0,89.1376,10.8624,415.0000,0
421.10,9,0.0000,0,0,91.4188,8.5812,356.0000,0
422.10,0,0.0000,0,0,93.5116,6.4884,357.0000,0
422.10,1,26.5000,0,0,85.0240,14.9760,375.0000,0
422.10,2,0.0000,0,0,92.9436,7.0564,357.0000,0
422.10,3,80.5000,0,0,95.2454,4.7546,411.0000,0
422.10,4,0.0000,0,0,99.0005,0.9995,357.0000,0
422.10,5,68.5000,0,0,91.0609,8.9391,403.0000,0
422.10,6,0.0000,0,0,95.5052,4.4948,357.0000,0
422.10,7,0.0000,0,0,72.8390,27.1610,357.0000,0
422.10,8,88.0000,0,0,89.1376,10.8624,416.0000,0
422.10,9,0.0000,0,0,91.4188,8.5812,357.0000,0
423.10,0,0.0000,0,0,93.5116,6.4884,358.0000,0
423.10,1,26.5000,0,0,85.0240,14.9760,376.0000,0
423.10,2,0.0000,0,0,92.9436,7.0564,358.0000,0
423.10,3,80.5000,0,0,95.2454,4.7546,412.0000,0
423.10,4,0.0000,0,0,99.0005,0.9995,358.0000,0
423.10,5,68.5000,0,0,91.0609,8.9391,404.0000,0
423.10,6,0.0000,0,0,95.5052,4.4948,358.0000,0
423.10,7,0.0000,0,0,72.8390,27.1610,358.0000,0
423.10,8,88.0000,0,0,89.1376,10.8624,417.0000,0
423.10,9,0.0000,0,0,91.4188,8.5812,358.0000,0
424.10,0,0.0000,0,0,93.5116,6.4884,359.0000,0
424.10,1,26.5000,0,0,85.0240,14.9760,377.0000,0
424.10,2,0.0000,0,0,92.9436,7.0564,359.0000,0
424.10,3,80.5000,0,0,95.2454,4.7546,413.0000,0
424.10,4,0.0000,0,0,99.0005,0.9995,359.0000,0
424.10,5,68.5000,0,0,91.0609,8.9391,405.0000,0
424.10,6,0.0000,0,0,95.5052,4.4948,359.0000,0
424.10,7,0.0000,0,0,72.8390,27.1610,359.0000,0
424.10,8,88.0000,0,0,89.1376,10.8624,418.0000,0
424.10,9,0.0000,0,0,91.4188,8.5812,359.0000,0
425.10,0,0.0000,0,0,93.5116,6.4884,360.0000,0
425.10,1,26.5000,0,0,85.0240,14.9760,378.0000,0
425.10,2,0.0000,0,0,92.9436,7.0564,360.0000,0
425.10,3,80.5000,0,0,95.2454,4.7546,414.0000,0
425.10,4,0.0000,0,0,99.0005,0.9995,360.0000,0
425.10,5,68.5000,0,0,91.0609,8.9391,406.0000,0
425.10,6,0.0000,0,0,95.5052,4.4948,360.0000,0
425.10,7,0.0000,0,0,72.8390,27.1610,360.0000,0
425.10,8,88.0000,0,0,89.1376,10.8624,419.0000,0
425.10,9,0.0000,0,0,91.4188,8.5812,360.0000,0
426.10,0,0.0000,0,0,93.5116,6.4884,361.0000,0
426.10,1,26.5000,0,0,85.0240,14.9760,379.0000,0
426.10,2,0.0000,0,0,92.9436,7.0564,361.0000,0
426.10,3,80.5000,0,0,95.2454,4.7546,415.0000,0
426.10,4,0.0000,0,0,99.0005,0.9995,361.0000,0
426.10,5,68.5000,0,0,91.0609,8.9391,407.0000,0
426.10,6,0.0000,0,0,95.5052,4.4948,361.0000,0
426.10,7,0.0000,0,0,72.8390,27.1610,361.0000,0
426.10,8,88.0000,0,0,89.1376,10.8624,420.0000,0
426.10,9,0.0000,0,0,91.4188,8.5812,361.0000,0
427.10,0,0.0000,0,0,93.5116,6.4884,362.0000,0
427.10,1,26.5000,0,0,85.0240,14.9760,380.0000,0
427.10,2,0.0000,0,0,92.9436,7.0564,362.0000,0
427.10,3,80.5000,0,0,95.2454,4.7546,416.0000,0
427.10,4,0.0000,0,0,99.0005,0.9995,362.0000,0
427.10,5,68.5000,0,0,91.0609,8.9391,408.0000,0
427.10,6,0.0000,0,0,95.5052,4.4948,362.0000,0
427.10,7,0.0000,0,0,72.8390,27.1610,362.0000,0
427.10,8,88.0000,0,0,89.1376,10.8624,421.0000,0
427.10,9,0.0000,0,0,91.4188,8.5812,362.0000,0
428.10,0,0.0000,0,0,93.5116,6.4884,363.0000,0
428.10,1,26.5000,0,0,85.0240,14.9760,381.0000,0
428.10,2,0.0000,0,0,92.9436,7.0564,363.0000,0
428.10,3,80.5000,0,0,95.2454,4.7546,417.0000,0
428.10,4,0.0000,0,0,99.0005,0.9995,363.0000,0
428.10,5,68.5000,0,0,91.0609,8.9391,409.0000,0
428.10,6,0.0000,0,0,95.5052,4.4948,363.0000,0
428.10,7,0.0000,0,0,72.8390,27.1610,363.0000,0
428.10,8,88.0000,0,0,89.1376,10.8624,422.0000,0
428.10,9,0.0000,0,0,91.4188,8.5812,363.0000,0
429.10,0,0.0000,0,0,93.5116,6.4884,364.0000,0
429.10,1,26.5000,0,0,85.0240,14.9760,382.0000,0
429.10,2,0.0000,0,0,92.9436,7.0564,364.0000,0
429.10,3,80.5000,0,0,95.2454,4.7546,418.0000,0
429.10,4,0.0000,0,0,99.0005,0.9995,364.0000,0
429.10,5,68.5000,0,0,91.0609,8.9391,410.0000,0
429.10,6,0.0000,0,0,95.5052,4.4948,364.0000,0
429.10,7,0.0000,0,0,72.8390,27.1610,364.0000,0
429.10,8,88.0000,0,0,89.1376,10.8624,423.0000,0
429.10,9,0.0000,0,0,91.4188,8.5812,364.0000,0
430.10,0,0.0000,0,0,93.5116,6.4884,365.0000,0
430.10,1,26.5000,0,0,85.0240,14.9760,383.0000,0
430.10,2,0.0000,0,0,92.9436,7.0564,365.0000,0
430.10,3,80.5000,0,0,95.2454,4.7546,419.0000,0
430.10,4,0.0000,0,0,99.0005,0.9995,365.0000,0
430.10,5,68.5000,0,0,91.0609,8.9391,411.0000,0
430.10,6,0.0000,0,0,95.5052,4.4948,365.0000,0
430.10,7,0.0000,0,0,72.8390,27.1610,365.0000,0
430.10,8,88.0000,0,0,89.1376,10.8624,424.0000,0
430.10,9,0.0000,0,0,91.4188,8.5812,365.0000,0
431.10,0,0.0000,0,0,93.5116,6.4884,366.0000,0
431.10,1,26.5000,0,0,85.0240,14.9760,384.0000,0
431.10,2,0.0000,0,0,92.9436,7.0564,366.0000,0
431.10,3,80.5000,0,0,95.2454,4.7546,420.0000,0
431.10,4,0.0000,0,0,99.0005,0.9995,366.0000,0
431.10,5,68.5000,0,0,91.0609,8.9391,412.0000,0
431.10,6,0.0000,0,0,95.5052,4.4948,366.0000,0
431.10,7,0.0000,0,0,72.8390,27.1610,366.0000,0
431.10,8,88.0000,0,0,89.1376,10.8624,425.0000,0
431.10,9,0.0000,0,0,91.4188,8.5812,366.0000,0
432.10,0,0.0000,0,0,93.5116,6.4884,367.0000,0
432.10,1,26.5000,0,0,85.0240,14.9760,385.0000,0
432.10,2,0.0000,0,0,92.9436,7.0564,367.0000,0
432.10,3,80.5000,0,0,95.2454,4.7546,421.0000,0
432.10,4,0.0000,0,0,99.0005,0.9995,367.0000,0
432.10,5,68.5000,0,0,91.0609,8.9391,413.0000,0
432.10,6,0.0000,0,0,95.5052,4.4948,367.0000,0
432.10,7,0.0000,0,0,72.8390,27.1610,367.0000,0
432.10,8,88.0000,0,0,89.1376,10.8624,426.0000,0
432.10,9,0.0000,0,0,91.4188,8.5812,367.0000,0
433.10,0,0.0000,0,0,93.5116,6.4884,368.0000,0
433.10,1,26.5000,0,0,85.0240,14.9760,386.0000,0
433.10,2,0.0000,0,0,92.9436,7.0564,368.0000,0
433.10,3,80.5000,0,0,95.2454,4.7546,422.0000,0
433.10,4,0.0000,0,0,99.0005,0.9995,368.0000,0
433.10,5,68.5000,0,0,91.0609,8.9391,414.0000,0
433.10,6,0.0000,0,0,95.5052,4.4948,368.0000,0
433.10,7,0.0000,0,0,72.8390,27.1610,368.0000,0
433.10,8,88.0000,0,0,89.1376,10.8624,427.0000,0
433.10,9,0.0000,0,0,91.4188,8.5812,368.0000,0
434.10,0,0.0000,0,0,93.5116,6.4884,369.0000,0
434.10,1,26.5000,0,0,85.0240,14.9760,387.0000,0
434.10,2,0.0000,0,0,92.9436,7.0564,369.0000,0
434.10,3,80.5000,0,0,95.2454,4.7546,423.0000,0
434.10,4,0.0000,0,0,99.0005,0.9995,369.0000,0
434.10,5,68.5000,0,0,91.0609,8.9391,415.0000,0
434.10,6,0.0000,0,0,95.5052,4.4948,369.0000,0
434.10,7,0.0000,0,0,72.8390,27.1610,369.0000,0
434.10,8,88.0000,0,0,89.1376,10.8624,428.0000,0
434.10,9,0.0000,0,0,91.4188,8.5812,369.0000,0
435.10,0,0.0000,0,0,93.5116,6.4884,370.0000,0
435.10,1,26.5000,0,0,85.0240,14.9760,388.0000,0
435.10,2,0.0000,0,0,92.9436,7.0564,370.0000,0
435.10,3,80.5000,0,0,95.2454,4.7546,424.0000,0
435.10,4,0.0000,0,0,99.0005,0.9995,370.0000,0
435.10,5,68.5000,0,0,91.0609,8.9391,416.0000,0
435.10,6,0.0000,0,0,95.5052,4.4948,370.0000,0
435.10,7,0.0000,0,0,72.8390,27.1610,370.0000,0
435.10,8,88.0000,0,0,89.1376,10.8624,429.0000,0
435.10,9,0.0000,0,0,91.4188,8.5812,370.0000,0
436.10,0,0.0000,0,0,93.5116,6.4884,371.0000,0
436.10,1,26.5000,0,0,85.0240,14.9760,389.0000,0
436.10,2,0.0000,0,0,92.9436,7.0564,371.0000,0
436.10,3,80.5000,0,0,95.2454,4.7546,425.0000,0
436.10,4,0.0000,0,0,99.0005,0.9995,371.0000,0
436.10,5,68.5000,0,0,91.0609,8.9391,417.0000,0
436.10,6,0.0000,0,0,95.5052,4.4948,371.0000,0
436.10,7,0.0000,0,0,72.8390,27.1610,371.0000,0
436.10,8,88.0000,0,0,89.1376,10.8624,430.0000,0
436.10,9,0.0000,0,0,91.4188,8.5812,371.0000,0
437.10,0,0.0000,0,0,93.5116,6.4884,372.0000,0
437.10,1,26.5000,0,0,85.0240,14.9760,390.0000,0
437.10,2,0.0000,0,0,92.9436,7.0564,372.0000,0
437.10,3,80.5000,0,0,95.2454,4.7546,426.0000,0
437.10,4,0.0000,0,0,99.0005,0.9995,372.0000,0
437.10,5,68.5000,0,0,91.0609,8.9391,418.0000,0
437.10,6,0.0000,0,0,95.5052,4.4948,372.0000,0
437.10,7,0.0000,0,0,72.8390,27.1610,372.0000,0
437.10,8,88.0000,0,0,89.1376,10.8624,431.0000,0
437.10,9,0.0000,0,0,91.4188,8.5812,372.0000,0
438.10,0,0.0000,0,0,93.5116,6.4884,373.0000,0
438.10,1,26.5000,0,0,85.0240,14.9760,391.0000,0
438.10,2,0.0000,0,0,92.9436,7.0564,373.0000,0
438.10,3,80.5000,0,0,95.2454,4.7546,427.0000,0
438.10,4,0.0000,0,0,99.0005,0.9995,373.0000,0
438.10,5,68.5000,0,0,91.0609,8.9391,419.0000,0
438.10,6,0.0000,0,0,95.5052,4.4948,373.0000,0
438.10,7,0.0000,0,0,72.8390,27.1610,373.0000,0
438.10,8,88.0000,0,0,89.1376,10.8624,432.0000,0
438.10,9,0.0000,0,0,91.4188,8.5812,373.0000,0
439.10,0,0.0000,0,0,93.5116,6.4884,374.0000,0
439.10,1,26.5000,0,0,85.0240,14.9760,392.0000,0
439.10,2,0.0000,0,0,92.9436,7.0564,374.0000,0
439.10,3,80.5000,0,0,95.2454,4.7546,428.0000,0
439.10,4,0.0000,0,0,99.0005,0.9995,374.0000,0
439.10,5,68.5000,0,0,91.0609,8.9391,420.0000,0
439.10,6,0.0000,0,0,95.5052,4.4948,374.0000,0
439.10,7,0.0000,0,0,72.8390,27.1610,374.0000,0
439.10,8,88.0000,0,0,89.1376,10.8624,433.0000,0
439.10,9,0.0000,0,0,91.4188,8.5812,374.0000,0
440.10,0,0.0000,0,0,93.5116,6.4884,375.0000,0
440.10,1,26.5000,0,0,85.0240,14.9760,393.0000,0
440.10,2,0.0000,0,0,92.9436,7.0564,375.0000,0
440.10,3,80.5000,0,0,95.2454,4.7546,429.0000,0
440.10,4,0.0000,0,0,99.0005,0.9995,375.0000,0
440.10,5,68.5000,0,0,91.0609,8.9391,421.0000,0
440.10,6,0.0000,0,0,95.5052,4.4948,375.0000,0
440.10,7,0.0000,0,0,72.8390,27.1610,375.0000,0
440.10,8,88.0000,0,0,89.1376,10.8624,434.0000,0
440.10,9,0.0000,0,0,91.4188,8.5812,375.0000,0
441.10,0,0.0000,0,0,93.5116,6.4884,376.0000,0
441.10,1,26.5000,0,0,85.0240,14.9760,394.0000,0
441.10,2,0.0000,0,0,92.9436,7.0564,376.0000,0
441.10,3,80.5000,0,0,95.2454,4.7546,430.0000,0
441.10,4,0.0000,0,0,99.0005,0.9995,376.0000,0
441.10,5,68.5000,0,0,91.0609,8.9391,422.0000,0
441.10,6,0.0000,0,0,95.5052,4.4948,376.0000,0
441.10,7,0.0000,0,0,72.8390,27.1610,376.0000,0
441.10,8,88.0000,0,0,89.1376,10.8624,435.0000,0
441.10,9,0.0000,0,0,91.4188,8.5812,376.0000,0
442.10,0,0.0000,0,0,93.5116,6.4884,377.0000,0
442.10,1,26.5000,0,0,85.0240,14.9760,395.0000,0
442.10,2,0.0000,0,0,92.9436,7.0564,377.0000,0
442.10,3,80.5000,0,0,95.2454,4.7546,431.0000,0
442.10,4,0.0000,0,0,99.0005,0.9995,377.0000,0
442.10,5,68.5000,0,0,91.0609,8.9391,423.0000,0
442.10,6,0.0000,0,0,95.5052,4.4948,377.0000,0
442.10,7,0.0000,0,0,72.8390,27.1610,377.0000,0
442.10,8,88.0000,0,0,89.1376,10.8624,436.0000,0
442.10,9,0.0000,0,0,91.4188,8.5812,377.0000,0
443.10,0,0.0000,0,0,93.5116,6.4884,378.0000,0
443.10,1,26.5000,0,0,85.0240,14.9760,396.0000,0
443.10,2,0.0000,0,0,92.9436,7.0564,378.0000,0
443.10,3,80.5000,0,0,95.2454,4.7546,432.0000,0
443.10,4,0.0000,0,0,99.0005,0.9995,378.0000,0
443.10,5,68.5000,0,0,91.0609,8.9391,424.0000,0
443.10,6,0.0000,0,0,95.5052,4.4948,378.0000,0
443.10,7,0.0000,0,0,72.8390,27.1610,378.0000,0
443.10,8,88.0000,0,0,89.1376,10.8624,437.0000,0
443.10,9,0.0000,0,0,91.4188,8.5812,378.0000,0
444.10,0,0.0000,0,0,93.5116,6.4884,379.0000,0
444.10,1,26.5000,0,0,85.0240,14.9760,397.0000,0
444.10,2,0.0000,0,0,92.9436,7.0564,379.0000,0
444.10,3,80.5000,0,0,95.2454,4.7546,433.0000,0
444.10,4,0.0000,0,0,99.0005,0.9995,379.0000,0
444.10,5,68.5000,0,0,91.0609,8.9391,425.0000,0
444.10,6,0.0000,0,0,95.5052,4.4948,379.0000,0
444.10,7,0.0000,0,0,72.8390,27.1610,379.0000,0
444.10,8,88.0000,0,0,89.1376,10.8624,438.0000,0
444.10,9,0.0000,0,0,91.4188,8.5812,379.0000,0
445.10,0,0.0000,0,0,93.5116,6.4884,380.0000,0
445.10,1,26.5000,0,0,85.0240,14.9760,398.0000,0
445.10,2,0.0000,0,0,92.9436,7.0564,380.0000,0
445.10,3,80.5000,0,0,95.2454,4.7546,434.0000,0
445.10,4,0.0000,0,0,99.0005,0.9995,380.0000,0
445.10,5,68.5000,0,0,91.0609,8.9391,426.0000,0
445.10,6,0.0000,0,0,95.5052,4.4948,380.0000,0
445.10,7,0.0000,0,0,72.8390,27.1610,380.0000,0
445.10,8,88.0000,0,0,89.1376,10.8624,439.0000,0
445.10,9,0.0000,0,0,91.4188,8.5812,380.0000,0
446.10,0,0.0000,0,0,93.5116,6.4884,381.0000,0
446.10,1,26.5000,0,0,85.0240,14.9760,399.0000,0
446.10,2,0.0000,0,0,92.9436,7.0564,381.0000,0
446.10,3,80.5000,0,0,95.2454,4.7546,435.0000,0
446.10,4,0.0000,0,0,99.0005,0.9995,381.0000,0
446.10,5,68.5000,0,0,91.0609,8.9391,427.0000,0
446.10,6,0.0000,0,0,95.5052,4.4948,381.0000,0
446.10,7,0.0000,0,0,72.8390,27.1610,381.0000,0
446.10,8,88.0000,0,0,89.1376,10.8624,440.0000,0
446.10,9,0.0000,0,0,91.4188,8.5812,381.0000,0
447.10,0,0.0000,0,0,93.5116,6.4884,382.0000,0
447.10,1,26.5000,0,0,85.0240,14.9760,400.0000,0
447.10,2,0.0000,0,0,92.9436,7.0564,382.0000,0
447.10,3,80.5000,0,0,95.2454,4.7546,436.0000,0
447.10,4,0.0000,0,0,99.0005,0.9995,382.0000,0
447.10,5,68.5000,0,0,91.0609,8.9391,428.0000,0
447.10,6,0.0000,0,0,95.5052,4.4948,382.0000,0
447.10,7,0.0000,0,0,72.8390,27.1610,382.0000,0
447.10,8,88.0000,0,0,89.1376,10.8624,441.0000,0
447.10,9,0.0000,0,0,91.4188,8.5812,382.0000,0
448.10,0,0.0000,0,0,93.5116,6.4884,383.0000,0
448.10,1,26.5000,0,0,85.0240,14.9760,401.0000,0
448.10,2,0.0000,0,0,92.9436,7.0564,383.0000,0
448.10,3,80.5000,0,0,95.2454,4.7546,437.0000,0
448.10,4,0.0000,0,0,99.0005,0.9995,383.0000,0
448.10,5,68.5000,0,0,91.0609,8.9391,429.0000,0
448.10,6,0.0000,0,0,95.5052,4.4948,383.0000,0
448.10,7,0.0000,0,0,72.8390,27.1610,383.0000,0
448.10,8,88.0000,0,0,89.1376,10.8624,442.0000,0
448.10,9,0.0000,0,0,91.4188,8.5812,383.0000,0
449.10,0,0.0000,0,0,93.5116,6.4884,384.0000,0
449.10,1,26.5000,0,0,85.0240,14.9760,402.0000,0
449.10,2,0.0000,0,0,92.9436,7.0564,384.0000,0
449.10,3,80.5000,0,0,95.2454,4.7546,438.0000,0
449.10,4,0.0000,0,0,99.0005,0.9995,384.0000,0
449.10,5,68.5000,0,0,91.0609,8.9391,430.0000,0
449.10,6,0.0000,0,0,95.5052,4.4948,384.0000,0
449.10,7,0.0000,0,0,72.8390,27.1610,384.0000,0
449.10,8,88.0000,0,0,89.1376,10.8624,443.0000,0
449.10,9,0.0000,0,0,91.4188,8.5812,384.0000,0
450.10,0,0.0000,0,0,93.5116,6.4884,385.0000,0
450.10,1,26.5000,0,0,85.0240,14.9760,403.0000,0
450.10,2,0.0000,0,0,92.9436,7.0564,385.0000,0
450.10,3,80.5000,0,0,95.2454,4.7546,439.0000,0
450.10,4,0.0000,0,0,99.0005,0.9995,385.0000,0
450.10,5,68.5000,0,0,91.0609,8.9391,431.0000,0
450.10,6,0.0000,0,0,95.5052,4.4948,385.0000,0
450.10,7,0.0000,0,0,72.8390,27.1610,385.0000,0
450.10,8,88.0000,0,0,89.1376,10.8624,444.0000,0
450.10,9,0.0000,0,0,91.4188,8.5812,385.0000,0
451.10,0,0.0000,0,0,93.5116,6.4884,386.0000,0
451.10,1,26.5000,0,0,85.0240,14.9760,404.0000,0
451.10,2,0.0000,0,0,92.9436,7.0564,386.0000,0
451.10,3,80.5000,0,0,95.2454,4.7546,440.0000,0
451.10,4,0.0000,0,0,99.0005,0.9995,386.0000,0
451.10,5,68.5000,0,0,91.0609,8.9391,432.0000,0
451.10,6,0.0000,0,0,95.5052,4.4948,386.0000,0
451.10,7,0.0000,0,0,72.8390,27.1610,386.0000,0
451.10,8,88.0000,0,0,89.1376,10.8624,445.0000,0
451.10,9,0.0000,0,0,91.4188,8.5812,386.0000,0
452.10,0,0.0000,0,0,93.5116,6.4884,387.0000,0
452.10,1,26.5000,0,0,85.0240,14.9760,405.0000,0
452.10,2,0.0000,0,0,92.9436,7.0564,387.0000,0
452.10,3,80.5000,0,0,95.2454,4.7546,441.0000,0
452.10,4,0.0000,0,0,99.0005,0.9995,387.0000,0
452.10,5,68.5000,0,0,91.0609,8.9391,433.0000,0
452.10,6,0.0000,0,0,95.5052,4.4948,387.0000,0
452.10,7,0.0000,0,0,72.8390,27.1610,387.0000,0
452.10,8,88.0000,0,0,89.1376,10.8624,446.0000,0
452.10,9,0.0000,0,0,91.4188,8.5812,387.0000,0
453.10,0,0.0000,0,0,93.5116,6.4884,388.0000,0
453.10,1,26.5000,0,0,85.0240,14.9760,406.0000,0
453.10,2,0.0000,0,0,92.9436,7.0564,388.0000,0
453.10,3,80.5000,0,0,95.2454,4.7546,442.0000,0
453.10,4,0.0000,0,0,99.0005,0.9995,388.0000,0
453.10,5,68.5000,0,0,91.0609,8.9391,434.0000,0
453.10,6,0.0000,0,0,95.5052,4.4948,388.0000,0
453.10,7,0.0000,0,0,72.8390,27.1610,388.0000,0
453.10,8,88.0000,0,0,89.1376,10.8624,447.0000,0
453.10,9,0.0000,0,0,91.4188,8.5812,388.0000,0
454.10,0,0.0000,0,0,93.5116,6.4884,389.0000,0
454.10,1,26.5000,0,0,85.0240,14.9760,407.0000,0
454.10,2,0.0000,0,0,92.9436,7.0564,389.0000,0
454.10,3,80.5000,0,0,95.2454,4.7546,443.0000,0
454.10,4,0.0000,0,0,99.0005,0.9995,389.0000,0
454.10,5,68.5000,0,0,91.0609,8.9391,435.0000,0
454.10,6,0.0000,0,0,95.5052,4.4948,389.0000,0
454.10,7,0.0000,0,0,72.8390,27.1610,389.0000,0
454.10,8,88.0000,0,0,89.1376,10.8624,448.0000,0
454.10,9,0.0000,0,0,91.4188,8.5812,389.0000,0
455.10,0,0.0000,0,0,93.5116,6.4884,390.0000,0
455.10,1,26.5000,0,0,85.0240,14.9760,408.0000,0
455.10,2,0.0000,0,0,92.9436,7.0564,390.0000,0
455.10,3,80.5000,0,0,95.2454,4.7546,444.0000,0
455.10,4,0.0000,0,0,99.0005,0.9995,390.0000,0
455.10,5,68.5000,0,0,91.0609,8.9391,436.0000,0
455.10,6,0.0000,0,0,95.5052,4.4948,390.0000,0
455.10,7,0.0000,0,0,72.8390,27.1610,390.0000,0
455.10,8,88.0000,0,0,89.1376,10.8624,449.0000,0
455.10,9,0.0000,0,0,91.4188,8.5812,390.0000,0
456.10,0,0.0000,0,0,93.5116,6.4884,391.0000,0
456.10,1,26.5000,0,0,85.0240,14.9760,409.0000,0
456.10,2,0.0000,0,0,92.9436,7.0564,391.0000,0
456.10,3,80.5000,0,0,95.2454,4.7546,445.0000,0
456.10,4,0.0000,0,0,99.0005,0.9995,391.0000,0
456.10,5,68.5000,0,0,91.0609,8.9391,437.0000,0
456.10,6,0.0000,0,0,95.5052,4.4948,391.0000,0
456.10,7,0.0000,0,0,72.8390,27.1610,391.0000,0
456.10,8,88.0000,0,0,89.1376,10.8624,450.0000,0
456.10,9,0.0000,0,0,91.4188,8.5812,391.0000,0
457.10,0,0.0000,0,0,93.5116,6.4884,392.0000,0
457.10,1,26.5000,0,0,85.0240,14.9760,410.0000,0
457.10,2,0.0000,0,0,92.9436,7.0564,392.0000,0
457.10,3,80.5000,0,0,95.2454,4.7546,446.0000,0
457.10,4,0.0000,0,0,99.0005,0.9995,392.0000,0
457.10,5,68.5000,0,0,91.0609,8.9391,438.0000,0
457.10,6,0.0000,0,0,95.5052,4.4948,392.0000,0
457.10,7,0.0000,0,0,72.8390,27.1610,392.0000,0
457.10,8,88.0000,0,0,89.1376,10.8624,451.0000,0
457.10,9,0.0000,0,0,91.4188,8.5812,392.0000,0
458.10,0,0.0000,0,0,93.5116,6.4884,393.0000,0
458.10,1,26.5000,0,0,85.0240,14.9760,411.0000,0
458.10,2,0.0000,0,0,92.9436,7.0564,393.0000,0
458.10,3,80.5000,0,0,95.2454,4.7546,447.0000,0
458.10,4,0.0000,0,0,99.0005,0.9995,393.0000,0
458.10,5,68.5000,0,0,91.0609,8.9391,439.0000,0
458.10,6,0.0000,0,0,95.5052,4.4948,393.0000,0
458.10,7,0.0000,0,0,72.8390,27.1610,393.0000,0
458.10,8,88.0000,0,0,89.1376,10.8624,452.0000,0
458.10,9,0.0000,0,0,91.4188,8.5812,393.0000,0
459.10,0,0.0000,0,0,93.5116,6.4884,394.0000,0
459.10,1,26.5000,0,0,85.0240,14.9760,412.0000,0
459.10,2,0.0000,0,0,92.9436,7.0564,394.0000,0
459.10,3,80.5000,0,0,95.2454,4.7546,448.0000,0
459.10,4,0.0000,0,0,99.0005,0.9995,394.0000,0
459.10,5,68.5000,0,0,91.0609,8.9391,440.0000,0
459.10,6,0.0000,0,0,95.5052,4.4948,394.0000,0
459.10,7,0.0000,0,0,72.8390,27.1610,394.0000,0
459.10,8,88.0000,0,0,89.1376,10.8624,453.0000,0
459.10,9,0.0000,0,0,91.4188,8.5812,394.0000,0
460.10,0,0.0000,0,0,93.5116,6.4884,395.0000,0
460.10,1,26.5000,0,0,85.0240,14.9760,413.0000,0
460.10,2,0.0000,0,0,92.9436,7.0564,395.0000,0
460.10,3,80.5000,0,0,95.2454,4.7546,449.0000,0
460.10,4,0.0000,0,0,99.0005,0.9995,395.0000,0
460.10,5,68.5000,0,0,91.0609,8.9391,441.0000,0
460.10,6,0.0000,0,0,95.5052,4.4948,395.0000,0
460.10,7,0.0000,0,0,72.8390,27.1610,395.0000,0
460.10,8,88.0000,0,0,89.1376,10.8624,454.0000,0
460.10,9,0.0000,0,0,91.4188,8.5812,395.0000,0
461.10,0,0.0000,0,0,93.5116,6.4884,396.0000,0
461.10,1,26.5000,0,0,85.0240,14.9760,414.0000,0
461.10,2,0.0000,0,0,92.9436,7.0564,396.0000,0
461.10,3,80.5000,0,0,95.2454,4.7546,450.0000,0
461.10,4,0.0000,0,0,99.0005,0.9995,396.0000,0
461.10,5,68.5000,0,0,91.0609,8.9391,442.0000,0
461.10,6,0.0000,0,0,95.5052,4.4948,396.0000,0
461.10,7,0.0000,0,0,72.8390,27.1610,396.0000,0
461.10,8,88.0000,0,0,89.1376,10.8624,455.0000,0
461.10,9,0.0000,0,0,91.4188,8.5812,396.0000,0
462.10,0,0.0000,0,0,93.5116,6.4884,397.0000,0
462.10,1,26.5000,0,0,85.0240,14.9760,415.0000,0
462.10,2,0.0000,0,0,92.9436,7.0564,397.0000,0
462.10,3,80.5000,0,0,95.2454,4.7546,451.0000,0
462.10,4,0.0000,0,0,99.0005,0.9995,397.0000,0
462.10,5,68.5000,0,0,91.0609,8.9391,443.0000,0
462.10,6,0.0000,0,0,95.5052,4.4948,397.0000,0
462.10,7,0.0000,0,0,72.8390,27.1610,397.0000,0
462.10,8,88.0000,0,0,89.1376,10.8624,456.0000,0
462.10,9,0.0000,0,0,91.4188,8.5812,397.0000,0
463.10,0,0.0000,0,0,93.5116,6.4884,398.0000,0
463.10,1,26.5000,0,0,85.0240,14.9760,416.0000,0
463.10,2,0.0000,0,0,92.9436,7.0564,398.0000,0
463.10,3,80.5000,0,0,95.2454,4.7546,452.0000,0
463.10,4,0.0000,0,0,99.0005,0.9995,398.0000,0
463.10,5,68.5000,0,0,91.0609,8.9391,444.0000,0
463.10,6,0.0000,0,0,95.5052,4.4948,398.0000,0
463.10,7,0.0000,0,0,72.8390,27.1610,398.0000,0
463.10,8,88.0000,0,0,89.1376,10.8624,457.0000,0
463.10,9,0.0000,0,0,91.4188,8.5812,398.0000,0
464.10,0,0.0000,0,0,93.5116,6.4884,399.0000,0
464.10,1,26.5000,0,0,85.0240,14.9760,417.0000,0
464.10,2,0.0000,0,0,92.9436,7.0564,399.0000,0
464.10,3,80.5000,0,0,95.2454,4.7546,453.0000,0
464.10,4,0.0000,0,0,99.0005,0.9995,399.0000,0
464.10,5,68.5000,0,0,91.0609,8.9391,445.0000,0
464.10,6,0.0000,0,0,95.5052,4.4948,399.0000,0
464.10,7,0.0000,0,0,72.8390,27.1610,399.0000,0
464.10,8,88.0000,0,0,89.1376,10.8624,458.0000,0
464.10,9,0.0000,0,0,91.4188,8.5812,399.0000,0
465.10,0,0.0000,0,0,93.5116,6.4884,400.0000,0
465.10,1,26.5000,0,0,85.0240,14.9760,418.0000,0
465.10,2,0.0000,0,0,92.9436,7.0564,400.0000,0
465.10,3,80.5000,0,0,95.2454,4.7546,454.0000,0
465.10,4,0.0000,0,0,99.0005,0.9995,400.0000,0
465.10,5,68.5000,0,0,91.0609,8.9391,446.0000,0
465.10,6,0.0000,0,0,95.5052,4.4948,400.0000,0
465.10,7,0.0000,0,0,72.8390,27.1610,400.0000,0
465.10,8,88.0000,0,0,89.1376,10.8624,459.0000,0
465.10,9,0.0000,0,0,91.4188,8.5812,400.0000,0
466.10,0,0.0000,0,0,93.5116,6.4884,401.0000,0
466.10,1,26.5000,0,0,85.0240,14.9760,419.0000,0
466.10,2,0.0000,0,0,92.9436,7.0564,401.0000,0
466.10,3,80.5000,0,0,95.2454,4.7546,455.0000,0
466.10,4,0.0000,0,0,99.0005,0.9995,401.0000,0
466.10,5,68.5000,0,0,91.0609,8.9391,447.0000,0
466.10,6,0.0000,0,0,95.5052,4.4948,401.0000,0
466.10,7,0.0000,0,0,72.8390,27.1610,401.0000,0
466.10,8,88.0000,0,0,89.1376,10.8624,460.0000,0
466.10,9,0.0000,0,0,91.4188,8.5812,401.0000,0
467.10,0,0.0000,0,0,93.5116,6.4884,402.0000,0
467.10,1,26.5000,0,0,85.0240,14.9760,420.0000,0
467.10,2,0.0000,0,0,92.9436,7.0564,402.0000,0
467.10,3,80.5000,0,0,95.2454,4.7546,456.0000,0
467.10,4,0.0000,0,0,99.0005,0.9995,402.0000,0
467.10,5,68.5000,0,0,91.0609,8.9391,448.0000,0
467.10,6,0.0000,0,0,95.5052,4.4948,402.0000,0
467.10,7,0.0000,0,0,72.8390,27.1610,402.0000,0
467.10,8,88.0000,0,0,89.1376,10.8624,461.0000,0
467.10,9,0.0000,0,0,91.4188,8.5812,402.0000,0
468.10,0,0.0000,0,0,93.5116,6.4884,403.0000,0
468.10,1,26.5000,0,0,85.0240,14.9760,421.0000,0
468.10,2,0.0000,0,0,92.9436,7.0564,403.0000,0
468.10,3,80.5000,0,0,95.2454,4.7546,457.0000,0
468.10,4,0.0000,0,0,99.0005,0.9995,403.0000,0
468.10,5,68.5000,0,0,91.0609,8.9391,449.0000,0
468.10,6,0.0000,0,0,95.5052,4.4948,403.0000,0
468.10,7,0.0000,0,0,72.8390,27.1610,403.0000,0
468.10,8,88.0000,0,0,89.1376,10.8624,462.0000,0
468.10,9,0.0000,0,0,91.4188,8.5812,403.0000,0
469.10,0,0.0000,0,0,93.5116,6.4884,404.0000,0
469.10,1,26.5000,0,0,85.0240,14.9760,422.0000,0
469.10,2,0.0000,0,0,92.9436,7.0564,404.0000,0
469.10,3,80.5000,0,0,95.2454,4.7546,458.0000,0
469.10,4,0.0000,0,0,99.0005,0.9995,404.0000,0
469.10,5,68.5000,0,0,91.0609,8.9391,450.0000,0
469.10,6,0.0000,0,0,95.5052,4.4948,404.0000,0
469.10,7,0.0000,0,0,72.8390,27.1610,404.0000,0
469.10,8,88.0000,0,0,89.1376,10.8624,463.0000,0
469.10,9,0.0000,0,0,91.4188,8.5812,404.0000,0
470.10,0,0.0000,0,0,93.5116,6.4884,405.0000,0
470.10,1,26.5000,0,0,85.0240,14.9760,423.0000,0
470.10,2,0.0000,0,0,92.9436,7.0564,405.0000,0
470.10,3,80.5000,0,0,95.2454,4.7546,459.0000,0
470.10,4,0.0000,0,0,99.0005,0.9995,405.0000,0
470.10,5,68.5000,0,0,91.0609,8.9391,451.0000,0
470.10,6,0.0000,0,0,95.5052,4.4948,405.0000,0
470.10,7,0.0000,0,0,72.8390,27.1610,405.0000,0
470.10,8,88.0000,0,0,89.1376,10.8624,464.0000,0
470.10,9,0.0000,0,0,91.4188,8.5812,405.0000,0
471.10,0,0.0000,0,0,93.5116,6.4884,406.0000,0
471.10,1,26.5000,0,0,85.0240,14.9760,424.0000,0
471.10,2,0.0000,0,0,92.9436,7.0564,406.0000,0
471.10,3,80.5000,0,0,95.2454,4.7546,460.0000,0
471.10,4,0.0000,0,0,99.0005,0.9995,406.0000,0
471.10,5,68.5000,0,0,91.0609,8.9391,452.0000,0
471.10,6,0.0000,0,0,95.5052,4.4948,406.0000,0
471.10,7,0.0000,0,0,72.8390,27.1610,406.0000,0
471.10,8,88.0000,0,0,89.1376,10.8624,465.0000,0
471.10,9,0.0000,0,0,91.4188,8.5812,406.0000,0
472.10,0,0.0000,0,0,93.5116,6.4884,407.0000,0
472.10,1,26.5000,0,0,85.0240,14.9760,425.0000,0
472.10,2,0.0000,0,0,92.9436,7.0564,407.0000,0
472.10,3,80.5000,0,0,95.2454,4.7546,461.0000,0
472.10,4,0.0000,0,0,99.0005,0.9995,407.0000,0
472.10,5,68.5000,0,0,91.0609,8.9391,453.0000,0
472.10,6,0.0000,0,0,95.5052,4.4948,407.0000,0
472.10,7,0.0000,0,0,72.8390,27.1610,407.0000,0
472.10,8,88.0000,0,0,89.1376,10.8624,466.0000,0
472.10,9,0.0000,0,0,91.4188,8.5812,407.0000,0
473.10,0,0.0000,0,0,93.5116,6.4884,408.0000,0
473.10,1,26.5000,0,0,85.0240,14.9760,426.0000,0
473.10,2,0.0000,0,0,92.9436,7.0564,408.0000,0
473.10,3,80.5000,0,0,95.2454,4.7546,462.0000,0
473.10,4,0.0000,0,0,99.0005,0.9995,408.0000,0
473.10,5,68.5000,0,0,91.0609,8.9391,454.0000,0
473.10,6,0.0000,0,0,95.5052,4.4948,408.0000,0
473.10,7,0.0000,0,0,72.8390,27.1610,408.0000,0
473.10,8,88.0000,0,0,89.1376,10.8624,467.0000,0
473.10,9,0.0000,0,0,91.4188,8.5812,408.0000,0
474.10,0,0.0000,0,0,93.5116,6.4884,409.0000,0
474.10,1,26.5000,0,0,85.0240,14.9760,427.0000,0
474.10,2,0.0000,0,0,92.9436,7.0564,409.0000,0
474.10,3,80.5000,0,0,95.2454,4.7546,463.0000,0
474.10,4,0.0000,0,0,99.0005,0.9995,409.0000,0
474.10,5,68.5000,0,0,91.0609,8.9391,455.0000,0
474.10,6,0.0000,0,0,95.5052,4.4948,409.0000,0
474.10,7,0.0000,0,0,72.8390,27.1610,409.0000,0
474.10,8,88.0000,0,0,89.1376,10.8624,468.0000,0
474.10,9,0.0000,0,0,91.4188,8.5812,409.0000,0
475.10,0,0.0000,0,0,93.5116,6.4884,410.0000,0
475.10,1,26.5000,0,0,85.0240,14.9760,428.0000,0
475.10,2,0.0000,0,0,92.9436,7.0564,410.0000,0
475.10,3,80.5000,0,0,95.2454,4.7546,464.0000,0
475.10,4,0.0000,0,0,99.0005,0.9995,410.0000,0
475.10,5,68.5000,0,0,91.0609,8.9391,456.0000,0
475.10,6,0.0000,0,0,95.5052,4.4948,410.0000,0
475.10,7,0.0000,0,0,72.8390,27.1610,410.0000,0
475.10,8,88.0000,0,0,89.1376,10.8624,469.0000,0
475.10,9,0.0000,0,0,91.4188,8.5812,410.0000,0
476.10,0,0.0000,0,0,93.5116,6.4884,411.0000,0
476.10,1,26.5000,0,0,85.0240,14.9760,429.0000,0
476.10,2,0.0000,0,0,92.9436,7.0564,411.0000,0
476.10,3,80.5000,0,0,95.2454,4.7546,465.0000,0
476.10,4,0.0000,0,0,99.0005,0.9995,411.0000,0
476.10,5,68.5000,0,0,91.0609,8.9391,457.0000,0
476.10,6,0.0000,0,0,95.5052,4.4948,411.0000,0
476.10,7,0.0000,0,0,72.8390,27.1610,411.0000,0
476.10,8,88.0000,0,0,89.1376,10.8624,470.0000,0
476.10,9,0.0000,0,0,91.4188,8.5812,411.0000,0
477.10,0,0.0000,0,0,93.5116,6.4884,412.0000,0
477.10,1,26.5000,0,0,85.0240,14.9760,430.0000,0
477.10,2,0.0000,0,0,92.9436,7.0564,412.0000,0
477.10,3,80.5000,0,0,95.2454,4.7546,466.0000,0
477.10,4,0.0000,0,0,99.0005,0.9995,412.0000,0
477.10,5,68.5000,0,0,91.0609,8.9391,458.0000,0
477.10,6,0.0000,0,0,95.5052,4.4948,412.0000,0
477.10,7,0.0000,0,0,72.8390,27.1610,412.0000,0
477.10,8,88.0000,0,0,89.1376,10.8624,471.0000,0
477.10,9,0.0000,0,0,91.4188,8.5812,412.0000,0
478.10,0,0.0000,0,0,93.5116,6.4884,413.0000,0
478.10,1,26.5000,0,0,85.0240,14.9760,431.0000,0
478.10,2,0.0000,0,0,92.9436,7.0564,413.0000,0
478.10,3,80.5000,0,0,95.2454,4.7546,467.0000,0
478.10,4,0.0000,0,0,99.0005,0.9995,413.0000,0
478.10,5,68.5000,0,0,91.0609,8.9391,459.0000,0
478.10,6,0.0000,0,0,95.5052,4.4948,413.0000,0
478.10,7,0.0000,0,0,72.8390,27.1610,413.0000,0
478.10,8,88.0000,0,0,89.1376,10.8624,472.0000,0
478.10,9,0.0000,0,0,91.4188,8.5812,413.0000,0
479.10,0,0.0000,0,0,93.5116,6.4884,414.0000,0
479.10,1,26.5000,0,0,85.0240,14.9760,432.0000,0
479.10,2,0.0000,0,0,92.9436,7.0564,414.0000,0
479.10,3,80.5000,0,0,95.2454,4.7546,468.0000,0
479.10,4,0.0000,0,0,99.0005,0.9995,414.0000,0
479.10,5,68.5000,0,0,91.0609,8.9391,460.0000,0
479.10,6,0.0000,0,0,95.5052,4.4948,414.0000,0
479.10,7,0.0000,0,0,72.8390,27.1610,414.0000,0
479.10,8,88.0000,0,0,89.1376,10.8624,473.0000,0
479.10,9,0.0000,0,0,91.4188,8.5812,414.0000,0
480.10,0,0.0000,0,0,93.5116,6.4884,415.0000,0
480.10,1,26.5000,0,0,85.0240,14.9760,433.0000,0
480.10,2,0.0000,0,0,92.9436,7.0564,415.0000,0
480.10,3,80.5000,0,0,95.2454,4.7546,469.0000,0
480.10,4,0.0000,0,0,99.0005,0.9995,415.0000,0
480.10,5,68.5000,0,0,91.0609,8.9391,461.0000,0
480.10,6,0.0000,0,0,95.5052,4.4948,415.0000,0
480.10,7,0.0000,0,0,72.8390,27.1610,415.0000,0
480.10,8,88.0000,0,0,89.1376,10.8624,474.0000,0
480.10,9,0.0000,0,0,91.4188,8.5812,415.0000,0
481.10,0,0.0000,0,0,93.5116,6.4884,416.0000,0
481.10,1,26.5000,0,0,85.0240,14.9760,434.0000,0
481.10,2,0.0000,0,0,92.9436,7.0564,416.0000,0
481.10,3,80.5000,0,0,95.2454,4.7546,470.0000,0
481.10,4,0.0000,0,0,99.0005,0.9995,416.0000,0
481.10,5,68.5000,0,0,91.0609,8.9391,462.0000,0
481.10,6,0.0000,0,0,95.5052,4.4948,416.0000,0
481.10,7,0.0000,0,0,72.8390,27.1610,416.0000,0
481.10,8,88.0000,0,0,89.1376,10.8624,475.0000,0
481.10,9,0.0000,0,0,91.4188,8.5812,416.0000,0
482.10,0,0.0000,0,0,93.5116,6.4884,417.0000,0
482.10,1,26.5000,0,0,85.0240,14.9760,435.0000,0
482.10,2,0.0000,0,0,92.9436,7.0564,417.0000,0
482.10,3,80.5000,0,0,95.2454,4.7546,471.0000,0
482.10,4,0.0000,0,0,99.0005,0.9995,417.0000,0
482.10,5,68.5000,0,0,91.0609,8.9391,463.0000,0
482.10,6,0.0000,0,0,95.5052,4.4948,417.0000,0
482.10,7,0.0000,0,0,72.8390,27.1610,417.0000,0
482.10,8,88.0000,0,0,89.1376,10.8624,476.0000,0
482.10,9,0.0000,0,0,91.4188,8.5812,417.0000,0
483.10,0,0.0000,0,0,93.5116,6.4884,418.0000,0
483.10,1,26.5000,0,0,85.0240,14.9760,436.0000,0
483.10,2,0.0000,0,0,92.9436,7.0564,418.0000,0
483.10,3,80.5000,0,0,95.2454,4.7546,472.0000,0
483.10,4,0.0000,0,0,99.0005,0.9995,418.0000,0
483.10,5,68.5000,0,0,91.0609,8.9391,464.0000,0
483.10,6,0.0000,0,0,95.5052,4.4948,418.0000,0
483.10,7,0.0000,0,0,72.8390,27.1610,418.0000,0
483.10,8,88.0000,0,0,89.1376,10.8624,477.0000,0
483.10,9,0.0000,0,0,91.4188,8.5812,418.0000,0
484.10,0,0.0000,0,0,93.5116,6.4884,419.0000,0
484.10,1,26.5000,0,0,85.0240,14.9760,437.0000,0
484.10,2,0.0000,0,0,92.9436,7.0564,419.0000,0
484.10,3,80.5000,0,0,95.2454,4.7546,473.0000,0
484.10,4,0.0000,0,0,99.0005,0.9995,419.0000,0
484.10,5,68.5000,0,0,91.0609,8.9391,465.0000,0
484.10,6,0.0000,0,0,95.5052,4.4948,419.0000,0
484.10,7,0.0000,0,0,72.8390,27.1610,419.0000,0
484.10,8,88.0000,0,0,89.1376,10.8624,478.0000,0
484.10,9,0.0000,0,0,91.4188,8.5812,419.0000,0
485.10,0,0.0000,0,0,93.5116,6.4884,420.0000,0
485.10,1,26.5000,0,0,85.0240,14.9760,438.0000,0
485.10,2,0.0000,0,0,92.9436,7.0564,420.0000,0
485.10,3,80.5000,0,0,95.2454,4.7546,474.0000,0
485.10,4,0.0000,0,0,99.0005,0.9995,420.0000,0
485.10,5,68.5000,0,0,91.0609,8.9391,466.0000,0
485.10,6,0.0000,0,0,95.5052,4.4948,420.0000,0
485.10,7,0.0000,0,0,72.8390,27.1610,420.0000,0
485.10,8,88.0000,0,0,89.1376,10.8624,479.0000,0
485.10,9,0.0000,0,0,91.4188,8.5812,420.0000,0
486.10,0,0.0000,0,0,93.5116,6.4884,421.0000,0
486.10,1,26.5000,0,0,85.0240,14.9760,439.0000,0
486.10,2,0.0000,0,0,92.9436,7.0564,421.0000,0
486.10,3,80.5000,0,0,95.2454,4.7546,475.0000,0
486.10,4,0.0000,0,0,99.0005,0.9995,421.0000,0
486.10,5,68.5000,0,0,91.0609,8.9391,467.0000,0
486.10,6,0.0000,0,0,95.5052,4.4948,421.0000,0
486.10,7,0.0000,0,0,72.8390,27.1610,421.0000,0
486.10,8,88.0000,0,0,89.1376,10.8624,480.0000,0
486.10,9,0.0000,0,0,91.4188,8.5812,421.0000,0
487.10,0,0.0000,0,0,93.5116,6.4884,422.0000,0
487.10,1,26.5000,0,0,85.0240,14.9760,440.0000,0
487.10,2,0.0000,0,0,92.9436,7.0564,422.0000,0
487.10,3,80.5000,0,0,95.2454,4.7546,476.0000,0
487.10,4,0.0000,0,0,99.0005,0.9995,422.0000,0
487.10,5,68.5000,0,0,91.0609,8.9391,468.0000,0
487.10,6,0.0000,0,0,95.5052,4.4948,422.0000,0
487.10,7,0.0000,0,0,72.8390,27.1610,422.0000,0
487.10,8,88.0000,0,0,89.1376,10.8624,481.0000,0
487.10,9,0.0000,0,0,91.4188,8.5812,422.0000,0
488.10,0,0.0000,0,0,93.5116,6.4884,423.0000,0
488.10,1,26.5000,0,0,85.0240,14.9760,441.0000,0
488.10,2,0.0000,0,0,92.9436,7.0564,423.0000,0
488.10,3,80.5000,0,0,95.2454,4.7546,477.0000,0
488.10,4,0.0000,0,0,99.0005,0.9995,423.0000,0
488.10,5,68.5000,0,0,91.0609,8.9391,469.0000,0
488.10,6,0.0000,0,0,95.5052,4.4948,423.0000,0
488.10,7,0.0000,0,0,72.8390,27.1610,423.0000,0
488.10,8,88.0000,0,0,89.1376,10.8624,482.0000,0
488.10,9,0.0000,0,0,91.4188,8.5812,423.0000,0
489.10,0,0.0000,0,0,93.5116,6.4884,424.0000,0
489.10,1,26.5000,0,0,85.0240,14.9760,442.0000,0
489.10,2,0.0000,0,0,92.9436,7.0564,424.0000,0
489.10,3,80.5000,0,0,95.2454,4.7546,478.0000,0
489.10,4,0.0000,0,0,99.0005,0.9995,424.0000,0
489.10,5,68.5000,0,0,91.0609,8.9391,470.0000,0
489.10,6,0.0000,0,0,95.5052,4.4948,424.0000,0
489.10,7,0.0000,0,0,72.8390,27.1610,424.0000,0
489.10,8,88.0000,0,0,89.1376,10.8624,483.0000,0
489.10,9,0.0000,0,0,91.4188,8.5812,424.0000,0
490.10,0,0.0000,0,0,93.5116,6.4884,425.0000,0
490.10,1,26.5000,0,0,85.0240,14.9760,443.0000,0
490.10,2,0.0000,0,0,92.9436,7.0564,425.0000,0
490.10,3,80.5000,0,0,95.2454,4.7546,479.0000,0
490.10,4,0.0000,0,0,99.0005,0.9995,425.0000,0
490.10,5,68.5000,0,0,91.0609,8.9391,471.0000,0
490.10,6,0.0000,0,0,95.5052,4.4948,425.0000,0
490.10,7,0.0000,0,0,72.8390,27.1610,425.0000,0
490.10,8,88.0000,0,0,89.1376,10.8624,484.0000,0
490.10,9,0.0000,0,0,91.4188,8.5812,425.0000,0
491.10,0,0.0000,0,0,93.5116,6.4884,426.0000,0
491.10,1,26.5000,0,0,85.0240,14.9760,444.0000,0
491.10,2,0.0000,0,0,92.9436,7.0564,426.0000,0
491.10,3,80.5000,0,0,95.2454,4.7546,480.0000,0
491.10,4,0.0000,0,0,99.0005,0.9995,426.0000,0
491.10,5,68.5000,0,0,91.0609,8.9391,472.0000,0
491.10,6,0.0000,0,0,95.5052,4.4948,426.0000,0
491.10,7,0.0000,0,0,72.8390,27.1610,426.0000,0
491.10,8,88.0000,0,0,89.1376,10.8624,485.0000,0
491.10,9,0.0000,0,0,91.4188,8.5812,426.0000,0
492.10,0,0.0000,0,0,93.5116,6.4884,427.0000,0
492.10,1,26.5000,0,0,85.0240,14.9760,445.0000,0
492.10,2,0.0000,0,0,92.9436,7.0564,427.0000,0
492.10,3,80.5000,0,0,95.2454,4.7546,481.0000,0
492.10,4,0.0000,0,0,99.0005,0.9995,427.0000,0
492.10,5,68.5000,0,0,91.0609,8.9391,473.0000,0
492.10,6,0.0000,0,0,95.5052,4.4948,427.0000,0
492.10,7,0.0000,0,0,72.8390,27.1610,427.0000,0
492.10,8,88.0000,0,0,89.1376,10.8624,486.0000,0
492.10,9,0.0000,0,0,91.4188,8.5812,427.0000,0
493.10,0,0.0000,0,0,93.5116,6.4884,428.0000,0
493.10,1,26.5000,0,0,85.0240,14.9760,446.0000,0
493.10,2,0.0000,0,0,92.9436,7.0564,428.0000,0
493.10,3,80.5000,0,0,95.2454,4.7546,482.0000,0
493.10,4,0.0000,0,0,99.0005,0.9995,428.0000,0
493.10,5,68.5000,0,0,91.0609,8.9391,474.0000,0
493.10,6,0.0000,0,0,95.5052,4.4948,428.0000,0
493.10,7,0.0000,0,0,72.8390,27.1610,428.0000,0
493.10,8,88.0000,0,0,89.1376,10.8624,487.0000,0
493.10,9,0.0000,0,0,91.4188,8.5812,428.0000,0
494.10,0,0.0000,0,0,93.5116,6.4884,429.0000,0
494.10,1,26.5000,0,0,85.0240,14.9760,447.0000,0
494.10,2,0.0000,0,0,92.9436,7.0564,429.0000,0
494.10,3,80.5000,0,0,95.2454,4.7546,483.0000,0
494.10,4,0.0000,0,0,99.0005,0.9995,429.0000,0
494.10,5,68.5000,0,0,91.0609,8.9391,475.0000,0
494.10,6,0.0000,0,0,95.5052,4.4948,429.0000,0
494.10,7,0.0000,0,0,72.8390,27.1610,429.0000,0
494.10,8,88.0000,0,0,89.1376,10.8624,488.0000,0
494.10,9,0.0000,0,0,91.4188,8.5812,429.0000,0
495.10,0,0.0000,0,0,93.5116,6.4884,430.0000,0
495.10,1,26.5000,0,0,85.0240,14.9760,448.0000,0
495.10,2,0.0000,0,0,92.9436,7.0564,430.0000,0
495.10,3,80.5000,0,0,95.2454,4.7546,484.0000,0
495.10,4,0.0000,0,0,99.0005,0.9995,430.0000,0
495.10,5,68.5000,0,0,91.0609,8.9391,476.0000,0
495.10,6,0.0000,0,0,95.5052,4.4948,430.0000,0
495.10,7,0.0000,0,0,72.8390,27.1610,430.0000,0
495.10,8,88.0000,0,0,89.1376,10.8624,489.0000,0
495.10,9,0.0000,0,0,91.4188,8.5812,430.0000,0
496.10,0,0.0000,0,0,93.5116,6.4884,431.0000,0
496.10,1,26.5000,0,0,85.0240,14.9760,449.0000,0
496.10,2,0.0000,0,0,92.9436,7.0564,431.0000,0
496.10,3,80.5000,0,0,95.2454,4.7546,485.0000,0
496.10,4,0.0000,0,0,99.0005,0.9995,431.0000,0
496.10,5,68.5000,0,0,91.0609,8.9391,477.0000,0
496.10,6,0.0000,0,0,95.5052,4.4948,431.0000,0
496.10,7,0.0000,0,0,72.8390,27.1610,431.0000,0
496.10,8,88.0000,0,0,89.1376,10.8624,490.0000,0
496.10,9,0.0000,0,0,91.4188,8.5812,431.0000,0
497.10,0,0.0000,0,0,93.5116,6.4884,432.0000,0
497.10,1,26.5000,0,0,85.0240,14.9760,450.0000,0
497.10,2,0.0000,0,0,92.9436,7.0564,432.0000,0
497.10,3,80.5000,0,0,95.2454,4.7546,486.0000,0
497.10,4,0.0000,0,0,99.0005,0.9995,432.0000,0
497.10,5,68.5000,0,0,91.0609,8.9391,478.0000,0
497.10,6,0.0000,0,0,95.5052,4.4948,432.0000,0
497.10,7,0.0000,0,0,72.8390,27.1610,432.0000,0
497.10,8,88.0000,0,0,89.1376,10.8624,491.0000,0
497.10,9,0.0000,0,0,91.4188,8.5812,432.0000,0
498.10,0,0.0000,0,0,93.5116,6.4884,433.0000,0
498.10,1,26.5000,0,0,85.0240,14.9760,451.0000,0
498.10,2,0.0000,0,0,92.9436,7.0564,433.0000,0
498.10,3,80.5000,0,0,95.2454,4.7546,487.0000,0
498.10,4,0.0000,0,0,99.0005,0.9995,433.0000,0
498.10,5,68.5000,0,0,91.0609,8.9391,479.0000,0
498.10,6,0.0000,0,0,95.5052,4.4948,433.0000,0
498.10,7,0.0000,0,0,72.8390,27.1610,433.0000,0
498.10,8,88.0000,0,0,89.1376,10.8624,492.0000,0
498.10,9,0.0000,0,0,91.4188,8.5812,433.0000,0
499.10,0,0.0000,0,0,93.5116,6.4884,434.0000,0
499.10,1,26.5000,0,0,85.0240,14.9760,452.0000,0
499.10,2,0.0000,0,0,92.9436,7.0564,434.0000,0
499.10,3,80.5000,0,0,95.2454,4.7546,488.0000,0
499.10,4,0.0000,0,0,99.0005,0.9995,434.0000,0
499.10,5,68.5000,0,0,91.0609,8.9391,480.0000,0
499.10,6,0.0000,0,0,95.5052,4.4948,434.0000,0
499.10,7,0.0000,0,0,72.8390,27.1610,434.0000,0
499.10,8,88.0000,0,0,89.1376,10.8624,493.0000,0
499.10,9,0.0000,0,0,91.4188,8.5812,434.0000,0
500.10,0,0.0000,0,0,93.5116,6.4884,435.0000,0
500.10,1,26.5000,0,0,85.0240,14.9760,453.0000,0
500.10,2,0.0000,0,0,92.9436,7.0564,435.0000,0
500.10,3,80.5000,0,0,95.2454,4.7546,489.0000,0
500.10,4,0.0000,0,0,99.0005,0.9995,435.0000,0
500.10,5,68.5000,0,0,91.0609,8.9391,481.0000,0
500.10,6,0.0000,0,0,95.5052,4.4948,435.0000,0
500.10,7,0.0000,0,0,72.8390,27.1610,435.0000,0
500.10,8,88.0000,0,0,89.1376,10.8624,494.0000,0
500.10,9,0.0000,0,0,91.4188,8.5812,435.0000,0
501.10,0,0.0000,0,0,93.5116,6.4884,436.0000,0
501.10,1,26.5000,0,0,85.0240,14.9760,454.0000,0
501.10,2,0.0000,0,0,92.9436,7.0564,436.0000,0
501.10,3,80.5000,0,0,95.2454,4.7546,490.0000,0
501.10,4,0.0000,0,0,99.0005,0.9995,436.0000,0
501.10,5,68.5000,0,0,91.0609,8.9391,482.0000,0
501.10,6,0.0000,0,0,95.5052,4.4948,436.0000,0
501.10,7,0.0000,0,0,72.8390,27.1610,436.0000,0
501.10,8,88.0000,0,0,89.1376,10.8624,495.0000,0
501.10,9,0.0000,0,0,91.4188,8.5812,436.0000,0
502.10,0,0.0000,0,0,93.5116,6.4884,437.0000,0
502.10,1,26.5000,0,0,85.0240,14.9760,455.0000,0
502.10,2,0.0000,0,0,92.9436,7.0564,437.0000,0
502.10,3,80.5000,0,0,95.2454,4.7546,491.0000,0
502.10,4,0.0000,0,0,99.0005,0.9995,437.0000,0
502.10,5,68.5000,0,0,91.0609,8.9391,483.0000,0
502.10,6,0.0000,0,0,95.5052,4.4948,437.0000,0
502.10,7,0.0000,0,0,72.8390,27.1610,437.0000,0
502.10,8,88.0000,0,0,89.1376,10.8624,496.0000,0
502.10,9,0.0000,0,0,91.4188,8.5812,437.0000,0
503.10,0,0.0000,0,0,93.5116,6.4884,438.0000,0
503.10,1,26.5000,0,0,85.0240,14.9760,456.0000,0
503.10,2,0.0000,0,0,92.9436,7.0564,438.0000,0
503.10,3,80.5000,0,0,95.2454,4.7546,492.0000,0
503.10,4,0.0000,0,0,99.0005,0.9995,438.0000,0
503.10,5,68.5000,0,0,91.0609,8.9391,484.0000,0
503.10,6,0.0000,0,0,95.5052,4.4948,438.0000,0
503.10,7,0.0000,0,0,72.8390,27.1610,438.0000,0
503.10,8,88.0000,0,0,89.1376,10.8624,497.0000,0
503.10,9,0.0000,0,0,91.4188,8.5812,438.0000,0
504.10,0,0.0000,0,0,93.5116,6.4884,439.0000,0
504.10,1,26.5000,0,0,85.0240,14.9760,457.0000,0
504.10,2,0.0000,0,0,92.9436,7.0564,439.0000,0
504.10,3,80.5000,0,0,95.2454,4.7546,493.0000,0
504.10,4,0.0000,0,0,99.0005,0.9995,439.0000,0
504.10,5,68.5000,0,0,91.0609,8.9391,485.0000,0
504.10,6,0.0000,0,0,95.5052,4.4948,439.0000,0
504.10,7,0.0000,0,0,72.8390,27.1610,439.0000,0
504.10,8,88.0000,0,0,89.1376,10.8624,498.0000,0
504.10,9,0.0000,0,0,91.4188,8.5812,439.0000,0
505.10,0,0.0000,0,0,93.5116,6.4884,440.0000,0
505.10,1,26.5000,0,0,85.0240,14.9760,458.0000,0
505.10,2,0.0000,0,0,92.9436,7.0564,440.0000,0
505.10,3,80.5000,0,0,95.2454,4.7546,494.0000,0
505.10,4,0.0000,0,0,99.0005,0.9995,440.0000,0
505.10,5,68.5000,0,0,91.0609,8.9391,486.0000,0
505.10,6,0.0000,0,0,95.5052,4.4948,440.0000,0
505.10,7,0.0000,0,0,72.8390,27.1610,440.0000,0
505.10,8,88.0000,0,0,89.1376,10.8624,499.0000,0
505.10,9,0.0000,0,0,91.4188,8.5812,440.0000,0
506.10,0,0.0000,0,0,93.5116,6.4884,441.0000,0
506.10,1,26.5000,0,0,85.0240,14.9760,459.0000,0
506.10,2,0.0000,0,0,92.9436,7.0564,441.0000,0
506.10,3,80.5000,0,0,95.2454,4.7546,495.0000,0
506.10,4,0.0000,0,0,99.0005,0.9995,441.0000,0
506.10,5,68.5000,0,0,91.0609,8.9391,487.0000,0
506.10,6,0.0000,0,0,95.5052,4.4948,441.0000,0
506.10,7,0.0000,0,0,72.8390,27.1610,441.0000,0
506.10,8,88.0000,0,0,89.1376,10.8624,500.0000,0
506.10,9,0.0000,0,0,91.4188,8.5812,441.0000,0
507.10,0,0.0000,0,0,93.5116,6.4884,442.0000,0
507.10,1,26.5000,0,0,85.0240,14.9760,460.0000,0
507.10,2,0.0000,0,0,92.9436,7.0564,442.0000,0
507.10,3,80.5000,0,0,95.2454,4.7546,496.0000,0
507.10,4,0.0000,0,0,99.0005,0.9995,442.0000,0
507.10,5,68.5000,0,0,91.0609,8.9391,488.0000,0
507.10,6,0.0000,0,0,95.5052,4.4948,442.0000,0
507.10,7,0.0000,0,0,72.8390,27.1610,442.0000,0
507.10,8,88.0000,0,0,89.1376,10.8624,501.0000,0
507.10,9,0.0000,0,0,91.4188,8.5812,442.0000,0
508.10,0,0.0000,0,0,93.5116,6.4884,443.0000,0
508.10,1,26.5000,0,0,85.0240,14.9760,461.0000,0
508.10,2,0.0000,0,0,92.9436,7.0564,443.0000,0
508.10,3,80.5000,0,0,95.2454,4.7546,497.0000,0
508.10,4,0.0000,0,0,99.0005,0.9995,443.0000,0
508.10,5,68.5000,0,0,91.0609,8.9391,489.0000,0
508.10,6,0.0000,0,0,95.5052,4.4948,443.0000,0
508.10,7,0.0000,0,0,72.8390,27.1610,443.0000,0
508.10,8,88.0000,0,0,89.1376,10.8624,502.0000,0
508.10,9,0.0000,0,0,91.4188,8.5812,443.0000,0
509.10,0,0.0000,0,0,93.5116,6.4884,444.0000,0
509.10,1,26.5000,0,0,85.0240,14.9760,462.0000,0
509.10,2,0.0000,0,0,92.9436,7.0564,444.0000,0
509.10,3,80.5000,0,0,95.2454,4.7546,498.0000,0
509.10,4,0.0000,0,0,99.0005,0.9995,444.0000,0
509.10,5,68.5000,0,0,91.0609,8.9391,490.0000,0
509.10,6,0.0000,0,0,95.5052,4.4948,444.0000,0
509.10,7,0.0000,0,0,72.8390,27.1610,444.0000,0
509.10,8,88.0000,0,0,89.1376,10.8624,503.0000,0
509.10,9,0.0000,0,0,91.4188,8.5812,444.0000,0
510.10,0,0.0000,0,0,93.5116,6.4884,445.0000,0
510.10,1,26.5000,0,0,85.0240,14.9760,463.0000,0
510.10,2,0.0000,0,0,92.9436,7.0564,445.0000,0
510.10,3,80.5000,0,0,95.2454,4.7546,499.0000,0
510.10,4,0.0000,0,0,99.0005,0.9995,445.0000,0
510.10,5,68.5000,0,0,91.0609,8.9391,491.0000,0
510.10,6,0.0000,0,0,95.5052,4.4948,445.0000,0
510.10,7,0.0000,0,0,72.8390,27.1610,445.0000,0
510.10,8,88.0000,0,0,89.1376,10.8624,504.0000,0
510.10,9,0.0000,0,0,91.4188,8.5812,445.0000,0
511.10,0,0.0000,0,0,93.5116,6.4884,446.0000,0
511.10,1,26.5000,0,0,85.0240,14.9760,464.0000,0
511.10,2,0.0000,0,0,92.9436,7.0564,446.0000,0
511.10,3,80.5000,0,0,95.2454,4.7546,500.0000,0
511.10,4,0.0000,0,0,99.0005,0.9995,446.0000,0
511.10,5,68.5000,0,0,91.0609,8.9391,492.0000,0
511.10,6,0.0000,0,0,95.5052,4.4948,446.0000,0
511.10,7,0.0000,0,0,72.8390,27.1610,446.0000,0
511.10,8,88.0000,0,0,89.1376,10.8624,505.0000,0
511.10,9,0.0000,0,0,91.4188,8.5812,446.0000,0
512.10,0,0.0000,0,0,93.5116,6.4884,447.0000,0
512.10,1,26.5000,0,0,85.0240,14.9760,465.0000,0
512.10,2,0.0000,0,0,92.9436,7.0564,447.0000,0
512.10,3,80.5000,0,0,95.2454,4.7546,501.0000,0
512.10,4,0.0000,0,0,99.0005,0.9995,447.0000,0
512.10,5,68.5000,0,0,91.0609,8.9391,493.0000,0
512.10,6,0.0000,0,0,95.5052,4.4948,447.0000,0
512.10,7,0.0000,0,0,72.8390,27.1610,447.0000,0
512.10,8,88.0000,0,0,89.1376,10.8624,506.0000,0
512.10,9,0.0000,0,0,91.4188,8.5812,447.0000,0
513.10,0,0.0000,0,0,93.5116,6.4884,448.0000,0
513.10,1,26.5000,0,0,85.0240,14.9760,466.0000,0
513.10,2,0.0000,0,0,92.9436,7.0564,448.0000,0
513.10,3,80.5000,0,0,95.2454,4.7546,502.0000,0
513.10,4,0.0000,0,0,99.0005,0.9995,448.0000,0
513.10,5,68.5000,0,0,91.0609,8.9391,494.0000,0
513.10,6,0.0000,0,0,95.5052,4.4948,448.0000,0
513.10,7,0.0000,0,0,72.8390,27.1610,448.0000,0
513.10,8,88.0000,0,0,89.1376,10.8624,507.0000,0
513.10,9,0.0000,0,0,91.4188,8.5812,448.0000,0
514.10,0,0.0000,0,0,93.5116,6.4884,449.0000,0
514.10,1,26.5000,0,0,85.0240,14.9760,467.0000,0
514.10,2,0.0000,0,0,92.9436,7.0564,449.0000,0
514.10,3,80.5000,0,0,95.2454,4.7546,503.0000,0
514.10,4,0.0000,0,0,99.0005,0.9995,449.0000,0
514.10,5,68.5000,0,0,91.0609,8.9391,495.0000,0
514.10,6,0.0000,0,0,95.5052,4.4948,449.0000,0
514.10,7,0.0000,0,0,72.8390,27.1610,449.0000,0
514.10,8,88.0000,0,0,89.1376,10.8624,508.0000,0
514.10,9,0.0000,0,0,91.4188,8.5812,449.0000,0
515.10,0,0.0000,0,0,93.5116,6.4884,450.0000,0
515.10,1,26.5000,0,0,85.0240,14.9760,468.0000,0
515.10,2,0.0000,0,0,92.9436,7.0564,450.0000,0
515.10,3,80.5000,0,0,95.2454,4.7546,504.0000,0
515.10,4,0.0000,0,0,99.0005,0.9995,450.0000,0
515.10,5,68.5000,0,0,91.0609,8.9391,496.0000,0
515.10,6,0.0000,0,0,95.5052,4.4948,450.0000,0
515.10,7,0.0000,0,0,72.8390,27.1610,450.0000,0
515.10,8,88.0000,0,0,89.1376,10.8624,509.0000,0
515.10,9,0.0000,0,0,91.4188,8.5812,450.0000,0
516.10,0,0.0000,0,0,93.5116,6.4884,451.0000,0
516.10,1,26.5000,0,0,85.0240,14.9760,469.0000,0
516.10,2,0.0000,0,0,92.9436,7.0564,451.0000,0
516.10,3,80.5000,0,0,95.2454,4.7546,505.0000,0
516.10,4,0.0000,0,0,99.0005,0.9995,451.0000,0
516.10,5,68.5000,0,0,91.0609,8.9391,497.0000,0
516.10,6,0.0000,0,0,95.5052,4.4948,451.0000,0
516.10,7,0.0000,0,0,72.8390,27.1610,451.0000,0
516.10,8,88.0000,0,0,89.1376,10.8624,510.0000,0
516.10,9,0.0000,0,0,91.4188,8.5812,451.0000,0
517.10,0,0.0000,0,0,93.5116,6.4884,452.0000,0
517.10,1,26.5000,0,0,85.0240,14.9760,470.0000,0
517.10,2,0.0000,0,0,92.9436,7.0564,452.0000,0
517.10,3,80.5000,0,0,95.2454,4.7546,506.0000,0
517.10,4,0.0000,0,0,99.0005,0.9995,452.0000,0
517.10,5,68.5000,0,0,91.0609,8.9391,498.0000,0
517.10,6,0.0000,0,0,95.5052,4.4948,452.0000,0
517.10,7,0.0000,0,0,72.8390,27.1610,452.0000,0
517.10,8,88.0000,0,0,89.1376,10.8624,511.0000,0
517.10,9,0.0000,0,0,91.4188,8.5812,452.0000,0
518.10,0,0.0000,0,0,93.5116,6.4884,453.0000,0
518.10,1,26.5000,0,0,85.0240,14.9760,471.0000,0
518.10,2,0.0000,0,0,92.9436,7.0564,453.0000,0
518.10,3,80.5000,0,0,95.2454,4.7546,507.0000,0
518.10,4,0.0000,0,0,99.0005,0.9995,453.0000,0
518.10,5,68.5000,0,0,91.0609,8.9391,499.0000,0
518.10,6,0.0000,0,0,95.5052,4.4948,453.0000,0
518.10,7,0.0000,0,0,72.8390,27.1610,453.0000,0
518.10,8,88.0000,0,0,89.1376,10.8624,512.0000,0
518.10,9,0.0000,0,0,91.4188,8.5812,453.0000,0
519.10,0,0.0000,0,0,93.5116,6.4884,454.0000,0
519.10,1,26.5000,0,0,85.0240,14.9760,472.0000,0
519.10,2,0.0000,0,0,92.9436,7.0564,454.0000,0
519.10,3,80.5000,0,0,95.2454,4.7546,508.0000,0
519.10,4,0.0000,0,0,99.0005,0.9995,454.0000,0
519.10,5,68.5000,0,0,91.0609,8.9391,500.0000,0
519.10,6,0.0000,0,0,95.5052,4.4948,454.0000,0
519.10,7,0.0000,0,0,72.8390,27.1610,454.0000,0
519.10,8,88.0000,0,0,89.1376,10.8624,513.0000,0
519.10,9,0.0000,0,0,91.4188,8.5812,454.0000,0
520.10,0,0.0000,0,0,93.5116,6.4884,455.0000,0
520.10,1,26.5000,0,0,85.0240,14.9760,473.0000,0
520.10,2,0.0000,0,0,92.9436,7.0564,455.0000,0
520.10,3,80.5000,0,0,95.2454,4.7546,509.0000,0
520.10,4,0.0000,0,0,99.0005,0.9995,455.0000,0
520.10,5,68.5000,0,0,91.0609,8.9391,501.0000,0
520.10,6,0.0000,0,0,95.5052,4.4948,455.0000,0
520.10,7,0.0000,0,0,72.8390,27.1610,455.0000,0
520.10,8,88.0000,0,0,89.1376,10.8624,514.0000,0
520.10,9,0.0000,0,0,91.4188,8.5812,455.0000,0
521.10,0,0.0000,0,0,93.5116,6.4884,456.0000,0
521.10,1,26.5000,0,0,85.0240,14.9760,474.0000,0
521.10,2,0.0000,0,0,92.9436,7.0564,456.0000,0
521.10,3,80.5000,0,0,95.2454,4.7546,510.0000,0
521.10,4,0.0000,0,0,99.0005,0.9995,456.0000,0
521.10,5,68.5000,0,0,91.0609,8.9391,502.0000,0
521.10,6,0.0000,0,0,95.5052,4.4948,456.0000,0
521.10,7,0.0000,0,0,72.8390,27.1610,456.0000,0
521.10,8,88.0000,0,0,89.1376,10.8624,515.0000,0
521.10,9,0.0000,0,0,91.4188,8.5812,456.0000,0
522.10,0,0.0000,0,0,93.5116,6.4884,457.0000,0
522.10,1,26.5000,0,0,85.0240,14.9760,475.0000,0
522.10,2,0.0000,0,0,92.9436,7.0564,457.0000,0
522.10,3,80.5000,0,0,95.2454,4.7546,511.0000,0
522.10,4,0.0000,0,0,99.0005,0.9995,457.0000,0
522.10,5,68.5000,0,0,91.0609,8.9391,503.0000,0
522.10,6,0.0000,0,0,95.5052,4.4948,457.0000,0
522.10,7,0.0000,0,0,72.8390,27.1610,457.0000,0
522.10,8,88.0000,0,0,89.1376,10.8624,516.0000,0
522.10,9,0.0000,0,0,91.4188,8.5812,457.0000,0
523.10,0,0.0000,0,0,93.5116,6.4884,458.0000,0
523.10,1,26.5000,0,0,85.0240,14.9760,476.0000,0
523.10,2,0.0000,0,0,92.9436,7.0564,458.0000,0
523.10,3,80.5000,0,0,95.2454,4.7546,512.0000,0
523.10,4,0.0000,0,0,99.0005,0.9995,458.0000,0
523.10,5,68.5000,0,0,91.0609,8.9391,504.0000,0
523.10,6,0.0000,0,0,95.5052,4.4948,458.0000,0
523.10,7,0.0000,0,0,72.8390,27.1610,458.0000,0
523.10,8,88.0000,0,0,89.1376,10.8624,517.0000,0
523.10,9,0.0000,0,0,91.4188,8.5812,458.0000,0
524.10,0,0.0000,0,0,93.5116,6.4884,459.0000,0
524.10,1,26.5000,0,0,85.0240,14.9760,477.0000,0
524.10,2,0.0000,0,0,92.9436,7.0564,459.0000,0
524.10,3,80.5000,0,0,95.2454,4.7546,513.0000,0
524.10,4,0.0000,0,0,99.0005,0.9995,459.0000,0
524.10,5,68.5000,0,0,91.0609,8.9391,505.0000,0
524.10,6,0.0000,0,0,95.5052,4.4948,459.0000,0
524.10,7,0.0000,0,0,72.8390,27.1610,459.0000,0
524.10,8,88.0000,0,0,89.1376,10.8624,518.0000,0
524.10,9,0.0000,0,0,91.4188,8.5812,459.0000,0
525.10,0,0.0000,0,0,93.5116,6.4884,460.0000,0
525.10,1,26.5000,0,0,85.0240,14.9760,478.0000,0
525.10,2,0.0000,0,0,92.9436,7.0564,460.0000,0
525.10,3,80.5000,0,0,95.2454,4.7546,514.0000,0
525.10,4,0.0000,0,0,99.0005,0.9995,460.0000,0
525.10,5,68.5000,0,0,91.0609,8.9391,506.0000,0
525.10,6,0.0000,0,0,95.5052,4.4948,460.0000,0
525.10,7,0.0000,0,0,72.8390,27.1610,460.0000,0
525.10,8,88.0000,0,0,89.1376,10.8624,519.0000,0
525.10,9,0.0000,0,0,91.4188,8.5812,460.0000,0
526.10,0,0.0000,0,0,93.5116,6.4884,461.0000,0
526.10,1,26.5000,0,0,85.0240,14.9760,479.0000,0
526.10,2,0.0000,0,0,92.9436,7.0564,461.0000,0
526.10,3,80.5000,0,0,95.2454,4.7546,515.0000,0
526.10,4,0.0000,0,0,99.0005,0.9995,461.0000,0
526.10,5,68.5000,0,0,91.0609,8.9391,507.0000,0
526.10,6,0.0000,0,0,95.5052,4.4948,461.0000,0
526.10,7,0.0000,0,0,72.8390,27.1610,461.0000,0
526.10,8,88.0000,0,0,89.1376,10.8624,520.0000,0
526.10,9,0.0000,0,0,91.4188,8.5812,461.0000,0
527.10,0,0.0000,0,0,93.5116,6.4884,462.0000,0
527.10,1,26.5000,0,0,85.0240,14.9760,480.0000,0
527.10,2,0.0000,0,0,92.9436,7.0564,462.0000,0
527.10,3,80.5000,0,0,95.2454,4.7546,516.0000,0
527.10,4,0.0000,0,0,99.0005,0.9995,462.0000,0
527.10,5,68.5000,0,0,91.0609,8.9391,508.0000,0
527.10,6,0.0000,0,0,95.5052,4.4948,462.0000,0
527.10,7,0.0000,0,0,72.8390,27.1610,462.0000,0
527.10,8,88.0000,0,0,89.1376,10.8624,521.0000,0
527.10,9,0.0000,0,0,91.4188,8.5812,462.0000,0
528.10,0,0.0000,0,0,93.5116,6.4884,463.0000,0
528.10,1,26.5000,0,0,85.0240,14.9760,481.0000,0
528.10,2,0.0000,0,0,92.9436,7.0564,463.0000,0
528.10,3,80.5000,0,0,95.2454,4.7546,517.0000,0
528.10,4,0.0000,0,0,99.0005,0.9995,463.0000,0
528.10,5,68.5000,0,0,91.0609,8.9391,509.0000,0
528.10,6,0.0000,0,0,95.5052,4.4948,463.0000,0
528.10,7,0.0000,0,0,72.8390,27.1610,463.0000,0
528.10,8,88.0000,0,0,89.1376,10.8624,522.0000,0
528.10,9,0.0000,0,0,91.4188,8.5812,463.0000,0
529.10,0,0.0000,0,0,93.5116,6.4884,464.0000,0
529.10,1,26.5000,0,0,85.0240,14.9760,482.0000,0
529.10,2,0.0000,0,0,92.9436,7.0564,464.0000,0
529.10,3,80.5000,0,0,95.2454,4.7546,518.0000,0
529.10,4,0.0000,0,0,99.0005,0.9995,464.0000,0
529.10,5,68.5000,0,0,91.0609,8.9391,510.0000,0
529.10,6,0.0000,0,0,95.5052,4.4948,464.0000,0
529.10,7,0.0000,0,0,72.8390,27.1610,464.0000,0
529.10,8,88.0000,0,0,89.1376,10.8624,523.0000,0
529.10,9,0.0000,0,0,91.4188,8.5812,464.0000,0
530.10,0,0.0000,0,0,93.5116,6.4884,465.0000,0
530.10,1,26.5000,0,0,85.0240,14.9760,483.0000,0
530.10,2,0.0000,0,0,92.9436,7.0564,465.0000,0
530.10,3,80.5000,0,0,95.2454,4.7546,519.0000,0
530.10,4,0.0000,0,0,99.0005,0.9995,465.0000,0
530.10,5,68.5000,0,0,91.0609,8.9391,511.0000,0
530.10,6,0.0000,0,0,95.5052,4.4948,465.0000,0
530.10,7,0.0000,0,0,72.8390,27.1610,465.0000,0
530.10,8,88.0000,0,0,89.1376,10.8624,524.0000,0
530.10,9,0.0000,0,0,91.4188,8.5812,465.0000,0
531.10,0,0.0000,0,0,93.5116,6.4884,466.0000,0
531.10,1,26.5000,0,0,85.0240,14.9760,484.0000,0
531.10,2,0.0000,0,0,92.9436,7.0564,466.0000,0
531.10,3,80.5000,0,0,95.2454,4.7546,520.0000,0
531.10,4,0.0000,0,0,99.0005,0.9995,466.0000,0
531.10,5,68.5000,0,0,91.0609,8.9391,512.0000,0
531.10,6,0.0000,0,0,95.5052,4.4948,466.0000,0
531.10,7,0.0000,0,0,72.8390,27.1610,466.0000,0
531.10,8,88.0000,0,0,89.1376,10.8624,525.0000,0
531.10,9,0.0000,0,0,91.4188,8.5812,466.0000,0
532.10,0,0.0000,0,0,93.5116,6.4884,467.0000,0
532.10,1,26.5000,0,0,85.0240,14.9760,485.0000,0
532.10,2,0.0000,0,0,92.9436,7.0564,467.0000,0
532.10,3,80.5000,0,0,95.2454,4.7546,521.0000,0
532.10,4,0.0000,0,0,99.0005,0.9995,467.0000,0
532.10,5,68.5000,0,0,91.0609,8.9391,513.0000,0
532.10,6,0.0000,0,0,95.5052,4.4948,467.0000,0
532.10,7,0.0000,0,0,72.8390,27.1610,467.0000,0
532.10,8,88.0000,0,0,89.1376,10.8624,526.0000,0
532.10,9,0.0000,0,0,91.4188,8.5812,467.0000,0
533.10,0,0.0000,0,0,93.5116,6.4884,468.0000,0
533.10,1,26.5000,0,0,85.0240,14.9760,486.0000,0
533.10,2,0.0000,0,0,92.9436,7.0564,468.0000,0
533.10,3,80.5000,0,0,95.2454,4.7546,522.0000,0
533.10,4,0.0000,0,0,99.0005,0.9995,468.0000,0
533.10,5,68.5000,0,0,91.0609,8.9391,514.0000,0
533.10,6,0.0000,0,0,95.5052,4.4948,468.0000,0
533.10,7,0.0000,0,0,72.8390,27.1610,468.0000,0
533.10,8,88.0000,0,0,89.1376,10.8624,527.0000,0
533.10,9,0.0000,0,0,91.4188,8.5812,468.0000,0
534.10,0,0.0000,0,0,93.5116,6.4884,469.0000,0
534.10,1,26.5000,0,0,85.0240,14.9760,487.0000,0
534.10,2,0.0000,0,0,92.9436,7.0564,469.0000,0
534.10,3,80.5000,0,0,95.2454,4.7546,523.0000,0
534.10,4,0.0000,0,0,99.0005,0.9995,469.0000,0
534.10,5,68.5000,0,0,91.0609,8.9391,515.0000,0
534.10,6,0.0000,0,0,95.5052,4.4948,469.0000,0
534.10,7,0.0000,0,0,72.8390,27.1610,469.0000,0
534.10,8,88.0000,0,0,89.1376,10.8624,528.0000,0
534.10,9,0.0000,0,0,91.4188,8.5812,469.0000,0
535.10,0,0.0000,0,0,93.5116,6.4884,470.0000,0
535.10,1,26.5000,0,0,85.0240,14.9760,488.0000,0
535.10,2,0.0000,0,0,92.9436,7.0564,470.0000,0
535.10,3,80.5000,0,0,95.2454,4.7546,524.0000,0
535.10,4,0.0000,0,0,99.0005,0.9995,470.0000,0
535.10,5,68.5000,0,0,91.0609,8.9391,516.0000,0
535.10,6,0.0000,0,0,95.5052,4.4948,470.0000,0
535.10,7,0.0000,0,0,72.8390,27.1610,470.0000,0
535.10,8,88.0000,0,0,89.1376,10.8624,529.0000,0
535.10,9,0.0000,0,0,91.4188,8.5812,470.0000,0
536.10,0,0.0000,0,0,93.5116,6.4884,471.0000,0
536.10,1,26.5000,0,0,85.0240,14.9760,489.0000,0
536.10,2,0.0000,0,0,92.9436,7.0564,471.0000,0
536.10,3,80.5000,0,0,95.2454,4.7546,525.0000,0
536.10,4,0.0000,0,0,99.0005,0.9995,471.0000,0
536.10,5,68.5000,0,0,91.0609,8.9391,517.0000,0
536.10,6,0.0000,0,0,95.5052,4.4948,471.0000,0
536.10,7,0.0000,0,0,72.8390,27.1610,471.0000,0
536.10,8,88.0000,0,0,89.1376,10.8624,530.0000,0
536.10,9,0.0000,0,0,91.4188,8.5812,471.0000,0
537.10,0,0.0000,0,0,93.5116,6.4884,472.0000,0
537.10,1,26.5000,0,0,85.0240,14.9760,490.0000,0
537.10,2,0.0000,0,0,92.9436,7.0564,472.0000,0
537.10,3,80.5000,0,0,95.2454,4.7546,526.0000,0
537.10,4,0.0000,0,0,99.0005,0.9995,472.0000,0
537.10,5,68.5000,0,0,91.0609,8.9391,518.0000,0
537.10,6,0.0000,0,0,95.5052,4.4948,472.0000,0
537.10,7,0.0000,0,0,72.8390,27.1610,472.0000,0
537.10,8,88.0000,0,0,89.1376,10.8624,531.0000,0
537.10,9,0.0000,0,0,91.4188,8.5812,472.0000,0
538.10,0,0.0000,0,0,93.5116,6.4884,473.0000,0
538.10,1,26.5000,0,0,85.0240,14.9760,491.0000,0
538.10,2,0.0000,0,0,92.9436,7.0564,473.0000,0
538.10,3,80.5000,0,0,95.2454,4.7546,527.0000,0
538.10,4,0.0000,0,0,99.0005,0.9995,473.0000,0
538.10,5,68.5000,0,0,91.0609,8.9391,519.0000,0
538.10,6,0.0000,0,0,95.5052,4.4948,473.0000,0
538.10,7,0.0000,0,0,72.8390,27.1610,473.0000,0
538.10,8,88.0000,0,0,89.1376,10.8624,532.0000,0
538.10,9,0.0000,0,0,91.4188,8.5812,473.0000,0
539.10,0,0.0000,0,0,93.5116,6.4884,474.0000,0
539.10,1,26.5000,0,0,85.0240,14.9760,492.0000,0
539.10,2,0.0000,0,0,92.9436,7.0564,474.0000,0
539.10,3,80.5000,0,0,95.2454,4.7546,528.0000,0
539.10,4,0.0000,0,0,99.0005,0.9995,474.0000,0
539.10,5,68.5000,0,0,91.0609,8.9391,520.0000,0
539.10,6,0.0000,0,0,95.5052,4.4948,474.0000,0
539.10,7,0.0000,0,0,72.8390,27.1610,474.0000,0
539.10,8,88.0000,0,0,89.1376,10.8624,533.0000,0
539.10,9,0.0000,0,0,91.4188,8.5812,474.0000,0
540.10,0,0.0000,0,0,93.5116,6.4884,475.0000,0
540.10,1,26.5000,0,0,85.0240,14.9760,493.0000,0
540.10,2,0.0000,0,0,92.9436,7.0564,475.0000,0
540.10,3,80.5000,0,0,95.2454,4.7546,529.0000,0
540.10,4,0.0000,0,0,99.0005,0.9995,475.0000,0
540.10,5,68.5000,0,0,91.0609,8.9391,521.0000,0
540.10,6,0.0000,0,0,95.5052,4.4948,475.0000,0
540.10,7,0.0000,0,0,72.8390,27.1610,475.0000,0
540.10,8,88.0000,0,0,89.1376,10.8624,534.0000,0
540.10,9,0.0000,0,0,91.4188,8.5812,475.0000,0
541.10,0,0.0000,0,0,93.5116,6.4884,476.0000,0
541.10,1,26.5000,0,0,85.0240,14.9760,494.0000,0
541.10,2,0.0000,0,0,92.9436,7.0564,476.0000,0
541.10,3,80.5000,0,0,95.2454,4.7546,530.0000,0
541.10,4,0.0000,0,0,99.0005,0.9995,476.0000,0
541.10,5,68.5000,0,0,91.0609,8.9391,522.0000,0
541.10,6,0.0000,0,0,95.5052,4.4948,476.0000,0
541.10,7,0.0000,0,0,72.8390,27.1610,476.0000,0
541.10,8,88.0000,0,0,89.1376,10.8624,535.0000,0
541.10,9,0.0000,0,0,91.4188,8.5812,476.0000,0
542.10,0,0.0000,0,0,93.5116,6.4884,477.0000,0
542.10,1,26.5000,0,0,85.0240,14.9760,495.0000,0
542.10,2,0.0000,0,0,92.9436,7.0564,477.0000,0
542.10,3,80.5000,0,0,95.2454,4.7546,531.0000,0
542.10,4,0.0000,0,0,99.0005,0.9995,477.0000,0
542.10,5,68.5000,0,0,91.0609,8.9391,523.0000,0
542.10,6,0.0000,0,0,95.5052,4.4948,477.0000,0
542.10,7,0.0000,0,0,72.8390,27.1610,477.0000,0
542.10,8,88.0000,0,0,89.1376,10.8624,536.0000,0
542.10,9,0.0000,0,0,91.4188,8.5812,477.0000,0
543.10,0,0.0000,0,0,93.5116,6.4884,478.0000,0
543.10,1,26.5000,0,0,85.0240,14.9760,496.0000,0
543.10,2,0.0000,0,0,92.9436,7.0564,478.0000,0
543.10,3,80.5000,0,0,95.2454,4.7546,532.0000,0
543.10,4,0.0000,0,0,99.0005,0.9995,478.0000,0
543.10,5,68.5000,0,0,91.0609,8.9391,524.0000,0
543.10,6,0.0000,0,0,95.5052,4.4948,478.0000,0
543.10,7,0.0000,0,0,72.8390,27.1610,478.0000,0
543.10,8,88.0000,0,0,89.1376,10.8624,537.0000,0
543.10,9,0.0000,0,0,91.4188,8.5812,478.0000,0
544.10,0,0.0000,0,0,93.5116,6.4884,479.0000,0
544.10,1,26.5000,0,0,85.0240,14.9760,497.0000,0
544.10,2,0.0000,0,0,92.9436,7.0564,479.0000,0
544.10,3,80.5000,0,0,95.2454,4.7546,533.0000,0
544.10,4,0.0000,0,0,99.0005,0.9995,479.0000,0
544.10,5,68.5000,0,0,91.0609,8.9391,525.0000,0
544.10,6,0.0000,0,0,95.5052,4.4948,479.0000,0
544.10,7,0.0000,0,0,72.8390,27.1610,479.0000,0
544.10,8,88.0000,0,0,89.1376,10.8624,538.0000,0
544.10,9,0.0000,0,0,91.4188,8.5812,479.0000,0
545.10,0,0.0000,0,0,93.5116,6.4884,480.0000,0
545.10,1,26.5000,0,0,85.0240,14.9760,498.0000,0
545.10,2,0.0000,0,0,92.9436,7.0564,480.0000,0
545.10,3,80.5000,0,0,95.2454,4.7546,534.0000,0
545.10,4,0.0000,0,0,99.0005,0.9995,480.0000,0
545.10,5,68.5000,0,0,91.0609,8.9391,526.0000,0
545.10,6,0.0000,0,0,95.5052,4.4948,480.0000,0
545.10,7,0.0000,0,0,72.8390,27.1610,480.0000,0
545.10,8,88.0000,0,0,89.1376,10.8624,539.0000,0
545.10,9,0.0000,0,0,91.4188,8.5812,480.0000,0
546.10,0,0.0000,0,0,93.5116,6.4884,481.0000,0
546.10,1,26.5000,0,0,85.0240,14.9760,499.0000,0
546.10,2,0.0000,0,0,92.9436,7.0564,481.0000,0
546.10,3,80.5000,0,0,95.2454,4.7546,535.0000,0
546.10,4,0.0000,0,0,99.0005,0.9995,481.0000,0
546.10,5,68.5000,0,0,91.0609,8.9391,527.0000,0
546.10,6,0.0000,0,0,95.5052,4.4948,481.0000,0
546.10,7,0.0000,0,0,72.8390,27.1610,481.0000,0
546.10,8,88.0000,0,0,89.1376,10.8624,540.0000,0
546.10,9,0.0000,0,0,91.4188,8.5812,481.0000,0
547.10,0,0.0000,0,0,93.5116,6.4884,482.0000,0
547.10,1,26.5000,0,0,85.0240,14.9760,500.0000,0
547.10,2,0.0000,0,0,92.9436,7.0564,482.0000,0
547.10,3,80.5000,0,0,95.2454,4.7546,536.0000,0
547.10,4,0.0000,0,0,99.0005,0.9995,482.0000,0
547.10,5,68.5000,0,0,91.0609,8.9391,528.0000,0
547.10,6,0.0000,0,0,95.5052,4.4948,482.0000,0
547.10,7,0.0000,0,0,72.8390,27.1610,482.0000,0
547.10,8,88.0000,0,0,89.1376,10.8624,541.0000,0
547.10,9,0.0000,0,0,91.4188,8.5812,482.0000,0
548.10,0,0.0000,0,0,93.5116,6.4884,483.0000,0
548.10,1,26.5000,0,0,85.0240,14.9760,501.0000,0
548.10,2,0.0000,0,0,92.9436,7.0564,483.0000,0
548.10,3,80.5000,0,0,95.2454,4.7546,537.0000,0
548.10,4,0.0000,0,0,99.0005,0.9995,483.0000,0
548.10,5,68.5000,0,0,91.0609,8.9391,529.0000,0
548.10,6,0.0000,0,0,95.5052,4.4948,483.0000,0
548.10,7,0.0000,0,0,72.8390,27.1610,483.0000,0
548.10,8,88.0000,0,0,89.1376,10.8624,542.0000,0
548.10,9,0.0000,0,0,91.4188,8.5812,483.0000,0
549.10,0,0.0000,0,0,93.5116,6.4884,484.0000,0
549.10,1,26.5000,0,0,85.0240,14.9760,502.0000,0
549.10,2,0.0000,0,0,92.9436,7.0564,484.0000,0
549.10,3,80.5000,0,0,95.2454,4.7546,538.0000,0
549.10,4,0.0000,0,0,99.0005,0.9995,484.0000,0
549.10,5,68.5000,0,0,91.0609,8.9391,530.0000,0
549.10,6,0.0000,0,0,95.5052,4.4948,484.0000,0
549.10,7,0.0000,0,0,72.8390,27.1610,484.0000,0
549.10,8,88.0000,0,0,89.1376,10.8624,543.0000,0
549.10,9,0.0000,0,0,91.4188,8.5812,484.0000,0
550.10,0,0.0000,0,0,93.5116,6.4884,485.0000,0
550.10,1,26.5000,0,0,85.0240,14.9760,503.0000,0
550.10,2,0.0000,0,0,92.9436,7.0564,485.0000,0
550.10,3,80.5000,0,0,95.2454,4.7546,539.0000,0
550.10,4,0.0000,0,0,99.0005,0.9995,485.0000,0
550.10,5,68.5000,0,0,91.0609,8.9391,531.0000,0
550.10,6,0.0000,0,0,95.5052,4.4948,485.0000,0
550.10,7,0.0000,0,0,72.8390,27.1610,485.0000,0
550.10,8,88.0000,0,0,89.1376,10.8624,544.0000,0
550.10,9,0.0000,0,0,91.4188,8.5812,485.0000,0
551.10,0,0.0000,0,0,93.5116,6.4884,486.0000,0
551.10,1,26.5000,0,0,85.0240,14.9760,504.0000,0
551.10,2,0.0000,0,0,92.9436,7.0564,486.0000,0
551.10,3,80.5000,0,0,95.2454,4.7546,540.0000,0
551.10,4,0.0000,0,0,99.0005,0.9995,486.0000,0
551.10,5,68.5000,0,0,91.0609,8.9391,532.0000,0
551.10,6,0.0000,0,0,95.5052,4.4948,486.0000,0
551.10,7,0.0000,0,0,72.8390,27.1610,486.0000,0
551.10,8,88.0000,0,0,89.1376,10.8624,545.0000,0
551.10,9,0.0000,0,0,91.4188,8.5812,486.0000,0
552.10,0,0.0000,0,0,93.5116,6.4884,487.0000,0
552.10,1,26.5000,0,0,85.0240,14.9760,505.0000,0
552.10,2,0.0000,0,0,92.9436,7.0564,487.0000,0
552.10,3,80.5000,0,0,95.2454,4.7546,541.0000,0
552.10,4,0.0000,0,0,99.0005,0.9995,487.0000,0
552.10,5,68.5000,0,0,91.0609,8.9391,533.0000,0
552.10,6,0.0000,0,0,95.5052,4.4948,487.0000,0
552.10,7,0.0000,0,0,72.8390,27.1610,487.0000,0
552.10,8,88.0000,0,0,89.1376,10.8624,546.0000,0
552.10,9,0.0000,0,0,91.4188,8.5812,487.0000,0
553.10,0,0.0000,0,0,93.5116,6.4884,488.0000,0
553.10,1,26.5000,0,0,85.0240,14.9760,506.0000,0
553.10,2,0.0000,0,0,92.9436,7.0564,488.0000,0
553.10,3,80.5000,0,0,95.2454,4.7546,542.0000,0
553.10,4,0.0000,0,0,99.0005,0.9995,488.0000,0
553.10,5,68.5000,0,0,91.0609,8.9391,534.0000,0
553.10,6,0.0000,0,0,95.5052,4.4948,488.0000,0
553.10,7,0.0000,0,0,72.8390,27.1610,488.0000,0
553.10,8,88.0000,0,0,89.1376,10.8624,547.0000,0
553.10,9,0.0000,0,0,91.4188,8.5812,488.0000,0
554.10,0,0.0000,0,0,93.5116,6.4884,489.0000,0
554.10,1,26.5000,0,0,85.0240,14.9760,507.0000,0
554.10,2,0.0000,0,0,92.9436,7.0564,489.0000,0
554.10,3,80.5000,0,0,95.2454,4.7546,543.0000,0
554.10,4,0.0000,0,0,99.0005,0.9995,489.0000,0
554.10,5,68.5000,0,0,91.0609,8.9391,535.0000,0
554.10,6,0.0000,0,0,95.5052,4.4948,489.0000,0
554.10,7,0.0000,0,0,72.8390,27.1610,489.0000,0
554.10,8,88.0000,0,0,89.1376,10.8624,548.0000,0
554.10,9,0.0000,0,0,91.4188,8.5812,489.0000,0
555.10,0,0.0000,0,0,93.5116,6.4884,490.0000,0
555.10,1,26.5000,0,0,85.0240,14.9760,508.0000,0
555.10,2,0.0000,0,0,92.9436,7.0564,490.0000,0
555.10,3,80.5000,0,0,95.2454,4.7546,544.0000,0
555.10,4,0.0000,0,0,99.0005,0.9995,490.0000,0
555.10,5,68.5000,0,0,91.0609,8.9391,536.0000,0
555.10,6,0.0000,0,0,95.5052,4.4948,490.0000,0
555.10,7,0.0000,0,0,72.8390,27.1610,490.0000,0
555.10,8,88.0000,0,0,89.1376,10.8624,549.0000,0
555.10,9,0.0000,0,0,91.4188,8.5812,490.0000,0
556.10,0,0.0000,0,0,93.5116,6.4884,491.0000,0
556.10,1,26.5000,0,0,85.0240,14.9760,509.0000,0
556.10,2,0.0000,0,0,92.9436,7.0564,491.0000,0
556.10,3,80.5000,0,0,95.2454,4.7546,545.0000,0
556.10,4,0.0000,0,0,99.0005,0.9995,491.0000,0
556.10,5,68.5000,0,0,91.0609,8.9391,537.0000,0
556.10,6,0.0000,0,0,95.5052,4.4948,491.0000,0
556.10,7,0.0000,0,0,72.8390,27.1610,491.0000,0
556.10,8,88.0000,0,0,89.1376,10.8624,550.0000,0
556.10,9,0.0000,0,0,91.4188,8.5812,491.0000,0
557.10,0,0.0000,0,0,93.5116,6.4884,492.0000,0
557.10,1,26.5000,0,0,85.0240,14.9760,510.0000,0
557.10,2,0.0000,0,0,92.9436,7.0564,492.0000,0
557.10,3,80.5000,0,0,95.2454,4.7546,546.0000,0
557.10,4,0.0000,0,0,99.0005,0.9995,492.0000,0
557.10,5,68.5000,0,0,91.0609,8.9391,538.0000,0
557.10,6,0.0000,0,0,95.5052,4.4948,492.0000,0
557.10,7,0.0000,0,0,72.8390,27.1610,492.0000,0
557.10,8,88.0000,0,0,89.1376,10.8624,551.0000,0
557.10,9,0.0000,0,0,91.4188,8.5812,492.0000,0
558.10,0,0.0000,0,0,93.5116,6.4884,493.0000,0
558.10,1,26.5000,0,0,85.0240,14.9760,511.0000,0
558.10,2,0.0000,0,0,92.9436,7.0564,493.0000,0
558.10,3,80.5000,0,0,95.2454,4.7546,547.0000,0
558.10,4,0.0000,0,0,99.0005,0.9995,493.0000,0
558.10,5,68.5000,0,0,91.0609,8.9391,539.0000,0
558.10,6,0.0000,0,0,95.5052,4.4948,493.0000,0
558.10,7,0.0000,0,0,72.8390,27.1610,493.0000,0
558.10,8,88.0000,0,0,89.1376,10.8624,552.0000,0
558.10,9,0.0000,0,0,91.4188,8.5812,493.0000,0
559.10,0,0.0000,0,0,93.5116,6.4884,494.0000,0
559.10,1,26.5000,0,0,85.0240,14.9760,512.0000,0
559.10,2,0.0000,0,0,92.9436,7.0564,494.0000,0
559.10,3,80.5000,0,0,95.2454,4.7546,548.0000,0
559.10,4,0.0000,0,0,99.0005,0.9995,494.0000,0
559.10,5,68.5000,0,0,91.0609,8.9391,540.0000,0
559.10,6,0.0000,0,0,95.5052,4.4948,494.0000,0
559.10,7,0.0000,0,0,72.8390,27.1610,494.0000,0
559.10,8,88.0000,0,0,89.1376,10.8624,553.0000,0
559.10,9,0.0000,0,0,91.4188,8.5812,494.0000,0
560.10,0,0.0000,0,0,93.5116,6.4884,495.0000,0
560.10,1,26.5000,0,0,85.0240,14.9760,513.0000,0
560.10,2,0.0000,0,0,92.9436,7.0564,495.0000,0
560.10,3,80.5000,0,0,95.2454,4.7546,549.0000,0
560.10,4,0.0000,0,0,99.0005,0.9995,495.0000,0
560.10,5,68.5000,0,0,91.0609,8.9391,541.0000,0
560.10,6,0.0000,0,0,95.5052,4.4948,495.0000,0
560.10,7,0.0000,0,0,72.8390,27.1610,495.0000,0
560.10,8,88.0000,0,0,89.1376,10.8624,554.0000,0
560.10,9,0.0000,0,0,91.4188,8.5812,495.0000,0
561.10,0,0.0000,0,0,93.5116,6.4884,496.0000,0
561.10,1,26.5000,0,0,85.0240,14.9760,514.0000,0
561.10,2,0.0000,0,0,92.9436,7.0564,496.0000,0
561.10,3,80.5000,0,0,95.2454,4.7546,550.0000,0
561.10,4,0.0000,0,0,99.0005,0.9995,496.0000,0
561.10,5,68.5000,0,0,91.0609,8.9391,542.0000,0
561.10,6,0.0000,0,0,95.5052,4.4948,496.0000,0
561.10,7,0.0000,0,0,72.8390,27.1610,496.0000,0
561.10,8,88.0000,0,0,89.1376,10.8624,555.0000,0
561.10,9,0.0000,0,0,91.4188,8.5812,496.0000,0
562.10,0,0.0000,0,0,93.5116,6.4884,497.0000,0
562.10,1,26.5000,0,0,85.0240,14.9760,515.0000,0
562.10,2,0.0000,0,0,92.9436,7.0564,497.0000,0
562.10,3,80.5000,0,0,95.2454,4.7546,551.0000,0
562.10,4,0.0000,0,0,99.0005,0.9995,497.0000,0
562.10,5,68.5000,0,0,91.0609,8.9391,543.0000,0
562.10,6,0.0000,0,0,95.5052,4.4948,497.0000,0
562.10,7,0.0000,0,0,72.8390,27.1610,497.0000,0
562.10,8,88.0000,0,0,89.1376,10.8624,556.0000,0
562.10,9,0.0000,0,0,91.4188,8.5812,497.0000,0
563.10,0,0.0000,0,0,93.5116,6.4884,498.0000,0
563.10,1,26.5000,0,0,85.0240,14.9760,516.0000,0
563.10,2,0.0000,0,0,92.9436,7.0564,498.0000,0
563.10,3,80.5000,0,0,95.2454,4.7546,552.0000,0
563.10,4,0.0000,0,0,99.0005,0.9995,498.0000,0
563.10,5,68.5000,0,0,91.0609,8.9391,544.0000,0
563.10,6,0.0000,0,0,95.5052,4.4948,498.0000,0
563.10,7,0.0000,0,0,72.8390,27.1610,498.0000,0
563.10,8,88.0000,0,0,89.1376,10.8624,557.0000,0
563.10,9,0.0000,0,0,91.4188,8.5812,498.0000,0
564.10,0,0.0000,0,0,93.5116,6.4884,499.0000,0
564.10,1,26.5000,0,0,85.0240,14.9760,517.0000,0
564.10,2,0.0000,0,0,92.9436,7.0564,499.0000,0
564.10,3,80.5000,0,0,95.2454,4.7546,553.0000,0
564.10,4,0.0000,0,0,99.0005,0.9995,499.0000,0
564.10,5,68.5000,0,0,91.0609,8.9391,545.0000,0
564.10,6,0.0000,0,0,95.5052,4.4948,499.0000,0
564.10,7,0.0000,0,0,72.8390,27.1610,499.0000,0
564.10,8,88.0000,0,0,89.1376,10.8624,558.0000,0
564.10,9,0.0000,0,0,91.4188,8.5812,499.0000,0
565.10,0,0.0000,0,0,93.5116,6.4884,500.0000,0
565.10,1,26.5000,0,0,85.0240,14.9760,518.0000,0
565.10,2,0.0000,0,0,92.9436,7.0564,500.0000,0
565.10,3,80.5000,0,0,95.2454,4.7546,554.0000,0
565.10,4,0.0000,0,0,99.0005,0.9995,500.0000,0
565.10,5,68.5000,0,0,91.0609,8.9391,546.0000,0
565.10,6,0.0000,0,0,95.5052,4.4948,500.0000,0
565.10,7,0.0000,0,0,72.8390,27.1610,500.0000,0
565.10,8,88.0000,0,0,89.1376,10.8624,559.0000,0
565.10,9,0.0000,0,0,91.4188,8.5812,500.0000,0
566.10,0,0.0000,0,0,93.5116,6.4884,501.0000,0
566.10,1,26.5000,0,0,85.0240,14.9760,519.0000,0
566.10,2,0.0000,0,0,92.9436,7.0564,501.0000,0
566.10,3,80.5000,0,0,95.2454,4.7546,555.0000,0
566.10,4,0.0000,0,0,99.0005,0.9995,501.0000,0
566.10,5,68.5000,0,0,91.0609,8.9391,547.0000,0
566.10,6,0.0000,0,0,95.5052,4.4948,501.0000,0
566.10,7,0.0000,0,0,72.8390,27.1610,501.0000,0
566.10,8,88.0000,0,0,89.1376,10.8624,560.0000,0
566.10,9,0.0000,0,0,91.4188,8.5812,501.0000,0
567.10,0,0.0000,0,0,93.5116,6.4884,502.0000,0
567.10,1,26.5000,0,0,85.0240,14.9760,520.0000,0
567.10,2,0.0000,0,0,92.9436,7.0564,502.0000,0
567.10,3,80.5000,0,0,95.2454,4.7546,556.0000,0
567.10,4,0.0000,0,0,99.0005,0.9995,502.0000,0
567.10,5,68.5000,0,0,91.0609,8.9391,548.0000,0
567.10,6,0.0000,0,0,95.5052,4.4948,502.0000,0
567.10,7,0.0000,0,0,72.8390,27.1610,502.0000,0
567.10,8,88.0000,0,0,89.1376,10.8624,561.0000,0
567.10,9,0.0000,0,0,91.4188,8.5812,502.0000,0
568.10,0,0.0000,0,0,93.5116,6.4884,503.0000,0
568.10,1,26.5000,0,0,85.0240,14.9760,521.0000,0
568.10,2,0.0000,0,0,92.9436,7.0564,503.0000,0
568.10,3,80.5000,0,0,95.2454,4.7546,557.0000,0
568.10,4,0.0000,0,0,99.0005,0.9995,503.0000,0
568.10,5,68.5000,0,0,91.0609,8.9391,549.0000,0
568.10,6,0.0000,0,0,95.5052,4.4948,503.0000,0
568.10,7,0.0000,0,0,72.8390,27.1610,503.0000,0
568.10,8,88.0000,0,0,89.1376,10.8624,562.0000,0
568.10,9,0.0000,0,0,91.4188,8.5812,503.0000,0
569.10,0,0.0000,0,0,93.5116,6.4884,504.0000,0
569.10,1,26.5000,0,0,85.0240,14.9760,522.0000,0
569.10,2,0.0000,0,0,92.9436,7.0564,504.0000,0
569.10,3,80.5000,0,0,95.2454,4.7546,558.0000,0
569.10,4,0.0000,0,0,99.0005,0.9995,504.0000,0
569.10,5,68.5000,0,0,91.0609,8.9391,550.0000,0
569.10,6,0.0000,0,0,95.5052,4.4948,504.0000,0
569.10,7,0.0000,0,0,72.8390,27.1610,504.0000,0
569.10,8,88.0000,0,0,89.1376,10.8624,563.0000,0
569.10,9,0.0000,0,0,91.4188,8.5812,504.0000,0
570.10,0,0.0000,0,0,93.5116,6.4884,505.0000,0
570.10,1,26.5000,0,0,85.0240,14.9760,523.0000,0
570.10,2,0.0000,0,0,92.9436,7.0564,505.0000,0
570.10,3,80.5000,0,0,95.2454,4.7546,559.0000,0
570.10,4,0.0000,0,0,99.0005,0.9995,505.0000,0
570.10,5,68.5000,0,0,91.0609,8.9391,551.0000,0
570.10,6,0.0000,0,0,95.5052,4.4948,505.0000,0
570.10,7,0.0000,0,0,72.8390,27.1610,505.0000,0
570.10,8,88.0000,0,0,89.1376,10.8624,564.0000,0
570.10,9,0.0000,0,0,91.4188,8.5812,505.0000,0
571.10,0,0.0000,0,0,93.5116,6.4884,506.0000,0
571.10,1,26.5000,0,0,85.0240,14.9760,524.0000,0
571.10,2,0.0000,0,0,92.9436,7.0564,506.0000,0
571.10,3,80.5000,0,0,95.2454,4.7546,560.0000,0
571.10,4,0.0000,0,0,99.0005,0.9995,506.0000,0
571.10,5,68.5000,0,0,91.0609,8.9391,552.0000,0
571.10,6,0.0000,0,0,95.5052,4.4948,506.0000,0
571.10,7,0.0000,0,0,72.8390,27.1610,506.0000,0
571.10,8,88.0000,0,0,89.1376,10.8624,565.0000,0
571.10,9,0.0000,0,0,91.4188,8.5812,506.0000,0
572.10,0,0.0000,0,0,93.5116,6.4884,507.0000,0
572.10,1,26.5000,0,0,85.0240,14.9760,525.0000,0
572.10,2,0.0000,0,0,92.9436,7.0564,507.0000,0
572.10,3,80.5000,0,0,95.2454,4.7546,561.0000,0
572.10,4,0.0000,0,0,99.0005,0.9995,507.0000,0
572.10,5,68.5000,0,0,91.0609,8.9391,553.0000,0
572.10,6,0.0000,0,0,95.5052,4.4948,507.0000,0
572.10,7,0.0000,0,0,72.8390,27.1610,507.0000,0
572.10,8,88.0000,0,0,89.1376,10.8624,566.0000,0
572.10,9,0.0000,0,0,91.4188,8.5812,507.0000,0
573.10,0,0.0000,0,0,93.5116,6.4884,508.0000,0
573.10,1,26.5000,0,0,85.0240,14.9760,526.0000,0
573.10,2,0.0000,0,0,92.9436,7.0564,508.0000,0
573.10,3,80.5000,0,0,95.2454,4.7546,562.0000,0
573.10,4,0.0000,0,0,99.0005,0.9995,508.0000,0
573.10,5,68.5000,0,0,91.0609,8.9391,554.0000,0
573.10,6,0.0000,0,0,95.5052,4.4948,508.0000,0
573.10,7,0.0000,0,0,72.8390,27.1610,508.0000,0
573.10,8,88.0000,0,0,89.1376,10.8624,567.0000,0
573.10,9,0.0000,0,0,91.4188,8.5812,508.0000,0
574.10,0,0.0000,0,0,93.5116,6.4884,509.0000,0
574.10,1,26.5000,0,0,85.0240,14.9760,527.0000,0
574.10,2,0.0000,0,0,92.9436,7.0564,509.0000,0
574.10,3,80.5000,0,0,95.2454,4.7546,563.0000,0
574.10,4,0.0000,0,0,99.0005,0.9995,509.0000,0
574.10,5,68.5000,0,0,91.0609,8.9391,555.0000,0
574.10,6,0.0000,0,0,95.5052,4.4948,509.0000,0
574.10,7,0.0000,0,0,72.8390,27.1610,509.0000,0
574.10,8,88.0000,0,0,89.1376,10.8624,568.0000,0
574.10,9,0.0000,0,0,91.4188,8.5812,509.0000,0
575.10,0,0.0000,0,0,93.5116,6.4884,510.0000,0
575.10,1,26.5000,0,0,85.0240,14.9760,528.0000,0
575.10,2,0.0000,0,0,92.9436,7.0564,510.0000,0
575.10,3,80.5000,0,0,95.2454,4.7546,564.0000,0
575.10,4,0.0000,0,0,99.0005,0.9995,510.0000,0
575.10,5,68.5000,0,0,91.0609,8.9391,556.0000,0
575.10,6,0.0000,0,0,95.5052,4.4948,510.0000,0
575.10,7,0.0000,0,0,72.8390,27.1610,510.0000,0
575.10,8,88.0000,0,0,89.1376,10.8624,569.0000,0
575.10,9,0.0000,0,0,91.4188,8.5812,510.0000,0
576.10,0,0.0000,0,0,93.5116,6.4884,511.0000,0
576.10,1,26.5000,0,0,85.0240,14.9760,529.0000,0
576.10,2,0.0000,0,0,92.9436,7.0564,511.0000,0
576.10,3,80.5000,0,0,95.2454,4.7546,565.0000,0
576.10,4,0.0000,0,0,99.0005,0.9995,511.0000,0
576.10,5,68.5000,0,0,91.0609,8.9391,557.0000,0
576.10,6,0.0000,0,0,95.5052,4.4948,511.0000,0
576.10,7,0.0000,0,0,72.8390,27.1610,511.0000,0
576.10,8,88.0000,0,0,89.1376,10.8624,570.0000,0
576.10,9,0.0000,0,0,91.4188,8.5812,511.0000,0
577.10,0,0.0000,0,0,93.5116,6.4884,512.0000,0
577.10,1,26.5000,0,0,85.0240,14.9760,530.0000,0
577.10,2,0.0000,0,0,92.9436,7.0564,512.0000,0
577.10,3,80.5000,0,0,95.2454,4.7546,566.0000,0
577.10,4,0.0000,0,0,99.0005,0.9995,512.0000,0
577.10,5,68.5000,0,0,91.0609,8.9391,558.0000,0
577.10,6,0.0000,0,0,95.5052,4.4948,512.0000,0
577.10,7,0.0000,0,0,72.8390,27.1610,512.0000,0
577.10,8,88.0000,0,0,89.1376,10.8624,571.0000,0
577.10,9,0.0000,0,0,91.4188,8.5812,512.0000,0
578.10,0,0.0000,0,0,93.5116,6.4884,513.0000,0
578.10,1,26.5000,0,0,85.0240,14.9760,531.0000,0
578.10,2,0.0000,0,0,92.9436,7.0564,513.0000,0
578.10,3,80.5000,0,0,95.2454,4.7546,567.0000,0
578.10,4,0.0000,0,0,99.0005,0.9995,513.0000,0
578.10,5,68.5000,0,0,91.0609,8.9391,559.0000,0
578.10,6,0.0000,0,0,95.5052,4.4948,513.0000,0
578.10,7,0.0000,0,0,72.8390,27.1610,513.0000,0
578.10,8,88.0000,0,0,89.1376,10.8624,572.0000,0
578.10,9,0.0000,0,0,91.4188,8.5812,513.0000,0
579.10,0,0.0000,0,0,93.5116,6.4884,514.0000,0
579.10,1,26.5000,0,0,85.0240,14.9760,532.0000,0
579.10,2,0.0000,0,0,92.9436,7.0564,514.0000,0
579.10,3,80.5000,0,0,95.2454,4.7546,568.0000,0
579.10,4,0.0000,0,0,99.0005,0.9995,514.0000,0
579.10,5,68.5000,0,0,91.0609,8.9391,560.0000,0
579.10,6,0.0000,0,0,95.5052,4.4948,514.0000,0
579.10,7,0.0000,0,0,72.8390,27.1610,514.0000,0
579.10,8,88.0000,0,0,89.1376,10.8624,573.0000,0
579.10,9,0.0000,0,0,91.4188,8.5812,514.0000,0
580.10,0,0.0000,0,0,93.5116,6.4884,515.0000,0
580.10,1,26.5000,0,0,85.0240,14.9760,533.0000,0
580.10,2,0.0000,0,0,92.9436,7.0564,515.0000,0
580.10,3,80.5000,0,0,95.2454,4.7546,569.0000,0
580.10,4,0.0000,0,0,99.0005,0.9995,515.0000,0
580.10,5,68.5000,0,0,91.0609,8.9391,561.0000,0
580.10,6,0.0000,0,0,95.5052,4.4948,515.0000,0
580.10,7,0.0000,0,0,72.8390,27.1610,515.0000,0
580.10,8,88.0000,0,0,89.1376,10.8624,574.0000,0
580.10,9,0.0000,0,0,91.4188,8.5812,515.0000,0
581.10,0,0.0000,0,0,93.5116,6.4884,516.0000,0
581.10,1,26.5000,0,0,85.0240,14.9760,534.0000,0
581.10,2,0.0000,0,0,92.9436,7.0564,516.0000,0
581.10,3,80.5000,0,0,95.2454,4.7546,570.0000,0
581.10,4,0.0000,0,0,99.0005,0.9995,516.0000,0
581.10,5,68.5000,0,0,91.0609,8.9391,562.0000,0
581.10,6,0.0000,0,0,95.5052,4.4948,516.0000,0
581.10,7,0.0000,0,0,72.8390,27.1610,516.0000,0
581.10,8,88.0000,0,0,89.1376,10.8624,575.0000,0
581.10,9,0.0000,0,0,91.4188,8.5812,516.0000,0
582.10,0,0.0000,0,0,93.5116,6.4884,517.0000,0
582.10,1,26.5000,0,0,85.0240,14.9760,535.0000,0
582.10,2,0.0000,0,0,92.9436,7.0564,517.0000,0
582.10,3,80.5000,0,0,95.2454,4.7546,571.0000,0
582.10,4,0.0000,0,0,99.0005,0.9995,517.0000,0
582.10,5,68.5000,0,0,91.0609,8.9391,563.0000,0
582.10,6,0.0000,0,0,95.5052,4.4948,517.0000,0
582.10,7,0.0000,0,0,72.8390,27.1610,517.0000,0
582.10,8,88.0000,0,0,89.1376,10.8624,576.0000,0
582.10,9,0.0000,0,0,91.4188,8.5812,517.0000,0
583.10,0,0.0000,0,0,93.5116,6.4884,518.0000,0
583.10,1,26.5000,0,0,85.0240,14.9760,536.0000,0
583.10,2,0.0000,0,0,92.9436,7.0564,518.0000,0
583.10,3,80.5000,0,0,95.2454,4.7546,572.0000,0
583.10,4,0.0000,0,0,99.0005,0.9995,518.0000,0
583.10,5,68.5000,0,0,91.0609,8.9391,564.0000,0
583.10,6,0.0000,0,0,95.5052,4.4948,518.0000,0
583.10,7,0.0000,0,0,72.8390,27.1610,518.0000,0
583.10,8,88.0000,0,0,89.1376,10.8624,577.0000,0
583.10,9,0.0000,0,0,91.4188,8.5812,518.0000,0
584.10,0,0.0000,0,0,93.5116,6.4884,519.0000,0
584.10,1,26.5000,0,0,85.0240,14.9760,537.0000,0
584.10,2,0.0000,0,0,92.9436,7.0564,519.0000,0
584.10,3,80.5000,0,0,95.2454,4.7546,573.0000,0
584.10,4,0.0000,0,0,99.0005,0.9995,519.0000,0
584.10,5,68.5000,0,0,91.0609,8.9391,565.0000,0
584.10,6,0.0000,0,0,95.5052,4.4948,519.0000,0
584.10,7,0.0000,0,0,72.8390,27.1610,519.0000,0
584.10,8,88.0000,0,0,89.1376,10.8624,578.0000,0
584.10,9,0.0000,0,0,91.4188,8.5812,519.0000,0
585.10,0,0.0000,0,0,93.5116,6.4884,520.0000,0
585.10,1,26.5000,0,0,85.0240,14.9760,538.0000,0
585.10,2,0.0000,0,0,92.9436,7.0564,520.0000,0
585.10,3,80.5000,0,0,95.2454,4.7546,574.0000,0
585.10,4,0.0000,0,0,99.0005,0.9995,520.0000,0
585.10,5,68.5000,0,0,91.0609,8.9391,566.0000,0
585.10,6,0.0000,0,0,95.5052,4.4948,520.0000,0
585.10,7,0.0000,0,0,72.8390,27.1610,520.0000,0
585.10,8,88.0000,0,0,89.1376,10.8624,579.0000,0
585.10,9,0.0000,0,0,91.4188,8.5812,520.0000,0
586.10,0,0.0000,0,0,93.5116,6.4884,521.0000,0
586.10,1,26.5000,0,0,85.0240,14.9760,539.0000,0
586.10,2,0.0000,0,0,92.9436,7.0564,521.0000,0
586.10,3,80.5000,0,0,95.2454,4.7546,575.0000,0
586.10,4,0.0000,0,0,99.0005,0.9995,521.0000,0
586.10,5,68.5000,0,0,91.0609,8.9391,567.0000,0
586.10,6,0.0000,0,0,95.5052,4.4948,521.0000,0
586.10,7,0.0000,0,0,72.8390,27.1610,521.0000,0
586.10,8,88.0000,0,0,89.1376,10.8624,580.0000,0
586.10,9,0.0000,0,0,91.4188,8.5812,521.0000,0
587.10,0,0.0000,0,0,93.5116,6.4884,522.0000,0
587.10,1,26.5000,0,0,85.0240,14.9760,540.0000,0
587.10,2,0.0000,0,0,92.9436,7.0564,522.0000,0
587.10,3,80.5000,0,0,95.2454,4.7546,576.0000,0
587.10,4,0.0000,0,0,99.0005,0.9995,522.0000,0
587.10,5,68.5000,0,0,91.0609,8.9391,568.0000,0
587.10,6,0.0000,0,0,95.5052,4.4948,522.0000,0
587.10,7,0.0000,0,0,72.8390,27.1610,522.0000,0
587.10,8,88.0000,0,0,89.1376,10.8624,581.0000,0
587.10,9,0.0000,0,0,91.4188,8.5812,522.0000,0
588.10,0,0.0000,0,0,93.5116,6.4884,523.0000,0
588.10,1,26.5000,0,0,85.0240,14.9760,541.0000,0
588.10,2,0.0000,0,0,92.9436,7.0564,523.0000,0
588.10,3,80.5000,0,0,95.2454,4.7546,577.0000,0
588.10,4,0.0000,0,0,99.0005,0.9995,523.0000,0
588.10,5,68.5000,0,0,91.0609,8.9391,569.0000,0
588.10,6,0.0000,0,0,95.5052,4.4948,523.0000,0
588.10,7,0.0000,0,0,72.8390,27.1610,523.0000,0
588.10,8,88.0000,0,0,89.1376,10.8624,582.0000,0
588.10,9,0.0000,0,0,91.4188,8.5812,523.0000,0
589.10,0,0.0000,0,0,93.5116,6.4884,524.0000,0
589.10,1,26.5000,0,0,85.0240,14.9760,542.0000,0
589.10,2,0.0000,0,0,92.9436,7.0564,524.0000,0
589.10,3,80.5000,0,0,95.2454,4.7546,578.0000,0
589.10,4,0.0000,0,0,99.0005,0.9995,524.0000,0
589.10,5,68.5000,0,0,91.0609,8.9391,570.0000,0
589.10,6,0.0000,0,0,95.5052,4.4948,524.0000,0
589.10,7,0.0000,0,0,72.8390,27.1610,524.0000,0
589.10,8,88.0000,0,0,89.1376,10.8624,583.0000,0
589.10,9,0.0000,0,0,91.4188,8.5812,524.0000,0
590.10,0,0.0000,0,0,93.5116,6.4884,525.0000,0
590.10,1,26.5000,0,0,85.0240,14.9760,543.0000,0
590.10,2,0.0000,0,0,92.9436,7.0564,525.0000,0
590.10,3,80.5000,0,0,95.2454,4.7546,579.0000,0
590.10,4,0.0000,0,0,99.0005,0.9995,525.0000,0
590.10,5,68.5000,0,0,91.0609,8.9391,571.0000,0
590.10,6,0.0000,0,0,95.5052,4.4948,525.0000,0
590.10,7,0.0000,0,0,72.8390,27.1610,525.0000,0
590.10,8,88.0000,0,0,89.1376,10.8624,584.0000,0
590.10,9,0.0000,0,0,91.4188,8.5812,525.0000,0
591.10,0,0.0000,0,0,93.5116,6.4884,526.0000,0
591.10,1,26.5000,0,0,85.0240,14.9760,544.0000,0
591.10,2,0.0000,0,0,92.9436,7.0564,526.0000,0
591.10,3,80.5000,0,0,95.2454,4.7546,580.0000,0
591.10,4,0.0000,0,0,99.0005,0.9995,526.0000,0
591.10,5,68.5000,0,0,91.0609,8.9391,572.0000,0
591.10,6,0.0000,0,0,95.5052,4.4948,526.0000,0
591.10,7,0.0000,0,0,72.8390,27.1610,526.0000,0
591.10,8,88.0000,0,0,89.1376,10.8624,585.0000,0
591.10,9,0.0000,0,0,91.4188,8.5812,526.0000,0
592.10,0,0.0000,0,0,93.5116,6.4884,527.0000,0
592.10,1,26.5000,0,0,85.0240,14.9760,545.0000,0
592.10,2,0.0000,0,0,92.9436,7.0564,527.0000,0
592.10,3,80.5000,0,0,95.2454,4.7546,581.0000,0
592.10,4,0.0000,0,0,99.0005,0.9995,527.0000,0
592.10,5,68.5000,0,0,91.0609,8.9391,573.0000,0
592.10,6,0.0000,0,0,95.5052,4.4948,527.0000,0
592.10,7,0.0000,0,0,72.8390,27.1610,527.0000,0
592.10,8,88.0000,0,0,89.1376,10.8624,586.0000,0
592.10,9,0.0000,0,0,91.4188,8.5812,527.0000,0
593.10,0,0.0000,0,0,93.5116,6.4884,528.0000,0
593.10,1,26.5000,0,0,85.0240,14.9760,546.0000,0
593.10,2,0.0000,0,0,92.9436,7.0564,528.0000,0
593.10,3,80.5000,0,0,95.2454,4.7546,582.0000,0
593.10,4,0.0000,0,0,99.0005,0.9995,528.0000,0
593.10,5,68.5000,0,0,91.0609,8.9391,574.0000,0
593.10,6,0.0000,0,0,95.5052,4.4948,528.0000,0
593.10,7,0.0000,0,0,72.8390,27.1610,528.0000,0
593.10,8,88.0000,0,0,89.1376,10.8624,587.0000,0
593.10,9,0.0000,0,0,91.4188,8.5812,528.0000,0
594.10,0,0.0000,0,0,93.5116,6.4884,529.0000,0
594.10,1,26.5000,0,0,85.0240,14.9760,547.0000,0
594.10,2,0.0000,0,0,92.9436,7.0564,529.0000,0
594.10,3,80.5000,0,0,95.2454,4.7546,583.0000,0
594.10,4,0.0000,0,0,99.0005,0.9995,529.0000,0
594.10,5,68.5000,0,0,91.0609,8.9391,575.0000,0
594.10,6,0.0000,0,0,95.5052,4.4948,529.0000,0
594.10,7,0.0000,0,0,72.8390,27.1610,529.0000,0
594.10,8,88.0000,0,0,89.1376,10.8624,588.0000,0
594.10,9,0.0000,0,0,91.4188,8.5812,529.0000,0
595.10,0,0.0000,0,0,93.5116,6.4884,530.0000,0
595.10,1,26.5000,0,0,85.0240,14.9760,548.0000,0
595.10,2,0.0000,0,0,92.9436,7.0564,530.0000,0
595.10,3,80.5000,0,0,95.2454,4.7546,584.0000,0
595.10,4,0.0000,0,0,99.0005,0.9995,530.0000,0
595.10,5,68.5000,0,0,91.0609,8.9391,576.0000,0
595.10,6,0.0000,0,0,95.5052,4.4948,530.0000,0
595.10,7,0.0000,0,0,72.8390,27.1610,530.0000,0
595.10,8,88.0000,0,0,89.1376,10.8624,589.0000,0
595.10,9,0.0000,0,0,91.4188,8.5812,530.0000,0
596.10,0,0.0000,0,0,93.5116,6.4884,531.0000,0
596.10,1,26.5000,0,0,85.0240,14.9760,549.0000,0
596.10,2,0.0000,0,0,92.9436,7.0564,531.0000,0
596.10,3,80.5000,0,0,95.2454,4.7546,585.0000,0
596.10,4,0.0000,0,0,99.0005,0.9995,531.0000,0
596.10,5,68.5000,0,0,91.0609,8.9391,577.0000,0
596.10,6,0.0000,0,0,95.5052,4.4948,531.0000,0
596.10,7,0.0000,0,0,72.8390,27.1610,531.0000,0
596.10,8,88.0000,0,0,89.1376,10.8624,590.0000,0
596.10,9,0.0000,0,0,91.4188,8.5812,531.0000,0
597.10,0,0.0000,0,0,93.5116,6.4884,532.0000,0
597.10,1,26.5000,0,0,85.0240,14.9760,550.0000,0
597.10,2,0.0000,0,0,92.9436,7.0564,532.0000,0
597.10,3,80.5000,0,0,95.2454,4.7546,586.0000,0
597.10,4,0.0000,0,0,99.0005,0.9995,532.0000,0
597.10,5,68.5000,0,0,91.0609,8.9391,578.0000,0
597.10,6,0.0000,0,0,95.5052,4.4948,532.0000,0
597.10,7,0.0000,0,0,72.8390,27.1610,532.0000,0
597.10,8,88.0000,0,0,89.1376,10.8624,591.0000,0
597.10,9,0.0000,0,0,91.4188,8.5812,532.0000,0
598.10,0,0.0000,0,0,93.5116,6.4884,533.0000,0
598.10,1,26.5000,0,0,85.0240,14.9760,551.0000,0
598.10,2,0.0000,0,0,92.9436,7.0564,533.0000,0
598.10,3,80.5000,0,0,95.2454,4.7546,587.0000,0
598.10,4,0.0000,0,0,99.0005,0.9995,533.0000,0
598.10,5,68.5000,0,0,91.0609,8.9391,579.0000,0
598.10,6,0.0000,0,0,95.5052,4.4948,533.0000,0
598.10,7,0.0000,0,0,72.8390,27.1610,533.0000,0
598.10,8,88.0000,0,0,89.1376,10.8624,592.0000,0
598.10,9,0.0000,0,0,91.4188,8.5812,533.0000,0
599.10,0,0.0000,0,0,93.5116,6.4884,534.0000,0
599.10,1,26.5000,0,0,85.0240,14.9760,552.0000,0
599.10,2,0.0000,0,0,92.9436,7.0564,534.0000,0
599.10,3,80.5000,0,0,95.2454,4.7546,588.0000,0
599.10,4,0.0000,0,0,99.0005,0.9995,534.0000,0
599.10,5,68.5000,0,0,91.0609,8.9391,580.0000,0
599.10,6,0.0000,0,0,95.5052,4.4948,534.0000,0
599.10,7,0.0000,0,0,72.8390,27.1610,534.0000,0
599.10,8,88.0000,0,0,89.1376,10.8624,593.0000,0
599.10,9,0.0000,0,0,91.4188,8.5812,534.0000,0
600.10,0,0.0000,0,0,93.5116,6.4884,535.0000,0
600.10,1,26.5000,0,0,85.0240,14.9760,553.0000,0
600.10,2,0.0000,0,0,92.9436,7.0564,535.0000,0
600.10,3,80.5000,0,0,95.2454,4.7546,589.0000,0
600.10,4,0.0000,0,0,99.0005,0.9995,535.0000,0
600.10,5,68.5000,0,0,91.0609,8.9391,581.0000,0
600.10,6,0.0000,0,0,95.5052,4.4948,535.0000,0
600.10,7,0.0000,0,0,72.8390,27.1610,535.0000,0
600.10,8,88.0000,0,0,89.1376,10.8624,594.0000,0
600.10,9,0.0000,0,0,91.4188,8.5812,535.0000,0
601.10,0,0.0000,0,0,93.5116,6.4884,536.0000,0
601.10,1,26.5000,0,0,85.0240,14.9760,554.0000,0
601.10,2,0.0000,0,0,92.9436,7.0564,536.0000,0
601.10,3,80.5000,0,0,95.2454,4.7546,590.0000,0
601.10,4,0.0000,0,0,99.0005,0.9995,536.0000,0
601.10,5,68.5000,0,0,91.0609,8.9391,582.0000,0
601.10,6,0.0000,0,0,95.5052,4.4948,536.0000,0
601.10,7,0.0000,0,0,72.8390,27.1610,536.0000,0
601.10,8,88.0000,0,0,89.1376,10.8624,595.0000,0
601.10,9,0.0000,0,0,91.4188,8.5812,536.0000,0
602.10,0,0.0000,0,0,93.5116,6.4884,537.0000,0
602.10,1,26.5000,0,0,85.0240,14.9760,555.0000,0
602.10,2,0.0000,0,0,92.9436,7.0564,537.0000,0
602.10,3,80.5000,0,0,95.2454,4.7546,591.0000,0
602.10,4,0.0000,0,0,99.0005,0.9995,537.0000,0
602.10,5,68.5000,0,0,91.0609,8.9391,583.0000,0
602.10,6,0.0000,0,0,95.5052,4.4948,537.0000,0
602.10,7,0.0000,0,0,72.8390,27.1610,537.0000,0
602.10,8,88.0000,0,0,89.1376,10.8624,596.0000,0
602.10,9,0.0000,0,0,91.4188,8.5812,537.0000,0
603.10,0,0.0000,0,0,93.5116,6.4884,538.0000,0
603.10,1,26.5000,0,0,85.0240,14.9760,556.0000,0
603.10,2,0.0000,0,0,92.9436,7.0564,538.0000,0
603.10,3,80.5000,0,0,95.2454,4.7546,592.0000,0
603.10,4,0.0000,0,0,99.0005,0.9995,538.0000,0
603.10,5,68.5000,0,0,91.0609,8.9391,584.0000,0
603.10,6,0.0000,0,0,95.5052,4.4948,538.0000,0
603.10,7,0.0000,0,0,72.8390,27.1610,538.0000,0
603.10,8,88.0000,0,0,89.1376,10.8624,597.0000,0
603.10,9,0.0000,0,0,91.4188,8.5812,538.0000,0
604.10,0,0.0000,0,0,93.5116,6.4884,539.0000,0
604.10,1,26.5000,0,0,85.0240,14.9760,557.0000,0
604.10,2,0.0000,0,0,92.9436,7.0564,539.0000,0
604.10,3,80.5000,0,0,95.2454,4.7546,593.0000,0
604.10,4,0.0000,0,0,99.0005,0.9995,539.0000,0
604.10,5,68.5000,0,0,91.0609,8.9391,585.0000,0
604.10,6,0.0000,0,0,95.5052,4.4948,539.0000,0
604.10,7,0.0000,0,0,72.8390,27.1610,539.0000,0
604.10,8,88.0000,0,0,89.1376,10.8624,598.0000,0
604.10,9,0.0000,0,0,91.4188,8.5812,539.0000,0
605.10,0,0.0000,0,0,93.5116,6.4884,540.0000,0
605.10,1,26.5000,0,0,85.0240,14.9760,558.0000,0
605.10,2,0.0000,0,0,92.9436,7.0564,540.0000,0
605.10,3,80.5000,0,0,95.2454,4.7546,594.0000,0
605.10,4,0.0000,0,0,99.0005,0.9995,540.0000,0
605.10,5,68.5000,0,0,91.0609,8.9391,586.0000,0
605.10,6,0.0000,0,0,95.5052,4.4948,540.0000,0
605.10,7,0.0000,0,0,72.8390,27.1610,540.0000,0
605.10,8,88.0000,0,0,89.1376,10.8624,599.0000,0
605.10,9,0.0000,0,0,91.4188,8.5812,540.0000,0
606.10,0,0.0000,0,0,93.5116,6.4884,541.0000,0
606.10,1,26.5000,0,0,85.0240,14.9760,559.0000,0
606.10,2,0.0000,0,0,92.9436,7.0564,541.0000,0
606.10,3,80.5000,0,0,95.2454,4.7546,595.0000,0
606.10,4,0.0000,0,0,99.0005,0.9995,541.0000,0
606.10,5,68.5000,0,0,91.0609,8.9391,587.0000,0
606.10,6,0.0000,0,0,95.5052,4.4948,541.0000,0
606.10,7,0.0000,0,0,72.8390,27.1610,541.0000,0
606.10,8,88.0000,0,0,89.1376,10.8624,600.0000,0
606.10,9,0.0000,0,0,91.4188,8.5812,541.0000,0
607.10,0,0.0000,0,0,93.5116,6.4884,542.0000,0
607.10,1,26.5000,0,0,85.0240,14.9760,560.0000,0
607.10,2,0.0000,0,0,92.9436,7.0564,542.0000,0
607.10,3,80.5000,0,0,95.2454,4.7546,596.0000,0
607.10,4,0.0000,0,0,99.0005,0.9995,542.0000,0
607.10,5,68.5000,0,0,91.0609,8.9391,588.0000,0
607.10,6,0.0000,0,0,95.5052,4.4948,542.0000,0
607.10,7,0.0000,0,0,72.8390,27.1610,542.0000,0
607.10,8,88.0000,0,0,89.1376,10.8624,601.0000,0
607.10,9,0.0000,0,0,91.4188,8.5812,542.0000,0
608.10,0,0.0000,0,0,93.5116,6.4884,543.0000,0
608.10,1,26.5000,0,0,85.0240,14.9760,561.0000,0
608.10,2,0.0000,0,0,92.9436,7.0564,543.0000,0
608.10,3,80.5000,0,0,95.2454,4.7546,597.0000,0
608.10,4,0.0000,0,0,99.0005,0.9995,543.0000,0
608.10,5,68.5000,0,0,91.0609,8.9391,589.0000,0
608.10,6,0.0000,0,0,95.5052,4.4948,543.0000,0
608.10,7,0.0000,0,0,72.8390,27.1610,543.0000,0
608.10,8,88.0000,0,0,89.1376,10.8624,602.0000,0
608.10,9,0.0000,0,0,91.4188,8.5812,543.0000,0
609.10,0,0.0000,0,0,93.5116,6.4884,544.0000,0
609.10,1,26.5000,0,0,85.0240,14.9760,562.0000,0
609.10,2,0.0000,0,0,92.9436,7.0564,544.0000,0
609.10,3,80.5000,0,0,95.2454,4.7546,598.0000,0
609.10,4,0.0000,0,0,99.0005,0.9995,544.0000,0
609.10,5,68.5000,0,0,91.0609,8.9391,590.0000,0
609.10,6,0.0000,0,0,95.5052,4.4948,544.0000,0
609.10,7,0.0000,0,0,72.8390,27.1610,544.0000,0
609.10,8,88.0000,0,0,89.1376,10.8624,603.0000,0
609.10,9,0.0000,0,0,91.4188,8.5812,544.0000,0
610.10,0,0.0000,0,0,93.5116,6.4884,545.0000,0
610.10,1,26.5000,0,0,85.0240,14.9760,563.0000,0
610.10,2,0.0000,0,0,92.9436,7.0564,545.0000,0
610.10,3,80.5000,0,0,95.2454,4.7546,599.0000,0
610.10,4,0.0000,0,0,99.0005,0.9995,545.0000,0
610.10,5,68.5000,0,0,91.0609,8.9391,591.0000,0
610.10,6,0.0000,0,0,95.5052,4.4948,545.0000,0
610.10,7,0.0000,0,0,72.8390,27.1610,545.0000,0
610.10,8,88.0000,0,0,89.1376,10.8624,604.0000,0
610.10,9,0.0000,0,0,91.4188,8.5812,545.0000,0
611.10,0,0.0000,0,0,93.5116,6.4884,546.0000,0
611.10,1,26.5000,0,0,85.0240,14.9760,564.0000,0
611.10,2,0.0000,0,0,92.9436,7.0564,546.0000,0
611.10,3,80.5000,0,0,95.2454,4.7546,600.0000,0
611.10,4,0.0000,0,0,99.0005,0.9995,546.0000,0
611.10,5,68.5000,0,0,91.0609,8.9391,592.0000,0
611.10,6,0.0000,0,0,95.5052,4.4948,546.0000,0
611.10,7,0.0000,0,0,72.8390,27.1610,546.0000,0
611.10,8,88.0000,0,0,89.1376,10.8624,605.0000,0
611.10,9,0.0000,0,0,91.4188,8.5812,546.0000,0
612.10,0,0.0000,0,0,93.5116,6.4884,547.0000,0
612.10,1,26.5000,0,0,85.0240,14.9760,565.0000,0
612.10,2,0.0000,0,0,92.9436,7.0564,547.0000,0
612.10,3,80.5000,0,0,95.2454,4.7546,601.0000,0
612.10,4,0.0000,0,0,99.0005,0.9995,547.0000,0
612.10,5,68.5000,0,0,91.0609,8.9391,593.0000,0
612.10,6,0.0000,0,0,95.5052,4.4948,547.0000,0
612.10,7,0.0000,0,0,72.8390,27.1610,547.0000,0
612.10,8,88.0000,0,0,89.1376,10.8624,606.0000,0
612.10,9,0.0000,0,0,91.4188,8.5812,547.0000,0
613.10,0,0.0000,0,0,93.5116,6.4884,548.0000,0
613.10,1,26.5000,0,0,85.0240,14.9760,566.0000,0
613.10,2,0.0000,0,0,92.9436,7.0564,548.0000,0
613.10,3,80.5000,0,0,95.2454,4.7546,602.0000,0
613.10,4,0.0000,0,0,99.0005,0.9995,548.0000,0
613.10,5,68.5000,0,0,91.0609,8.9391,594.0000,0
613.10,6,0.0000,0,0,95.5052,4.4948,548.0000,0
613.10,7,0.0000,0,0,72.8390,27.1610,548.0000,0
613.10,8,88.0000,0,0,89.1376,10.8624,607.0000,0
613.10,9,0.0000,0,0,91.4188,8.5812,548.0000,0
614.10,0,0.0000,0,0,93.5116,6.4884,549.0000,0
614.10,1,26.5000,0,0,85.0240,14.9760,567.0000,0
614.10,2,0.0000,0,0,92.9436,7.0564,549.0000,0
614.10,3,80.5000,0,0,95.2454,4.7546,603.0000,0
614.10,4,0.0000,0,0,99.0005,0.9995,549.0000,0
614.10,5,68.5000,0,0,91.0609,8.9391,595.0000,0
614.10,6,0.0000,0,0,95.5052,4.4948,549.0000,0
614.10,7,0.0000,0,0,72.8390,27.1610,549.0000,0
614.10,8,88.0000,0,0,89.1376,10.8624,608.0000,0
614.10,9,0.0000,0,0,91.4188,8.5812,549.0000,0
615.10,0,0.0000,0,0,93.5116,6.4884,550.0000,0
615.10,1,26.5000,0,0,85.0240,14.9760,568.0000,0
615.10,2,0.0000,0,0,92.9436,7.0564,550.0000,0
615.10,3,80.5000,0,0,95.2454,4.7546,604.0000,0
615.10,4,0.0000,0,0,99.0005,0.9995,550.0000,0
615.10,5,68.5000,0,0,91.0609,8.9391,596.0000,0
615.10,6,0.0000,0,0,95.5052,4.4948,550.0000,0
615.10,7,0.0000,0,0,72.8390,27.1610,550.0000,0
615.10,8,88.0000,0,0,89.1376,10.8624,609.0000,0
615.10,9,0.0000,0,0,91.4188,8.5812,550.0000,0
616.10,0,0.0000,0,0,93.5116,6.4884,551.0000,0
616.10,1,26.5000,0,0,85.0240,14.9760,569.0000,0
616.10,2,0.0000,0,0,92.9436,7.0564,551.0000,0
616.10,3,80.5000,0,0,95.2454,4.7546,605.0000,0
616.10,4,0.0000,0,0,99.0005,0.9995,551.0000,0
616.10,5,68.5000,0,0,91.0609,8.9391,597.0000,0
616.10,6,0.0000,0,0,95.5052,4.4948,551.0000,0
616.10,7,0.0000,0,0,72.8390,27.1610,551.0000,0
616.10,8,88.0000,0,0,89.1376,10.8624,610.0000,0
616.10,9,0.0000,0,0,91.4188,8.5812,551.0000,0
617.10,0,0.0000,0,0,93.5116,6.4884,552.0000,0
617.10,1,26.5000,0,0,85.0240,14.9760,570.0000,0
617.10,2,0.0000,0,0,92.9436,7.0564,552.0000,0
617.10,3,80.5000,0,0,95.2454,4.7546,606.0000,0
617.10,4,0.0000,0,0,99.0005,0.9995,552.0000,0
617.10,5,68.5000,0,0,91.0609,8.9391,598.0000,0
617.10,6,0.0000,0,0,95.5052,4.4948,552.0000,0
617.10,7,0.0000,0,0,72.8390,27.1610,552.0000,0
617.10,8,88.0000,0,0,89.1376,10.8624,611.0000,0
617.10,9,0.0000,0,0,91.4188,8.5812,552.0000,0
618.10,0,0.0000,0,0,93.5116,6.4884,553.0000,0
618.10,1,26.5000,0,0,85.0240,14.9760,571.0000,0
618.10,2,0.0000,0,0,92.9436,7.0564,553.0000,0
618.10,3,80.5000,0,0,95.2454,4.7546,607.0000,0
618.10,4,0.0000,0,0,99.0005,0.9995,553.0000,0
618.10,5,68.5000,0,0,91.0609,8.9391,599.0000,0
618.10,6,0.0000,0,0,95.5052,4.4948,553.0000,0
618.10,7,0.0000,0,0,72.8390,27.1610,553.0000,0
618.10,8,88.0000,0,0,89.1376,10.8624,612.0000,0
618.10,9,0.0000,0,0,91.4188,8.5812,553.0000,0
619.10,0,0.0000,0,0,93.5116,6.4884,554.0000,0
619.10,1,26.5000,0,0,85.0240,14.9760,572.0000,0
619.10,2,0.0000,0,0,92.9436,7.0564,554.0000,0
619.10,3,80.5000,0,0,95.2454,4.7546,608.0000,0
619.10,4,0.0000,0,0,99.0005,0.9995,554.0000,0
619.10,5,68.5000,0,0,91.0609,8.9391,600.0000,0
619.10,6,0.0000,0,0,95.5052,4.4948,554.0000,0
619.10,7,0.0000,0,0,72.8390,27.1610,554.0000,0
619.10,8,88.0000,0,0,89.1376,10.8624,613.0000,0
619.10,9,0.0000,0,0,91.4188,8.5812,554.0000,0
620.10,0,0.0000,0,0,93.5116,6.4884,555.0000,0
620.10,1,26.5000,0,0,85.0240,14.9760,573.0000,0
620.10,2,0.0000,0,0,92.9436,7.0564,555.0000,0
620.10,3,80.5000,0,0,95.2454,4.7546,609.0000,0
620.10,4,0.0000,0,0,99.0005,0.9995,555.0000,0
620.10,5,68.5000,0,0,91.0609,8.9391,601.0000,0
620.10,6,0.0000,0,0,95.5052,4.4948,555.0000,0
620.10,7,0.0000,0,0,72.8390,27.1610,555.0000,0
620.10,8,88.0000,0,0,89.1376,10.8624,614.0000,0
620.10,9,0.0000,0,0,91.4188,8.5812,555.0000,0
621.10,0,0.0000,0,0,93.5116,6.4884,556.0000,0
621.10,1,26.5000,0,0,85.0240,14.9760,574.0000,0
621.10,2,0.0000,0,0,92.9436,7.0564,556.0000,0
621.10,3,80.5000,0,0,95.2454,4.7546,610.0000,0
621.10,4,0.0000,0,0,99.0005,0.9995,556.0000,0
621.10,5,68.5000,0,0,91.0609,8.9391,602.0000,0
621.10,6,0.0000,0,0,95.5052,4.4948,556.0000,0
621.10,7,0.0000,0,0,72.8390,27.1610,556.0000,0
621.10,8,88.0000,0,0,89.1376,10.8624,615.0000,0
621.10,9,0.0000,0,0,91.4188,8.5812,556.0000,0
622.10,0,0.0000,0,0,93.5116,6.4884,557.0000,0
622.10,1,26.5000,0,0,85.0240,14.9760,575.0000,0
622.10,2,0.0000,0,0,92.9436,7.0564,557.0000,0
622.10,3,80.5000,0,0,95.2454,4.7546,611.0000,0
622.10,4,0.0000,0,0,99.0005,0.9995,557.0000,0
622.10,5,68.5000,0,0,91.0609,8.9391,603.0000,0
622.10,6,0.0000,0,0,95.5052,4.4948,557.0000,0
622.10,7,0.0000,0,0,72.8390,27.1610,557.0000,0
622.10,8,88.0000,0,0,89.1376,10.8624,616.0000,0
622.10,9,0.0000,0,0,91.4188,8.5812,557.0000,0
623.10,0,0.0000,0,0,93.5116,6.4884,558.0000,0
623.10,1,26.5000,0,0,85.0240,14.9760,576.0000,0
623.10,2,0.0000,0,0,92.9436,7.0564,558.0000,0
623.10,3,80.5000,0,0,95.2454,4.7546,612.0000,0
623.10,4,0.0000,0,0,99.0005,0.9995,558.0000,0
623.10,5,68.5000,0,0,91.0609,8.9391,604.0000,0
623.10,6,0.0000,0,0,95.5052,4.4948,558.0000,0
623.10,7,0.0000,0,0,72.8390,27.1610,558.0000,0
623.10,8,88.0000,0,0,89.1376,10.8624,617.0000,0
623.10,9,0.0000,0,0,91.4188,8.5812,558.0000,0
624.10,0,0.0000,0,0,93.5116,6.4884,559.0000,0
624.10,1,26.5000,0,0,85.0240,14.9760,577.0000,0
624.10,2,0.0000,0,0,92.9436,7.0564,559.0000,0
624.10,3,80.5000,0,0,95.2454,4.7546,613.0000,0
624.10,4,0.0000,0,0,99.0005,0.9995,559.0000,0
624.10,5,68.5000,0,0,91.0609,8.9391,605.0000,0
624.10,6,0.0000,0,0,95.5052,4.4948,559.0000,0
624.10,7,0.0000,0,0,72.8390,27.1610,559.0000,0
624.10,8,88.0000,0,0,89.1376,10.8624,618.0000,0
624.10,9,0.0000,0,0,91.4188,8.5812,559.0000,0
625.10,0,0.0000,0,0,93.5116,6.4884,560.0000,0
625.10,1,26.5000,0,0,85.0240,14.9760,578.0000,0
625.10,2,0.0000,0,0,92.9436,7.0564,560.0000,0
625.10,3,80.5000,0,0,95.2454,4.7546,614.0000,0
625.10,4,0.0000,0,0,99.0005,0.9995,560.0000,0
625.10,5,68.5000,0,0,91.0609,8.9391,606.0000,0
625.10,6,0.0000,0,0,95.5052,4.4948,560.0000,0
625.10,7,0.0000,0,0,72.8390,27.1610,560.0000,0
625.10,8,88.0000,0,0,89.1376,10.8624,619.0000,0
625.10,9,0.0000,0,0,91.4188,8.5812,560.0000,0
626.10,0,0.0000,0,0,93.5116,6.4884,561.0000,0
626.10,1,26.5000,0,0,85.0240,14.9760,579.0000,0
626.10,2,0.0000,0,0,92.9436,7.0564,561.0000,0
626.10,3,80.5000,0,0,95.2454,4.7546,615.0000,0
626.10,4,0.0000,0,0,99.0005,0.9995,561.0000,0
626.10,5,68.5000,0,0,91.0609,8.9391,607.0000,0
626.10,6,0.0000,0,0,95.5052,4.4948,561.0000,0
626.10,7,0.0000,0,0,72.8390,27.1610,561.0000,0
626.10,8,88.0000,0,0,89.1376,10.8624,620.0000,0
626.10,9,0.0000,0,0,91.4188,8.5812,561.0000,0
627.10,0,0.0000,0,0,93.5116,6.4884,562.0000,0
627.10,1,26.5000,0,0,85.0240,14.9760,580.0000,0
627.10,2,0.0000,0,0,92.9436,7.0564,562.0000,0
627.10,3,80.5000,0,0,95.2454,4.7546,616.0000,0
627.10,4,0.0000,0,0,99.0005,0.9995,562.0000,0
627.10,5,68.5000,0,0,91.0609,8.9391,608.0000,0
627.10,6,0.0000,0,0,95.5052,4.4948,562.0000,0
627.10,7,0.0000,0,0,72.8390,27.1610,562.0000,0
627.10,8,88.0000,0,0,89.1376,10.8624,621.0000,0
627.10,9,0.0000,0,0,91.4188,8.5812,562.0000,0
628.10,0,0.0000,0,0,93.5116,6.4884,563.0000,0
628.10,1,26.5000,0,0,85.0240,14.9760,581.0000,0
628.10,2,0.0000,0,0,92.9436,7.0564,563.0000,0
628.10,3,80.5000,0,0,95.2454,4.7546,617.0000,0
628.10,4,0.0000,0,0,99.0005,0.9995,563.0000,0
628.10,5,68.5000,0,0,91.0609,8.9391,609.0000,0
628.10,6,0.0000,0,0,95.5052,4.4948,563.0000,0
628.10,7,0.0000,0,0,72.8390,27.1610,563.0000,0
628.10,8,88.0000,0,0,89.1376,10.8624,622.0000,0
628.10,9,0.0000,0,0,91.4188,8.5812,563.0000,0
629.10,0,0.0000,0,0,93.5116,6.4884,564.0000,0
629.10,1,26.5000,0,0,85.0240,14.9760,582.0000,0
629.10,2,0.0000,0,0,92.9436,7.0564,564.0000,0
629.10,3,80.5000,0,0,95.2454,4.7546,618.0000,0
629.10,4,0.0000,0,0,99.0005,0.9995,564.0000,0
629.10,5,68.5000,0,0,91.0609,8.9391,610.0000,0
629.10,6,0.0000,0,0,95.5052,4.4948,564.0000,0
629.10,7,0.0000,0,0,72.8390,27.1610,564.0000,0
629.10,8,88.0000,0,0,89.1376,10.8624,623.0000,0
629.10,9,0.0000,0,0,91.4188,8.5812,564.0000,0
630.10,0,0.0000,0,0,93.5116,6.4884,565.0000,0
630.10,1,26.5000,0,0,85.0240,14.9760,583.0000,0
630.10,2,0.0000,0,0,92.9436,7.0564,565.0000,0
630.10,3,80.5000,0,0,95.2454,4.7546,619.0000,0
630.10,4,0.0000,0,0,99.0005,0.9995,565.0000,0
630.10,5,68.5000,0,0,91.0609,8.9391,611.0000,0
630.10,6,0.0000,0,0,95.5052,4.4948,565.0000,0
630.10,7,0.0000,0,0,72.8390,27.1610,565.0000,0
630.10,8,88.0000,0,0,89.1376,10.8624,624.0000,0
630.10,9,0.0000,0,0,91.4188,8.5812,565.0000,0
631.10,0,0.0000,0,0,93.5116,6.4884,566.0000,0
631.10,1,26.5000,0,0,85.0240,14.9760,584.0000,0
631.10,2,0.0000,0,0,92.9436,7.0564,566.0000,0
631.10,3,80.5000,0,0,95.2454,4.7546,620.0000,0
631.10,4,0.0000,0,0,99.0005,0.9995,566.0000,0
631.10,5,68.5000,0,0,91.0609,8.9391,612.0000,0
631.10,6,0.0000,0,0,95.5052,4.4948,566.0000,0
631.10,7,0.0000,0,0,72.8390,27.1610,566.0000,0
631.10,8,88.0000,0,0,89.1376,10.8624,625.0000,0
631.10,9,0.0000,0,0,91.4188,8.5812,566.0000,0
632.10,0,0.0000,0,0,93.5116,6.4884,567.0000,0
632.10,1,26.5000,0,0,85.0240,14.9760,585.0000,0
632.10,2,0.0000,0,0,92.9436,7.0564,567.0000,0
632.10,3,80.5000,0,0,95.2454,4.7546,621.0000,0
632.10,4,0.0000,0,0,99.0005,0.9995,567.0000,0
632.10,5,68.5000,0,0,91.0609,8.9391,613.0000,0
632.10,6,0.0000,0,0,95.5052,4.4948,567.0000,0
632.10,7,0.0000,0,0,72.8390,27.1610,567.0000,0
632.10,8,88.0000,0,0,89.1376,10.8624,626.0000,0
632.10,9,0.0000,0,0,91.4188,8.5812,567.0000,0
633.10,0,0.0000,0,0,93.5116,6.4884,568.0000,0
633.10,1,26.5000,0,0,85.0240,14.9760,586.0000,0
633.10,2,0.0000,0,0,92.9436,7.0564,568.0000,0
633.10,3,80.5000,0,0,95.2454,4.7546,622.0000,0
633.10,4,0.0000,0,0,99.0005,0.9995,568.0000,0
633.10,5,68.5000,0,0,91.0609,8.9391,614.0000,0
633.10,6,0.0000,0,0,95.5052,4.4948,568.0000,0
633.10,7,0.0000,0,0,72.8390,27.1610,568.0000,0
633.10,8,88.0000,0,0,89.1376,10.8624,627.0000,0
633.10,9,0.0000,0,0,91.4188,8.5812,568.0000,0
634.10,0,0.0000,0,0,93.5116,6.4884,569.0000,0
634.10,1,26.5000,0,0,85.0240,14.9760,587.0000,0
634.10,2,0.0000,0,0,92.9436,7.0564,569.0000,0
634.10,3,80.5000,0,0,95.2454,4.7546,623.0000,0
634.10,4,0.0000,0,0,99.0005,0.9995,569.0000,0
634.10,5,68.5000,0,0,91.0609,8.9391,615.0000,0
634.10,6,0.0000,0,0,95.5052,4.4948,569.0000,0
634.10,7,0.0000,0,0,72.8390,27.1610,569.0000,0
634.10,8,88.0000,0,0,89.1376,10.8624,628.0000,0
634.10,9,0.0000,0,0,91.4188,8.5812,569.0000,0
635.10,0,0.0000,0,0,93.5116,6.4884,570.0000,0
635.10,1,26.5000,0,0,85.0240,14.9760,588.0000,0
635.10,2,0.0000,0,0,92.9436,7.0564,570.0000,0
635.10,3,80.5000,0,0,95.2454,4.7546,624.0000,0
635.10,4,0.0000,0,0,99.0005,0.9995,570.0000,0
635.10,5,68.5000,0,0,91.0609,8.9391,616.0000,0
635.10,6,0.0000,0,0,95.5052,4.4948,570.0000,0
635.10,7,0.0000,0,0,72.8390,27.1610,570.0000,0
635.10,8,88.0000,0,0,89.1376,10.8624,629.0000,0
635.10,9,0.0000,0,0,91.4188,8.5812,570.0000,0
636.10,0,0.0000,0,0,93.5116,6.4884,571.0000,0
636.10,1,26.5000,0,0,85.0240,14.9760,589.0000,0
636.10,2,0.0000,0,0,92.9436,7.0564,571.0000,0
636.10,3,80.5000,0,0,95.2454,4.7546,625.0000,0
636.10,4,0.0000,0,0,99.0005,0.9995,571.0000,0
636.10,5,68.5000,0,0,91.0609,8.9391,617.0000,0
636.10,6,0.0000,0,0,95.5052,4.4948,571.0000,0
636.10,7,0.0000,0,0,72.8390,27.1610,571.0000,0
636.10,8,88.0000,0,0,89.1376,10.8624,630.0000,0
636.10,9,0.0000,0,0,91.4188,8.5812,571.0000,0
637.10,0,0.0000,0,0,93.5116,6.4884,572.0000,0
637.10,1,26.5000,0,0,85.0240,14.9760,590.0000,0
637.10,2,0.0000,0,0,92.9436,7.0564,572.0000,0
637.10,3,80.5000,0,0,95.2454,4.7546,626.0000,0
637.10,4,0.0000,0,0,99.0005,0.9995,572.0000,0
637.10,5,68.5000,0,0,91.0609,8.9391,618.0000,0
637.10,6,0.0000,0,0,95.5052,4.4948,572.0000,0
637.10,7,0.0000,0,0,72.8390,27.1610,572.0000,0
637.10,8,88.0000,0,0,89.1376,10.8624,631.0000,0
637.10,9,0.0000,0,0,91.4188,8.5812,572.0000,0
638.10,0,0.0000,0,0,93.5116,6.4884,573.0000,0
638.10,1,26.5000,0,0,85.0240,14.9760,591.0000,0
638.10,2,0.0000,0,0,92.9436,7.0564,573.0000,0
638.10,3,80.5000,0,0,95.2454,4.7546,627.0000,0
638.10,4,0.0000,0,0,99.0005,0.9995,573.0000,0
638.10,5,68.5000,0,0,91.0609,8.9391,619.0000,0
638.10,6,0.0000,0,0,95.5052,4.4948,573.0000,0
638.10,7,0.0000,0,0,72.8390,27.1610,573.0000,0
638.10,8,88.0000,0,0,89.1376,10.8624,632.0000,0
638.10,9,0.0000,0,0,91.4188,8.5812,573.0000,0
639.10,0,0.0000,0,0,93.5116,6.4884,574.0000,0
639.10,1,26.5000,0,0,85.0240,14.9760,592.0000,0
639.10,2,0.0000,0,0,92.9436,7.0564,574.0000,0
639.10,3,80.5000,0,0,95.2454,4.7546,628.0000,0
639.10,4,0.0000,0,0,99.0005,0.9995,574.0000,0
639.10,5,68.5000,0,0,91.0609,8.9391,620.0000,0
639.10,6,0.0000,0,0,95.5052,4.4948,574.0000,0
639.10,7,0.0000,0,0,72.8390,27.1610,574.0000,0
639.10,8,88.0000,0,0,89.1376,10.8624,633.0000,0
639.10,9,0.0000,0,0,91.4188,8.5812,574.0000,0
640.10,0,0.0000,0,0,93.5116,6.4884,575.0000,0
640.10,1,26.5000,0,0,85.0240,14.9760,593.0000,0
640.10,2,0.0000,0,0,92.9436,7.0564,575.0000,0
640.10,3,80.5000,0,0,95.2454,4.7546,629.0000,0
640.10,4,0.0000,0,0,99.0005,0.9995,575.0000,0
640.10,5,68.5000,0,0,91.0609,8.9391,621.0000,0
640.10,6,0.0000,0,0,95.5052,4.4948,575.0000,0
640.10,7,0.0000,0,0,72.8390,27.1610,575.0000,0
640.10,8,88.0000,0,0,89.1376,10.8624,634.0000,0
640.10,9,0.0000,0,0,91.4188,8.5812,575.0000,0
641.10,0,0.0000,0,0,93.5116,6.4884,576.0000,0
641.10,1,26.5000,0,0,85.0240,14.9760,594.0000,0
641.10,2,0.0000,0,0,92.9436,7.0564,576.0000,0
641.10,3,80.5000,0,0,95.2454,4.7546,630.0000,0
641.10,4,0.0000,0,0,99.0005,0.9995,576.0000,0
641.10,5,68.5000,0,0,91.0609,8.9391,622.0000,0
641.10,6,0.0000,0,0,95.5052,4.4948,576.0000,0
641.10,7,0.0000,0,0,72.8390,27.1610,576.0000,0
641.10,8,88.0000,0,0,89.1376,10.8624,635.0000,0
641.10,9,0.0000,0,0,91.4188,8.5812,576.0000,0
642.10,0,0.0000,0,0,93.5116,6.4884,577.0000,0
642.10,1,26.5000,0,0,85.0240,14.9760,595.0000,0
642.10,2,0.0000,0,0,92.9436,7.0564,577.0000,0
642.10,3,80.5000,0,0,95.2454,4.7546,631.0000,0
642.10,4,0.0000,0,0,99.0005,0.9995,577.0000,0
642.10,5,68.5000,0,0,91.0609,8.9391,623.0000,0
642.10,6,0.0000,0,0,95.5052,4.4948,577.0000,0
642.10,7,0.0000,0,0,72.8390,27.1610,577.0000,0
642.10,8,88.0000,0,0,89.1376,10.8624,636.0000,0
642.10,9,0.0000,0,0,91.4188,8.5812,577.0000,0
643.10,0,0.0000,0,0,93.5116,6.4884,578.0000,0
643.10,1,26.5000,0,0,85.0240,14.9760,596.0000,0
643.10,2,0.0000,0,0,92.9436,7.0564,578.0000,0
643.10,3,80.5000,0,0,95.2454,4.7546,632.0000,0
643.10,4,0.0000,0,0,99.0005,0.9995,578.0000,0
643.10,5,68.5000,0,0,91.0609,8.9391,624.0000,0
643.10,6,0.0000,0,0,95.5052,4.4948,578.0000,0
643.10,7,0.0000,0,0,72.8390,27.1610,578.0000,0
643.10,8,88.0000,0,0,89.1376,10.8624,637.0000,0
643.10,9,0.0000,0,0,91.4188,8.5812,578.0000,0
644.10,0,0.0000,0,0,93.5116,6.4884,579.0000,0
644.10,1,26.5000,0,0,85.0240,14.9760,597.0000,0
644.10,2,0.0000,0,0,92.9436,7.0564,579.0000,0
644.10,3,80.5000,0,0,95.2454,4.7546,633.0000,0
644.10,4,0.0000,0,0,99.0005,0.9995,579.0000,0
644.10,5,68.5000,0,0,91.0609,8.9391,625.0000,0
644.10,6,0.0000,0,0,95.5052,4.4948,579.0000,0
644.10,7,0.0000,0,0,72.8390,27.1610,579.0000,0
644.10,8,88.0000,0,0,89.1376,10.8624,638.0000,0
644.10,9,0.0000,0,0,91.4188,8.5812,579.0000,0
645.10,0,0.0000,0,0,93.5116,6.4884,580.0000,0
645.10,1,26.5000,0,0,85.0240,14.9760,598.0000,0
645.10,2,0.0000,0,0,92.9436,7.0564,580.0000,0
645.10,3,80.5000,0,0,95.2454,4.7546,634.0000,0
645.10,4,0.0000,0,0,99.0005,0.9995,580.0000,0
645.10,5,68.5000,0,0,91.0609,8.9391,626.0000,0
645.10,6,0.0000,0,0,95.5052,4.4948,580.0000,0
645.10,7,0.0000,0,0,72.8390,27.1610,580.0000,0
645.10,8,88.0000,0,0,89.1376,10.8624,639.0000,0
645.10,9,0.0000,0,0,91.4188,8.5812,580.0000,0
646.10,0,0.0000,0,0,93.5116,6.4884,581.0000,0
646.10,1,26.5000,0,0,85.0240,14.9760,599.0000,0
646.10,2,0.0000,0,0,92.9436,7.0564,581.0000,0
646.10,3,80.5000,0,0,95.2454,4.7546,635.0000,0
646.10,4,0.0000,0,0,99.0005,0.9995,581.0000,0
646.10,5,68.5000,0,0,91.0609,8.9391,627.0000,0
646.10,6,0.0000,0,0,95.5052,4.4948,581.0000,0
646.10,7,0.0000,0,0,72.8390,27.1610,581.0000,0
646.10,8,88.0000,0,0,89.1376,10.8624,640.0000,0
646.10,9,0.0000,0,0,91.4188,8.5812,581.0000,0
647.10,0,0.0000,0,0,93.5116,6.4884,582.0000,0
647.10,1,26.5000,0,0,85.0240,14.9760,600.0000,0
647.10,2,0.0000,0,0,92.9436,7.0564,582.0000,0
647.10,3,80.5000,0,0,95.2454,4.7546,636.0000,0
647.10,4,0.0000,0,0,99.0005,0.9995,582.0000,0
647.10,5,68.5000,0,0,91.0609,8.9391,628.0000,0
647.10,6,0.0000,0,0,95.5052,4.4948,582.0000,0
647.10,7,0.0000,0,0,72.8390,27.1610,582.0000,0
647.10,8,88.0000,0,0,89.1376,10.8624,641.0000,0
647.10,9,0.0000,0,0,91.4188,8.5812,582.0000,0
648.10,0,0.0000,0,0,93.5116,6.4884,583.0000,0
648.10,1,26.5000,0,0,85.0240,14.9760,601.0000,0
648.10,2,0.0000,0,0,92.9436,7.0564,583.0000,0
648.10,3,80.5000,0,0,95.2454,4.7546,637.0000,0
648.10,4,0.0000,0,0,99.0005,0.9995,583.0000,0
648.10,5,68.5000,0,0,91.0609,8.9391,629.0000,0
648.10,6,0.0000,0,0,95.5052,4.4948,583.0000,0
648.10,7,0.0000,0,0,72.8390,27.1610,583.0000,0
648.10,8,88.0000,0,0,89.1376,10.8624,642.0000,0
648.10,9,0.0000,0,0,91.4188,8.5812,583.0000,0
649.10,0,0.0000,0,0,93.5116,6.4884,584.0000,0
649.10,1,26.5000,0,0,85.0240,14.9760,602.0000,0
649.10,2,0.0000,0,0,92.9436,7.0564,584.0000,0
649.10,3,80.5000,0,0,95.2454,4.7546,638.0000,0
649.10,4,0.0000,0,0,99.0005,0.9995,584.0000,0
649.10,5,68.5000,0,0,91.0609,8.9391,630.0000,0
649.10,6,0.0000,0,0,95.5052,4.4948,584.0000,0
649.10,7,0.0000,0,0,72.8390,27.1610,584.0000,0
649.10,8,88.0000,0,0,89.1376,10.8624,643.0000,0
649.10,9,0.0000,0,0,91.4188,8.5812,584.0000,0
650.10,0,0.0000,0,0,93.5116,6.4884,585.0000,0
650.10,1,26.5000,0,0,85.0240,14.9760,603.0000,0
650.10,2,0.0000,0,0,92.9436,7.0564,585.0000,0
650.10,3,80.5000,0,0,95.2454,4.7546,639.0000,0
650.10,4,0.0000,0,0,99.0005,0.9995,585.0000,0
650.10,5,68.5000,0,0,91.0609,8.9391,631.0000,0
650.10,6,0.0000,0,0,95.5052,4.4948,585.0000,0
650.10,7,0.0000,0,0,72.8390,27.1610,585.0000,0
650.10,8,88.0000,0,0,89.1376,10.8624,644.0000,0
650.10,9,0.0000,0,0,91.4188,8.5812,585.0000,0
651.10,0,0.0000,0,0,93.5116,6.4884,586.0000,0
651.10,1,26.5000,0,0,85.0240,14.9760,604.0000,0
651.10,2,0.0000,0,0,92.9436,7.0564,586.0000,0
651.10,3,80.5000,0,0,95.2454,4.7546,640.0000,0
651.10,4,0.0000,0,0,99.0005,0.9995,586.0000,0
651.10,5,68.5000,0,0,91.0609,8.9391,632.0000,0
651.10,6,0.0000,0,0,95.5052,4.4948,586.0000,0
651.10,7,0.0000,0,0,72.8390,27.1610,586.0000,0
651.10,8,88.0000,0,0,89.1376,10.8624,645.0000,0
651.10,9,0.0000,0,0,91.4188,8.5812,586.0000,0
652.10,0,0.0000,0,0,93.5116,6.4884,587.0000,0
652.10,1,26.5000,0,0,85.0240,14.9760,605.0000,0
652.10,2,0.0000,0,0,92.9436,7.0564,587.0000,0
652.10,3,80.5000,0,0,95.2454,4.7546,641.0000,0
652.10,4,0.0000,0,0,99.0005,0.9995,587.0000,0
652.10,5,68.5000,0,0,91.0609,8.9391,633.0000,0
652.10,6,0.0000,0,0,95.5052,4.4948,587.0000,0
652.10,7,0.0000,0,0,72.8390,27.1610,587.0000,0
652.10,8,88.0000,0,0,89.1376,10.8624,646.0000,0
652.10,9,0.0000,0,0,91.4188,8.5812,587.0000,0
653.10,0,0.0000,0,0,93.5116,6.4884,588.0000,0
653.10,1,26.5000,0,0,85.0240,14.9760,606.0000,0
653.10,2,0.0000,0,0,92.9436,7.0564,588.0000,0
653.10,3,80.5000,0,0,95.2454,4.7546,642.0000,0
653.10,4,0.0000,0,0,99.0005,0.9995,588.0000,0
653.10,5,68.5000,0,0,91.0609,8.9391,634.0000,0
653.10,6,0.0000,0,0,95.5052,4.4948,588.0000,0
653.10,7,0.0000,0,0,72.8390,27.1610,588.0000,0
653.10,8,88.0000,0,0,89.1376,10.8624,647.0000,0
653.10,9,0.0000,0,0,91.4188,8.5812,588.0000,0
654.10,0,0.0000,0,0,93.5116,6.4884,589.0000,0
654.10,1,26.5000,0,0,85.0240,14.9760,607.0000,0
654.10,2,0.0000,0,0,92.9436,7.0564,589.0000,0
654.10,3,80.5000,0,0,95.2454,4.7546,643.0000,0
654.10,4,0.0000,0,0,99.0005,0.9995,589.0000,0
654.10,5,68.5000,0,0,91.0609,8.9391,635.0000,0
654.10,6,0.0000,0,0,95.5052,4.4948,589.0000,0
654.10,7,0.0000,0,0,72.8390,27.1610,589.0000,0
654.10,8,88.0000,0,0,89.1376,10.8624,648.0000,0
654.10,9,0.0000,0,0,91.4188,8.5812,589.0000,0
655.10,0,0.0000,0,0,93.5116,6.4884,590.0000,0
655.10,1,26.5000,0,0,85.0240,14.9760,608.0000,0
655.10,2,0.0000,0,0,92.9436,7.0564,590.0000,0
655.10,3,80.5000,0,0,95.2454,4.7546,644.0000,0
655.10,4,0.0000,0,0,99.0005,0.9995,590.0000,0
655.10,5,68.5000,0,0,91.0609,8.9391,636.0000,0
655.10,6,0.0000,0,0,95.5052,4.4948,590.0000,0
655.10,7,0.0000,0,0,72.8390,27.1610,590.0000,0
655.10,8,88.0000,0,0,89.1376,10.8624,649.0000,0
655.10,9,0.0000,0,0,91.4188,8.5812,590.0000,0
656.10,0,0.0000,0,0,93.5116,6.4884,591.0000,0
656.10,1,26.5000,0,0,85.0240,14.9760,609.0000,0
656.10,2,0.0000,0,0,92.9436,7.0564,591.0000,0
656.10,3,80.5000,0,0,95.2454,4.7546,645.0000,0
656.10,4,0.0000,0,0,99.0005,0.9995,591.0000,0
656.10,5,68.5000,0,0,91.0609,8.9391,637.0000,0
656.10,6,0.0000,0,0,95.5052,4.4948,591.0000,0
656.10,7,0.0000,0,0,72.8390,27.1610,591.0000,0
656.10,8,88.0000,0,0,89.1376,10.8624,650.0000,0
656.10,9,0.0000,0,0,91.4188,8.5812,591.0000,0
657.10,0,0.0000,0,0,93.5116,6.4884,592.0000,0
657.10,1,26.5000,0,0,85.0240,14.9760,610.0000,0
657.10,2,0.0000,0,0,92.9436,7.0564,592.0000,0
657.10,3,80.5000,0,0,95.2454,4.7546,646.0000,0
657.10,4,0.0000,0,0,99.0005,0.9995,592.0000,0
657.10,5,68.5000,0,0,91.0609,8.9391,638.0000,0
657.10,6,0.0000,0,0,95.5052,4.4948,592.0000,0
657.10,7,0.0000,0,0,72.8390,27.1610,592.0000,0
657.10,8,88.0000,0,0,89.1376,10.8624,651.0000,0
657.10,9,0.0000,0,0,91.4188,8.5812,592.0000,0
658.10,0,0.0000,0,0,93.5116,6.4884,593.0000,0
658.10,1,26.5000,0,0,85.0240,14.9760,611.0000,0
658.10,2,0.0000,0,0,92.9436,7.0564,593.0000,0
658.10,3,80.5000,0,0,95.2454,4.7546,647.0000,0
658.10,4,0.0000,0,0,99.0005,0.9995,593.0000,0
658.10,5,68.5000,0,0,91.0609,8.9391,639.0000,0
658.10,6,0.0000,0,0,95.5052,4.4948,593.0000,0
658.10,7,0.0000,0,0,72.8390,27.1610,593.0000,0
658.10,8,88.0000,0,0,89.1376,10.8624,652.0000,0
658.10,9,0.0000,0,0,91.4188,8.5812,593.0000,0
659.10,0,0.0000,0,0,93.5116,6.4884,594.0000,0
659.10,1,26.5000,0,0,85.0240,14.9760,612.0000,0
659.10,2,0.0000,0,0,92.9436,7.0564,594.0000,0
659.10,3,80.5000,0,0,95.2454,4.7546,648.0000,0
659.10,4,0.0000,0,0,99.0005,0.9995,594.0000,0
659.10,5,68.5000,0,0,91.0609,8.9391,640.0000,0
659.10,6,0.0000,0,0,95.5052,4.4948,594.0000,0
659.10,7,0.0000,0,0,72.8390,27.1610,594.0000,0
659.10,8,88.0000,0,0,89.1376,10.8624,653.0000,0
659.10,9,0.0000,0,0,91.4188,8.5812,594.0000,0
660.10,0,0.0000,0,0,93.5116,6.4884,595.0000,0
660.10,1,26.5000,0,0,85.0240,14.9760,613.0000,0
660.10,2,0.0000,0,0,92.9436,7.0564,595.0000,0
660.10,3,80.5000,0,0,95.2454,4.7546,649.0000,0
660.10,4,0.0000,0,0,99.0005,0.9995,595.0000,0
660.10,5,68.5000,0,0,91.0609,8.9391,641.0000,0
660.10,6,0.0000,0,0,95.5052,4.4948,595.0000,0
660.10,7,0.0000,0,0,72.8390,27.1610,595.0000,0
660.10,8,88.0000,0,0,89.1376,10.8624,654.0000,0
660.10,9,0.0000,0,0,91.4188,8.5812,595.0000,0
661.10,0,0.0000,0,0,93.5116,6.4884,596.0000,0
661.10,1,26.5000,0,0,85.0240,14.9760,614.0000,0
661.10,2,0.0000,0,0,92.9436,7.0564,596.0000,0
661.10,3,80.5000,0,0,95.2454,4.7546,650.0000,0
661.10,4,0.0000,0,0,99.0005,0.9995,596.0000,0
661.10,5,68.5000,0,0,91.0609,8.9391,642.0000,0
661.10,6,0.0000,0,0,95.5052,4.4948,596.0000,0
661.10,7,0.0000,0,0,72.8390,27.1610,596.0000,0
661.10,8,88.0000,0,0,89.1376,10.8624,655.0000,0
661.10,9,0.0000,0,0,91.4188,8.5812,596.0000,0
662.10,0,0.0000,0,0,93.5116,6.4884,597.0000,0
662.10,1,26.5000,0,0,85.0240,14.9760,615.0000,0
662.10,2,0.0000,0,0,92.9436,7.0564,597.0000,0
662.10,3,80.5000,0,0,95.2454,4.7546,651.0000,0
662.10,4,0.0000,0,0,99.0005,0.9995,597.0000,0
662.10,5,68.5000,0,0,91.0609,8.9391,643.0000,0
662.10,6,0.0000,0,0,95.5052,4.4948,597.0000,0
662.10,7,0.0000,0,0,72.8390,27.1610,597.0000,0
662.10,8,88.0000,0,0,89.1376,10.8624,656.0000,0
662.10,9,0.0000,0,0,91.4188,8.5812,597.0000,0
663.10,0,0.0000,0,0,93.5116,6.4884,598.0000,0
663.10,1,26.5000,0,0,85.0240,14.9760,616.0000,0
663.10,2,0.0000,0,0,92.9436,7.0564,598.0000,0
663.10,3,80.5000,0,0,95.2454,4.7546,652.0000,0
663.10,4,0.0000,0,0,99.0005,0.9995,598.0000,0
663.10,5,68.5000,0,0,91.0609,8.9391,644.0000,0
663.10,6,0.0000,0,0,95.5052,4.4948,598.0000,0
663.10,7,0.0000,0,0,72.8390,27.1610,598.0000,0
663.10,8,88.0000,0,0,89.1376,10.8624,657.0000,0
663.10,9,0.0000,0,0,91.4188,8.5812,598.0000,0
664.10,0,0.0000,0,0,93.5116,6.4884,599.0000,0
664.10,1,26.5000,0,0,85.0240,14.9760,617.0000,0
664.10,2,0.0000,0,0,92.9436,7.0564,599.0000,0
664.10,3,80.5000,0,0,95.2454,4.7546,653.0000,0
664.10,4,0.0000,0,0,99.0005,0.9995,599.0000,0
664.10,5,68.5000,0,0,91.0609,8.9391,645.0000,0
664.10,6,0.0000,0,0,95.5052,4.4948,599.0000,0
664.10,7,0.0000,0,0,72.8390,27.1610,599.0000,0
664.10,8,88.0000,0,0,89.1376,10.8624,658.0000,0
664.10,9,0.0000,0,0,91.4188,8.5812,599.0000,0
665.10,0,0.0000,0,0,93.5116,6.4884,600.0000,0
665.10,1,26.5000,0,0,85.0240,14.9760,618.0000,0
665.10,2,0.0000,0,0,92.9436,7.0564,600.0000,0
665.10,3,80.5000,0,0,95.2454,4.7546,654.0000,0
665.10,4,0.0000,0,0,99.0005,0.9995,600.0000,0
665.10,5,68.5000,0,0,91.0609,8.9391,646.0000,0
665.10,6,0.0000,0,0,95.5052,4.4948,600.0000,0
665.10,7,0.0000,0,0,72.8390,27.1610,600.0000,0
665.10,8,88.0000,0,0,89.1376,10.8624,659.0000,0
665.10,9,0.0000,0,0,91.4188,8.5812,600.0000,0
666.10,0,0.0000,0,0,93.5116,6.4884,601.0000,0
666.10,1,26.5000,0,0,85.0240,14.9760,619.0000,0
666.10,2,0.0000,0,0,92.9436,7.0564,601.0000,0
666.10,3,80.5000,0,0,95.2454,4.7546,655.0000,0
666.10,4,0.0000,0,0,99.0005,0.9995,601.0000,0
666.10,5,68.5000,0,0,91.0609,8.9391,647.0000,0
666.10,6,0.0000,0,0,95.5052,4.4948,601.0000,0
666.10,7,0.0000,0,0,72.8390,27.1610,601.0000,0
666.10,8,88.0000,0,0,89.1376,10.8624,660.0000,0
666.10,9,0.0000,0,0,91.4188,8.5812,601.0000,0
667.10,0,0.0000,0,0,93.5116,6.4884,602.0000,0
667.10,1,26.5000,0,0,85.0240,14.9760,620.0000,0
667.10,2,0.0000,0,0,92.9436,7.0564,602.0000,0
667.10,3,80.5000,0,0,95.2454,4.7546,656.0000,0
667.10,4,0.0000,0,0,99.0005,0.9995,602.0000,0
667.10,5,68.5000,0,0,91.0609,8.9391,648.0000,0
667.10,6,0.0000,0,0,95.5052,4.4948,602.0000,0
667.10,7,0.0000,0,0,72.8390,27.1610,602.0000,0
667.10,8,88.0000,0,0,89.1376,10.8624,661.0000,0
667.10,9,0.0000,0,0,91.4188,8.5812,602.0000,0
668.10,0,0.0000,0,0,93.5116,6.4884,603.0000,0
668.10,1,26.5000,0,0,85.0240,14.9760,621.0000,0
668.10,2,0.0000,0,0,92.9436,7.0564,603.0000,0
668.10,3,80.5000,0,0,95.2454,4.7546,657.0000,0
668.10,4,0.0000,0,0,99.0005,0.9995,603.0000,0
668.10,5,68.5000,0,0,91.0609,8.9391,649.0000,0
668.10,6,0.0000,0,0,95.5052,4.4948,603.0000,0
668.10,7,0.0000,0,0,72.8390,27.1610,603.0000,0
668.10,8,88.0000,0,0,89.1376,10.8624,662.0000,0
668.10,9,0.0000,0,0,91.4188,8.5812,603.0000,0
669.10,0,0.0000,0,0,93.5116,6.4884,604.0000,0
669.10,1,26.5000,0,0,85.0240,14.9760,622.0000,0
669.10,2,0.0000,0,0,92.9436,7.0564,604.0000,0
669.10,3,80.5000,0,0,95.2454,4.7546,658.0000,0
669.10,4,0.0000,0,0,99.0005,0.9995,604.0000,0
669.10,5,68.5000,0,0,91.0609,8.9391,650.0000,0
669.10,6,0.0000,0,0,95.5052,4.4948,604.0000,0
669.10,7,0.0000,0,0,72.8390,27.1610,604.0000,0
669.10,8,88.0000,0,0,89.1376,10.8624,663.0000,0
669.10,9,0.0000,0,0,91.4188,8.5812,604.0000,0
670.10,0,0.0000,0,0,93.5116,6.4884,605.0000,0
670.10,1,26.5000,0,0,85.0240,14.9760,623.0000,0
670.10,2,0.0000,0,0,92.9436,7.0564,605.0000,0
670.10,3,80.5000,0,0,95.2454,4.7546,659.0000,0
670.10,4,0.0000,0,0,99.0005,0.9995,605.0000,0
670.10,5,68.5000,0,0,91.0609,8.9391,651.0000,0
670.10,6,0.0000,0,0,95.5052,4.4948,605.0000,0
670.10,7,0.0000,0,0,72.8390,27.1610,605.0000,0
670.10,8,88.0000,0,0,89.1376,10.8624,664.0000,0
670.10,9,0.0000,0,0,91.4188,8.5812,605.0000,0
671.10,0,0.0000,0,0,93.5116,6.4884,606.0000,0
671.10,1,26.5000,0,0,85.0240,14.9760,624.0000,0
671.10,2,0.0000,0,0,92.9436,7.0564,606.0000,0
671.10,3,80.5000,0,0,95.2454,4.7546,660.0000,0
671.10,4,0.0000,0,0,99.0005,0.9995,606.0000,0
671.10,5,68.5000,0,0,91.0609,8.9391,652.0000,0
671.10,6,0.0000,0,0,95.5052,4.4948,606.0000,0
671.10,7,0.0000,0,0,72.8390,27.1610,606.0000,0
671.10,8,88.0000,0,0,89.1376,10.8624,665.0000,0
671.10,9,0.0000,0,0,91.4188,8.5812,606.0000,0
672.10,0,0.0000,0,0,93.5116,6.4884,607.0000,0
672.10,1,26.5000,0,0,85.0240,14.9760,625.0000,0
672.10,2,0.0000,0,0,92.9436,7.0564,607.0000,0
672.10,3,80.5000,0,0,95.2454,4.7546,661.0000,0
672.10,4,0.0000,0,0,99.0005,0.9995,607.0000,0
672.10,5,68.5000,0,0,91.0609,8.9391,653.0000,0
672.10,6,0.0000,0,0,95.5052,4.4948,607.0000,0
672.10,7,0.0000,0,0,72.8390,27.1610,607.0000,0
672.10,8,88.0000,0,0,89.1376,10.8624,666.0000,0
672.10,9,0.0000,0,0,91.4188,8.5812,607.0000,0
673.10,0,0.0000,0,0,93.5116,6.4884,608.0000,0
673.10,1,26.5000,0,0,85.0240,14.9760,626.0000,0
673.10,2,0.0000,0,0,92.9436,7.0564,608.0000,0
673.10,3,80.5000,0,0,95.2454,4.7546,662.0000,0
673.10,4,0.0000,0,0,99.0005,0.9995,608.0000,0
673.10,5,68.5000,0,0,91.0609,8.9391,654.0000,0
673.10,6,0.0000,0,0,95.5052,4.4948,608.0000,0
673.10,7,0.0000,0,0,72.8390,27.1610,608.0000,0
673.10,8,88.0000,0,0,89.1376,10.8624,667.0000,0
673.10,9,0.0000,0,0,91.4188,8.5812,608.0000,0
674.10,0,0.0000,0,0,93.5116,6.4884,609.0000,0
674.10,1,26.5000,0,0,85.0240,14.9760,627.0000,0
674.10,2,0.0000,0,0,92.9436,7.0564,609.0000,0
674.10,3,80.5000,0,0,95.2454,4.7546,663.0000,0
674.10,4,0.0000,0,0,99.0005,0.9995,609.0000,0
674.10,5,68.5000,0,0,91.0609,8.9391,655.0000,0
674.10,6,0.0000,0,0,95.5052,4.4948,609.0000,0
674.10,7,0.0000,0,0,72.8390,27.1610,609.0000,0
674.10,8,88.0000,0,0,89.1376,10.8624,668.0000,0
674.10,9,0.0000,0,0,91.4188,8.5812,609.0000,0
675.10,0,0.0000,0,0,93.5116,6.4884,610.0000,0
675.10,1,26.5000,0,0,85.0240,14.9760,628.0000,0
675.10,2,0.0000,0,0,92.9436,7.0564,610.0000,0
675.10,3,80.5000,0,0,95.2454,4.7546,664.0000,0
675.10,4,0.0000,0,0,99.0005,0.9995,610.0000,0
675.10,5,68.5000,0,0,91.0609,8.9391,656.0000,0
675.10,6,0.0000,0,0,95.5052,4.4948,610.0000,0
675.10,7,0.0000,0,0,72.8390,27.1610,610.0000,0
675.10,8,88.0000,0,0,89.1376,10.8624,669.0000,0
675.10,9,0.0000,0,0,91.4188,8.5812,610.0000,0
676.10,0,0.0000,0,0,93.5116,6.4884,611.0000,0
676.10,1,26.5000,0,0,85.0240,14.9760,629.0000,0
676.10,2,0.0000,0,0,92.9436,7.0564,611.0000,0
676.10,3,80.5000,0,0,95.2454,4.7546,665.0000,0
676.10,4,0.0000,0,0,99.0005,0.9995,611.0000,0
676.10,5,68.5000,0,0,91.0609,8.9391,657.0000,0
676.10,6,0.0000,0,0,95.5052,4.4948,611.0000,0
676.10,7,0.0000,0,0,72.8390,27.1610,611.0000,0
676.10,8,88.0000,0,0,89.1376,10.8624,670.0000,0
676.10,9,0.0000,0,0,91.4188,8.5812,611.0000,0
677.10,0,0.0000,0,0,93.5116,6.4884,612.0000,0
677.10,1,26.5000,0,0,85.0240,14.9760,630.0000,0
677.10,2,0.0000,0,0,92.9436,7.0564,612.0000,0
677.10,3,80.5000,0,0,95.2454,4.7546,666.0000,0
677.10,4,0.0000,0,0,99.0005,0.9995,612.0000,0
677.10,5,68.5000,0,0,91.0609,8.9391,658.0000,0
677.10,6,0.0000,0,0,95.5052,4.4948,612.0000,0
677.10,7,0.0000,0,0,72.8390,27.1610,612.0000,0
677.10,8,88.0000,0,0,89.1376,10.8624,671.0000,0
677.10,9,0.0000,0,0,91.4188,8.5812,612.0000,0
678.10,0,0.0000,0,0,93.5116,6.4884,613.0000,0
678.10,1,26.5000,0,0,85.0240,14.9760,631.0000,0
678.10,2,0.0000,0,0,92.9436,7.0564,613.0000,0
678.10,3,80.5000,0,0,95.2454,4.7546,667.0000,0
678.10,4,0.0000,0,0,99.0005,0.9995,613.0000,0
678.10,5,68.5000,0,0,91.0609,8.9391,659.0000,0
678.10,6,0.0000,0,0,95.5052,4.4948,613.0000,0
678.10,7,0.0000,0,0,72.8390,27.1610,613.0000,0
678.10,8,88.0000,0,0,89.1376,10.8624,672.0000,0
678.10,9,0.0000,0,0,91.4188,8.5812,613.0000,0
679.10,0,0.0000,0,0,93.5116,6.4884,614.0000,0
679.10,1,26.5000,0,0,85.0240,14.9760,632.0000,0
679.10,2,0.0000,0,0,92.9436,7.0564,614.0000,0
679.10,3,80.5000,0,0,95.2454,4.7546,668.0000,0
679.10,4,0.0000,0,0,99.0005,0.9995,614.0000,0
679.10,5,68.5000,0,0,91.0609,8.9391,660.0000,0
679.10,6,0.0000,0,0,95.5052,4.4948,614.0000,0
679.10,7,0.0000,0,0,72.8390,27.1610,614.0000,0
679.10,8,88.0000,0,0,89.1376,10.8624,673.0000,0
679.10,9,0.0000,0,0,91.4188,8.5812,614.0000,0
680.10,0,0.0000,0,0,93.5116,6.4884,615.0000,0
680.10,1,26.5000,0,0,85.0240,14.9760,633.0000,0
680.10,2,0.0000,0,0,92.9436,7.0564,615.0000,0
680.10,3,80.5000,0,0,95.2454,4.7546,669.0000,0
680.10,4,0.0000,0,0,99.0005,0.9995,615.0000,0
680.10,5,68.5000,0,0,91.0609,8.9391,661.0000,0
680.10,6,0.0000,0,0,95.5052,4.4948,615.0000,0
680.10,7,0.0000,0,0,72.8390,27.1610,615.0000,0
680.10,8,88.0000,0,0,89.1376,10.8624,674.0000,0
680.10,9,0.0000,0,0,91.4188,8.5812,615.0000,0
681.10,0,0.0000,0,0,93.5116,6.4884,616.0000,0
681.10,1,26.5000,0,0,85.0240,14.9760,634.0000,0
681.10,2,0.0000,0,0,92.9436,7.0564,616.0000,0
681.10,3,80.5000,0,0,95.2454,4.7546,670.0000,0
681.10,4,0.0000,0,0,99.0005,0.9995,616.0000,0
681.10,5,68.5000,0,0,91.0609,8.9391,662.0000,0
681.10,6,0.0000,0,0,95.5052,4.4948,616.0000,0
681.10,7,0.0000,0,0,72.8390,27.1610,616.0000,0
681.10,8,88.0000,0,0,89.1376,10.8624,675.0000,0
681.10,9,0.0000,0,0,91.4188,8.5812,616.0000,0
682.10,0,0.0000,0,0,93.5116,6.4884,617.0000,0
682.10,1,26.5000,0,0,85.0240,14.9760,635.0000,0
682.10,2,0.0000,0,0,92.9436,7.0564,617.0000,0
682.10,3,80.5000,0,0,95.2454,4.7546,671.0000,0
682.10,4,0.0000,0,0,99.0005,0.9995,617.0000,0
682.10,5,68.5000,0,0,91.0609,8.9391,663.0000,0
682.10,6,0.0000,0,0,95.5052,4.4948,617.0000,0
682.10,7,0.0000,0,0,72.8390,27.1610,617.0000,0
682.10,8,88.0000,0,0,89.1376,10.8624,676.0000,0
682.10,9,0.0000,0,0,91.4188,8.5812,617.0000,0
683.10,0,0.0000,0,0,93.5116,6.4884,618.0000,0
683.10,1,26.5000,0,0,85.0240,14.9760,636.0000,0
683.10,2,0.0000,0,0,92.9436,7.0564,618.0000,0
683.10,3,80.5000,0,0,95.2454,4.7546,672.0000,0
683.10,4,0.0000,0,0,99.0005,0.9995,618.0000,0
683.10,5,68.5000,0,0,91.0609,8.9391,664.0000,0
683.10,6,0.0000,0,0,95.5052,4.4948,618.0000,0
683.10,7,0.0000,0,0,72.8390,27.1610,618.0000,0
683.10,8,88.0000,0,0,89.1376,10.8624,677.0000,0
683.10,9,0.0000,0,0,91.4188,8.5812,618.0000,0
684.10,0,0.0000,0,0,93.5116,6.4884,619.0000,0
684.10,1,26.5000,0,0,85.0240,14.9760,637.0000,0
684.10,2,0.0000,0,0,92.9436,7.0564,619.0000,0
684.10,3,80.5000,0,0,95.2454,4.7546,673.0000,0
684.10,4,0.0000,0,0,99.0005,0.9995,619.0000,0
684.10,5,68.5000,0,0,91.0609,8.9391,665.0000,0
684.10,6,0.0000,0,0,95.5052,4.4948,619.0000,0
684.10,7,0.0000,0,0,72.8390,27.1610,619.0000,0
684.10,8,88.0000,0,0,89.1376,10.8624,678.0000,0
684.10,9,0.0000,0,0,91.4188,8.5812,619.0000,0
685.10,0,0.0000,0,0,93.5116,6.4884,620.0000,0
685.10,1,26.5000,0,0,85.0240,14.9760,638.0000,0
685.10,2,0.0000,0,0,92.9436,7.0564,620.0000,0
685.10,3,80.5000,0,0,95.2454,4.7546,674.0000,0
685.10,4,0.0000,0,0,99.0005,0.9995,620.0000,0
685.10,5,68.5000,0,0,91.0609,8.9391,666.0000,0
685.10,6,0.0000,0,0,95.5052,4.4948,620.0000,0
685.10,7,0.0000,0,0,72.8390,27.1610,620.0000,0
685.10,8,88.0000,0,0,89.1376,10.8624,679.0000,0
685.10,9,0.0000,0,0,91.4188,8.5812,620.0000,0
686.10,0,0.0000,0,0,93.5116,6.4884,621.0000,0
686.10,1,26.5000,0,0,85.0240,14.9760,639.0000,0
686.10,2,0.0000,0,0,92.9436,7.0564,621.0000,0
686.10,3,80.5000,0,0,95.2454,4.7546,675.0000,0
686.10,4,0.0000,0,0,99.0005,0.9995,621.0000,0
686.10,5,68.5000,0,0,91.0609,8.9391,667.0000,0
686.10,6,0.0000,0,0,95.5052,4.4948,621.0000,0
686.10,7,0.0000,0,0,72.8390,27.1610,621.0000,0
686.10,8,88.0000,0,0,89.1376,10.8624,680.0000,0
686.10,9,0.0000,0,0,91.4188,8.5812,621.0000,0
687.10,0,0.0000,0,0,93.5116,6.4884,622.0000,0
687.10,1,26.5000,0,0,85.0240,14.9760,640.0000,0
687.10,2,0.0000,0,0,92.9436,7.0564,622.0000,0
687.10,3,80.5000,0,0,95.2454,4.7546,676.0000,0
687.10,4,0.0000,0,0,99.0005,0.9995,622.0000,0
687.10,5,68.5000,0,0,91.0609,8.9391,668.0000,0
687.10,6,0.0000,0,0,95.5052,4.4948,622.0000,0
687.10,7,0.0000,0,0,72.8390,27.1610,622.0000,0
687.10,8,88.0000,0,0,89.1376,10.8624,681.0000,0
687.10,9,0.0000,0,0,91.4188,8.5812,622.0000,0
688.10,0,0.0000,0,0,93.5116,6.4884,623.0000,0
688.10,1,26.5000,0,0,85.0240,14.9760,641.0000,0
688.10,2,0.0000,0,0,92.9436,7.0564,623.0000,0
688.10,3,80.5000,0,0,95.2454,4.7546,677.0000,0
688.10,4,0.0000,0,0,99.0005,0.9995,623.0000,0
688.10,5,68.5000,0,0,91.0609,8.9391,669.0000,0
688.10,6,0.0000,0,0,95.5052,4.4948,623.0000,0
688.10,7,0.0000,0,0,72.8390,27.1610,623.0000,0
688.10,8,88.0000,0,0,89.1376,10.8624,682.0000,0
688.10,9,0.0000,0,0,91.4188,8.5812,623.0000,0
689.10,0,0.0000,0,0,93.5116,6.4884,624.0000,0
689.10,1,26.5000,0,0,85.0240,14.9760,642.0000,0
689.10,2,0.0000,0,0,92.9436,7.0564,624.0000,0
689.10,3,80.5000,0,0,95.2454,4.7546,678.0000,0
689.10,4,0.0000,0,0,99.0005,0.9995,624.0000,0
689.10,5,68.5000,0,0,91.0609,8.9391,670.0000,0
689.10,6,0.0000,0,0,95.5052,4.4948,624.0000,0
689.10,7,0.0000,0,0,72.8390,27.1610,624.0000,0
689.10,8,88.0000,0,0,89.1376,10.8624,683.0000,0
689.10,9,0.0000,0,0,91.4188,8.5812,624.0000,0
690.10,0,0.0000,0,0,93.5116,6.4884,625.0000,0
690.10,1,26.5000,0,0,85.0240,14.9760,643.0000,0
690.10,2,0.0000,0,0,92.9436,7.0564,625.0000,0
690.10,3,80.5000,0,0,95.2454,4.7546,679.0000,0
690.10,4,0.0000,0,0,99.0005,0.9995,625.0000,0
690.10,5,68.5000,0,0,91.0609,8.9391,671.0000,0
690.10,6,0.0000,0,0,95.5052,4.4948,625.0000,0
690.10,7,0.0000,0,0,72.8390,27.1610,625.0000,0
690.10,8,88.0000,0,0,89.1376,10.8624,684.0000,0
690.10,9,0.0000,0,0,91.4188,8.5812,625.0000,0
691.10,0,0.0000,0,0,93.5116,6.4884,626.0000,0
691.10,1,26.5000,0,0,85.0240,14.9760,644.0000,0
691.10,2,0.0000,0,0,92.9436,7.0564,626.0000,0
691.10,3,80.5000,0,0,95.2454,4.7546,680.0000,0
691.10,4,0.0000,0,0,99.0005,0.9995,626.0000,0
691.10,5,68.5000,0,0,91.0609,8.9391,672.0000,0
691.10,6,0.0000,0,0,95.5052,4.4948,626.0000,0
691.10,7,0.0000,0,0,72.8390,27.1610,626.0000,0
691.10,8,88.0000,0,0,89.1376,10.8624,685.0000,0
691.10,9,0.0000,0,0,91.4188,8.5812,626.0000,0
692.10,0,0.0000,0,0,93.5116,6.4884,627.0000,0
692.10,1,26.5000,0,0,85.0240,14.9760,645.0000,0
692.10,2,0.0000,0,0,92.9436,7.0564,627.0000,0
692.10,3,80.5000,0,0,95.2454,4.7546,681.0000,0
692.10,4,0.0000,0,0,99.0005,0.9995,627.0000,0
692.10,5,68.5000,0,0,91.0609,8.9391,673.0000,0
692.10,6,0.0000,0,0,95.5052,4.4948,627.0000,0
692.10,7,0.0000,0,0,72.8390,27.1610,627.0000,0
692.10,8,88.0000,0,0,89.1376,10.8624,686.0000,0
692.10,9,0.0000,0,0,91.4188,8.5812,627.0000,0
693.10,0,0.0000,0,0,93.5116,6.4884,628.0000,0
693.10,1,26.5000,0,0,85.0240,14.9760,646.0000,0
693.10,2,0.0000,0,0,92.9436,7.0564,628.0000,0
693.10,3,80.5000,0,0,95.2454,4.7546,682.0000,0
693.10,4,0.0000,0,0,99.0005,0.9995,628.0000,0
693.10,5,68.5000,0,0,91.0609,8.9391,674.0000,0
693.10,6,0.0000,0,0,95.5052,4.4948,628.0000,0
693.10,7,0.0000,0,0,72.8390,27.1610,628.0000,0
693.10,8,88.0000,0,0,89.1376,10.8624,687.0000,0
693.10,9,0.0000,0,0,91.4188,8.5812,628.0000,0
694.10,0,0.0000,0,0,93.5116,6.4884,629.0000,0
694.10,1,26.5000,0,0,85.0240,14.9760,647.0000,0
694.10,2,0.0000,0,0,92.9436,7.0564,629.0000,0
694.10,3,80.5000,0,0,95.2454,4.7546,683.0000,0
694.10,4,0.0000,0,0,99.0005,0.9995,629.0000,0
694.10,5,68.5000,0,0,91.0609,8.9391,675.0000,0
694.10,6,0.0000,0,0,95.5052,4.4948,629.0000,0
694.10,7,0.0000,0,0,72.8390,27.1610,629.0000,0
694.10,8,88.0000,0,0,89.1376,10.8624,688.0000,0
694.10,9,0.0000,0,0,91.4188,8.5812,629.0000,0
695.10,0,0.0000,0,0,93.5116,6.4884,630.0000,0
695.10,1,26.5000,0,0,85.0240,14.9760,648.0000,0
695.10,2,0.0000,0,0,92.9436,7.0564,630.0000,0
695.10,3,80.5000,0,0,95.2454,4.7546,684.0000,0
695.10,4,0.0000,0,0,99.0005,0.9995,630.0000,0
695.10,5,68.5000,0,0,91.0609,8.9391,676.0000,0
695.10,6,0.0000,0,0,95.5052,4.4948,630.0000,0
695.10,7,0.0000,0,0,72.8390,27.1610,630.0000,0
695.10,8,88.0000,0,0,89.1376,10.8624,689.0000,0
695.10,9,0.0000,0,0,91.4188,8.5812,630.0000,0
696.10,0,0.0000,0,0,93.5116,6.4884,631.0000,0
696.10,1,26.5000,0,0,85.0240,14.9760,649.0000,0
696.10,2,0.0000,0,0,92.9436,7.0564,631.0000,0
696.10,3,80.5000,0,0,95.2454,4.7546,685.0000,0
696.10,4,0.0000,0,0,99.0005,0.9995,631.0000,0
696.10,5,68.5000,0,0,91.0609,8.9391,677.0000,0
696.10,6,0.0000,0,0,95.5052,4.4948,631.0000,0
696.10,7,0.0000,0,0,72.8390,27.1610,631.0000,0
696.10,8,88.0000,0,0,89.1376,10.8624,690.0000,0
696.10,9,0.0000,0,0,91.4188,8.5812,631.0000,0
697.10,0,0.0000,0,0,93.5116,6.4884,632.0000,0
697.10,1,26.5000,0,0,85.0240,14.9760,650.0000,0
697.10,2,0.0000,0,0,92.9436,7.0564,632.0000,0
697.10,3,80.5000,0,0,95.2454,4.7546,686.0000,0
697.10,4,0.0000,0,0,99.0005,0.9995,632.0000,0
697.10,5,68.5000,0,0,91.0609,8.9391,678.0000,0
697.10,6,0.0000,0,0,95.5052,4.4948,632.0000,0
697.10,7,0.0000,0,0,72.8390,27.1610,632.0000,0
697.10,8,88.0000,0,0,89.1376,10.8624,691.0000,0
697.10,9,0.0000,0,0,91.4188,8.5812,632.0000,0
698.10,0,0.0000,0,0,93.5116,6.4884,633.0000,0
698.10,1,26.5000,0,0,85.0240,14.9760,651.0000,0
698.10,2,0.0000,0,0,92.9436,7.0564,633.0000,0
698.10,3,80.5000,0,0,95.2454,4.7546,687.0000,0
698.10,4,0.0000,0,0,99.0005,0.9995,633.0000,0
698.10,5,68.5000,0,0,91.0609,8.9391,679.0000,0
698.10,6,0.0000,0,0,95.5052,4.4948,633.0000,0
698.10,7,0.0000,0,0,72.8390,27.1610,633.0000,0
698.10,8,88.0000,0,0,89.1376,10.8624,692.0000,0
698.10,9,0.0000,0,0,91.4188,8.5812,633.0000,0
699.10,0,0.0000,0,0,93.5116,6.4884,634.0000,0
699.10,1,26.5000,0,0,85.0240,14.9760,652.0000,0
699.10,2,0.0000,0,0,92.9436,7.0564,634.0000,0
699.10,3,80.5000,0,0,95.2454,4.7546,688.0000,0
699.10,4,0.0000,0,0,99.0005,0.9995,634.0000,0
699.10,5,68.5000,0,0,91.0609,8.9391,680.0000,0
699.10,6,0.0000,0,0,95.5052,4.4948,634.0000,0
699.10,7,0.0000,0,0,72.8390,27.1610,634.0000,0
699.10,8,88.0000,0,0,89.1376,10.8624,693.0000,0
699.10,9,0.0000,0,0,91.4188,8.5812,634.0000,0
700.10,0,0.0000,0,0,93.5116,6.4884,635.0000,0
700.10,1,26.5000,0,0,85.0240,14.9760,653.0000,0
700.10,2,0.0000,0,0,92.9436,7.0564,635.0000,0
700.10,3,80.5000,0,0,95.2454,4.7546,689.0000,0
700.10,4,0.0000,0,0,99.0005,0.9995,635.0000,0
700.10,5,68.5000,0,0,91.0609,8.9391,681.0000,0
700.10,6,0.0000,0,0,95.5052,4.4948,635.0000,0
700.10,7,0.0000,0,0,72.8390,27.1610,635.0000,0
700.10,8,88.0000,0,0,89.1376,10.8624,694.0000,0
700.10,9,0.0000,0,0,91.4188,8.5812,635.0000,0
701.10,0,0.0000,0,0,93.5116,6.4884,636.0000,0
701.10,1,26.5000,0,0,85.0240,14.9760,654.0000,0
701.10,2,0.0000,0,0,92.9436,7.0564,636.0000,0
701.10,3,80.5000,0,0,95.2454,4.7546,690.0000,0
701.10,4,0.0000,0,0,99.0005,0.9995,636.0000,0
701.10,5,68.5000,0,0,91.0609,8.9391,682.0000,0
701.10,6,0.0000,0,0,95.5052,4.4948,636.0000,0
701.10,7,0.0000,0,0,72.8390,27.1610,636.0000,0
701.10,8,88.0000,0,0,89.1376,10.8624,695.0000,0
701.10,9,0.0000,0,0,91.4188,8.5812,636.0000,0
702.10,0,0.0000,0,0,93.5116,6.4884,637.0000,0
702.10,1,26.5000,0,0,85.0240,14.9760,655.0000,0
702.10,2,0.0000,0,0,92.9436,7.0564,637.0000,0
702.10,3,80.5000,0,0,95.2454,4.7546,691.0000,0
702.10,4,0.0000,0,0,99.0005,0.9995,637.0000,0
702.10,5,68.5000,0,0,91.0609,8.9391,683.0000,0
702.10,6,0.0000,0,0,95.5052,4.4948,637.0000,0
702.10,7,0.0000,0,0,72.8390,27.1610,637.0000,0
702.10,8,88.0000,0,0,89.1376,10.8624,696.0000,0
702.10,9,0.0000,0,0,91.4188,8.5812,637.0000,0
703.10,0,0.0000,0,0,93.5116,6.4884,638.0000,0
703.10,1,26.5000,0,0,85.0240,14.9760,656.0000,0
703.10,2,0.0000,0,0,92.9436,7.0564,638.0000,0
703.10,3,80.5000,0,0,95.2454,4.7546,692.0000,0
703.10,4,0.0000,0,0,99.0005,0.9995,638.0000,0
703.10,5,68.5000,0,0,91.0609,8.9391,684.0000,0
703.10,6,0.0000,0,0,95.5052,4.4948,638.0000,0
703.10,7,0.0000,0,0,72.8390,27.1610,638.0000,0
703.10,8,88.0000,0,0,89.1376,10.8624,697.0000,0
703.10,9,0.0000,0,0,91.4188,8.5812,638.0000,0
704.10,0,0.0000,0,0,93.5116,6.4884,639.0000,0
704.10,1,26.5000,0,0,85.0240,14.9760,657.0000,0
704.10,2,0.0000,0,0,92.9436,7.0564,639.0000,0
704.10,3,80.5000,0,0,95.2454,4.7546,693.0000,0
704.10,4,0.0000,0,0,99.0005,0.9995,639.0000,0
704.10,5,68.5000,0,0,91.0609,8.9391,685.0000,0
704.10,6,0.0000,0,0,95.5052,4.4948,639.0000,0
704.10,7,0.0000,0,0,72.8390,27.1610,639.0000,0
704.10,8,88.0000,0,0,89.1376,10.8624,698.0000,0
704.10,9,0.0000,0,0,91.4188,8.5812,639.0000,0
705.10,0,0.0000,0,0,93.5116,6.4884,640.0000,0
705.10,1,26.5000,0,0,85.0240,14.9760,658.0000,0
705.10,2,0.0000,0,0,92.9436,7.0564,640.0000,0
705.10,3,80.5000,0,0,95.2454,4.7546,694.0000,0
705.10,4,0.0000,0,0,99.0005,0.9995,640.0000,0
705.10,5,68.5000,0,0,91.0609,8.9391,686.0000,0
705.10,6,0.0000,0,0,95.5052,4.4948,640.0000,0
705.10,7,0.0000,0,0,72.8390,27.1610,640.0000,0
705.10,8,88.0000,0,0,89.1376,10.8624,699.0000,0
705.10,9,0.0000,0,0,91.4188,8.5812,640.0000,0
706.10,0,0.0000,0,0,93.5116,6.4884,641.0000,0
706.10,1,26.5000,0,0,85.0240,14.9760,659.0000,0
706.10,2,0.0000,0,0,92.9436,7.0564,641.0000,0
706.10,3,80.5000,0,0,95.2454,4.7546,695.0000,0
706.10,4,0.0000,0,0,99.0005,0.9995,641.0000,0
706.10,5,68.5000,0,0,91.0609,8.9391,687.0000,0
706.10,6,0.0000,0,0,95.5052,4.4948,641.0000,0
706.10,7,0.0000,0,0,72.8390,27.1610,641.0000,0
706.10,8,88.0000,0,0,89.1376,10.8624,700.0000,0
706.10,9,0.0000,0,0,91.4188,8.5812,641.0000,0
707.10,0,0.0000,0,0,93.5116,6.4884,642.0000,0
707.10,1,26.5000,0,0,85.0240,14.9760,660.0000,0
707.10,2,0.0000,0,0,92.9436,7.0564,642.0000,0
707.10,3,80.5000,0,0,95.2454,4.7546,696.0000,0
707.10,4,0.0000,0,0,99.0005,0.9995,642.0000,0
707.10,5,68.5000,0,0,91.0609,8.9391,688.0000,0
707.10,6,0.0000,0,0,95.5052,4.4948,642.0000,0
707.10,7,0.0000,0,0,72.8390,27.1610,642.0000,0
707.10,8,88.0000,0,0,89.1376,10.8624,701.0000,0
707.10,9,0.0000,0,0,91.4188,8.5812,642.0000,0
708.10,0,0.0000,0,0,93.5116,6.4884,643.0000,0
708.10,1,26.5000,0,0,85.0240,14.9760,661.0000,0
708.10,2,0.0000,0,0,92.9436,7.0564,643.0000,0
708.10,3,80.5000,0,0,95.2454,4.7546,697.0000,0
708.10,4,0.0000,0,0,99.0005,0.9995,643.0000,0
708.10,5,68.5000,0,0,91.0609,8.9391,689.0000,0
708.10,6,0.0000,0,0,95.5052,4.4948,643.0000,0
708.10,7,0.0000,0,0,72.8390,27.1610,643.0000,0
708.10,8,88.0000,0,0,89.1376,10.8624,702.0000,0
708.10,9,0.0000,0,0,91.4188,8.5812,643.0000,0
709.10,0,0.0000,0,0,93.5116,6.4884,644.0000,0
709.10,1,26.5000,0,0,85.0240,14.9760,662.0000,0
709.10,2,0.0000,0,0,92.9436,7.0564,644.0000,0
709.10,3,80.5000,0,0,95.2454,4.7546,698.0000,0
709.10,4,0.0000,0,0,99.0005,0.9995,644.0000,0
709.10,5,68.5000,0,0,91.0609,8.9391,690.0000,0
709.10,6,0.0000,0,0,95.5052,4.4948,644.0000,0
709.10,7,0.0000,0,0,72.8390,27.1610,644.0000,0
709.10,8,88.0000,0,0,89.1376,10.8624,703.0000,0
709.10,9,0.0000,0,0,91.4188,8.5812,644.0000,0
710.10,0,0.0000,0,0,93.5116,6.4884,645.0000,0
710.10,1,26.5000,0,0,85.0240,14.9760,663.0000,0
710.10,2,0.0000,0,0,92.9436,7.0564,645.0000,0
710.10,3,80.5000,0,0,95.2454,4.7546,699.0000,0
710.10,4,0.0000,0,0,99.0005,0.9995,645.0000,0
710.10,5,68.5000,0,0,91.0609,8.9391,691.0000,0
710.10,6,0.0000,0,0,95.5052,4.4948,645.0000,0
710.10,7,0.0000,0,0,72.8390,27.1610,645.0000,0
710.10,8,88.0000,0,0,89.1376,10.8624,704.0000,0
710.10,9,0.0000,0,0,91.4188,8.5812,645.0000,0
711.10,0,0.0000,0,0,93.5116,6.4884,646.0000,0
711.10,1,26.5000,0,0,85.0240,14.9760,664.0000,0
711.10,2,0.0000,0,0,92.9436,7.0564,646.0000,0
711.10,3,80.5000,0,0,95.2454,4.7546,700.0000,0
711.10,4,0.0000,0,0,99.0005,0.9995,646.0000,0
711.10,5,68.5000,0,0,91.0609,8.9391,692.0000,0
711.10,6,0.0000,0,0,95.5052,4.4948,646.0000,0
711.10,7,0.0000,0,0,72.8390,27.1610,646.0000,0
711.10,8,88.0000,0,0,89.1376,10.8624,705.0000,0
711.10,9,0.0000,0,0,91.4188,8.5812,646.0000,0
712.10,0,0.0000,0,0,93.5116,6.4884,647.0000,0
712.10,1,26.5000,0,0,85.0240,14.9760,665.0000,0
712.10,2,0.0000,0,0,92.9436,7.0564,647.0000,0
712.10,3,80.5000,0,0,95.2454,4.7546,701.0000,0
712.10,4,0.0000,0,0,99.0005,0.9995,647.0000,0
712.10,5,68.5000,0,0,91.0609,8.9391,693.0000,0
712.10,6,0.0000,0,0,95.5052,4.4948,647.0000,0
712.10,7,0.0000,0,0,72.8390,27.1610,647.0000,0
712.10,8,88.0000,0,0,89.1376,10.8624,706.0000,0
712.10,9,0.0000,0,0,91.4188,8.5812,647.0000,0
713.10,0,0.0000,0,0,93.5116,6.4884,648.0000,0
713.10,1,26.5000,0,0,85.0240,14.9760,666.0000,0
713.10,2,0.0000,0,0,92.9436,7.0564,648.0000,0
713.10,3,80.5000,0,0,95.2454,4.7546,702.0000,0
713.10,4,0.0000,0,0,99.0005,0.9995,648.0000,0
713.10,5,68.5000,0,0,91.0609,8.9391,694.0000,0
713.10,6,0.0000,0,0,95.5052,4.4948,648.0000,0
713.10,7,0.0000,0,0,72.8390,27.1610,648.0000,0
713.10,8,88.0000,0,0,89.1376,10.8624,707.0000,0
713.10,9,0.0000,0,0,91.4188,8.5812,648.0000,0
714.10,0,0.0000,0,0,93.5116,6.4884,649.0000,0
714.10,1,26.5000,0,0,85.0240,14.9760,667.0000,0
714.10,2,0.0000,0,0,92.9436,7.0564,649.0000,0
714.10,3,80.5000,0,0,95.2454,4.7546,703.0000,0
714.10,4,0.0000,0,0,99.0005,0.9995,649.0000,0
714.10,5,68.5000,0,0,91.0609,8.9391,695.0000,0
714.10,6,0.0000,0,0,95.5052,4.4948,649.0000,0
714.10,7,0.0000,0,0,72.8390,27.1610,649.0000,0
714.10,8,88.0000,0,0,89.1376,10.8624,708.0000,0
714.10,9,0.0000,0,0,91.4188,8.5812,649.0000,0
715.10,0,0.0000,0,0,93.5116,6.4884,650.0000,0
715.10,1,26.5000,0,0,85.0240,14.9760,668.0000,0
715.10,2,0.0000,0,0,92.9436,7.0564,650.0000,0
715.10,3,80.5000,0,0,95.2454,4.7546,704.0000,0
715.10,4,0.0000,0,0,99.0005,0.9995,650.0000,0
715.10,5,68.5000,0,0,91.0609,8.9391,696.0000,0
715.10,6,0.0000,0,0,95.5052,4.4948,650.0000,0
715.10,7,0.0000,0,0,72.8390,27.1610,650.0000,0
715.10,8,88.0000,0,0,89.1376,10.8624,709.0000,0
715.10,9,0.0000,0,0,91.4188,8.5812,650.0000,0
716.10,0,0.0000,0,0,93.5116,6.4884,651.0000,0
716.10,1,26.5000,0,0,85.0240,14.9760,669.0000,0
716.10,2,0.0000,0,0,92.9436,7.0564,651.0000,0
716.10,3,80.5000,0,0,95.2454,4.7546,705.0000,0
716.10,4,0.0000,0,0,99.0005,0.9995,651.0000,0
716.10,5,68.5000,0,0,91.0609,8.9391,697.0000,0
716.10,6,0.0000,0,0,95.5052,4.4948,651.0000,0
716.10,7,0.0000,0,0,72.8390,27.1610,651.0000,0
716.10,8,88.0000,0,0,89.1376,10.8624,710.0000,0
716.10,9,0.0000,0,0,91.4188,8.5812,651.0000,0
717.10,0,0.0000,0,0,93.5116,6.4884,652.0000,0
717.10,1,26.5000,0,0,85.0240,14.9760,670.0000,0
717.10,2,0.0000,0,0,92.9436,7.0564,652.0000,0
717.10,3,80.5000,0,0,95.2454,4.7546,706.0000,0
717.10,4,0.0000,0,0,99.0005,0.9995,652.0000,0
717.10,5,68.5000,0,0,91.0609,8.9391,698.0000,0
717.10,6,0.0000,0,0,95.5052,4.4948,652.0000,0
717.10,7,0.0000,0,0,72.8390,27.1610,652.0000,0
717.10,8,88.0000,0,0,89.1376,10.8624,711.0000,0
717.10,9,0.0000,0,0,91.4188,8.5812,652.0000,0
718.10,0,0.0000,0,0,93.5116,6.4884,653.0000,0
718.10,1,26.5000,0,0,85.0240,14.9760,671.0000,0
718.10,2,0.0000,0,0,92.9436,7.0564,653.0000,0
718.10,3,80.5000,0,0,95.2454,4.7546,707.0000,0
718.10,4,0.0000,0,0,99.0005,0.9995,653.0000,0
718.10,5,68.5000,0,0,91.0609,8.9391,699.0000,0
718.10,6,0.0000,0,0,95.5052,4.4948,653.0000,0
718.10,7,0.0000,0,0,72.8390,27.1610,653.0000,0
718.10,8,88.0000,0,0,89.1376,10.8624,712.0000,0
718.10,9,0.0000,0,0,91.4188,8.5812,653.0000,0
719.10,0,0.0000,0,0,93.5116,6.4884,654.0000,0
719.10,1,26.5000,0,0,85.0240,14.9760,672.0000,0
719.10,2,0.0000,0,0,92.9436,7.0564,654.0000,0
719.10,3,80.5000,0,0,95.2454,4.7546,708.0000,0
719.10,4,0.0000,0,0,99.0005,0.9995,654.0000,0
719.10,5,68.5000,0,0,91.0609,8.9391,700.0000,0
719.10,6,0.0000,0,0,95.5052,4.4948,654.0000,0
719.10,7,0.0000,0,0,72.8390,27.1610,654.0000,0
719.10,8,88.0000,0,0,89.1376,10.8624,713.0000,0
719.10,9,0.0000,0,0,91.4188,8.5812,654.0000,0
720.10,0,0.0000,0,0,93.5116,6.4884,655.0000,0
720.10,1,26.5000,0,0,85.0240,14.9760,673.0000,0
720.10,2,0.0000,0,0,92.9436,7.0564,655.0000,0
720.10,3,80.5000,0,0,95.2454,4.7546,709.0000,0
720.10,4,0.0000,0,0,99.0005,0.9995,655.0000,0
720.10,5,68.5000,0,0,91.0609,8.9391,701.0000,0
720.10,6,0.0000,0,0,95.5052,4.4948,655.0000,0
720.10,7,0.0000,0,0,72.8390,27.1610,655.0000,0
720.10,8,88.0000,0,0,89.1376,10.8624,714.0000,0
720.10,9,0.0000,0,0,91.4188,8.5812,655.0000,0
721.10,0,0.0000,0,0,93.5116,6.4884,656.0000,0
721.10,1,26.5000,0,0,85.0240,14.9760,674.0000,0
721.10,2,0.0000,0,0,92.9436,7.0564,656.0000,0
721.10,3,80.5000,0,0,95.2454,4.7546,710.0000,0
721.10,4,0.0000,0,0,99.0005,0.9995,656.0000,0
721.10,5,68.5000,0,0,91.0609,8.9391,702.0000,0
721.10,6,0.0000,0,0,95.5052,4.4948,656.0000,0
721.10,7,0.0000,0,0,72.8390,27.1610,656.0000,0
721.10,8,88.0000,0,0,89.1376,10.8624,715.0000,0
721.10,9,0.0000,0,0,91.4188,8.5812,656.0000,0
722.10,0,0.0000,0,0,93.5116,6.4884,657.0000,0
722.10,1,26.5000,0,0,85.0240,14.9760,675.0000,0
722.10,2,0.0000,0,0,92.9436,7.0564,657.0000,0
722.10,3,80.5000,0,0,95.2454,4.7546,711.0000,0
722.10,4,0.0000,0,0,99.0005,0.9995,657.0000,0
722.10,5,68.5000,0,0,91.0609,8.9391,703.0000,0
722.10,6,0.0000,0,0,95.5052,4.4948,657.0000,0
722.10,7,0.0000,0,0,72.8390,27.1610,657.0000,0
722.10,8,88.0000,0,0,89.1376,10.8624,716.0000,0
722.10,9,0.0000,0,0,91.4188,8.5812,657.0000,0
723.10,0,0.0000,0,0,93.5116,6.4884,658.0000,0
723.10,1,26.5000,0,0,85.0240,14.9760,676.0000,0
723.10,2,0.0000,0,0,92.9436,7.0564,658.0000,0
723.10,3,80.5000,0,0,95.2454,4.7546,712.0000,0
723.10,4,0.0000,0,0,99.0005,0.9995,658.0000,0
723.10,5,68.5000,0,0,91.0609,8.9391,704.0000,0
723.10,6,0.0000,0,0,95.5052,4.4948,658.0000,0
723.10,7,0.0000,0,0,72.8390,27.1610,658.0000,0
723.10,8,88.0000,0,0,89.1376,10.8624,717.0000,0
723.10,9,0.0000,0,0,91.4188,8.5812,658.0000,0
724.10,0,0.0000,0,0,93.5116,6.4884,659.0000,0
724.10,1,26.5000,0,0,85.0240,14.9760,677.0000,0
724.10,2,0.0000,0,0,92.9436,7.0564,659.0000,0
724.10,3,80.5000,0,0,95.2454,4.7546,713.0000,0
724.10,4,0.0000,0,0,99.0005,0.9995,659.0000,0
724.10,5,68.5000,0,0,91.0609,8.9391,705.0000,0
724.10,6,0.0000,0,0,95.5052,4.4948,659.0000,0
724.10,7,0.0000,0,0,72.8390,27.1610,659.0000,0
724.10,8,88.0000,0,0,89.1376,10.8624,718.0000,0
724.10,9,0.0000,0,0,91.4188,8.5812,659.0000,0
725.10,0,0.0000,0,0,93.5116,6.4884,660.0000,0
725.10,1,26.5000,0,0,85.0240,14.9760,678.0000,0
725.10,2,0.0000,0,0,92.9436,7.0564,660.0000,0
725.10,3,80.5000,0,0,95.2454,4.7546,714.0000,0
725.10,4,0.0000,0,0,99.0005,0.9995,660.0000,0
725.10,5,68.5000,0,0,91.0609,8.9391,706.0000,0
725.10,6,0.0000,0,0,95.5052,4.4948,660.0000,0
725.10,7,0.0000,0,0,72.8390,27.1610,660.0000,0
725.10,8,88.0000,0,0,89.1376,10.8624,719.0000,0
725.10,9,0.0000,0,0,91.4188,8.5812,660.0000,0
726.10,0,0.0000,0,0,93.5116,6.4884,661.0000,0
726.10,1,26.5000,0,0,85.0240,14.9760,679.0000,0
726.10,2,0.0000,0,0,92.9436,7.0564,661.0000,0
726.10,3,80.5000,0,0,95.2454,4.7546,715.0000,0
726.10,4,0.0000,0,0,99.0005,0.9995,661.0000,0
726.10,5,68.5000,0,0,91.0609,8.9391,707.0000,0
726.10,6,0.0000,0,0,95.5052,4.4948,661.0000,0
726.10,7,0.0000,0,0,72.8390,27.1610,661.0000,0
726.10,8,88.0000,0,0,89.1376,10.8624,720.0000,0
726.10,9,0.0000,0,0,91.4188,8.5812,661.0000,0
727.10,0,0.0000,0,0,93.5116,6.4884,662.0000,0
727.10,1,26.5000,0,0,85.0240,14.9760,680.0000,0
727.10,2,0.0000,0,0,92.9436,7.0564,662.0000,0
727.10,3,80.5000,0,0,95.2454,4.7546,716.0000,0
727.10,4,0.0000,0,0,99.0005,0.9995,662.0000,0
727.10,5,68.5000,0,0,91.0609,8.9391,708.0000,0
727.10,6,0.0000,0,0,95.5052,4.4948,662.0000,0
727.10,7,0.0000,0,0,72.8390,27.1610,662.0000,0
727.10,8,88.0000,0,0,89.1376,10.8624,721.0000,0
727.10,9,0.0000,0,0,91.4188,8.5812,662.0000,0
728.10,0,0.0000,0,0,93.5116,6.4884,663.0000,0
728.10,1,26.5000,0,0,85.0240,14.9760,681.0000,0
728.10,2,0.0000,0,0,92.9436,7.0564,663.0000,0
728.10,3,80.5000,0,0,95.2454,4.7546,717.0000,0
728.10,4,0.0000,0,0,99.0005,0.9995,663.0000,0
728.10,5,68.5000,0,0,91.0609,8.9391,709.0000,0
728.10,6,0.0000,0,0,95.5052,4.4948,663.0000,0
728.10,7,0.0000,0,0,72.8390,27.1610,663.0000,0
728.10,8,88.0000,0,0,89.1376,10.8624,722.0000,0
728.10,9,0.0000,0,0,91.4188,8.5812,663.0000,0
729.10,0,0.0000,0,0,93.5116,6.4884,664.0000,0
729.10,1,26.5000,0,0,85.0240,14.9760,682.0000,0
729.10,2,0.0000,0,0,92.9436,7.0564,664.0000,0
729.10,3,80.5000,0,0,95.2454,4.7546,718.0000,0
729.10,4,0.0000,0,0,99.0005,0.9995,664.0000,0
729.10,5,68.5000,0,0,91.0609,8.9391,710.0000,0
729.10,6,0.0000,0,0,95.5052,4.4948,664.0000,0
729.10,7,0.0000,0,0,72.8390,27.1610,664.0000,0
729.10,8,88.0000,0,0,89.1376,10.8624,723.0000,0
729.10,9,0.0000,0,0,91.4188,8.5812,664.0000,0
730.10,0,0.0000,0,0,93.5116,6.4884,665.0000,0
730.10,1,26.5000,0,0,85.0240,14.9760,683.0000,0
730.10,2,0.0000,0,0,92.9436,7.0564,665.0000,0
730.10,3,80.5000,0,0,95.2454,4.7546,719.0000,0
730.10,4,0.0000,0,0,99.0005,0.9995,665.0000,0
730.10,5,68.5000,0,0,91.0609,8.9391,711.0000,0
730.10,6,0.0000,0,0,95.5052,4.4948,665.0000,0
730.10,7,0.0000,0,0,72.8390,27.1610,665.0000,0
730.10,8,88.0000,0,0,89.1376,10.8624,724.0000,0
730.10,9,0.0000,0,0,91.4188,8.5812,665.0000,0
731.10,0,0.0000,0,0,93.5116,6.4884,666.0000,0
731.10,1,26.5000,0,0,85.0240,14.9760,684.0000,0
731.10,2,0.0000,0,0,92.9436,7.0564,666.0000,0
731.10,3,80.5000,0,0,95.2454,4.7546,720.0000,0
731.10,4,0.0000,0,0,99.0005,0.9995,666.0000,0
731.10,5,68.5000,0,0,91.0609,8.9391,712.0000,0
731.10,6,0.0000,0,0,95.5052,4.4948,666.0000,0
731.10,7,0.0000,0,0,72.8390,27.1610,666.0000,0
731.10,8,88.0000,0,0,89.1376,10.8624,725.0000,0
731.10,9,0.0000,0,0,91.4188,8.5812,666.0000,0
732.10,0,0.0000,0,0,93.5116,6.4884,667.0000,0
732.10,1,26.5000,0,0,85.0240,14.9760,685.0000,0
732.10,2,0.0000,0,0,92.9436,7.0564,667.0000,0
732.10,3,80.5000,0,0,95.2454,4.7546,721.0000,0
732.10,4,0.0000,0,0,99.0005,0.9995,667.0000,0
732.10,5,68.5000,0,0,91.0609,8.9391,713.0000,0
732.10,6,0.0000,0,0,95.5052,4.4948,667.0000,0
732.10,7,0.0000,0,0,72.8390,27.1610,667.0000,0
732.10,8,88.0000,0,0,89.1376,10.8624,726.0000,0
732.10,9,0.0000,0,0,91.4188,8.5812,667.0000,0
733.10,0,0.0000,0,0,93.5116,6.4884,668.0000,0
733.10,1,26.5000,0,0,85.0240,14.9760,686.0000,0
733.10,2,0.0000,0,0,92.9436,7.0564,668.0000,0
733.10,3,80.5000,0,0,95.2454,4.7546,722.0000,0
733.10,4,0.0000,0,0,99.0005,0.9995,668.0000,0
733.10,5,68.5000,0,0,91.0609,8.9391,714.0000,0
733.10,6,0.0000,0,0,95.5052,4.4948,668.0000,0
733.10,7,0.0000,0,0,72.8390,27.1610,668.0000,0
733.10,8,88.0000,0,0,89.1376,10.8624,727.0000,0
733.10,9,0.0000,0,0,91.4188,8.5812,668.0000,0
734.10,0,0.0000,0,0,93.5116,6.4884,669.0000,0
734.10,1,26.5000,0,0,85.0240,14.9760,687.0000,0
734.10,2,0.0000,0,0,92.9436,7.0564,669.0000,0
734.10,3,80.5000,0,0,95.2454,4.7546,723.0000,0
734.10,4,0.0000,0,0,99.0005,0.9995,669.0000,0
734.10,5,68.5000,0,0,91.0609,8.9391,715.0000,0
734.10,6,0.0000,0,0,95.5052,4.4948,669.0000,0
734.10,7,0.0000,0,0,72.8390,27.1610,669.0000,0
734.10,8,88.0000,0,0,89.1376,10.8624,728.0000,0
734.10,9,0.0000,0,0,91.4188,8.5812,669.0000,0
735.10,0,0.0000,0,0,93.5116,6.4884,670.0000,0
735.10,1,26.5000,0,0,85.0240,14.9760,688.0000,0
735.10,2,0.0000,0,0,92.9436,7.0564,670.0000,0
735.10,3,80.5000,0,0,95.2454,4.7546,724.0000,0
735.10,4,0.0000,0,0,99.0005,0.9995,670.0000,0
735.10,5,68.5000,0,0,91.0609,8.9391,716.0000,0
735.10,6,0.0000,0,0,95.5052,4.4948,670.0000,0
735.10,7,0.0000,0,0,72.8390,27.1610,670.0000,0
735.10,8,88.0000,0,0,89.1376,10.8624,729.0000,0
735.10,9,0.0000,0,0,91.4188,8.5812,670.0000,0
736.10,0,0.0000,0,0,93.5116,6.4884,671.0000,0
736.10,1,26.5000,0,0,85.0240,14.9760,689.0000,0
736.10,2,0.0000,0,0,92.9436,7.0564,671.0000,0
736.10,3,80.5000,0,0,95.2454,4.7546,725.0000,0
736.10,4,0.0000,0,0,99.0005,0.9995,671.0000,0
736.10,5,68.5000,0,0,91.0609,8.9391,717.0000,0
736.10,6,0.0000,0,0,95.5052,4.4948,671.0000,0
736.10,7,0.0000,0,0,72.8390,27.1610,671.0000,0
736.10,8,88.0000,0,0,89.1376,10.8624,730.0000,0
736.10,9,0.0000,0,0,91.4188,8.5812,671.0000,0
737.10,0,0.0000,0,0,93.5116,6.4884,672.0000,0
737.10,1,26.5000,0,0,85.0240,14.9760,690.0000,0
737.10,2,0.0000,0,0,92.9436,7.0564,672.0000,0
737.10,3,80.5000,0,0,95.2454,4.7546,726.0000,0
737.10,4,0.0000,0,0,99.0005,0.9995,672.0000,0
737.10,5,68.5000,0,0,91.0609,8.9391,718.0000,0
737.10,6,0.0000,0,0,95.5052,4.4948,672.0000,0
737.10,7,0.0000,0,0,72.8390,27.1610,672.0000,0
737.10,8,88.0000,0,0,89.1376,10.8624,731.0000,0
737.10,9,0.0000,0,0,91.4188,8.5812,672.0000,0
738.10,0,0.0000,0,0,93.5116,6.4884,673.0000,0
738.10,1,26.5000,0,0,85.0240,14.9760,691.0000,0
738.10,2,0.0000,0,0,92.9436,7.0564,673.0000,0
738.10,3,80.5000,0,0,95.2454,4.7546,727.0000,0
738.10,4,0.0000,0,0,99.0005,0.9995,673.0000,0
738.10,5,68.5000,0,0,91.0609,8.9391,719.0000,0
738.10,6,0.0000,0,0,95.5052,4.4948,673.0000,0
738.10,7,0.0000,0,0,72.8390,27.1610,673.0000,0
738.10,8,88.0000,0,0,89.1376,10.8624,732.0000,0
738.10,9,0.0000,0,0,91.4188,8.5812,673.0000,0
739.10,0,0.0000,0,0,93.5116,6.4884,674.0000,0
739.10,1,26.5000,0,0,85.0240,14.9760,692.0000,0
739.10,2,0.0000,0,0,92.9436,7.0564,674.0000,0
739.10,3,80.5000,0,0,95.2454,4.7546,728.0000,0
739.10,4,0.0000,0,0,99.0005,0.9995,674.0000,0
739.10,5,68.5000,0,0,91.0609,8.9391,720.0000,0
739.10,6,0.0000,0,0,95.5052,4.4948,674.0000,0
739.10,7,0.0000,0,0,72.8390,27.1610,674.0000,0
739.10,8,88.0000,0,0,89.1376,10.8624,733.0000,0
739.10,9,0.0000,0,0,91.4188,8.5812,674.0000,0
740.10,0,0.0000,0,0,93.5116,6.4884,675.0000,0
740.10,1,26.5000,0,0,85.0240,14.9760,693.0000,0
740.10,2,0.0000,0,0,92.9436,7.0564,675.0000,0
740.10,3,80.5000,0,0,95.2454,4.7546,729.0000,0
740.10,4,0.0000,0,0,99.0005,0.9995,675.0000,0
740.10,5,68.5000,0,0,91.0609,8.9391,721.0000,0
740.10,6,0.0000,0,0,95.5052,4.4948,675.0000,0
740.10,7,0.0000,0,0,72.8390,27.1610,675.0000,0
740.10,8,88.0000,0,0,89.1376,10.8624,734.0000,0
740.10,9,0.0000,0,0,91.4188,8.5812,675.0000,0
741.10,0,0.0000,0,0,93.5116,6.4884,676.0000,0
741.10,1,26.5000,0,0,85.0240,14.9760,694.0000,0
741.10,2,0.0000,0,0,92.9436,7.0564,676.0000,0
741.10,3,80.5000,0,0,95.2454,4.7546,730.0000,0
741.10,4,0.0000,0,0,99.0005,0.9995,676.0000,0
741.10,5,68.5000,0,0,91.0609,8.9391,722.0000,0
741.10,6,0.0000,0,0,95.5052,4.4948,676.0000,0
741.10,7,0.0000,0,0,72.8390,27.1610,676.0000,0
741.10,8,88.0000,0,0,89.1376,10.8624,735.0000,0
741.10,9,0.0000,0,0,91.4188,8.5812,676.0000,0
742.10,0,0.0000,0,0,93.5116,6.4884,677.0000,0
742.10,1,26.5000,0,0,85.0240,14.9760,695.0000,0
742.10,2,0.0000,0,0,92.9436,7.0564,677.0000,0
742.10,3,80.5000,0,0,95.2454,4.7546,731.0000,0
742.10,4,0.0000,0,0,99.0005,0.9995,677.0000,0
742.10,5,68.5000,0,0,91.0609,8.9391,723.0000,0
742.10,6,0.0000,0,0,95.5052,4.4948,677.0000,0
742.10,7,0.0000,0,0,72.8390,27.1610,677.0000,0
742.10,8,88.0000,0,0,89.1376,10.8624,736.0000,0
742.10,9,0.0000,0,0,91.4188,8.5812,677.0000,0
743.10,0,0.0000,0,0,93.5116,6.4884,678.0000,0
743.10,1,26.5000,0,0,85.0240,14.9760,696.0000,0
743.10,2,0.0000,0,0,92.9436,7.0564,678.0000,0
743.10,3,80.5000,0,0,95.2454,4.7546,732.0000,0
743.10,4,0.0000,0,0,99.0005,0.9995,678.0000,0
743.10,5,68.5000,0,0,91.0609,8.9391,724.0000,0
743.10,6,0.0000,0,0,95.5052,4.4948,678.0000,0
743.10,7,0.0000,0,0,72.8390,27.1610,678.0000,0
743.10,8,88.0000,0,0,89.1376,10.8624,737.0000,0
743.10,9,0.0000,0,0,91.4188,8.5812,678.0000,0
744.10,0,0.0000,0,0,93.5116,6.4884,679.0000,0
744.10,1,26.5000,0,0,85.0240,14.9760,697.0000,0
744.10,2,0.0000,0,0,92.9436,7.0564,679.0000,0
744.10,3,80.5000,0,0,95.2454,4.7546,733.0000,0
744.10,4,0.0000,0,0,99.0005,0.9995,679.0000,0
744.10,5,68.5000,0,0,91.0609,8.9391,725.0000,0
744.10,6,0.0000,0,0,95.5052,4.4948,679.0000,0
744.10,7,0.0000,0,0,72.8390,27.1610,679.0000,0
744.10,8,88.0000,0,0,89.1376,10.8624,738.0000,0
744.10,9,0.0000,0,0,91.4188,8.5812,679.0000,0
745.10,0,0.0000,0,0,93.5116,6.4884,680.0000,0
745.10,1,26.5000,0,0,85.0240,14.9760,698.0000,0
745.10,2,0.0000,0,0,92.9436,7.0564,680.0000,0
745.10,3,80.5000,0,0,95.2454,4.7546,734.0000,0
745.10,4,0.0000,0,0,99.0005,0.9995,680.0000,0
745.10,5,68.5000,0,0,91.0609,8.9391,726.0000,0
745.10,6,0.0000,0,0,95.5052,4.4948,680.0000,0
745.10,7,0.0000,0,0,72.8390,27.1610,680.0000,0
745.10,8,88.0000,0,0,89.1376,10.8624,739.0000,0
745.10,9,0.0000,0,0,91.4188,8.5812,680.0000,0
746.10,0,0.0000,0,0,93.5116,6.4884,681.0000,0
746.10,1,26.5000,0,0,85.0240,14.9760,699.0000,0
746.10,2,0.0000,0,0,92.9436,7.0564,681.0000,0
746.10,3,80.5000,0,0,95.2454,4.7546,735.0000,0
746.10,4,0.0000,0,0,99.0005,0.9995,681.0000,0
746.10,5,68.5000,0,0,91.0609,8.9391,727.0000,0
746.10,6,0.0000,0,0,95.5052,4.4948,681.0000,0
746.10,7,0.0000,0,0,72.8390,27.1610,681.0000,0
746.10,8,88.0000,0,0,89.1376,10.8624,740.0000,0
746.10,9,0.0000,0,0,91.4188,8.5812,681.0000,0
747.10,0,0.0000,0,0,93.5116,6.4884,682.0000,0
747.10,1,26.5000,0,0,85.0240,14.9760,700.0000,0
747.10,2,0.0000,0,0,92.9436,7.0564,682.0000,0
747.10,3,80.5000,0,0,95.2454,4.7546,736.0000,0
747.10,4,0.0000,0,0,99.0005,0.9995,682.0000,0
747.10,5,68.5000,0,0,91.0609,8.9391,728.0000,0
747.10,6,0.0000,0,0,95.5052,4.4948,682.0000,0
747.10,7,0.0000,0,0,72.8390,27.1610,682.0000,0
747.10,8,88.0000,0,0,89.1376,10.8624,741.0000,0
747.10,9,0.0000,0,0,91.4188,8.5812,682.0000,0
748.10,0,0.0000,0,0,93.5116,6.4884,683.0000,0
748.10,1,26.5000,0,0,85.0240,14.9760,701.0000,0
748.10,2,0.0000,0,0,92.9436,7.0564,683.0000,0
748.10,3,80.5000,0,0,95.2454,4.7546,737.0000,0
748.10,4,0.0000,0,0,99.0005,0.9995,683.0000,0
748.10,5,68.5000,0,0,91.0609,8.9391,729.0000,0
748.10,6,0.0000,0,0,95.5052,4.4948,683.0000,0
748.10,7,0.0000,0,0,72.8390,27.1610,683.0000,0
748.10,8,88.0000,0,0,89.1376,10.8624,742.0000,0
748.10,9,0.0000,0,0,91.4188,8.5812,683.0000,0
749.10,0,0.0000,0,0,93.5116,6.4884,684.0000,0
749.10,1,26.5000,0,0,85.0240,14.9760,702.0000,0
749.10,2,0.0000,0,0,92.9436,7.0564,684.0000,0
749.10,3,80.5000,0,0,95.2454,4.7546,738.0000,0
749.10,4,0.0000,0,0,99.0005,0.9995,684.0000,0
749.10,5,68.5000,0,0,91.0609,8.9391,730.0000,0
749.10,6,0.0000,0,0,95.5052,4.4948,684.0000,0
749.10,7,0.0000,0,0,72.8390,27.1610,684.0000,0
749.10,8,88.0000,0,0,89.1376,10.8624,743.0000,0
749.10,9,0.0000,0,0,91.4188,8.5812,684.0000,0
750.10,0,0.0000,0,0,93.5116,6.4884,685.0000,0
750.10,1,26.5000,0,0,85.0240,14.9760,703.0000,0
750.10,2,0.0000,0,0,92.9436,7.0564,685.0000,0
750.10,3,80.5000,0,0,95.2454,4.7546,739.0000,0
750.10,4,0.0000,0,0,99.0005,0.9995,685.0000,0
750.10,5,68.5000,0,0,91.0609,8.9391,731.0000,0
750.10,6,0.0000,0,0,95.5052,4.4948,685.0000,0
750.10,7,0.0000,0,0,72.8390,27.1610,685.0000,0
750.10,8,88.0000,0,0,89.1376,10.8624,744.0000,0
750.10,9,0.0000,0,0,91.4188,8.5812,685.0000,0
751.10,0,0.0000,0,0,93.5116,6.4884,686.0000,0
751.10,1,26.5000,0,0,85.0240,14.9760,704.0000,0
751.10,2,0.0000,0,0,92.9436,7.0564,686.0000,0
751.10,3,80.5000,0,0,95.2454,4.7546,740.0000,0
751.10,4,0.0000,0,0,99.0005,0.9995,686.0000,0
751.10,5,68.5000,0,0,91.0609,8.9391,732.0000,0
751.10,6,0.0000,0,0,95.5052,4.4948,686.0000,0
751.10,7,0.0000,0,0,72.8390,27.1610,686.0000,0
751.10,8,88.0000,0,0,89.1376,10.8624,745.0000,0
751.10,9,0.0000,0,0,91.4188,8.5812,686.0000,0
752.10,0,0.0000,0,0,93.5116,6.4884,687.0000,0
752.10,1,26.5000,0,0,85.0240,14.9760,705.0000,0
752.10,2,0.0000,0,0,92.9436,7.0564,687.0000,0
752.10,3,80.5000,0,0,95.2454,4.7546,741.0000,0
752.10,4,0.0000,0,0,99.0005,0.9995,687.0000,0
752.10,5,68.5000,0,0,91.0609,8.9391,733.0000,0
752.10,6,0.0000,0,0,95.5052,4.4948,687.0000,0
752.10,7,0.0000,0,0,72.8390,27.1610,687.0000,0
752.10,8,88.0000,0,0,89.1376,10.8624,746.0000,0
752.10,9,0.0000,0,0,91.4188,8.5812,687.0000,0
753.10,0,0.0000,0,0,93.5116,6.4884,688.0000,0
753.10,1,26.5000,0,0,85.0240,14.9760,706.0000,0
753.10,2,0.0000,0,0,92.9436,7.0564,688.0000,0
753.10,3,80.5000,0,0,95.2454,4.7546,742.0000,0
753.10,4,0.0000,0,0,99.0005,0.9995,688.0000,0
753.10,5,68.5000,0,0,91.0609,8.9391,734.0000,0
753.10,6,0.0000,0,0,95.5052,4.4948,688.0000,0
753.10,7,0.0000,0,0,72.8390,27.1610,688.0000,0
753.10,8,88.0000,0,0,89.1376,10.8624,747.0000,0
753.10,9,0.0000,0,0,91.4188,8.5812,688.0000,0
754.10,0,0.0000,0,0,93.5116,6.4884,689.0000,0
754.10,1,26.5000,0,0,85.0240,14.9760,707.0000,0
754.10,2,0.0000,0,0,92.9436,7.0564,689.0000,0
754.10,3,80.5000,0,0,95.2454,4.7546,743.0000,0
754.10,4,0.0000,0,0,99.0005,0.9995,689.0000,0
754.10,5,68.5000,0,0,91.0609,8.9391,735.0000,0
754.10,6,0.0000,0,0,95.5052,4.4948,689.0000,0
754.10,7,0.0000,0,0,72.8390,27.1610,689.0000,0
754.10,8,88.0000,0,0,89.1376,10.8624,748.0000,0
754.10,9,0.0000,0,0,91.4188,8.5812,689.0000,0
755.10,0,0.0000,0,0,93.5116,6.4884,690.0000,0
755.10,1,26.5000,0,0,85.0240,14.9760,708.0000,0
755.10,2,0.0000,0,0,92.9436,7.0564,690.0000,0
755.10,3,80.5000,0,0,95.2454,4.7546,744.0000,0
755.10,4,0.0000,0,0,99.0005,0.9995,690.0000,0
755.10,5,68.5000,0,0,91.0609,8.9391,736.0000,0
755.10,6,0.0000,0,0,95.5052,4.4948,690.0000,0
755.10,7,0.0000,0,0,72.8390,27.1610,690.0000,0
755.10,8,88.0000,0,0,89.1376,10.8624,749.0000,0
755.10,9,0.0000,0,0,91.4188,8.5812,690.0000,0
756.10,0,0.0000,0,0,93.5116,6.4884,691.0000,0
756.10,1,26.5000,0,0,85.0240,14.9760,709.0000,0
756.10,2,0.0000,0,0,92.9436,7.0564,691.0000,0
756.10,3,80.5000,0,0,95.2454,4.7546,745.0000,0
756.10,4,0.0000,0,0,99.0005,0.9995,691.0000,0
756.10,5,68.5000,0,0,91.0609,8.9391,737.0000,0
756.10,6,0.0000,0,0,95.5052,4.4948,691.0000,0
756.10,7,0.0000,0,0,72.8390,27.1610,691.0000,0
756.10,8,88.0000,0,0,89.1376,10.8624,750.0000,0
756.10,9,0.0000,0,0,91.4188,8.5812,691.0000,0
757.10,0,0.0000,0,0,93.5116,6.4884,692.0000,0
757.10,1,26.5000,0,0,85.0240,14.9760,710.0000,0
757.10,2,0.0000,0,0,92.9436,7.0564,692.0000,0
757.10,3,80.5000,0,0,95.2454,4.7546,746.0000,0
757.10,4,0.0000,0,0,99.0005,0.9995,692.0000,0
757.10,5,68.5000,0,0,91.0609,8.9391,738.0000,0
757.10,6,0.0000,0,0,95.5052,4.4948,692.0000,0
757.10,7,0.0000,0,0,72.8390,27.1610,692.0000,0
757.10,8,88.0000,0,0,89.1376,10.8624,751.0000,0
757.10,9,0.0000,0,0,91.4188,8.5812,692.0000,0
758.10,0,0.0000,0,0,93.5116,6.4884,693.0000,0
758.10,1,26.5000,0,0,85.0240,14.9760,711.0000,0
758.10,2,0.0000,0,0,92.9436,7.0564,693.0000,0
758.10,3,80.5000,0,0,95.2454,4.7546,747.0000,0
758.10,4,0.0000,0,0,99.0005,0.9995,693.0000,0
758.10,5,68.5000,0,0,91.0609,8.9391,739.0000,0
758.10,6,0.0000,0,0,95.5052,4.4948,693.0000,0
758.10,7,0.0000,0,0,72.8390,27.1610,693.0000,0
758.10,8,88.0000,0,0,89.1376,10.8624,752.0000,0
758.10,9,0.0000,0,0,91.4188,8.5812,693.0000,0
759.10,0,0.0000,0,0,93.5116,6.4884,694.0000,0
759.10,1,26.5000,0,0,85.0240,14.9760,712.0000,0
759.10,2,0.0000,0,0,92.9436,7.0564,694.0000,0
759.10,3,80.5000,0,0,95.2454,4.7546,748.0000,0
759.10,4,0.0000,0,0,99.0005,0.9995,694.0000,0
759.10,5,68.5000,0,0,91.0609,8.9391,740.0000,0
759.10,6,0.0000,0,0,95.5052,4.4948,694.0000,0
759.10,7,0.0000,0,0,72.8390,27.1610,694.0000,0
759.10,8,88.0000,0,0,89.1376,10.8624,753.0000,0
759.10,9,0.0000,0,0,91.4188,8.5812,694.0000,0
760.10,0,0.0000,0,0,93.5116,6.4884,695.0000,0
760.10,1,26.5000,0,0,85.0240,14.9760,713.0000,0
760.10,2,0.0000,0,0,92.9436,7.0564,695.0000,0
760.10,3,80.5000,0,0,95.2454,4.7546,749.0000,0
760.10,4,0.0000,0,0,99.0005,0.9995,695.0000,0
760.10,5,68.5000,0,0,91.0609,8.9391,741.0000,0
760.10,6,0.0000,0,0,95.5052,4.4948,695.0000,0
760.10,7,0.0000,0,0,72.8390,27.1610,695.0000,0
760.10,8,88.0000,0,0,89.1376,10.8624,754.0000,0
760.10,9,0.0000,0,0,91.4188,8.5812,695.0000,0
761.10,0,0.0000,0,0,93.5116,6.4884,696.0000,0
761.10,1,26.5000,0,0,85.0240,14.9760,714.0000,0
761.10,2,0.0000,0,0,92.9436,7.0564,696.0000,0
761.10,3,80.5000,0,0,95.2454,4.7546,750.0000,0
761.10,4,0.0000,0,0,99.0005,0.9995,696.0000,0
761.10,5,68.5000,0,0,91.0609,8.9391,742.0000,0
761.10,6,0.0000,0,0,95.5052,4.4948,696.0000,0
761.10,7,0.0000,0,0,72.8390,27.1610,696.0000,0
761.10,8,88.0000,0,0,89.1376,10.8624,755.0000,0
761.10,9,0.0000,0,0,91.4188,8.5812,696.0000,0
762.10,0,0.0000,0,0,93.5116,6.4884,697.0000,0
762.10,1,26.5000,0,0,85.0240,14.9760,715.0000,0
762.10,2,0.0000,0,0,92.9436,7.0564,697.0000,0
762.10,3,80.5000,0,0,95.2454,4.7546,751.0000,0
762.10,4,0.0000,0,0,99.0005,0.9995,697.0000,0
762.10,5,68.5000,0,0,91.0609,8.9391,743.0000,0
762.10,6,0.0000,0,0,95.5052,4.4948,697.0000,0
762.10,7,0.0000,0,0,72.8390,27.1610,697.0000,0
762.10,8,88.0000,0,0,89.1376,10.8624,756.0000,0
762.10,9,0.0000,0,0,91.4188,8.5812,697.0000,0
763.10,0,0.0000,0,0,93.5116,6.4884,698.0000,0
763.10,1,26.5000,0,0,85.0240,14.9760,716.0000,0
763.10,2,0.0000,0,0,92.9436,7.0564,698.0000,0
763.10,3,80.5000,0,0,95.2454,4.7546,752.0000,0
763.10,4,0.0000,0,0,99.0005,0.9995,698.0000,0
763.10,5,68.5000,0,0,91.0609,8.9391,744.0000,0
763.10,6,0.0000,0,0,95.5052,4.4948,698.0000,0
763.10,7,0.0000,0,0,72.8390,27.1610,698.0000,0
763.10,8,88.0000,0,0,89.1376,10.8624,757.0000,0
763.10,9,0.0000,0,0,91.4188,8.5812,698.0000,0
764.10,0,0.0000,0,0,93.5116,6.4884,699.0000,0
764.10,1,26.5000,0,0,85.0240,14.9760,717.0000,0
764.10,2,0.0000,0,0,92.9436,7.0564,699.0000,0
764.10,3,80.5000,0,0,95.2454,4.7546,753.0000,0
764.10,4,0.0000,0,0,99.0005,0.9995,699.0000,0
764.10,5,68.5000,0,0,91.0609,8.9391,745.0000,0
764.10,6,0.0000,0,0,95.5052,4.4948,699.0000,0
764.10,7,0.0000,0,0,72.8390,27.1610,699.0000,0
764.10,8,88.0000,0,0,89.1376,10.8624,758.0000,0
764.10,9,0.0000,0,0,91.4188,8.5812,699.0000,0
765.10,0,0.0000,0,0,93.5116,6.4884,700.0000,0
765.10,1,26.5000,0,0,85.0240,14.9760,718.0000,0
765.10,2,0.0000,0,0,92.9436,7.0564,700.0000,0
765.10,3,80.5000,0,0,95.2454,4.7546,754.0000,0
765.10,4,0.0000,0,0,99.0005,0.9995,700.0000,0
765.10,5,68.5000,0,0,91.0609,8.9391,746.0000,0
765.10,6,0.0000,0,0,95.5052,4.4948,700.0000,0
765.10,7,0.0000,0,0,72.8390,27.1610,700.0000,0
765.10,8,88.0000,0,0,89.1376,10.8624,759.0000,0
765.10,9,0.0000,0,0,91.4188,8.5812,700.0000,0
766.10,0,0.0000,0,0,93.5116,6.4884,701.0000,0
766.10,1,26.5000,0,0,85.0240,14.9760,719.0000,0
766.10,2,0.0000,0,0,92.9436,7.0564,701.0000,0
766.10,3,80.5000,0,0,95.2454,4.7546,755.0000,0
766.10,4,0.0000,0,0,99.0005,0.9995,701.0000,0
766.10,5,68.5000,0,0,91.0609,8.9391,747.0000,0
766.10,6,0.0000,0,0,95.5052,4.4948,701.0000,0
766.10,7,0.0000,0,0,72.8390,27.1610,701.0000,0
766.10,8,88.0000,0,0,89.1376,10.8624,760.0000,0
766.10,9,0.0000,0,0,91.4188,8.5812,701.0000,0
767.10,0,0.0000,0,0,93.5116,6.4884,702.0000,0
767.10,1,26.5000,0,0,85.0240,14.9760,720.0000,0
767.10,2,0.0000,0,0,92.9436,7.0564,702.0000,0
767.10,3,80.5000,0,0,95.2454,4.7546,756.0000,0
767.10,4,0.0000,0,0,99.0005,0.9995,702.0000,0
767.10,5,68.5000,0,0,91.0609,8.9391,748.0000,0
767.10,6,0.0000,0,0,95.5052,4.4948,702.0000,0
767.10,7,0.0000,0,0,72.8390,27.1610,702.0000,0
767.10,8,88.0000,0,0,89.1376,10.8624,761.0000,0
767.10,9,0.0000,0,0,91.4188,8.5812,702.0000,0
768.10,0,0.0000,0,0,93.5116,6.4884,703.0000,0
768.10,1,26.5000,0,0,85.0240,14.9760,721.0000,0
768.10,2,0.0000,0,0,92.9436,7.0564,703.0000,0
768.10,3,80.5000,0,0,95.2454,4.7546,757.0000,0
768.10,4,0.0000,0,0,99.0005,0.9995,703.0000,0
768.10,5,68.5000,0,0,91.0609,8.9391,749.0000,0
768.10,6,0.0000,0,0,95.5052,4.4948,703.0000,0
768.10,7,0.0000,0,0,72.8390,27.1610,703.0000,0
768.10,8,88.0000,0,0,89.1376,10.8624,762.0000,0
768.10,9,0.0000,0,0,91.4188,8.5812,703.0000,0
769.10,0,0.0000,0,0,93.5116,6.4884,704.0000,0
769.10,1,26.5000,0,0,85.0240,14.9760,722.0000,0
769.10,2,0.0000,0,0,92.9436,7.0564,704.0000,0
769.10,3,80.5000,0,0,95.2454,4.7546,758.0000,0
769.10,4,0.0000,0,0,99.0005,0.9995,704.0000,0
769.10,5,68.5000,0,0,91.0609,8.9391,750.0000,0
769.10,6,0.0000,0,0,95.5052,4.4948,704.0000,0
769.10,7,0.0000,0,0,72.8390,27.1610,704.0000,0
769.10,8,88.0000,0,0,89.1376,10.8624,763.0000,0
769.10,9,0.0000,0,0,91.4188,8.5812,704.0000,0
770.10,0,0.0000,0,0,93.5116,6.4884,705.0000,0
770.10,1,26.5000,0,0,85.0240,14.9760,723.0000,0
770.10,2,0.0000,0,0,92.9436,7.0564,705.0000,0
770.10,3,80.5000,0,0,95.2454,4.7546,759.0000,0
770.10,4,0.0000,0,0,99.0005,0.9995,705.0000,0
770.10,5,68.5000,0,0,91.0609,8.9391,751.0000,0
770.10,6,0.0000,0,0,95.5052,4.4948,705.0000,0
770.10,7,0.0000,0,0,72.8390,27.1610,705.0000,0
770.10,8,88.0000,0,0,89.1376,10.8624,764.0000,0
770.10,9,0.0000,0,0,91.4188,8.5812,705.0000,0
771.10,0,0.0000,0,0,93.5116,6.4884,706.0000,0
771.10,1,26.5000,0,0,85.0240,14.9760,724.0000,0
771.10,2,0.0000,0,0,92.9436,7.0564,706.0000,0
771.10,3,80.5000,0,0,95.2454,4.7546,760.0000,0
771.10,4,0.0000,0,0,99.0005,0.9995,706.0000,0
771.10,5,68.5000,0,0,91.0609,8.9391,752.0000,0
771.10,6,0.0000,0,0,95.5052,4.4948,706.0000,0
771.10,7,0.0000,0,0,72.8390,27.1610,706.0000,0
771.10,8,88.0000,0,0,89.1376,10.8624,765.0000,0
771.10,9,0.0000,0,0,91.4188,8.5812,706.0000,0
772.10,0,0.0000,0,0,93.5116,6.4884,707.0000,0
772.10,1,26.5000,0,0,85.0240,14.9760,725.0000,0
772.10,2,0.0000,0,0,92.9436,7.0564,707.0000,0
772.10,3,80.5000,0,0,95.2454,4.7546,761.0000,0
772.10,4,0.0000,0,0,99.0005,0.9995,707.0000,0
772.10,5,68.5000,0,0,91.0609,8.9391,753.0000,0
772.10,6,0.0000,0,0,95.5052,4.4948,707.0000,0
772.10,7,0.0000,0,0,72.8390,27.1610,707.0000,0
772.10,8,88.0000,0,0,89.1376,10.8624,766.0000,0
772.10,9,0.0000,0,0,91.4188,8.5812,707.0000,0
773.10,0,0.0000,0,0,93.5116,6.4884,708.0000,0
773.10,1,26.5000,0,0,85.0240,14.9760,726.0000,0
773.10,2,0.0000,0,0,92.9436,7.0564,708.0000,0
773.10,3,80.5000,0,0,95.2454,4.7546,762.0000,0
773.10,4,0.0000,0,0,99.0005,0.9995,708.0000,0
773.10,5,68.5000,0,0,91.0609,8.9391,754.0000,0
773.10,6,0.0000,0,0,95.5052,4.4948,708.0000,0
773.10,7,0.0000,0,0,72.8390,27.1610,708.0000,0
773.10,8,88.0000,0,0,89.1376,10.8624,767.0000,0
773.10,9,0.0000,0,0,91.4188,8.5812,708.0000,0
774.10,0,0.0000,0,0,93.5116,6.4884,709.0000,0
774.10,1,26.5000,0,0,85.0240,14.9760,727.0000,0
774.10,2,0.0000,0,0,92.9436,7.0564,709.0000,0
774.10,3,80.5000,0,0,95.2454,4.7546,763.0000,0
774.10,4,0.0000,0,0,99.0005,0.9995,709.0000,0
774.10,5,68.5000,0,0,91.0609,8.9391,755.0000,0
774.10,6,0.0000,0,0,95.5052,4.4948,709.0000,0
774.10,7,0.0000,0,0,72.8390,27.1610,709.0000,0
774.10,8,88.0000,0,0,89.1376,10.8624,768.0000,0
774.10,9,0.0000,0,0,91.4188,8.5812,709.0000,0
775.10,0,0.0000,0,0,93.5116,6.4884,710.0000,0
775.10,1,26.5000,0,0,85.0240,14.9760,728.0000,0
775.10,2,0.0000,0,0,92.9436,7.0564,710.0000,0
775.10,3,80.5000,0,0,95.2454,4.7546,764.0000,0
775.10,4,0.0000,0,0,99.0005,0.9995,710.0000,0
775.10,5,68.5000,0,0,91.0609,8.9391,756.0000,0
775.10,6,0.0000,0,0,95.5052,4.4948,710.0000,0
775.10,7,0.0000,0,0,72.8390,27.1610,710.0000,0
775.10,8,88.0000,0,0,89.1376,10.8624,769.0000,0
775.10,9,0.0000,0,0,91.4188,8.5812,710.0000,0
776.10,0,0.0000,0,0,93.5116,6.4884,711.0000,0
776.10,1,26.5000,0,0,85.0240,14.9760,729.0000,0
776.10,2,0.0000,0,0,92.9436,7.0564,711.0000,0
776.10,3,80.5000,0,0,95.2454,4.7546,765.0000,0
776.10,4,0.0000,0,0,99.0005,0.9995,711.0000,0
776.10,5,68.5000,0,0,91.0609,8.9391,757.0000,0
776.10,6,0.0000,0,0,95.5052,4.4948,711.0000,0
776.10,7,0.0000,0,0,72.8390,27.1610,711.0000,0
776.10,8,88.0000,0,0,89.1376,10.8624,770.0000,0
776.10,9,0.0000,0,0,91.4188,8.5812,711.0000,0
777.10,0,0.0000,0,0,93.5116,6.4884,712.0000,0
777.10,1,26.5000,0,0,85.0240,14.9760,730.0000,0
777.10,2,0.0000,0,0,92.9436,7.0564,712.0000,0
777.10,3,80.5000,0,0,95.2454,4.7546,766.0000,0
777.10,4,0.0000,0,0,99.0005,0.9995,712.0000,0
777.10,5,68.5000,0,0,91.0609,8.9391,758.0000,0
777.10,6,0.0000,0,0,95.5052,4.4948,712.0000,0
777.10,7,0.0000,0,0,72.8390,27.1610,712.0000,0
777.10,8,88.0000,0,0,89.1376,10.8624,771.0000,0
777.10,9,0.0000,0,0,91.4188,8.5812,712.0000,0
778.10,0,0.0000,0,0,93.5116,6.4884,713.0000,0
778.10,1,26.5000,0,0,85.0240,14.9760,731.0000,0
778.10,2,0.0000,0,0,92.9436,7.0564,713.0000,0
778.10,3,80.5000,0,0,95.2454,4.7546,767.0000,0
778.10,4,0.0000,0,0,99.0005,0.9995,713.0000,0
778.10,5,68.5000,0,0,91.0609,8.9391,759.0000,0
778.10,6,0.0000,0,0,95.5052,4.4948,713.0000,0
778.10,7,0.0000,0,0,72.8390,27.1610,713.0000,0
778.10,8,88.0000,0,0,89.1376,10.8624,772.0000,0
778.10,9,0.0000,0,0,91.4188,8.5812,713.0000,0
779.10,0,0.0000,0,0,93.5116,6.4884,714.0000,0
779.10,1,26.5000,0,0,85.0240,14.9760,732.0000,0
779.10,2,0.0000,0,0,92.9436,7.0564,714.0000,0
779.10,3,80.5000,0,0,95.2454,4.7546,768.0000,0
779.10,4,0.0000,0,0,99.0005,0.9995,714.0000,0
779.10,5,68.5000,0,0,91.0609,8.9391,760.0000,0
779.10,6,0.0000,0,0,95.5052,4.4948,714.0000,0
779.10,7,0.0000,0,0,72.8390,27.1610,714.0000,0
779.10,8,88.0000,0,0,89.1376,10.8624,773.0000,0
779.10,9,0.0000,0,0,91.4188,8.5812,714.0000,0
780.10,0,0.0000,0,0,93.5116,6.4884,715.0000,0
780.10,1,26.5000,0,0,85.0240,14.9760,733.0000,0
780.10,2,0.0000,0,0,92.9436,7.0564,715.0000,0
780.10,3,80.5000,0,0,95.2454,4.7546,769.0000,0
780.10,4,0.0000,0,0,99.0005,0.9995,715.0000,0
780.10,5,68.5000,0,0,91.0609,8.9391,761.0000,0
780.10,6,0.0000,0,0,95.5052,4.4948,715.0000,0
780.10,7,0.0000,0,0,72.8390,27.1610,715.0000,0
780.10,8,88.0000,0,0,89.1376,10.8624,774.0000,0
780.10,9,0.0000,0,0,91.4188,8.5812,715.0000,0
781.10,0,0.0000,0,0,93.5116,6.4884,716.0000,0
781.10,1,26.5000,0,0,85.0240,14.9760,734.0000,0
781.10,2,0.0000,0,0,92.9436,7.0564,716.0000,0
781.10,3,80.5000,0,0,95.2454,4.7546,770.0000,0
781.10,4,0.0000,0,0,99.0005,0.9995,716.0000,0
781.10,5,68.5000,0,0,91.0609,8.9391,762.0000,0
781.10,6,0.0000,0,0,95.5052,4.4948,716.0000,0
781.10,7,0.0000,0,0,72.8390,27.1610,716.0000,0
781.10,8,88.0000,0,0,89.1376,10.8624,775.0000,0
781.10,9,0.0000,0,0,91.4188,8.5812,716.0000,0
782.10,0,0.0000,0,0,93.5116,6.4884,717.0000,0
782.10,1,26.5000,0,0,85.0240,14.9760,735.0000,0
782.10,2,0.0000,0,0,92.9436,7.0564,717.0000,0
782.10,3,80.5000,0,0,95.2454,4.7546,771.0000,0
782.10,4,0.0000,0,0,99.0005,0.9995,717.0000,0
782.10,5,68.5000,0,0,91.0609,8.9391,763.0000,0
782.10,6,0.0000,0,0,95.5052,4.4948,717.0000,0
782.10,7,0.0000,0,0,72.8390,27.1610,717.0000,0
782.10,8,88.0000,0,0,89.1376,10.8624,776.0000,0
782.10,9,0.0000,0,0,91.4188,8.5812,717.0000,0
783.10,0,0.0000,0,0,93.5116,6.4884,718.0000,0
783.10,1,26.5000,0,0,85.0240,14.9760,736.0000,0
783.10,2,0.0000,0,0,92.9436,7.0564,718.0000,0
783.10,3,80.5000,0,0,95.2454,4.7546,772.0000,0
783.10,4,0.0000,0,0,99.0005,0.9995,718.0000,0
783.10,5,68.5000,0,0,91.0609,8.9391,764.0000,0
783.10,6,0.0000,0,0,95.5052,4.4948,718.0000,0
783.10,7,0.0000,0,0,72.8390,27.1610,718.0000,0
783.10,8,88.0000,0,0,89.1376,10.8624,777.0000,0
783.10,9,0.0000,0,0,91.4188,8.5812,718.0000,0
784.10,0,0.0000,0,0,93.5116,6.4884,719.0000,0
784.10,1,26.5000,0,0,85.0240,14.9760,737.0000,0
784.10,2,0.0000,0,0,92.9436,7.0564,719.0000,0
784.10,3,80.5000,0,0,95.2454,4.7546,773.0000,0
784.10,4,0.0000,0,0,99.0005,0.9995,719.0000,0
784.10,5,68.5000,0,0,91.0609,8.9391,765.0000,0
784.10,6,0.0000,0,0,95.5052,4.4948,719.0000,0
784.10,7,0.0000,0,0,72.8390,27.1610,719.0000,0
784.10,8,88.0000,0,0,89.1376,10.8624,778.0000,0
784.10,9,0.0000,0,0,91.4188,8.5812,719.0000,0
785.10,0,0.0000,0,0,93.5116,6.4884,720.0000,0
785.10,1,26.5000,0,0,85.0240,14.9760,738.0000,0
785.10,2,0.0000,0,0,92.9436,7.0564,720.0000,0
785.10,3,80.5000,0,0,95.2454,4.7546,774.0000,0
785.10,4,0.0000,0,0,99.0005,0.9995,720.0000,0
785.10,5,68.5000,0,0,91.0609,8.9391,766.0000,0
785.10,6,0.0000,0,0,95.5052,4.4948,720.0000,0
785.10,7,0.0000,0,0,72.8390,27.1610,720.0000,0
785.10,8,88.0000,0,0,89.1376,10.8624,779.0000,0
785.10,9,0.0000,0,0,91.4188,8.5812,720.0000,0
786.10,0,0.0000,0,0,93.5116,6.4884,721.0000,0
786.10,1,26.5000,0,0,85.0240,14.9760,739.0000,0
786.10,2,0.0000,0,0,92.9436,7.0564,721.0000,0
786.10,3,80.5000,0,0,95.2454,4.7546,775.0000,0
786.10,4,0.0000,0,0,99.0005,0.9995,721.0000,0
786.10,5,68.5000,0,0,91.0609,8.9391,767.0000,0
786.10,6,0.0000,0,0,95.5052,4.4948,721.0000,0
786.10,7,0.0000,0,0,72.8390,27.1610,721.0000,0
786.10,8,88.0000,0,0,89.1376,10.8624,780.0000,0
786.10,9,0.0000,0,0,91.4188,8.5812,721.0000,0
787.10,0,0.0000,0,0,93.5116,6.4884,722.0000,0
787.10,1,26.5000,0,0,85.0240,14.9760,740.0000,0
787.10,2,0.0000,0,0,92.9436,7.0564,722.0000,0
787.10,3,80.5000,0,0,95.2454,4.7546,776.0000,0
787.10,4,0.0000,0,0,99.0005,0.9995,722.0000,0
787.10,5,68.5000,0,0,91.0609,8.9391,768.0000,0
787.10,6,0.0000,0,0,95.5052,4.4948,722.0000,0
787.10,7,0.0000,0,0,72.8390,27.1610,722.0000,0
787.10,8,88.0000,0,0,89.1376,10.8624,781.0000,0
787.10,9,0.0000,0,0,91.4188,8.5812,722.0000,0
788.10,0,0.0000,0,0,93.5116,6.4884,723.0000,0
788.10,1,26.5000,0,0,85.0240,14.9760,741.0000,0
788.10,2,0.0000,0,0,92.9436,7.0564,723.0000,0
788.10,3,80.5000,0,0,95.2454,4.7546,777.0000,0
788.10,4,0.0000,0,0,99.0005,0.9995,723.0000,0
788.10,5,68.5000,0,0,91.0609,8.9391,769.0000,0
788.10,6,0.0000,0,0,95.5052,4.4948,723.0000,0
788.10,7,0.0000,0,0,72.8390,27.1610,723.0000,0
788.10,8,88.0000,0,0,89.1376,10.8624,782.0000,0
788.10,9,0.0000,0,0,91.4188,8.5812,723.0000,0
789.10,0,0.0000,0,0,93.5116,6.4884,724.0000,0
789.10,1,26.5000,0,0,85.0240,14.9760,742.0000,0
789.10,2,0.0000,0,0,92.9436,7.0564,724.0000,0
789.10,3,80.5000,0,0,95.2454,4.7546,778.0000,0
789.10,4,0.0000,0,0,99.0005,0.9995,724.0000,0
789.10,5,68.5000,0,0,91.0609,8.9391,770.0000,0
789.10,6,0.0000,0,0,95.5052,4.4948,724.0000,0
789.10,7,0.0000,0,0,72.8390,27.1610,724.0000,0
789.10,8,88.0000,0,0,89.1376,10.8624,783.0000,0
789.10,9,0.0000,0,0,91.4188,8.5812,724.0000,0
790.10,0,0.0000,0,0,93.5116,6.4884,725.0000,0
790.10,1,26.5000,0,0,85.0240,14.9760,743.0000,0
790.10,2,0.0000,0,0,92.9436,7.0564,725.0000,0
790.10,3,80.5000,0,0,95.2454,4.7546,779.0000,0
790.10,4,0.0000,0,0,99.0005,0.9995,725.0000,0
790.10,5,68.5000,0,0,91.0609,8.9391,771.0000,0
790.10,6,0.0000,0,0,95.5052,4.4948,725.0000,0
790.10,7,0.0000,0,0,72.8390,27.1610,725.0000,0
790.10,8,88.0000,0,0,89.1376,10.8624,784.0000,0
790.10,9,0.0000,0,0,91.4188,8.5812,725.0000,0
791.10,0,0.0000,0,0,93.5116,6.4884,726.0000,0
791.10,1,26.5000,0,0,85.0240,14.9760,744.0000,0
791.10,2,0.0000,0,0,92.9436,7.0564,726.0000,0
791.10,3,80.5000,0,0,95.2454,4.7546,780.0000,0
791.10,4,0.0000,0,0,99.0005,0.9995,726.0000,0
791.10,5,68.5000,0,0,91.0609,8.9391,772.0000,0
791.10,6,0.0000,0,0,95.5052,4.4948,726.0000,0
791.10,7,0.0000,0,0,72.8390,27.1610,726.0000,0
791.10,8,88.0000,0,0,89.1376,10.8624,785.0000,0
791.10,9,0.0000,0,0,91.4188,8.5812,726.0000,0
792.10,0,0.0000,0,0,93.5116,6.4884,727.0000,0
792.10,1,26.5000,0,0,85.0240,14.9760,745.0000,0
792.10,2,0.0000,0,0,92.9436,7.0564,727.0000,0
792.10,3,80.5000,0,0,95.2454,4.7546,781.0000,0
792.10,4,0.0000,0,0,99.0005,0.9995,727.0000,0
792.10,5,68.5000,0,0,91.0609,8.9391,773.0000,0
792.10,6,0.0000,0,0,95.5052,4.4948,727.0000,0
792.10,7,0.0000,0,0,72.8390,27.1610,727.0000,0
792.10,8,88.0000,0,0,89.1376,10.8624,786.0000,0
792.10,9,0.0000,0,0,91.4188,8.5812,727.0000,0
793.10,0,0.0000,0,0,93.5116,6.4884,728.0000,0
793.10,1,26.5000,0,0,85.0240,14.9760,746.0000,0
793.10,2,0.0000,0,0,92.9436,7.0564,728.0000,0
793.10,3,80.5000,0,0,95.2454,4.7546,782.0000,0
793.10,4,0.0000,0,0,99.0005,0.9995,728.0000,0
793.10,5,68.5000,0,0,91.0609,8.9391,774.0000,0
793.10,6,0.0000,0,0,95.5052,4.4948,728.0000,0
793.10,7,0.0000,0,0,72.8390,27.1610,728.0000,0
793.10,8,88.0000,0,0,89.1376,10.8624,787.0000,0
793.10,9,0.0000,0,0,91.4188,8.5812,728.0000,0
794.10,0,0.0000,0,0,93.5116,6.4884,729.0000,0
794.10,1,26.5000,0,0,85.0240,14.9760,747.0000,0
794.10,2,0.0000,0,0,92.9436,7.0564,729.0000,0
794.10,3,80.5000,0,0,95.2454,4.7546,783.0000,0
794.10,4,0.0000,0,0,99.0005,0.9995,729.0000,0
794.10,5,68.5000,0,0,91.0609,8.9391,775.0000,0
794.10,6,0.0000,0,0,95.5052,4.4948,729.0000,0
794.10,7,0.0000,0,0,72.8390,27.1610,729.0000,0
794.10,8,88.0000,0,0,89.1376,10.8624,788.0000,0
794.10,9,0.0000,0,0,91.4188,8.5812,729.0000,0
795.10,0,0.0000,0,0,93.5116,6.4884,730.0000,0
795.10,1,26.5000,0,0,85.0240,14.9760,748.0000,0
795.10,2,0.0000,0,0,92.9436,7.0564,730.0000,0
795.10,3,80.5000,0,0,95.2454,4.7546,784.0000,0
795.10,4,0.0000,0,0,99.0005,0.9995,730.0000,0
795.10,5,68.5000,0,0,91.0609,8.9391,776.0000,0
795.10,6,0.0000,0,0,95.5052,4.4948,730.0000,0
795.10,7,0.0000,0,0,72.8390,27.1610,730.0000,0
795.10,8,88.0000,0,0,89.1376,10.8624,789.0000,0
795.10,9,0.0000,0,0,91.4188,8.5812,730.0000,0
796.10,0,0.0000,0,0,93.5116,6.4884,731.0000,0
796.10,1,26.5000,0,0,85.0240,14.9760,749.0000,0
796.10,2,0.0000,0,0,92.9436,7.0564,731.0000,0
796.10,3,80.5000,0,0,95.2454,4.7546,785.0000,0
796.10,4,0.0000,0,0,99.0005,0.9995,731.0000,0
796.10,5,68.5000,0,0,91.0609,8.9391,777.0000,0
796.10,6,0.0000,0,0,95.5052,4.4948,731.0000,0
796.10,7,0.0000,0,0,72.8390,27.1610,731.0000,0
796.10,8,88.0000,0,0,89.1376,10.8624,790.0000,0
796.10,9,0.0000,0,0,91.4188,8.5812,731.0000,0
797.10,0,0.0000,0,0,93.5116,6.4884,732.0000,0
797.10,1,26.5000,0,0,85.0240,14.9760,750.0000,0
797.10,2,0.0000,0,0,92.9436,7.0564,732.0000,0
797.10,3,80.5000,0,0,95.2454,4.7546,786.0000,0
797.10,4,0.0000,0,0,99.0005,0.9995,732.0000,0
797.10,5,68.5000,0,0,91.0609,8.9391,778.0000,0
797.10,6,0.0000,0,0,95.5052,4.4948,732.0000,0
797.10,7,0.0000,0,0,72.8390,27.1610,732.0000,0
797.10,8,88.0000,0,0,89.1376,10.8624,791.0000,0
797.10,9,0.0000,0,0,91.4188,8.5812,732.0000,0
798.10,0,0.0000,0,0,93.5116,6.4884,733.0000,0
798.10,1,26.5000,0,0,85.0240,14.9760,751.0000,0
798.10,2,0.0000,0,0,92.9436,7.0564,733.0000,0
798.10,3,80.5000,0,0,95.2454,4.7546,787.0000,0
798.10,4,0.0000,0,0,99.0005,0.9995,733.0000,0
798.10,5,68.5000,0,0,91.0609,8.9391,779.0000,0
798.10,6,0.0000,0,0,95.5052,4.4948,733.0000,0
798.10,7,0.0000,0,0,72.8390,27.1610,733.0000,0
798.10,8,88.0000,0,0,89.1376,10.8624,792.0000,0
798.10,9,0.0000,0,0,91.4188,8.5812,733.0000,0
799.10,0,0.0000,0,0,93.5116,6.4884,734.0000,0
799.10,1,26.5000,0,0,85.0240,14.9760,752.0000,0
799.10,2,0.0000,0,0,92.9436,7.0564,734.0000,0
799.10,3,80.5000,0,0,95.2454,4.7546,788.0000,0
799.10,4,0.0000,0,0,99.0005,0.9995,734.0000,0
799.10,5,68.5000,0,0,91.0609,8.9391,780.0000,0
799.10,6,0.0000,0,0,95.5052,4.4948,734.0000,0
799.10,7,0.0000,0,0,72.8390,27.1610,734.0000,0
799.10,8,88.0000,0,0,89.1376,10.8624,793.0000,0
799.10,9,0.0000,0,0,91.4188,8.5812,734.0000,0
800.10,0,0.0000,0,0,93.5116,6.4884,735.0000,0
800.10,1,26.5000,0,0,85.0240,14.9760,753.0000,0
800.10,2,0.0000,0,0,92.9436,7.0564,735.0000,0
800.10,3,80.5000,0,0,95.2454,4.7546,789.0000,0
800.10,4,0.0000,0,0,99.0005,0.9995,735.0000,0
800.10,5,68.5000,0,0,91.0609,8.9391,781.0000,0
800.10,6,0.0000,0,0,95.5052,4.4948,735.0000,0
800.10,7,0.0000,0,0,72.8390,27.1610,735.0000,0
800.10,8,88.0000,0,0,89.1376,10.8624,794.0000,0
800.10,9,0.0000,0,0,91.4188,8.5812,735.0000,0
801.10,0,0.0000,0,0,93.5116,6.4884,736.0000,0
801.10,1,26.5000,0,0,85.0240,14.9760,754.0000,0
801.10,2,0.0000,0,0,92.9436,7.0564,736.0000,0
801.10,3,80.5000,0,0,95.2454,4.7546,790.0000,0
801.10,4,0.0000,0,0,99.0005,0.9995,736.0000,0
801.10,5,68.5000,0,0,91.0609,8.9391,782.0000,0
801.10,6,0.0000,0,0,95.5052,4.4948,736.0000,0
801.10,7,0.0000,0,0,72.8390,27.1610,736.0000,0
801.10,8,88.0000,0,0,89.1376,10.8624,795.0000,0
801.10,9,0.0000,0,0,91.4188,8.5812,736.0000,0
802.10,0,0.0000,0,0,93.5116,6.4884,737.0000,0
802.10,1,26.5000,0,0,85.0240,14.9760,755.0000,0
802.10,2,0.0000,0,0,92.9436,7.0564,737.0000,0
802.10,3,80.5000,0,0,95.2454,4.7546,791.0000,0
802.10,4,0.0000,0,0,99.0005,0.9995,737.0000,0
802.10,5,68.5000,0,0,91.0609,8.9391,783.0000,0
802.10,6,0.0000,0,0,95.5052,4.4948,737.0000,0
802.10,7,0.0000,0,0,72.8390,27.1610,737.0000,0
802.10,8,88.0000,0,0,89.1376,10.8624,796.0000,0
802.10,9,0.0000,0,0,91.4188,8.5812,737.0000,0
803.10,0,0.0000,0,0,93.5116,6.4884,738.0000,0
803.10,1,26.5000,0,0,85.0240,14.9760,756.0000,0
803.10,2,0.0000,0,0,92.9436,7.0564,738.0000,0
803.10,3,80.5000,0,0,95.2454,4.7546,792.0000,0
803.10,4,0.0000,0,0,99.0005,0.9995,738.0000,0
803.10,5,68.5000,0,0,91.0609,8.9391,784.0000,0
803.10,6,0.0000,0,0,95.5052,4.4948,738.0000,0
803.10,7,0.0000,0,0,72.8390,27.1610,738.0000,0
803.10,8,88.0000,0,0,89.1376,10.8624,797.0000,0
803.10,9,0.0000,0,0,91.4188,8.5812,738.0000,0
804.10,0,0.0000,0,0,93.5116,6.4884,739.0000,0
804.10,1,26.5000,0,0,85.0240,14.9760,757.0000,0
804.10,2,0.0000,0,0,92.9436,7.0564,739.0000,0
804.10,3,80.5000,0,0,95.2454,4.7546,793.0000,0
804.10,4,0.0000,0,0,99.0005,0.9995,739.0000,0
804.10,5,68.5000,0,0,91.0609,8.9391,785.0000,0
804.10,6,0.0000,0,0,95.5052,4.4948,739.0000,0
804.10,7,0.0000,0,0,72.8390,27.1610,739.0000,0
804.10,8,88.0000,0,0,89.1376,10.8624,798.0000,0
804.10,9,0.0000,0,0,91.4188,8.5812,739.0000,0
805.10,0,0.0000,0,0,93.5116,6.4884,740.0000,0
805.10,1,26.5000,0,0,85.0240,14.9760,758.0000,0
805.10,2,0.0000,0,0,92.9436,7.0564,740.0000,0
805.10,3,80.5000,0,0,95.2454,4.7546,794.0000,0
805.10,4,0.0000,0,0,99.0005,0.9995,740.0000,0
805.10,5,68.5000,0,0,91.0609,8.9391,786.0000,0
805.10,6,0.0000,0,0,95.5052,4.4948,740.0000,0
805.10,7,0.0000,0,0,72.8390,27.1610,740.0000,0
805.10,8,88.0000,0,0,89.1376,10.8624,799.0000,0
805.10,9,0.0000,0,0,91.4188,8.5812,740.0000,0
806.10,0,0.0000,0,0,93.5116,6.4884,741.0000,0
806.10,1,26.5000,0,0,85.0240,14.9760,759.0000,0
806.10,2,0.0000,0,0,92.9436,7.0564,741.0000,0
806.10,3,80.5000,0,0,95.2454,4.7546,795.0000,0
806.10,4,0.0000,0,0,99.0005,0.9995,741.0000,0
806.10,5,68.5000,0,0,91.0609,8.9391,787.0000,0
806.10,6,0.0000,0,0,95.5052,4.4948,741.0000,0
806.10,7,0.0000,0,0,72.8390,27.1610,741.0000,0
806.10,8,88.0000,0,0,89.1376,10.8624,800.0000,0
806.10,9,0.0000,0,0,91.4188,8.5812,741.0000,0
807.10,0,0.0000,0,0,93.5116,6.4884,742.0000,0
807.10,1,26.5000,0,0,85.0240,14.9760,760.0000,0
807.10,2,0.0000,0,0,92.9436,7.0564,742.0000,0
807.10,3,80.5000,0,0,95.2454,4.7546,796.0000,0
807.10,4,0.0000,0,0,99.0005,0.9995,742.0000,0
807.10,5,68.5000,0,0,91.0609,8.9391,788.0000,0
807.10,6,0.0000,0,0,95.5052,4.4948,742.0000,0
807.10,7,0.0000,0,0,72.8390,27.1610,742.0000,0
807.10,8,88.0000,0,0,89.1376,10.8624,801.0000,0
807.10,9,0.0000,0,0,91.4188,8.5812,742.0000,0
808.10,0,0.0000,0,0,93.5116,6.4884,743.0000,0
808.10,1,26.5000,0,0,85.0240,14.9760,761.0000,0
808.10,2,0.0000,0,0,92.9436,7.0564,743.0000,0
808.10,3,80.5000,0,0,95.2454,4.7546,797.0000,0
808.10,4,0.0000,0,0,99.0005,0.9995,743.0000,0
808.10,5,68.5000,0,0,91.0609,8.9391,789.0000,0
808.10,6,0.0000,0,0,95.5052,4.4948,743.0000,0
808.10,7,0.0000,0,0,72.8390,27.1610,743.0000,0
808.10,8,88.0000,0,0,89.1376,10.8624,802.0000,0
808.10,9,0.0000,0,0,91.4188,8.5812,743.0000,0
809.10,0,0.0000,0,0,93.5116,6.4884,744.0000,0
809.10,1,26.5000,0,0,85.0240,14.9760,762.0000,0
809.10,2,0.0000,0,0,92.9436,7.0564,744.0000,0
809.10,3,80.5000,0,0,95.2454,4.7546,798.0000,0
809.10,4,0.0000,0,0,99.0005,0.9995,744.0000,0
809.10,5,68.5000,0,0,91.0609,8.9391,790.0000,0
809.10,6,0.0000,0,0,95.5052,4.4948,744.0000,0
809.10,7,0.0000,0,0,72.8390,27.1610,744.0000,0
809.10,8,88.0000,0,0,89.1376,10.8624,803.0000,0
809.10,9,0.0000,0,0,91.4188,8.5812,744.0000,0
810.10,0,0.0000,0,0,93.5116,6.4884,745.0000,0
810.10,1,26.5000,0,0,85.0240,14.9760,763.0000,0
810.10,2,0.0000,0,0,92.9436,7.0564,745.0000,0
810.10,3,80.5000,0,0,95.2454,4.7546,799.0000,0
810.10,4,0.0000,0,0,99.0005,0.9995,745.0000,0
810.10,5,68.5000,0,0,91.0609,8.9391,791.0000,0
810.10,6,0.0000,0,0,95.5052,4.4948,745.0000,0
810.10,7,0.0000,0,0,72.8390,27.1610,745.0000,0
810.10,8,88.0000,0,0,89.1376,10.8624,804.0000,0
810.10,9,0.0000,0,0,91.4188,8.5812,745.0000,0
811.10,0,0.0000,0,0,93.5116,6.4884,746.0000,0
811.10,1,26.5000,0,0,85.0240,14.9760,764.0000,0
811.10,2,0.0000,0,0,92.9436,7.0564,746.0000,0
811.10,3,80.5000,0,0,95.2454,4.7546,800.0000,0
811.10,4,0.0000,0,0,99.0005,0.9995,746.0000,0
811.10,5,68.5000,0,0,91.0609,8.9391,792.0000,0
811.10,6,0.0000,0,0,95.5052,4.4948,746.0000,0
811.10,7,0.0000,0,0,72.8390,27.1610,746.0000,0
811.10,8,88.0000,0,0,89.1376,10.8624,805.0000,0
811.10,9,0.0000,0,0,91.4188,8.5812,746.0000,0
812.10,0,0.0000,0,0,93.5116,6.4884,747.0000,0
812.10,1,26.5000,0,0,85.0240,14.9760,765.0000,0
812.10,2,0.0000,0,0,92.9436,7.0564,747.0000,0
812.10,3,80.5000,0,0,95.2454,4.7546,801.0000,0
812.10,4,0.0000,0,0,99.0005,0.9995,747.0000,0
812.10,5,68.5000,0,0,91.0609,8.9391,793.0000,0
812.10,6,0.0000,0,0,95.5052,4.4948,747.0000,0
812.10,7,0.0000,0,0,72.8390,27.1610,747.0000,0
812.10,8,88.0000,0,0,89.1376,10.8624,806.0000,0
812.10,9,0.0000,0,0,91.4188,8.5812,747.0000,0
813.10,0,0.0000,0,0,93.5116,6.4884,748.0000,0
813.10,1,26.5000,0,0,85.0240,14.9760,766.0000,0
813.10,2,0.0000,0,0,92.9436,7.0564,748.0000,0
813.10,3,80.5000,0,0,95.2454,4.7546,802.0000,0
813.10,4,0.0000,0,0,99.0005,0.9995,748.0000,0
813.10,5,68.5000,0,0,91.0609,8.9391,794.0000,0
813.10,6,0.0000,0,0,95.5052,4.4948,748.0000,0
813.10,7,0.0000,0,0,72.8390,27.1610,748.0000,0
813.10,8,88.0000,0,0,89.1376,10.8624,807.0000,0
813.10,9,0.0000,0,0,91.4188,8.5812,748.0000,0
814.10,0,0.0000,0,0,93.5116,6.4884,749.0000,0
814.10,1,26.5000,0,0,85.0240,14.9760,767.0000,0
814.10,2,0.0000,0,0,92.9436,7.0564,749.0000,0
814.10,3,80.5000,0,0,95.2454,4.7546,803.0000,0
814.10,4,0.0000,0,0,99.0005,0.9995,749.0000,0
814.10,5,68.5000,0,0,91.0609,8.9391,795.0000,0
814.10,6,0.0000,0,0,95.5052,4.4948,749.0000,0
814.10,7,0.0000,0,0,72.8390,27.1610,749.0000,0
814.10,8,88.0000,0,0,89.1376,10.8624,808.0000,0
814.10,9,0.0000,0,0,91.4188,8.5812,749.0000,0
815.10,0,0.0000,0,0,93.5116,6.4884,750.0000,0
815.10,1,26.5000,0,0,85.0240,14.9760,768.0000,0
815.10,2,0.0000,0,0,92.9436,7.0564,750.0000,0
815.10,3,80.5000,0,0,95.2454,4.7546,804.0000,0
815.10,4,0.0000,0,0,99.0005,0.9995,750.0000,0
815.10,5,68.5000,0,0,91.0609,8.9391,796.0000,0
815.10,6,0.0000,0,0,95.5052,4.4948,750.0000,0
815.10,7,0.0000,0,0,72.8390,27.1610,750.0000,0
815.10,8,88.0000,0,0,89.1376,10.8624,809.0000,0
815.10,9,0.0000,0,0,91.4188,8.5812,750.0000,0
816.10,0,0.0000,0,0,93.5116,6.4884,751.0000,0
816.10,1,26.5000,0,0,85.0240,14.9760,769.0000,0
816.10,2,0.0000,0,0,92.9436,7.0564,751.0000,0
816.10,3,80.5000,0,0,95.2454,4.7546,805.0000,0
816.10,4,0.0000,0,0,99.0005,0.9995,751.0000,0
816.10,5,68.5000,0,0,91.0609,8.9391,797.0000,0
816.10,6,0.0000,0,0,95.5052,4.4948,751.0000,0
816.10,7,0.0000,0,0,72.8390,27.1610,751.0000,0
816.10,8,88.0000,0,0,89.1376,10.8624,810.0000,0
816.10,9,0.0000,0,0,91.4188,8.5812,751.0000,0
817.10,0,0.0000,0,0,93.5116,6.4884,752.0000,0
817.10,1,26.5000,0,0,85.0240,14.9760,770.0000,0
817.10,2,0.0000,0,0,92.9436,7.0564,752.0000,0
817.10,3,80.5000,0,0,95.2454,4.7546,806.0000,0
817.10,4,0.0000,0,0,99.0005,0.9995,752.0000,0
817.10,5,68.5000,0,0,91.0609,8.9391,798.0000,0
817.10,6,0.0000,0,0,95.5052,4.4948,752.0000,0
817.10,7,0.0000,0,0,72.8390,27.1610,752.0000,0
817.10,8,88.0000,0,0,89.1376,10.8624,811.0000,0
817.10,9,0.0000,0,0,91.4188,8.5812,752.0000,0
818.10,0,0.0000,0,0,93.5116,6.4884,753.0000,0
818.10,1,26.5000,0,0,85.0240,14.9760,771.0000,0
818.10,2,0.0000,0,0,92.9436,7.0564,753.0000,0
818.10,3,80.5000,0,0,95.2454,4.7546,807.0000,0
818.10,4,0.0000,0,0,99.0005,0.9995,753.0000,0
818.10,5,68.5000,0,0,91.0609,8.9391,799.0000,0
818.10,6,0.0000,0,0,95.5052,4.4948,753.0000,0
818.10,7,0.0000,0,0,72.8390,27.1610,753.0000,0
818.10,8,88.0000,0,0,89.1376,10.8624,812.0000,0
818.10,9,0.0000,0,0,91.4188,8.5812,753.0000,0
819.10,0,0.0000,0,0,93.5116,6.4884,754.0000,0
819.10,1,26.5000,0,0,85.0240,14.9760,772.0000,0
819.10,2,0.0000,0,0,92.9436,7.0564,754.0000,0
819.10,3,80.5000,0,0,95.2454,4.7546,808.0000,0
819.10,4,0.0000,0,0,99.0005,0.9995,754.0000,0
819.10,5,68.5000,0,0,91.0609,8.9391,800.0000,0
819.10,6,0.0000,0,0,95.5052,4.4948,754.0000,0
819.10,7,0.0000,0,0,72.8390,27.1610,754.0000,0
819.10,8,88.0000,0,0,89.1376,10.8624,813.0000,0
819.10,9,0.0000,0,0,91.4188,8.5812,754.0000,0
820.10,0,0.0000,0,0,93.5116,6.4884,755.0000,0
820.10,1,26.5000,0,0,85.0240,14.9760,773.0000,0
820.10,2,0.0000,0,0,92.9436,7.0564,755.0000,0
820.10,3,80.5000,0,0,95.2454,4.7546,809.0000,0
820.10,4,0.0000,0,0,99.0005,0.9995,755.0000,0
820.10,5,68.5000,0,0,91.0609,8.9391,801.0000,0
820.10,6,0.0000,0,0,95.5052,4.4948,755.0000,0
820.10,7,0.0000,0,0,72.8390,27.1610,755.0000,0
820.10,8,88.0000,0,0,89.1376,10.8624,814.0000,0
820.10,9,0.0000,0,0,91.4188,8.5812,755.0000,0
821.10,0,0.0000,0,0,93.5116,6.4884,756.0000,0
821.10,1,26.5000,0,0,85.0240,14.9760,774.0000,0
821.10,2,0.0000,0,0,92.9436,7.0564,756.0000,0
821.10,3,80.5000,0,0,95.2454,4.7546,810.0000,0
821.10,4,0.0000,0,0,99.0005,0.9995,756.0000,0
821.10,5,68.5000,0,0,91.0609,8.9391,802.0000,0
821.10,6,0.0000,0,0,95.5052,4.4948,756.0000,0
821.10,7,0.0000,0,0,72.8390,27.1610,756.0000,0
821.10,8,88.0000,0,0,89.1376,10.8624,815.0000,0
821.10,9,0.0000,0,0,91.4188,8.5812,756.0000,0
822.10,0,0.0000,0,0,93.5116,6.4884,757.0000,0
822.10,1,26.5000,0,0,85.0240,14.9760,775.0000,0
822.10,2,0.0000,0,0,92.9436,7.0564,757.0000,0
822.10,3,80.5000,0,0,95.2454,4.7546,811.0000,0
822.10,4,0.0000,0,0,99.0005,0.9995,757.0000,0
822.10,5,68.5000,0,0,91.0609,8.9391,803.0000,0
822.10,6,0.0000,0,0,95.5052,4.4948,757.0000,0
822.10,7,0.0000,0,0,72.8390,27.1610,757.0000,0
822.10,8,88.0000,0,0,89.1376,10.8624,816.0000,0
822.10,9,0.0000,0,0,91.4188,8.5812,757.0000,0
823.10,0,0.0000,0,0,93.5116,6.4884,758.0000,0
823.10,1,26.5000,0,0,85.0240,14.9760,776.0000,0
823.10,2,0.0000,0,0,92.9436,7.0564,758.0000,0
823.10,3,80.5000,0,0,95.2454,4.7546,812.0000,0
823.10,4,0.0000,0,0,99.0005,0.9995,758.0000,0
823.10,5,68.5000,0,0,91.0609,8.9391,804.0000,0
823.10,6,0.0000,0,0,95.5052,4.4948,758.0000,0
823.10,7,0.0000,0,0,72.8390,27.1610,758.0000,0
823.10,8,88.0000,0,0,89.1376,10.8624,817.0000,0
823.10,9,0.0000,0,0,91.4188,8.5812,758.0000,0
824.10,0,0.0000,0,0,93.5116,6.4884,759.0000,0
824.10,1,26.5000,0,0,85.0240,14.9760,777.0000,0
824.10,2,0.0000,0,0,92.9436,7.0564,759.0000,0
824.10,3,80.5000,0,0,95.2454,4.7546,813.0000,0
824.10,4,0.0000,0,0,99.0005,0.9995,759.0000,0
824.10,5,68.5000,0,0,91.0609,8.9391,805.0000,0
824.10,6,0.0000,0,0,95.5052,4.4948,759.0000,0
824.10,7,0.0000,0,0,72.8390,27.1610,759.0000,0
824.10,8,88.0000,0,0,89.1376,10.8624,818.0000,0
824.10,9,0.0000,0,0,91.4188,8.5812,759.0000,0
825.10,0,0.0000,0,0,93.5116,6.4884,760.0000,0
825.10,1,26.5000,0,0,85.0240,14.9760,778.0000,0
825.10,2,0.0000,0,0,92.9436,7.0564,760.0000,0
825.10,3,80.5000,0,0,95.2454,4.7546,814.0000,0
825.10,4,0.0000,0,0,99.0005,0.9995,760.0000,0
825.10,5,68.5000,0,0,91.0609,8.9391,806.0000,0
825.10,6,0.0000,0,0,95.5052,4.4948,760.0000,0
825.10,7,0.0000,0,0,72.8390,27.1610,760.0000,0
825.10,8,88.0000,0,0,89.1376,10.8624,819.0000,0
825.10,9,0.0000,0,0,91.4188,8.5812,760.0000,0
826.10,0,0.0000,0,0,93.5116,6.4884,761.0000,0
826.10,1,26.5000,0,0,85.0240,14.9760,779.0000,0
826.10,2,0.0000,0,0,92.9436,7.0564,761.0000,0
826.10,3,80.5000,0,0,95.2454,4.7546,815.0000,0
826.10,4,0.0000,0,0,99.0005,0.9995,761.0000,0
826.10,5,68.5000,0,0,91.0609,8.9391,807.0000,0
826.10,6,0.0000,0,0,95.5052,4.4948,761.0000,0
826.10,7,0.0000,0,0,72.8390,27.1610,761.0000,0
826.10,8,88.0000,0,0,89.1376,10.8624,820.0000,0
826.10,9,0.0000,0,0,91.4188,8.5812,761.0000,0
827.10,0,0.0000,0,0,93.5116,6.4884,762.0000,0
827.10,1,26.5000,0,0,85.0240,14.9760,780.0000,0
827.10,2,0.0000,0,0,92.9436,7.0564,762.0000,0
827.10,3,80.5000,0,0,95.2454,4.7546,816.0000,0
827.10,4,0.0000,0,0,99.0005,0.9995,762.0000,0
827.10,5,68.5000,0,0,91.0609,8.9391,808.0000,0
827.10,6,0.0000,0,0,95.5052,4.4948,762.0000,0
827.10,7,0.0000,0,0,72.8390,27.1610,762.0000,0
827.10,8,88.0000,0,0,89.1376,10.8624,821.0000,0
827.10,9,0.0000,0,0,91.4188,8.5812,762.0000,0
828.10,0,0.0000,0,0,93.5116,6.4884,763.0000,0
828.10,1,26.5000,0,0,85.0240,14.9760,781.0000,0
828.10,2,0.0000,0,0,92.9436,7.0564,763.0000,0
828.10,3,80.5000,0,0,95.2454,4.7546,817.0000,0
828.10,4,0.0000,0,0,99.0005,0.9995,763.0000,0
828.10,5,68.5000,0,0,91.0609,8.9391,809.0000,0
828.10,6,0.0000,0,0,95.5052,4.4948,763.0000,0
828.10,7,0.0000,0,0,72.8390,27.1610,763.0000,0
828.10,8,88.0000,0,0,89.1376,10.8624,822.0000,0
828.10,9,0.0000,0,0,91.4188,8.5812,763.0000,0
829.10,0,0.0000,0,0,93.5116,6.4884,764.0000,0
829.10,1,26.5000,0,0,85.0240,14.9760,782.0000,0
829.10,2,0.0000,0,0,92.9436,7.0564,764.0000,0
829.10,3,80.5000,0,0,95.2454,4.7546,818.0000,0
829.10,4,0.0000,0,0,99.0005,0.9995,764.0000,0
829.10,5,68.5000,0,0,91.0609,8.9391,810.0000,0
829.10,6,0.0000,0,0,95.5052,4.4948,764.0000,0
829.10,7,0.0000,0,0,72.8390,27.1610,764.0000,0
829.10,8,88.0000,0,0,89.1376,10.8624,823.0000,0
829.10,9,0.0000,0,0,91.4188,8.5812,764.0000,0
830.10,0,0.0000,0,0,93.5116,6.4884,765.0000,0
830.10,1,26.5000,0,0,85.0240,14.9760,783.0000,0
830.10,2,0.0000,0,0,92.9436,7.0564,765.0000,0
830.10,3,80.5000,0,0,95.2454,4.7546,819.0000,0
830.10,4,0.0000,0,0,99.0005,0.9995,765.0000,0
830.10,5,68.5000,0,0,91.0609,8.9391,811.0000,0
830.10,6,0.0000,0,0,95.5052,4.4948,765.0000,0
830.10,7,0.0000,0,0,72.8390,27.1610,765.0000,0
830.10,8,88.0000,0,0,89.1376,10.8624,824.0000,0
830.10,9,0.0000,0,0,91.4188,8.5812,765.0000,0
831.10,0,0.0000,0,0,93.5116,6.4884,766.0000,0
831.10,1,26.5000,0,0,85.0240,14.9760,784.0000,0
831.10,2,0.0000,0,0,92.9436,7.0564,766.0000,0
831.10,3,80.5000,0,0,95.2454,4.7546,820.0000,0
831.10,4,0.0000,0,0,99.0005,0.9995,766.0000,0
831.10,5,68.5000,0,0,91.0609,8.9391,812.0000,0
831.10,6,0.0000,0,0,95.5052,4.4948,766.0000,0
831.10,7,0.0000,0,0,72.8390,27.1610,766.0000,0
831.10,8,88.0000,0,0,89.1376,10.8624,825.0000,0
831.10,9,0.0000,0,0,91.4188,8.5812,766.0000,0
832.10,0,0.0000,0,0,93.5116,6.4884,767.0000,0
832.10,1,26.5000,0,0,85.0240,14.9760,785.0000,0
832.10,2,0.0000,0,0,92.9436,7.0564,767.0000,0
832.10,3,80.5000,0,0,95.2454,4.7546,821.0000,0
832.10,4,0.0000,0,0,99.0005,0.9995,767.0000,0
832.10,5,68.5000,0,0,91.0609,8.9391,813.0000,0
832.10,6,0.0000,0,0,95.5052,4.4948,767.0000,0
832.10,7,0.0000,0,0,72.8390,27.1610,767.0000,0
832.10,8,88.0000,0,0,89.1376,10.8624,826.0000,0
832.10,9,0.0000,0,0,91.4188,8.5812,767.0000,0
833.10,0,0.0000,0,0,93.5116,6.4884,768.0000,0
833.10,1,26.5000,0,0,85.0240,14.9760,786.0000,0
833.10,2,0.0000,0,0,92.9436,7.0564,768.0000,0
833.10,3,80.5000,0,0,95.2454,4.7546,822.0000,0
833.10,4,0.0000,0,0,99.0005,0.9995,768.0000,0
833.10,5,68.5000,0,0,91.0609,8.9391,814.0000,0
833.10,6,0.0000,0,0,95.5052,4.4948,768.0000,0
833.10,7,0.0000,0,0,72.8390,27.1610,768.0000,0
833.10,8,88.0000,0,0,89.1376,10.8624,827.0000,0
833.10,9,0.0000,0,0,91.4188,8.5812,768.0000,0
834.10,0,0.0000,0,0,93.5116,6.4884,769.0000,0
834.10,1,26.5000,0,0,85.0240,14.9760,787.0000,0
834.10,2,0.0000,0,0,92.9436,7.0564,769.0000,0
834.10,3,80.5000,0,0,95.2454,4.7546,823.0000,0
834.10,4,0.0000,0,0,99.0005,0.9995,769.0000,0
834.10,5,68.5000,0,0,91.0609,8.9391,815.0000,0
834.10,6,0.0000,0,0,95.5052,4.4948,769.0000,0
834.10,7,0.0000,0,0,72.8390,27.1610,769.0000,0
834.10,8,88.0000,0,0,89.1376,10.8624,828.0000,0
834.10,9,0.0000,0,0,91.4188,8.5812,769.0000,0
835.10,0,0.0000,0,0,93.5116,6.4884,770.0000,0
835.10,1,26.5000,0,0,85.0240,14.9760,788.0000,0
835.10,2,0.0000,0,0,92.9436,7.0564,770.0000,0
835.10,3,80.5000,0,0,95.2454,4.7546,824.0000,0
835.10,4,0.0000,0,0,99.0005,0.9995,770.0000,0
835.10,5,68.5000,0,0,91.0609,8.9391,816.0000,0
835.10,6,0.0000,0,0,95.5052,4.4948,770.0000,0
835.10,7,0.0000,0,0,72.8390,27.1610,770.0000,0
835.10,8,88.0000,0,0,89.1376,10.8624,829.0000,0
835.10,9,0.0000,0,0,91.4188,8.5812,770.0000,0
836.10,0,0.0000,0,0,93.5116,6.4884,771.0000,0
836.10,1,26.5000,0,0,85.0240,14.9760,789.0000,0
836.10,2,0.0000,0,0,92.9436,7.0564,771.0000,0
836.10,3,80.5000,0,0,95.2454,4.7546,825.0000,0
836.10,4,0.0000,0,0,99.0005,0.9995,771.0000,0
836.10,5,68.5000,0,0,91.0609,8.9391,817.0000,0
836.10,6,0.0000,0,0,95.5052,4.4948,771.0000,0
836.10,7,0.0000,0,0,72.8390,27.1610,771.0000,0
836.10,8,88.0000,0,0,89.1376,10.8624,830.0000,0
836.10,9,0.0000,0,0,91.4188,8.5812,771.0000,0
837.10,0,0.0000,0,0,93.5116,6.4884,772.0000,0
837.10,1,26.5000,0,0,85.0240,14.9760,790.0000,0
837.10,2,0.0000,0,0,92.9436,7.0564,772.0000,0
837.10,3,80.5000,0,0,95.2454,4.7546,826.0000,0
837.10,4,0.0000,0,0,99.0005,0.9995,772.0000,0
837.10,5,68.5000,0,0,91.0609,8.9391,818.0000,0
837.10,6,0.0000,0,0,95.5052,4.4948,772.0000,0
837.10,7,0.0000,0,0,72.8390,27.1610,772.0000,0
837.10,8,88.0000,0,0,89.1376,10.8624,831.0000,0
837.10,9,0.0000,0,0,91.4188,8.5812,772.0000,0
838.10,0,0.0000,0,0,93.5116,6.4884,773.0000,0
838.10,1,26.5000,0,0,85.0240,14.9760,791.0000,0
838.10,2,0.0000,0,0,92.9436,7.0564,773.0000,0
838.10,3,80.5000,0,0,95.2454,4.7546,827.0000,0
838.10,4,0.0000,0,0,99.0005,0.9995,773.0000,0
838.10,5,68.5000,0,0,91.0609,8.9391,819.0000,0
838.10,6,0.0000,0,0,95.5052,4.4948,773.0000,0
838.10,7,0.0000,0,0,72.8390,27.1610,773.0000,0
838.10,8,88.0000,0,0,89.1376,10.8624,832.0000,0
838.10,9,0.0000,0,0,91.4188,8.5812,773.0000,0
839.10,0,0.0000,0,0,93.5116,6.4884,774.0000,0
839.10,1,26.5000,0,0,85.0240,14.9760,792.0000,0
839.10,2,0.0000,0,0,92.9436,7.0564,774.0000,0
839.10,3,80.5000,0,0,95.2454,4.7546,828.0000,0
839.10,4,0.0000,0,0,99.0005,0.9995,774.0000,0
839.10,5,68.5000,0,0,91.0609,8.9391,820.0000,0
839.10,6,0.0000,0,0,95.5052,4.4948,774.0000,0
839.10,7,0.0000,0,0,72.8390,27.1610,774.0000,0
839.10,8,88.0000,0,0,89.1376,10.8624,833.0000,0
839.10,9,0.0000,0,0,91.4188,8.5812,774.0000,0
840.10,0,0.0000,0,0,93.5116,6.4884,775.0000,0
840.10,1,26.5000,0,0,85.0240,14.9760,793.0000,0
840.10,2,0.0000,0,0,92.9436,7.0564,775.0000,0
840.10,3,80.5000,0,0,95.2454,4.7546,829.0000,0
840.10,4,0.0000,0,0,99.0005,0.9995,775.0000,0
840.10,5,68.5000,0,0,91.0609,8.9391,821.0000,0
840.10,6,0.0000,0,0,95.5052,4.4948,775.0000,0
840.10,7,0.0000,0,0,72.8390,27.1610,775.0000,0
840.10,8,88.0000,0,0,89.1376,10.8624,834.0000,0
840.10,9,0.0000,0,0,91.4188,8.5812,775.0000,0
841.10,0,0.0000,0,0,93.5116,6.4884,776.0000,0
841.10,1,26.5000,0,0,85.0240,14.9760,794.0000,0
841.10,2,0.0000,0,0,92.9436,7.0564,776.0000,0
841.10,3,80.5000,0,0,95.2454,4.7546,830.0000,0
841.10,4,0.0000,0,0,99.0005,0.9995,776.0000,0
841.10,5,68.5000,0,0,91.0609,8.9391,822.0000,0
841.10,6,0.0000,0,0,95.5052,4.4948,776.0000,0
841.10,7,0.0000,0,0,72.8390,27.1610,776.0000,0
841.10,8,88.0000,0,0,89.1376,10.8624,835.0000,0
841.10,9,0.0000,0,0,91.4188,8.5812,776.0000,0
842.10,0,0.0000,0,0,93.5116,6.4884,777.0000,0
842.10,1,26.5000,0,0,85.0240,14.9760,795.0000,0
842.10,2,0.0000,0,0,92.9436,7.0564,777.0000,0
842.10,3,80.5000,0,0,95.2454,4.7546,831.0000,0
842.10,4,0.0000,0,0,99.0005,0.9995,777.0000,0
842.10,5,68.5000,0,0,91.0609,8.9391,823.0000,0
842.10,6,0.0000,0,0,95.5052,4.4948,777.0000,0
842.10,7,0.0000,0,0,72.8390,27.1610,777.0000,0
842.10,8,88.0000,0,0,89.1376,10.8624,836.0000,0
842.10,9,0.0000,0,0,91.4188,8.5812,777.0000,0
843.10,0,0.0000,0,0,93.5116,6.4884,778.0000,0
843.10,1,26.5000,0,0,85.0240,14.9760,796.0000,0
843.10,2,0.0000,0,0,92.9436,7.0564,778.0000,0
843.10,3,80.5000,0,0,95.2454,4.7546,832.0000,0
843.10,4,0.0000,0,0,99.0005,0.9995,778.0000,0
843.10,5,68.5000,0,0,91.0609,8.9391,824.0000,0
843.10,6,0.0000,0,0,95.5052,4.4948,778.0000,0
843.10,7,0.0000,0,0,72.8390,27.1610,778.0000,0
843.10,8,88.0000,0,0,89.1376,10.8624,837.0000,0
843.10,9,0.0000,0,0,91.4188,8.5812,778.0000,0
844.10,0,0.0000,0,0,93.5116,6.4884,779.0000,0
844.10,1,26.5000,0,0,85.0240,14.9760,797.0000,0
844.10,2,0.0000,0,0,92.9436,7.0564,779.0000,0
844.10,3,80.5000,0,0,95.2454,4.7546,833.0000,0
844.10,4,0.0000,0,0,99.0005,0.9995,779.0000,0
844.10,5,68.5000,0,0,91.0609,8.9391,825.0000,0
844.10,6,0.0000,0,0,95.5052,4.4948,779.0000,0
844.10,7,0.0000,0,0,72.8390,27.1610,779.0000,0
844.10,8,88.0000,0,0,89.1376,10.8624,838.0000,0
844.10,9,0.0000,0,0,91.4188,8.5812,779.0000,0
845.10,0,0.0000,0,0,93.5116,6.4884,780.0000,0
845.10,1,26.5000,0,0,85.0240,14.9760,798.0000,0
845.10,2,0.0000,0,0,92.9436,7.0564,780.0000,0
845.10,3,80.5000,0,0,95.2454,4.7546,834.0000,0
845.10,4,0.0000,0,0,99.0005,0.9995,780.0000,0
845.10,5,68.5000,0,0,91.0609,8.9391,826.0000,0
845.10,6,0.0000,0,0,95.5052,4.4948,780.0000,0
845.10,7,0.0000,0,0,72.8390,27.1610,780.0000,0
845.10,8,88.0000,0,0,89.1376,10.8624,839.0000,0
845.10,9,0.0000,0,0,91.4188,8.5812,780.0000,0
846.10,0,0.0000,0,0,93.5116,6.4884,781.0000,0
846.10,1,26.5000,0,0,85.0240,14.9760,799.0000,0
846.10,2,0.0000,0,0,92.9436,7.0564,781.0000,0
846.10,3,80.5000,0,0,95.2454,4.7546,835.0000,0
846.10,4,0.0000,0,0,99.0005,0.9995,781.0000,0
846.10,5,68.5000,0,0,91.0609,8.9391,827.0000,0
846.10,6,0.0000,0,0,95.5052,4.4948,781.0000,0
846.10,7,0.0000,0,0,72.8390,27.1610,781.0000,0
846.10,8,88.0000,0,0,89.1376,10.8624,840.0000,0
846.10,9,0.0000,0,0,91.4188,8.5812,781.0000,0
847.10,0,0.0000,0,0,93.5116,6.4884,782.0000,0
847.10,1,26.5000,0,0,85.0240,14.9760,800.0000,0
847.10,2,0.0000,0,0,92.9436,7.0564,782.0000,0
847.10,3,80.5000,0,0,95.2454,4.7546,836.0000,0
847.10,4,0.0000,0,0,99.0005,0.9995,782.0000,0
847.10,5,68.5000,0,0,91.0609,8.9391,828.0000,0
847.10,6,0.0000,0,0,95.5052,4.4948,782.0000,0
847.10,7,0.0000,0,0,72.8390,27.1610,782.0000,0
847.10,8,88.0000,0,0,89.1376,10.8624,841.0000,0
847.10,9,0.0000,0,0,91.4188,8.5812,782.0000,0
848.10,0,0.0000,0,0,93.5116,6.4884,783.0000,0
848.10,1,26.5000,0,0,85.0240,14.9760,801.0000,0
848.10,2,0.0000,0,0,92.9436,7.0564,783.0000,0
848.10,3,80.5000,0,0,95.2454,4.7546,837.0000,0
848.10,4,0.0000,0,0,99.0005,0.9995,783.0000,0
848.10,5,68.5000,0,0,91.0609,8.9391,829.0000,0
848.10,6,0.0000,0,0,95.5052,4.4948,783.0000,0
848.10,7,0.0000,0,0,72.8390,27.1610,783.0000,0
848.10,8,88.0000,0,0,89.1376,10.8624,842.0000,0
848.10,9,0.0000,0,0,91.4188,8.5812,783.0000,0
849.10,0,0.0000,0,0,93.5116,6.4884,784.0000,0
849.10,1,26.5000,0,0,85.0240,14.9760,802.0000,0
849.10,2,0.0000,0,0,92.9436,7.0564,784.0000,0
849.10,3,80.5000,0,0,95.2454,4.7546,838.0000,0
849.10,4,0.0000,0,0,99.0005,0.9995,784.0000,0
849.10,5,68.5000,0,0,91.0609,8.9391,830.0000,0
849.10,6,0.0000,0,0,95.5052,4.4948,784.0000,0
849.10,7,0.0000,0,0,72.8390,27.1610,784.0000,0
849.10,8,88.0000,0,0,89.1376,10.8624,843.0000,0
849.10,9,0.0000,0,0,91.4188,8.5812,784.0000,0
850.10,0,0.0000,0,0,93.5116,6.4884,785.0000,0
850.10,1,26.5000,0,0,85.0240,14.9760,803.0000,0
850.10,2,0.0000,0,0,92.9436,7.0564,785.0000,0
850.10,3,80.5000,0,0,95.2454,4.7546,839.0000,0
850.10,4,0.0000,0,0,99.0005,0.9995,785.0000,0
850.10,5,68.5000,0,0,91.0609,8.9391,831.0000,0
850.10,6,0.0000,0,0,95.5052,4.4948,785.0000,0
850.10,7,0.0000,0,0,72.8390,27.1610,785.0000,0
850.10,8,88.0000,0,0,89.1376,10.8624,844.0000,0
850.10,9,0.0000,0,0,91.4188,8.5812,785.0000,0
851.10,0,0.0000,0,0,93.5116,6.4884,786.0000,0
851.10,1,26.5000,0,0,85.0240,14.9760,804.0000,0
851.10,2,0.0000,0,0,92.9436,7.0564,786.0000,0
851.10,3,80.5000,0,0,95.2454,4.7546,840.0000,0
851.10,4,0.0000,0,0,99.0005,0.9995,786.0000,0
851.10,5,68.5000,0,0,91.0609,8.9391,832.0000,0
851.10,6,0.0000,0,0,95.5052,4.4948,786.0000,0
851.10,7,0.0000,0,0,72.8390,27.1610,786.0000,0
851.10,8,88.0000,0,0,89.1376,10.8624,845.0000,0
851.10,9,0.0000,0,0,91.4188,8.5812,786.0000,0
852.10,0,0.0000,0,0,93.5116,6.4884,787.0000,0
852.10,1,26.5000,0,0,85.0240,14.9760,805.0000,0
852.10,2,0.0000,0,0,92.9436,7.0564,787.0000,0
852.10,3,80.5000,0,0,95.2454,4.7546,841.0000,0
852.10,4,0.0000,0,0,99.0005,0.9995,787.0000,0
852.10,5,68.5000,0,0,91.0609,8.9391,833.0000,0
852.10,6,0.0000,0,0,95.5052,4.4948,787.0000,0
852.10,7,0.0000,0,0,72.8390,27.1610,787.0000,0
852.10,8,88.0000,0,0,89.1376,10.8624,846.0000,0
852.10,9,0.0000,0,0,91.4188,8.5812,787.0000,0
853.10,0,0.0000,0,0,93.5116,6.4884,788.0000,0
853.10,1,26.5000,0,0,85.0240,14.9760,806.0000,0
853.10,2,0.0000,0,0,92.9436,7.0564,788.0000,0
853.10,3,80.5000,0,0,95.2454,4.7546,842.0000,0
853.10,4,0.0000,0,0,99.0005,0.9995,788.0000,0
853.10,5,68.5000,0,0,91.0609,8.9391,834.0000,0
853.10,6,0.0000,0,0,95.5052,4.4948,788.0000,0
853.10,7,0.0000,0,0,72.8390,27.1610,788.0000,0
853.10,8,88.0000,0,0,89.1376,10.8624,847.0000,0
853.10,9,0.0000,0,0,91.4188,8.5812,788.0000,0
854.10,0,0.0000,0,0,93.5116,6.4884,789.0000,0
854.10,1,26.5000,0,0,85.0240,14.9760,807.0000,0
854.10,2,0.0000,0,0,92.9436,7.0564,789.0000,0
854.10,3,80.5000,0,0,95.2454,4.7546,843.0000,0
854.10,4,0.0000,0,0,99.0005,0.9995,789.0000,0
854.10,5,68.5000,0,0,91.0609,8.9391,835.0000,0
854.10,6,0.0000,0,0,95.5052,4.4948,789.0000,0
854.10,7,0.0000,0,0,72.8390,27.1610,789.0000,0
854.10,8,88.0000,0,0,89.1376,10.8624,848.0000,0
854.10,9,0.0000,0,0,91.4188,8.5812,789.0000,0
855.10,0,0.0000,0,0,93.5116,6.4884,790.0000,0
855.10,1,26.5000,0,0,85.0240,14.9760,808.0000,0
855.10,2,0.0000,0,0,92.9436,7.0564,790.0000,0
855.10,3,80.5000,0,0,95.2454,4.7546,844.0000,0
855.10,4,0.0000,0,0,99.0005,0.9995,790.0000,0
855.10,5,68.5000,0,0,91.0609,8.9391,836.0000,0
855.10,6,0.0000,0,0,95.5052,4.4948,790.0000,0
855.10,7,0.0000,0,0,72.8390,27.1610,790.0000,0
855.10,8,88.0000,0,0,89.1376,10.8624,849.0000,0
855.10,9,0.0000,0,0,91.4188,8.5812,790.0000,0
856.10,0,0.0000,0,0,93.5116,6.4884,791.0000,0
856.10,1,26.5000,0,0,85.0240,14.9760,809.0000,0
856.10,2,0.0000,0,0,92.9436,7.0564,791.0000,0
856.10,3,80.5000,0,0,95.2454,4.7546,845.0000,0
856.10,4,0.0000,0,0,99.0005,0.9995,791.0000,0
856.10,5,68.5000,0,0,91.0609,8.9391,837.0000,0
856.10,6,0.0000,0,0,95.5052,4.4948,791.0000,0
856.10,7,0.0000,0,0,72.8390,27.1610,791.0000,0
856.10,8,88.0000,0,0,89.1376,10.8624,850.0000,0
856.10,9,0.0000,0,0,91.4188,8.5812,791.0000,0
857.10,0,0.0000,0,0,93.5116,6.4884,792.0000,0
857.10,1,26.5000,0,0,85.0240,14.9760,810.0000,0
857.10,2,0.0000,0,0,92.9436,7.0564,792.0000,0
857.10,3,80.5000,0,0,95.2454,4.7546,846.0000,0
857.10,4,0.0000,0,0,99.0005,0.9995,792.0000,0
857.10,5,68.5000,0,0,91.0609,8.9391,838.0000,0
857.10,6,0.0000,0,0,95.5052,4.4948,792.0000,0
857.10,7,0.0000,0,0,72.8390,27.1610,792.0000,0
857.10,8,88.0000,0,0,89.1376,10.8624,851.0000,0
857.10,9,0.0000,0,0,91.4188,8.5812,792.0000,0
858.10,0,0.0000,0,0,93.5116,6.4884,793.0000,0
858.10,1,26.5000,0,0,85.0240,14.9760,811.0000,0
858.10,2,0.0000,0,0,92.9436,7.0564,793.0000,0
858.10,3,80.5000,0,0,95.2454,4.7546,847.0000,0
858.10,4,0.0000,0,0,99.0005,0.9995,793.0000,0
858.10,5,68.5000,0,0,91.0609,8.9391,839.0000,0
858.10,6,0.0000,0,0,95.5052,4.4948,793.0000,0
858.10,7,0.0000,0,0,72.8390,27.1610,793.0000,0
858.10,8,88.0000,0,0,89.1376,10.8624,852.0000,0
858.10,9,0.0000,0,0,91.4188,8.5812,793.0000,0
859.10,0,0.0000,0,0,93.5116,6.4884,794.0000,0
859.10,1,26.5000,0,0,85.0240,14.9760,812.0000,0
859.10,2,0.0000,0,0,92.9436,7.0564,794.0000,0
859.10,3,80.5000,0,0,95.2454,4.7546,848.0000,0
859.10,4,0.0000,0,0,99.0005,0.9995,794.0000,0
859.10,5,68.5000,0,0,91.0609,8.9391,840.0000,0
859.10,6,0.0000,0,0,95.5052,4.4948,794.0000,0
859.10,7,0.0000,0,0,72.8390,27.1610,794.0000,0
859.10,8,88.0000,0,0,89.1376,10.8624,853.0000,0
859.10,9,0.0000,0,0,91.4188,8.5812,794.0000,0
860.10,0,0.0000,0,0,93.5116,6.4884,795.0000,0
860.10,1,26.5000,0,0,85.0240,14.9760,813.0000,0
860.10,2,0.0000,0,0,92.9436,7.0564,795.0000,0
860.10,3,80.5000,0,0,95.2454,4.7546,849.0000,0
860.10,4,0.0000,0,0,99.0005,0.9995,795.0000,0
860.10,5,68.5000,0,0,91.0609,8.9391,841.0000,0
860.10,6,0.0000,0,0,95.5052,4.4948,795.0000,0
860.10,7,0.0000,0,0,72.8390,27.1610,795.0000,0
860.10,8,88.0000,0,0,89.1376,10.8624,854.0000,0
860.10,9,0.0000,0,0,91.4188,8.5812,795.0000,0
861.10,0,0.0000,0,0,93.5116,6.4884,796.0000,0
861.10,1,26.5000,0,0,85.0240,14.9760,814.0000,0
861.10,2,0.0000,0,0,92.9436,7.0564,796.0000,0
861.10,3,80.5000,0,0,95.2454,4.7546,850.0000,0
861.10,4,0.0000,0,0,99.0005,0.9995,796.0000,0
861.10,5,68.5000,0,0,91.0609,8.9391,842.0000,0
861.10,6,0.0000,0,0,95.5052,4.4948,796.0000,0
861.10,7,0.0000,0,0,72.8390,27.1610,796.0000,0
861.10,8,88.0000,0,0,89.1376,10.8624,855.0000,0
861.10,9,0.0000,0,0,91.4188,8.5812,796.0000,0
862.10,0,0.0000,0,0,93.5116,6.4884,797.0000,0
862.10,1,26.5000,0,0,85.0240,14.9760,815.0000,0
862.10,2,0.0000,0,0,92.9436,7.0564,797.0000,0
862.10,3,80.5000,0,0,95.2454,4.7546,851.0000,0
862.10,4,0.0000,0,0,99.0005,0.9995,797.0000,0
862.10,5,68.5000,0,0,91.0609,8.9391,843.0000,0
862.10,6,0.0000,0,0,95.5052,4.4948,797.0000,0
862.10,7,0.0000,0,0,72.8390,27.1610,797.0000,0
862.10,8,88.0000,0,0,89.1376,10.8624,856.0000,0
862.10,9,0.0000,0,0,91.4188,8.5812,797.0000,0
863.10,0,0.0000,0,0,93.5116,6.4884,798.0000,0
863.10,1,26.5000,0,0,85.0240,14.9760,816.0000,0
863.10,2,0.0000,0,0,92.9436,7.0564,798.0000,0
863.10,3,80.5000,0,0,95.2454,4.7546,852.0000,0
863.10,4,0.0000,0,0,99.0005,0.9995,798.0000,0
863.10,5,68.5000,0,0,91.0609,8.9391,844.0000,0
863.10,6,0.0000,0,0,95.5052,4.4948,798.0000,0
863.10,7,0.0000,0,0,72.8390,27.1610,798.0000,0
863.10,8,88.0000,0,0,89.1376,10.8624,857.0000,0
863.10,9,0.0000,0,0,91.4188,8.5812,798.0000,0
864.10,0,0.0000,0,0,93.5116,6.4884,799.0000,0
864.10,1,26.5000,0,0,85.0240,14.9760,817.0000,0
864.10,2,0.0000,0,0,92.9436,7.0564,799.0000,0
864.10,3,80.5000,0,0,95.2454,4.7546,853.0000,0
864.10,4,0.0000,0,0,99.0005,0.9995,799.0000,0
864.10,5,68.5000,0,0,91.0609,8.9391,845.0000,0
864.10,6,0.0000,0,0,95.5052,4.4948,799.0000,0
864.10,7,0.0000,0,0,72.8390,27.1610,799.0000,0
864.10,8,88.0000,0,0,89.1376,10.8624,858.0000,0
864.10,9,0.0000,0,0,91.4188,8.5812,799.0000,0
865.10,0,0.0000,0,0,93.5116,6.4884,800.0000,0
865.10,1,26.5000,0,0,85.0240,14.9760,818.0000,0
865.10,2,0.0000,0,0,92.9436,7.0564,800.0000,0
865.10,3,80.5000,0,0,95.2454,4.7546,854.0000,0
865.10,4,0.0000,0,0,99.0005,0.9995,800.0000,0
865.10,5,68.5000,0,0,91.0609,8.9391,846.0000,0
865.10,6,0.0000,0,0,95.5052,4.4948,800.0000,0
865.10,7,0.0000,0,0,72.8390,27.1610,800.0000,0
865.10,8,88.0000,0,0,89.1376,10.8624,859.0000,0
865.10,9,0.0000,0,0,91.4188,8.5812,800.0000,0
866.10,0,0.0000,0,0,93.5116,6.4884,801.0000,0
866.10,1,26.5000,0,0,85.0240,14.9760,819.0000,0
866.10,2,0.0000,0,0,92.9436,7.0564,801.0000,0
866.10,3,80.5000,0,0,95.2454,4.7546,855.0000,0
866.10,4,0.0000,0,0,99.0005,0.9995,801.0000,0
866.10,5,68.5000,0,0,91.0609,8.9391,847.0000,0
866.10,6,0.0000,0,0,95.5052,4.4948,801.0000,0
866.10,7,0.0000,0,0,72.8390,27.1610,801.0000,0
866.10,8,88.0000,0,0,89.1376,10.8624,860.0000,0
866.10,9,0.0000,0,0,91.4188,8.5812,801.0000,0
867.10,0,0.0000,0,0,93.5116,6.4884,802.0000,0
867.10,1,26.5000,0,0,85.0240,14.9760,820.0000,0
867.10,2,0.0000,0,0,92.9436,7.0564,802.0000,0
867.10,3,80.5000,0,0,95.2454,4.7546,856.0000,0
867.10,4,0.0000,0,0,99.0005,0.9995,802.0000,0
867.10,5,68.5000,0,0,91.0609,8.9391,848.0000,0
867.10,6,0.0000,0,0,95.5052,4.4948,802.0000,0
867.10,7,0.0000,0,0,72.8390,27.1610,802.0000,0
867.10,8,88.0000,0,0,89.1376,10.8624,861.0000,0
867.10,9,0.0000,0,0,91.4188,8.5812,802.0000,0
868.10,0,0.0000,0,0,93.5116,6.4884,803.0000,0
868.10,1,26.5000,0,0,85.0240,14.9760,821.0000,0
868.10,2,0.0000,0,0,92.9436,7.0564,803.0000,0
868.10,3,80.5000,0,0,95.2454,4.7546,857.0000,0
868.10,4,0.0000,0,0,99.0005,0.9995,803.0000,0
868.10,5,68.5000,0,0,91.0609,8.9391,849.0000,0
868.10,6,0.0000,0,0,95.5052,4.4948,803.0000,0
868.10,7,0.0000,0,0,72.8390,27.1610,803.0000,0
868.10,8,88.0000,0,0,89.1376,10.8624,862.0000,0
868.10,9,0.0000,0,0,91.4188,8.5812,803.0000,0
869.10,0,0.0000,0,0,93.5116,6.4884,804.0000,0
869.10,1,26.5000,0,0,85.0240,14.9760,822.0000,0
869.10,2,0.0000,0,0,92.9436,7.0564,804.0000,0
869.10,3,80.5000,0,0,95.2454,4.7546,858.0000,0
869.10,4,0.0000,0,0,99.0005,0.9995,804.0000,0
869.10,5,68.5000,0,0,91.0609,8.9391,850.0000,0
869.10,6,0.0000,0,0,95.5052,4.4948,804.0000,0
869.10,7,0.0000,0,0,72.8390,27.1610,804.0000,0
869.10,8,88.0000,0,0,89.1376,10.8624,863.0000,0
869.10,9,0.0000,0,0,91.4188,8.5812,804.0000,0
870.10,0,0.0000,0,0,93.5116,6.4884,805.0000,0
870.10,1,26.5000,0,0,85.0240,14.9760,823.0000,0
870.10,2,0.0000,0,0,92.9436,7.0564,805.0000,0
870.10,3,80.5000,0,0,95.2454,4.7546,859.0000,0
870.10,4,0.0000,0,0,99.0005,0.9995,805.0000,0
870.10,5,68.5000,0,0,91.0609,8.9391,851.0000,0
870.10,6,0.0000,0,0,95.5052,4.4948,805.0000,0
870.10,7,0.0000,0,0,72.8390,27.1610,805.0000,0
870.10,8,88.0000,0,0,89.1376,10.8624,864.0000,0
870.10,9,0.0000,0,0,91.4188,8.5812,805.0000,0
871.10,0,0.0000,0,0,93.5116,6.4884,806.0000,0
871.10,1,26.5000,0,0,85.0240,14.9760,824.0000,0
871.10,2,0.0000,0,0,92.9436,7.0564,806.0000,0
871.10,3,80.5000,0,0,95.2454,4.7546,860.0000,0
871.10,4,0.0000,0,0,99.0005,0.9995,806.0000,0
871.10,5,68.5000,0,0,91.0609,8.9391,852.0000,0
871.10,6,0.0000,0,0,95.5052,4.4948,806.0000,0
871.10,7,0.0000,0,0,72.8390,27.1610,806.0000,0
871.10,8,88.0000,0,0,89.1376,10.8624,865.0000,0
871.10,9,0.0000,0,0,91.4188,8.5812,806.0000,0
872.10,0,0.0000,0,0,93.5116,6.4884,807.0000,0
872.10,1,26.5000,0,0,85.0240,14.9760,825.0000,0
872.10,2,0.0000,0,0,92.9436,7.0564,807.0000,0
872.10,3,80.5000,0,0,95.2454,4.7546,861.0000,0
872.10,4,0.0000,0,0,99.0005,0.9995,807.0000,0
872.10,5,68.5000,0,0,91.0609,8.9391,853.0000,0
872.10,6,0.0000,0,0,95.5052,4.4948,807.0000,0
872.10,7,0.0000,0,0,72.8390,27.1610,807.0000,0
872.10,8,88.0000,0,0,89.1376,10.8624,866.0000,0
872.10,9,0.0000,0,0,91.4188,8.5812,807.0000,0
873.10,0,0.0000,0,0,93.5116,6.4884,808.0000,0
873.10,1,26.5000,0,0,85.0240,14.9760,826.0000,0
873.10,2,0.0000,0,0,92.9436,7.0564,808.0000,0
873.10,3,80.5000,0,0,95.2454,4.7546,862.0000,0
873.10,4,0.0000,0,0,99.0005,0.9995,808.0000,0
873.10,5,68.5000,0,0,91.0609,8.9391,854.0000,0
873.10,6,0.0000,0,0,95.5052,4.4948,808.0000,0
873.10,7,0.0000,0,0,72.8390,27.1610,808.0000,0
873.10,8,88.0000,0,0,89.1376,10.8624,867.0000,0
873.10,9,0.0000,0,0,91.4188,8.5812,808.0000,0
874.10,0,0.0000,0,0,93.5116,6.4884,809.0000,0
874.10,1,26.5000,0,0,85.0240,14.9760,827.0000,0
874.10,2,0.0000,0,0,92.9436,7.0564,809.0000,0
874.10,3,80.5000,0,0,95.2454,4.7546,863.0000,0
874.10,4,0.0000,0,0,99.0005,0.9995,809.0000,0
874.10,5,68.5000,0,0,91.0609,8.9391,855.0000,0
874.10,6,0.0000,0,0,95.5052,4.4948,809.0000,0
874.10,7,0.0000,0,0,72.8390,27.1610,809.0000,0
874.10,8,88.0000,0,0,89.1376,10.8624,868.0000,0
874.10,9,0.0000,0,0,91.4188,8.5812,809.0000,0
875.10,0,0.0000,0,0,93.5116,6.4884,810.0000,0
875.10,1,26.5000,0,0,85.0240,14.9760,828.0000,0
875.10,2,0.0000,0,0,92.9436,7.0564,810.0000,0
875.10,3,80.5000,0,0,95.2454,4.7546,864.0000,0
875.10,4,0.0000,0,0,99.0005,0.9995,810.0000,0
875.10,5,68.5000,0,0,91.0609,8.9391,856.0000,0
875.10,6,0.0000,0,0,95.5052,4.4948,810.0000,0
875.10,7,0.0000,0,0,72.8390,27.1610,810.0000,0
875.10,8,88.0000,0,0,89.1376,10.8624,869.0000,0
875.10,9,0.0000,0,0,91.4188,8.5812,810.0000,0
876.10,0,0.0000,0,0,93.5116,6.4884,811.0000,0
876.10,1,26.5000,0,0,85.0240,14.9760,829.0000,0
876.10,2,0.0000,0,0,92.9436,7.0564,811.0000,0
876.10,3,80.5000,0,0,95.2454,4.7546,865.0000,0
876.10,4,0.0000,0,0,99.0005,0.9995,811.0000,0
876.10,5,68.5000,0,0,91.0609,8.9391,857.0000,0
876.10,6,0.0000,0,0,95.5052,4.4948,811.0000,0
876.10,7,0.0000,0,0,72.8390,27.1610,811.0000,0
876.10,8,88.0000,0,0,89.1376,10.8624,870.0000,0
876.10,9,0.0000,0,0,91.4188,8.5812,811.0000,0
877.10,0,0.0000,0,0,93.5116,6.4884,812.0000,0
877.10,1,26.5000,0,0,85.0240,14.9760,830.0000,0
877.10,2,0.0000,0,0,92.9436,7.0564,812.0000,0
877.10,3,80.5000,0,0,95.2454,4.7546,866.0000,0
877.10,4,0.0000,0,0,99.0005,0.9995,812.0000,0
877.10,5,68.5000,0,0,91.0609,8.9391,858.0000,0
877.10,6,0.0000,0,0,95.5052,4.4948,812.0000,0
877.10,7,0.0000,0,0,72.8390,27.1610,812.0000,0
877.10,8,88.0000,0,0,89.1376,10.8624,871.0000,0
877.10,9,0.0000,0,0,91.4188,8.5812,812.0000,0
878.10,0,0.0000,0,0,93.5116,6.4884,813.0000,0
878.10,1,26.5000,0,0,85.0240,14.9760,831.0000,0
878.10,2,0.0000,0,0,92.9436,7.0564,813.0000,0
878.10,3,80.5000,0,0,95.2454,4.7546,867.0000,0
878.10,4,0.0000,0,0,99.0005,0.9995,813.0000,0
878.10,5,68.5000,0,0,91.0609,8.9391,859.0000,0
878.10,6,0.0000,0,0,95.5052,4.4948,813.0000,0
878.10,7,0.0000,0,0,72.8390,27.1610,813.0000,0
878.10,8,88.0000,0,0,89.1376,10.8624,872.0000,0
878.10,9,0.0000,0,0,91.4188,8.5812,813.0000,0
879.10,0,0.0000,0,0,93.5116,6.4884,814.0000,0
879.10,1,26.5000,0,0,85.0240,14.9760,832.0000,0
879.10,2,0.0000,0,0,92.9436,7.0564,814.0000,0
879.10,3,80.5000,0,0,95.2454,4.7546,868.0000,0
879.10,4,0.0000,0,0,99.0005,0.9995,814.0000,0
879.10,5,68.5000,0,0,91.0609,8.9391,860.0000,0
879.10,6,0.0000,0,0,95.5052,4.4948,814.0000,0
879.10,7,0.0000,0,0,72.8390,27.1610,814.0000,0
879.10,8,88.0000,0,0,89.1376,10.8624,873.0000,0
879.10,9,0.0000,0,0,91.4188,8.5812,814.0000,0
880.10,0,0.0000,0,0,93.5116,6.4884,815.0000,0
880.10,1,26.5000,0,0,85.0240,14.9760,833.0000,0
880.10,2,0.0000,0,0,92.9436,7.0564,815.0000,0
880.10,3,80.5000,0,0,95.2454,4.7546,869.0000,0
880.10,4,0.0000,0,0,99.0005,0.9995,815.0000,0
880.10,5,68.5000,0,0,91.0609,8.9391,861.0000,0
880.10,6,0.0000,0,0,95.5052,4.4948,815.0000,0
880.10,7,0.0000,0,0,72.8390,27.1610,815.0000,0
880.10,8,88.0000,0,0,89.1376,10.8624,874.0000,0
880.10,9,0.0000,0,0,91.4188,8.5812,815.0000,0
881.10,0,0.0000,0,0,93.5116,6.4884,816.0000,0
881.10,1,26.5000,0,0,85.0240,14.9760,834.0000,0
881.10,2,0.0000,0,0,92.9436,7.0564,816.0000,0
881.10,3,80.5000,0,0,95.2454,4.7546,870.0000,0
881.10,4,0.0000,0,0,99.0005,0.9995,816.0000,0
881.10,5,68.5000,0,0,91.0609,8.9391,862.0000,0
881.10,6,0.0000,0,0,95.5052,4.4948,816.0000,0
881.10,7,0.0000,0,0,72.8390,27.1610,816.0000,0
881.10,8,88.0000,0,0,89.1376,10.8624,875.0000,0
881.10,9,0.0000,0,0,91.4188,8.5812,816.0000,0
882.10,0,0.0000,0,0,93.5116,6.4884,817.0000,0
882.10,1,26.5000,0,0,85.0240,14.9760,835.0000,0
882.10,2,0.0000,0,0,92.9436,7.0564,817.0000,0
882.10,3,80.5000,0,0,95.2454,4.7546,871.0000,0
882.10,4,0.0000,0,0,99.0005,0.9995,817.0000,0
882.10,5,68.5000,0,0,91.0609,8.9391,863.0000,0
882.10,6,0.0000,0,0,95.5052,4.4948,817.0000,0
882.10,7,0.0000,0,0,72.8390,27.1610,817.0000,0
882.10,8,88.0000,0,0,89.1376,10.8624,876.0000,0
882.10,9,0.0000,0,0,91.4188,8.5812,817.0000,0
883.10,0,0.0000,0,0,93.5116,6.4884,818.0000,0
883.10,1,26.5000,0,0,85.0240,14.9760,836.0000,0
883.10,2,0.0000,0,0,92.9436,7.0564,818.0000,0
883.10,3,80.5000,0,0,95.2454,4.7546,872.0000,0
883.10,4,0.0000,0,0,99.0005,0.9995,818.0000,0
883.10,5,68.5000,0,0,91.0609,8.9391,864.0000,0
883.10,6,0.0000,0,0,95.5052,4.4948,818.0000,0
883.10,7,0.0000,0,0,72.8390,27.1610,818.0000,0
883.10,8,88.0000,0,0,89.1376,10.8624,877.0000,0
883.10,9,0.0000,0,0,91.4188,8.5812,818.0000,0
884.10,0,0.0000,0,0,93.5116,6.4884,819.0000,0
884.10,1,26.5000,0,0,85.0240,14.9760,837.0000,0
884.10,2,0.0000,0,0,92.9436,7.0564,819.0000,0
884.10,3,80.5000,0,0,95.2454,4.7546,873.0000,0
884.10,4,0.0000,0,0,99.0005,0.9995,819.0000,0
884.10,5,68.5000,0,0,91.0609,8.9391,865.0000,0
884.10,6,0.0000,0,0,95.5052,4.4948,819.0000,0
884.10,7,0.0000,0,0,72.8390,27.1610,819.0000,0
884.10,8,88.0000,0,0,89.1376,10.8624,878.0000,0
884.10,9,0.0000,0,0,91.4188,8.5812,819.0000,0
885.10,0,0.0000,0,0,93.5116,6.4884,820.0000,0
885.10,1,26.5000,0,0,85.0240,14.9760,838.0000,0
885.10,2,0.0000,0,0,92.9436,7.0564,820.0000,0
885.10,3,80.5000,0,0,95.2454,4.7546,874.0000,0
885.10,4,0.0000,0,0,99.0005,0.9995,820.0000,0
885.10,5,68.5000,0,0,91.0609,8.9391,866.0000,0
885.10,6,0.0000,0,0,95.5052,4.4948,820.0000,0
885.10,7,0.0000,0,0,72.8390,27.1610,820.0000,0
885.10,8,88.0000,0,0,89.1376,10.8624,879.0000,0
885.10,9,0.0000,0,0,91.4188,8.5812,820.0000,0
886.10,0,0.0000,0,0,93.5116,6.4884,821.0000,0
886.10,1,26.5000,0,0,85.0240,14.9760,839.0000,0
886.10,2,0.0000,0,0,92.9436,7.0564,821.0000,0
886.10,3,80.5000,0,0,95.2454,4.7546,875.0000,0
886.10,4,0.0000,0,0,99.0005,0.9995,821.0000,0
886.10,5,68.5000,0,0,91.0609,8.9391,867.0000,0
886.10,6,0.0000,0,0,95.5052,4.4948,821.0000,0
886.10,7,0.0000,0,0,72.8390,27.1610,821.0000,0
886.10,8,88.0000,0,0,89.1376,10.8624,880.0000,0
886.10,9,0.0000,0,0,91.4188,8.5812,821.0000,0
887.10,0,0.0000,0,0,93.5116,6.4884,822.0000,0
887.10,1,26.5000,0,0,85.0240,14.9760,840.0000,0
887.10,2,0.0000,0,0,92.9436,7.0564,822.0000,0
887.10,3,80.5000,0,0,95.2454,4.7546,876.0000,0
887.10,4,0.0000,0,0,99.0005,0.9995,822.0000,0
887.10,5,68.5000,0,0,91.0609,8.9391,868.0000,0
887.10,6,0.0000,0,0,95.5052,4.4948,822.0000,0
887.10,7,0.0000,0,0,72.8390,27.1610,822.0000,0
887.10,8,88.0000,0,0,89.1376,10.8624,881.0000,0
887.10,9,0.0000,0,0,91.4188,8.5812,822.0000,0
888.10,0,0.0000,0,0,93.5116,6.4884,823.0000,0
888.10,1,26.5000,0,0,85.0240,14.9760,841.0000,0
888.10,2,0.0000,0,0,92.9436,7.0564,823.0000,0
888.10,3,80.5000,0,0,95.2454,4.7546,877.0000,0
888.10,4,0.0000,0,0,99.0005,0.9995,823.0000,0
888.10,5,68.5000,0,0,91.0609,8.9391,869.0000,0
888.10,6,0.0000,0,0,95.5052,4.4948,823.0000,0
888.10,7,0.0000,0,0,72.8390,27.1610,823.0000,0
888.10,8,88.0000,0,0,89.1376,10.8624,882.0000,0
888.10,9,0.0000,0,0,91.4188,8.5812,823.0000,0
889.10,0,0.0000,0,0,93.5116,6.4884,824.0000,0
889.10,1,26.5000,0,0,85.0240,14.9760,842.0000,0
889.10,2,0.0000,0,0,92.9436,7.0564,824.0000,0
889.10,3,80.5000,0,0,95.2454,4.7546,878.0000,0
889.10,4,0.0000,0,0,99.0005,0.9995,824.0000,0
889.10,5,68.5000,0,0,91.0609,8.9391,870.0000,0
889.10,6,0.0000,0,0,95.5052,4.4948,824.0000,0
889.10,7,0.0000,0,0,72.8390,27.1610,824.0000,0
889.10,8,88.0000,0,0,89.1376,10.8624,883.0000,0
889.10,9,0.0000,0,0,91.4188,8.5812,824.0000,0
890.10,0,0.0000,0,0,93.5116,6.4884,825.0000,0
890.10,1,26.5000,0,0,85.0240,14.9760,843.0000,0
890.10,2,0.0000,0,0,92.9436,7.0564,825.0000,0
890.10,3,80.5000,0,0,95.2454,4.7546,879.0000,0
890.10,4,0.0000,0,0,99.0005,0.9995,825.0000,0
890.10,5,68.5000,0,0,91.0609,8.9391,871.0000,0
890.10,6,0.0000,0,0,95.5052,4.4948,825.0000,0
890.10,7,0.0000,0,0,72.8390,27.1610,825.0000,0
890.10,8,88.0000,0,0,89.1376,10.8624,884.0000,0
890.10,9,0.0000,0,0,91.4188,8.5812,825.0000,0
891.10,0,0.0000,0,0,93.5116,6.4884,826.0000,0
891.10,1,26.5000,0,0,85.0240,14.9760,844.0000,0
891.10,2,0.0000,0,0,92.9436,7.0564,826.0000,0
891.10,3,80.5000,0,0,95.2454,4.7546,880.0000,0
891.10,4,0.0000,0,0,99.0005,0.9995,826.0000,0
891.10,5,68.5000,0,0,91.0609,8.9391,872.0000,0
891.10,6,0.0000,0,0,95.5052,4.4948,826.0000,0
891.10,7,0.0000,0,0,72.8390,27.1610,826.0000,0
891.10,8,88.0000,0,0,89.1376,10.8624,885.0000,0
891.10,9,0.0000,0,0,91.4188,8.5812,826.0000,0
892.10,0,0.0000,0,0,93.5116,6.4884,827.0000,0
892.10,1,26.5000,0,0,85.0240,14.9760,845.0000,0
892.10,2,0.0000,0,0,92.9436,7.0564,827.0000,0
892.10,3,80.5000,0,0,95.2454,4.7546,881.0000,0
892.10,4,0.0000,0,0,99.0005,0.9995,827.0000,0
892.10,5,68.5000,0,0,91.0609,8.9391,873.0000,0
892.10,6,0.0000,0,0,95.5052,4.4948,827.0000,0
892.10,7,0.0000,0,0,72.8390,27.1610,827.0000,0
892.10,8,88.0000,0,0,89.1376,10.8624,886.0000,0
892.10,9,0.0000,0,0,91.4188,8.5812,827.0000,0
893.10,0,0.0000,0,0,93.5116,6.4884,828.0000,0
893.10,1,26.5000,0,0,85.0240,14.9760,846.0000,0
893.10,2,0.0000,0,0,92.9436,7.0564,828.0000,0
893.10,3,80.5000,0,0,95.2454,4.7546,882.0000,0
893.10,4,0.0000,0,0,99.0005,0.9995,828.0000,0
893.10,5,68.5000,0,0,91.0609,8.9391,874.0000,0
893.10,6,0.0000,0,0,95.5052,4.4948,828.0000,0
893.10,7,0.0000,0,0,72.8390,27.1610,828.0000,0
893.10,8,88.0000,0,0,89.1376,10.8624,887.0000,0
893.10,9,0.0000,0,0,91.4188,8.5812,828.0000,0
894.10,0,0.0000,0,0,93.5116,6.4884,829.0000,0
894.10,1,26.5000,0,0,85.0240,14.9760,847.0000,0
894.10,2,0.0000,0,0,92.9436,7.0564,829.0000,0
894.10,3,80.5000,0,0,95.2454,4.7546,883.0000,0
894.10,4,0.0000,0,0,99.0005,0.9995,829.0000,0
894.10,5,68.5000,0,0,91.0609,8.9391,875.0000,0
894.10,6,0.0000,0,0,95.5052,4.4948,829.0000,0
894.10,7,0.0000,0,0,72.8390,27.1610,829.0000,0
894.10,8,88.0000,0,0,89.1376,10.8624,888.0000,0
894.10,9,0.0000,0,0,91.4188,8.5812,829.0000,0
895.10,0,0.0000,0,0,93.5116,6.4884,830.0000,0
895.10,1,26.5000,0,0,85.0240,14.9760,848.0000,0
895.10,2,0.0000,0,0,92.9436,7.0564,830.0000,0
895.10,3,80.5000,0,0,95.2454,4.7546,884.0000,0
895.10,4,0.0000,0,0,99.0005,0.9995,830.0000,0
895.10,5,68.5000,0,0,91.0609,8.9391,876.0000,0
895.10,6,0.0000,0,0,95.5052,4.4948,830.0000,0
895.10,7,0.0000,0,0,72.8390,27.1610,830.0000,0
895.10,8,88.0000,0,0,89.1376,10.8624,889.0000,0
895.10,9,0.0000,0,0,91.4188,8.5812,830.0000,0
896.10,0,0.0000,0,0,93.5116,6.4884,831.0000,0
896.10,1,26.5000,0,0,85.0240,14.9760,849.0000,0
896.10,2,0.0000,0,0,92.9436,7.0564,831.0000,0
896.10,3,80.5000,0,0,95.2454,4.7546,885.0000,0
896.10,4,0.0000,0,0,99.0005,0.9995,831.0000,0
896.10,5,68.5000,0,0,91.0609,8.9391,877.0000,0
896.10,6,0.0000,0,0,95.5052,4.4948,831.0000,0
896.10,7,0.0000,0,0,72.8390,27.1610,831.0000,0
896.10,8,88.0000,0,0,89.1376,10.8624,890.0000,0
896.10,9,0.0000,0,0,91.4188,8.5812,831.0000,0
897.10,0,0.0000,0,0,93.5116,6.4884,832.0000,0
897.10,1,26.5000,0,0,85.0240,14.9760,850.0000,0
897.10,2,0.0000,0,0,92.9436,7.0564,832.0000,0
897.10,3,80.5000,0,0,95.2454,4.7546,886.0000,0
897.10,4,0.0000,0,0,99.0005,0.9995,832.0000,0
897.10,5,68.5000,0,0,91.0609,8.9391,878.0000,0
897.10,6,0.0000,0,0,95.5052,4.4948,832.0000,0
897.10,7,0.0000,0,0,72.8390,27.1610,832.0000,0
897.10,8,88.0000,0,0,89.1376,10.8624,891.0000,0
897.10,9,0.0000,0,0,91.4188,8.5812,832.0000,0
898.10,0,0.0000,0,0,93.5116,6.4884,833.0000,0
898.10,1,26.5000,0,0,85.0240,14.9760,851.0000,0
898.10,2,0.0000,0,0,92.9436,7.0564,833.0000,0
898.10,3,80.5000,0,0,95.2454,4.7546,887.0000,0
898.10,4,0.0000,0,0,99.0005,0.9995,833.0000,0
898.10,5,68.5000,0,0,91.0609,8.9391,879.0000,0
898.10,6,0.0000,0,0,95.5052,4.4948,833.0000,0
898.10,7,0.0000,0,0,72.8390,27.1610,833.0000,0
898.10,8,88.0000,0,0,89.1376,10.8624,892.0000,0
898.10,9,0.0000,0,0,91.4188,8.5812,833.0000,0
899.10,0,0.0000,0,0,93.5116,6.4884,834.0000,0
899.10,1,26.5000,0,0,85.0240,14.9760,852.0000,0
899.10,2,0.0000,0,0,92.9436,7.0564,834.0000,0
899.10,3,80.5000,0,0,95.2454,4.7546,888.0000,0
899.10,4,0.0000,0,0,99.0005,0.9995,834.0000,0
899.10,5,68.5000,0,0,91.0609,8.9391,880.0000,0
899.10,6,0.0000,0,0,95.5052,4.4948,834.0000,0
899.10,7,0.0000,0,0,72.8390,27.1610,834.0000,0
899.10,8,88.0000,0,0,89.1376,10.8624,893.0000,0
899.10,9,0.0000,0,0,91.4188,8.5812,834.0000,0
900.10,0,0.0000,0,0,93.5116,6.4884,835.0000,0
900.10,1,26.5000,0,0,85.0240,14.9760,853.0000,0
900.10,2,0.0000,0,0,92.9436,7.0564,835.0000,0
900.10,3,80.5000,0,0,95.2454,4.7546,889.0000,0
900.10,4,0.0000,0,0,99.0005,0.9995,835.0000,0
900.10,5,68.5000,0,0,91.0609,8.9391,881.0000,0
900.10,6,0.0000,0,0,95.5052,4.4948,835.0000,0
900.10,7,0.0000,0,0,72.8390,27.1610,835.0000,0
900.10,8,88.0000,0,0,89.1376,10.8624,894.0000,0
900.10,9,0.0000,0,0,91.4188,8.5812,835.0000,0
901.10,0,0.0000,0,0,93.5116,6.4884,836.0000,0
901.10,1,26.5000,0,0,85.0240,14.9760,854.0000,0
901.10,2,0.0000,0,0,92.9436,7.0564,836.0000,0
901.10,3,80.5000,0,0,95.2454,4.7546,890.0000,0
901.10,4,0.0000,0,0,99.0005,0.9995,836.0000,0
901.10,5,68.5000,0,0,91.0609,8.9391,882.0000,0
901.10,6,0.0000,0,0,95.5052,4.4948,836.0000,0
901.10,7,0.0000,0,0,72.8390,27.1610,836.0000,0
901.10,8,88.0000,0,0,89.1376,10.8624,895.0000,0
901.10,9,0.0000,0,0,91.4188,8.5812,836.0000,0
902.10,0,0.0000,0,0,93.5116,6.4884,837.0000,0
902.10,1,26.5000,0,0,85.0240,14.9760,855.0000,0
902.10,2,0.0000,0,0,92.9436,7.0564,837.0000,0
902.10,3,80.5000,0,0,95.2454,4.7546,891.0000,0
902.10,4,0.0000,0,0,99.0005,0.9995,837.0000,0
902.10,5,68.5000,0,0,91.0609,8.9391,883.0000,0
902.10,6,0.0000,0,0,95.5052,4.4948,837.0000,0
902.10,7,0.0000,0,0,72.8390,27.1610,837.0000,0
902.10,8,88.0000,0,0,89.1376,10.8624,896.0000,0
902.10,9,0.0000,0,0,91.4188,8.5812,837.0000,0
903.10,0,0.0000,0,0,93.5116,6.4884,838.0000,0
903.10,1,26.5000,0,0,85.0240,14.9760,856.0000,0
903.10,2,0.0000,0,0,92.9436,7.0564,838.0000,0
903.10,3,80.5000,0,0,95.2454,4.7546,892.0000,0
903.10,4,0.0000,0,0,99.0005,0.9995,838.0000,0
903.10,5,68.5000,0,0,91.0609,8.9391,884.0000,0
903.10,6,0.0000,0,0,95.5052,4.4948,838.0000,0
903.10,7,0.0000,0,0,72.8390,27.1610,838.0000,0
903.10,8,88.0000,0,0,89.1376,10.8624,897.0000,0
903.10,9,0.0000,0,0,91.4188,8.5812,838.0000,0
904.10,0,0.0000,0,0,93.5116,6.4884,839.0000,0
904.10,1,26.5000,0,0,85.0240,14.9760,857.0000,0
904.10,2,0.0000,0,0,92.9436,7.0564,839.0000,0
904.10,3,80.5000,0,0,95.2454,4.7546,893.0000,0
904.10,4,0.0000,0,0,99.0005,0.9995,839.0000,0
904.10,5,68.5000,0,0,91.0609,8.9391,885.0000,0
904.10,6,0.0000,0,0,95.5052,4.4948,839.0000,0
904.10,7,0.0000,0,0,72.8390,27.1610,839.0000,0
904.10,8,88.0000,0,0,89.1376,10.8624,898.0000,0
904.10,9,0.0000,0,0,91.4188,8.5812,839.0000,0
905.10,0,0.0000,0,0,93.5116,6.4884,840.0000,0
905.10,1,26.5000,0,0,85.0240,14.9760,858.0000,0
905.10,2,0.0000,0,0,92.9436,7.0564,840.0000,0
905.10,3,80.5000,0,0,95.2454,4.7546,894.0000,0
905.10,4,0.0000,0,0,99.0005,0.9995,840.0000,0
905.10,5,68.5000,0,0,91.0609,8.9391,886.0000,0
905.10,6,0.0000,0,0,95.5052,4.4948,840.0000,0
905.10,7,0.0000,0,0,72.8390,27.1610,840.0000,0
905.10,8,88.0000,0,0,89.1376,10.8624,899.0000,0
905.10,9,0.0000,0,0,91.4188,8.5812,840.0000,0
906.10,0,0.0000,0,0,93.5116,6.4884,841.0000,0
906.10,1,26.5000,0,0,85.0240,14.9760,859.0000,0
906.10,2,0.0000,0,0,92.9436,7.0564,841.0000,0
906.10,3,80.5000,0,0,95.2454,4.7546,895.0000,0
906.10,4,0.0000,0,0,99.0005,0.9995,841.0000,0
906.10,5,68.5000,0,0,91.0609,8.9391,887.0000,0
906.10,6,0.0000,0,0,95.5052,4.4948,841.0000,0
906.10,7,0.0000,0,0,72.8390,27.1610,841.0000,0
906.10,8,88.0000,0,0,89.1376,10.8624,900.0000,0
906.10,9,0.0000,0,0,91.4188,8.5812,841.0000,0
907.10,0,0.0000,0,0,93.5116,6.4884,842.0000,0
907.10,1,26.5000,0,0,85.0240,14.9760,860.0000,0
907.10,2,0.0000,0,0,92.9436,7.0564,842.0000,0
907.10,3,80.5000,0,0,95.2454,4.7546,896.0000,0
907.10,4,0.0000,0,0,99.0005,0.9995,842.0000,0
907.10,5,68.5000,0,0,91.0609,8.9391,888.0000,0
907.10,6,0.0000,0,0,95.5052,4.4948,842.0000,0
907.10,7,0.0000,0,0,72.8390,27.1610,842.0000,0
907.10,8,88.0000,0,0,89.1376,10.8624,901.0000,0
907.10,9,0.0000,0,0,91.4188,8.5812,842.0000,0
908.10,0,0.0000,0,0,93.5116,6.4884,843.0000,0
908.10,1,26.5000,0,0,85.0240,14.9760,861.0000,0
908.10,2,0.0000,0,0,92.9436,7.0564,843.0000,0
908.10,3,80.5000,0,0,95.2454,4.7546,897.0000,0
908.10,4,0.0000,0,0,99.0005,0.9995,843.0000,0
908.10,5,68.5000,0,0,91.0609,8.9391,889.0000,0
908.10,6,0.0000,0,0,95.5052,4.4948,843.0000,0
908.10,7,0.0000,0,0,72.8390,27.1610,843.0000,0
908.10,8,88.0000,0,0,89.1376,10.8624,902.0000,0
908.10,9,0.0000,0,0,91.4188,8.5812,843.0000,0
909.10,0,0.0000,0,0,93.5116,6.4884,844.0000,0
909.10,1,26.5000,0,0,85.0240,14.9760,862.0000,0
909.10,2,0.0000,0,0,92.9436,7.0564,844.0000,0
909.10,3,80.5000,0,0,95.2454,4.7546,898.0000,0
909.10,4,0.0000,0,0,99.0005,0.9995,844.0000,0
909.10,5,68.5000,0,0,91.0609,8.9391,890.0000,0
909.10,6,0.0000,0,0,95.5052,4.4948,844.0000,0
909.10,7,0.0000,0,0,72.8390,27.1610,844.0000,0
909.10,8,88.0000,0,0,89.1376,10.8624,903.0000,0
909.10,9,0.0000,0,0,91.4188,8.5812,844.0000,0
910.10,0,0.0000,0,0,93.5116,6.4884,845.0000,0
910.10,1,26.5000,0,0,85.0240,14.9760,863.0000,0
910.10,2,0.0000,0,0,92.9436,7.0564,845.0000,0
910.10,3,80.5000,0,0,95.2454,4.7546,899.0000,0
910.10,4,0.0000,0,0,99.0005,0.9995,845.0000,0
910.10,5,68.5000,0,0,91.0609,8.9391,891.0000,0
910.10,6,0.0000,0,0,95.5052,4.4948,845.0000,0
910.10,7,0.0000,0,0,72.8390,27.1610,845.0000,0
910.10,8,88.0000,0,0,89.1376,10.8624,904.0000,0
910.10,9,0.0000,0,0,91.4188,8.5812,845.0000,0
911.10,0,0.0000,0,0,93.5116,6.4884,846.0000,0
911.10,1,26.5000,0,0,85.0240,14.9760,864.0000,0
911.10,2,0.0000,0,0,92.9436,7.0564,846.0000,0
911.10,3,80.5000,0,0,95.2454,4.7546,900.0000,0
911.10,4,0.0000,0,0,99.0005,0.9995,846.0000,0
911.10,5,68.5000,0,0,91.0609,8.9391,892.0000,0
911.10,6,0.0000,0,0,95.5052,4.4948,846.0000,0
911.10,7,0.0000,0,0,72.8390,27.1610,846.0000,0
911.10,8,88.0000,0,0,89.1376,10.8624,905.0000,0
911.10,9,0.0000,0,0,91.4188,8.5812,846.0000,0
912.10,0,0.0000,0,0,93.5116,6.4884,847.0000,0
912.10,1,26.5000,0,0,85.0240,14.9760,865.0000,0
912.10,2,0.0000,0,0,92.9436,7.0564,847.0000,0
912.10,3,80.5000,0,0,95.2454,4.7546,901.0000,0
912.10,4,0.0000,0,0,99.0005,0.9995,847.0000,0
912.10,5,68.5000,0,0,91.0609,8.9391,893.0000,0
912.10,6,0.0000,0,0,95.5052,4.4948,847.0000,0
912.10,7,0.0000,0,0,72.8390,27.1610,847.0000,0
912.10,8,88.0000,0,0,89.1376,10.8624,906.0000,0
912.10,9,0.0000,0,0,91.4188,8.5812,847.0000,0
913.10,0,0.0000,0,0,93.5116,6.4884,848.0000,0
913.10,1,26.5000,0,0,85.0240,14.9760,866.0000,0
913.10,2,0.0000,0,0,92.9436,7.0564,848.0000,0
913.10,3,80.5000,0,0,95.2454,4.7546,902.0000,0
913.10,4,0.0000,0,0,99.0005,0.9995,848.0000,0
913.10,5,68.5000,0,0,91.0609,8.9391,894.0000,0
913.10,6,0.0000,0,0,95.5052,4.4948,848.0000,0
913.10,7,0.0000,0,0,72.8390,27.1610,848.0000,0
913.10,8,88.0000,0,0,89.1376,10.8624,907.0000,0
913.10,9,0.0000,0,0,91.4188,8.5812,848.0000,0
914.10,0,0.0000,0,0,93.5116,6.4884,849.0000,0
914.10,1,26.5000,0,0,85.0240,14.9760,867.0000,0
914.10,2,0.0000,0,0,92.9436,7.0564,849.0000,0
914.10,3,80.5000,0,0,95.2454,4.7546,903.0000,0
914.10,4,0.0000,0,0,99.0005,0.9995,849.0000,0
914.10,5,68.5000,0,0,91.0609,8.9391,895.0000,0
914.10,6,0.0000,0,0,95.5052,4.4948,849.0000,0
914.10,7,0.0000,0,0,72.8390,27.1610,849.0000,0
914.10,8,88.0000,0,0,89.1376,10.8624,908.0000,0
914.10,9,0.0000,0,0,91.4188,8.5812,849.0000,0
915.10,0,0.0000,0,0,93.5116,6.4884,850.0000,0
915.10,1,26.5000,0,0,85.0240,14.9760,868.0000,0
915.10,2,0.0000,0,0,92.9436,7.0564,850.0000,0
915.10,3,80.5000,0,0,95.2454,4.7546,904.0000,0
915.10,4,0.0000,0,0,99.0005,0.9995,850.0000,0
915.10,5,68.5000,0,0,91.0609,8.9391,896.0000,0
915.10,6,0.0000,0,0,95.5052,4.4948,850.0000,0
915.10,7,0.0000,0,0,72.8390,27.1610,850.0000,0
915.10,8,88.0000,0,0,89.1376,10.8624,909.0000,0
915.10,9,0.0000,0,0,91.4188,8.5812,850.0000,0
916.10,0,0.0000,0,0,93.5116,6.4884,851.0000,0
916.10,1,26.5000,0,0,85.0240,14.9760,869.0000,0
916.10,2,0.0000,0,0,92.9436,7.0564,851.0000,0
916.10,3,80.5000,0,0,95.2454,4.7546,905.0000,0
916.10,4,0.0000,0,0,99.0005,0.9995,851.0000,0
916.10,5,68.5000,0,0,91.0609,8.9391,897.0000,0
916.10,6,0.0000,0,0,95.5052,4.4948,851.0000,0
916.10,7,0.0000,0,0,72.8390,27.1610,851.0000,0
916.10,8,88.0000,0,0,89.1376,10.8624,910.0000,0
916.10,9,0.0000,0,0,91.4188,8.5812,851.0000,0
917.10,0,0.0000,0,0,93.5116,6.4884,852.0000,0
917.10,1,26.5000,0,0,85.0240,14.9760,870.0000,0
917.10,2,0.0000,0,0,92.9436,7.0564,852.0000,0
917.10,3,80.5000,0,0,95.2454,4.7546,906.0000,0
917.10,4,0.0000,0,0,99.0005,0.9995,852.0000,0
917.10,5,68.5000,0,0,91.0609,8.9391,898.0000,0
917.10,6,0.0000,0,0,95.5052,4.4948,852.0000,0
917.10,7,0.0000,0,0,72.8390,27.1610,852.0000,0
917.10,8,88.0000,0,0,89.1376,10.8624,911.0000,0
917.10,9,0.0000,0,0,91.4188,8.5812,852.0000,0
918.10,0,0.0000,0,0,93.5116,6.4884,853.0000,0
918.10,1,26.5000,0,0,85.0240,14.9760,871.0000,0
918.10,2,0.0000,0,0,92.9436,7.0564,853.0000,0
918.10,3,80.5000,0,0,95.2454,4.7546,907.0000,0
918.10,4,0.0000,0,0,99.0005,0.9995,853.0000,0
918.10,5,68.5000,0,0,91.0609,8.9391,899.0000,0
918.10,6,0.0000,0,0,95.5052,4.4948,853.0000,0
918.10,7,0.0000,0,0,72.8390,27.1610,853.0000,0
918.10,8,88.0000,0,0,89.1376,10.8624,912.0000,0
918.10,9,0.0000,0,0,91.4188,8.5812,853.0000,0
919.10,0,0.0000,0,0,93.5116,6.4884,854.0000,0
919.10,1,26.5000,0,0,85.0240,14.9760,872.0000,0
919.10,2,0.0000,0,0,92.9436,7.0564,854.0000,0
919.10,3,80.5000,0,0,95.2454,4.7546,908.0000,0
919.10,4,0.0000,0,0,99.0005,0.9995,854.0000,0
919.10,5,68.5000,0,0,91.0609,8.9391,900.0000,0
919.10,6,0.0000,0,0,95.5052,4.4948,854.0000,0
919.10,7,0.0000,0,0,72.8390,27.1610,854.0000,0
919.10,8,88.0000,0,0,89.1376,10.8624,913.0000,0
919.10,9,0.0000,0,0,91.4188,8.5812,854.0000,0
920.10,0,0.0000,0,0,93.5116,6.4884,855.0000,0
920.10,1,26.5000,0,0,85.0240,14.9760,873.0000,0
920.10,2,0.0000,0,0,92.9436,7.0564,855.0000,0
920.10,3,80.5000,0,0,95.2454,4.7546,909.0000,0
920.10,4,0.0000,0,0,99.0005,0.9995,855.0000,0
920.10,5,68.5000,0,0,91.0609,8.9391,901.0000,0
920.10,6,0.0000,0,0,95.5052,4.4948,855.0000,0
920.10,7,0.0000,0,0,72.8390,27.1610,855.0000,0
920.10,8,88.0000,0,0,89.1376,10.8624,914.0000,0
920.10,9,0.0000,0,0,91.4188,8.5812,855.0000,0
921.10,0,0.0000,0,0,93.5116,6.4884,856.0000,0
921.10,1,26.5000,0,0,85.0240,14.9760,874.0000,0
921.10,2,0.0000,0,0,92.9436,7.0564,856.0000,0
921.10,3,80.5000,0,0,95.2454,4.7546,910.0000,0
921.10,4,0.0000,0,0,99.0005,0.9995,856.0000,0
921.10,5,68.5000,0,0,91.0609,8.9391,902.0000,0
921.10,6,0.0000,0,0,95.5052,4.4948,856.0000,0
921.10,7,0.0000,0,0,72.8390,27.1610,856.0000,0
921.10,8,88.0000,0,0,89.1376,10.8624,915.0000,0
921.10,9,0.0000,0,0,91.4188,8.5812,856.0000,0
922.10,0,0.0000,0,0,93.5116,6.4884,857.0000,0
922.10,1,26.5000,0,0,85.0240,14.9760,875.0000,0
922.10,2,0.0000,0,0,92.9436,7.0564,857.0000,0
922.10,3,80.5000,0,0,95.2454,4.7546,911.0000,0
922.10,4,0.0000,0,0,99.0005,0.9995,857.0000,0
922.10,5,68.5000,0,0,91.0609,8.9391,903.0000,0
922.10,6,0.0000,0,0,95.5052,4.4948,857.0000,0
922.10,7,0.0000,0,0,72.8390,27.1610,857.0000,0
922.10,8,88.0000,0,0,89.1376,10.8624,916.0000,0
922.10,9,0.0000,0,0,91.4188,8.5812,857.0000,0
923.10,0,0.0000,0,0,93.5116,6.4884,858.0000,0
923.10,1,26.5000,0,0,85.0240,14.9760,876.0000,0
923.10,2,0.0000,0,0,92.9436,7.0564,858.0000,0
923.10,3,80.5000,0,0,95.2454,4.7546,912.0000,0
923.10,4,0.0000,0,0,99.0005,0.9995,858.0000,0
923.10,5,68.5000,0,0,91.0609,8.9391,904.0000,0
923.10,6,0.0000,0,0,95.5052,4.4948,858.0000,0
923.10,7,0.0000,0,0,72.8390,27.1610,858.0000,0
923.10,8,88.0000,0,0,89.1376,10.8624,917.0000,0
923.10,9,0.0000,0,0,91.4188,8.5812,858.0000,0
924.10,0,0.0000,0,0,93.5116,6.4884,859.0000,0
924.10,1,26.5000,0,0,85.0240,14.9760,877.0000,0
924.10,2,0.0000,0,0,92.9436,7.0564,859.0000,0
924.10,3,80.5000,0,0,95.2454,4.7546,913.0000,0
924.10,4,0.0000,0,0,99.0005,0.9995,859.0000,0
924.10,5,68.5000,0,0,91.0609,8.9391,905.0000,0
924.10,6,0.0000,0,0,95.5052,4.4948,859.0000,0
924.10,7,0.0000,0,0,72.8390,27.1610,859.0000,0
924.10,8,88.0000,0,0,89.1376,10.8624,918.0000,0
924.10,9,0.0000,0,0,91.4188,8.5812,859.0000,0
925.10,0,0.0000,0,0,93.5116,6.4884,860.0000,0
925.10,1,26.5000,0,0,85.0240,14.9760,878.0000,0
925.10,2,0.0000,0,0,92.9436,7.0564,860.0000,0
925.10,3,80.5000,0,0,95.2454,4.7546,914.0000,0
925.10,4,0.0000,0,0,99.0005,0.9995,860.0000,0
925.10,5,68.5000,0,0,91.0609,8.9391,906.0000,0
925.10,6,0.0000,0,0,95.5052,4.4948,860.0000,0
925.10,7,0.0000,0,0,72.8390,27.1610,860.0000,0
925.10,8,88.0000,0,0,89.1376,10.8624,919.0000,0
925.10,9,0.0000,0,0,91.4188,8.5812,860.0000,0
926.10,0,0.0000,0,0,93.5116,6.4884,861.0000,0
926.10,1,26.5000,0,0,85.0240,14.9760,879.0000,0
926.10,2,0.0000,0,0,92.9436,7.0564,861.0000,0
926.10,3,80.5000,0,0,95.2454,4.7546,915.0000,0
926.10,4,0.0000,0,0,99.0005,0.9995,861.0000,0
926.10,5,68.5000,0,0,91.0609,8.9391,907.0000,0
926.10,6,0.0000,0,0,95.5052,4.4948,861.0000,0
926.10,7,0.0000,0,0,72.8390,27.1610,861.0000,0
926.10,8,88.0000,0,0,89.1376,10.8624,920.0000,0
926.10,9,0.0000,0,0,91.4188,8.5812,861.0000,0
927.10,0,0.0000,0,0,93.5116,6.4884,862.0000,0
927.10,1,26.5000,0,0,85.0240,14.9760,880.0000,0
927.10,2,0.0000,0,0,92.9436,7.0564,862.0000,0
927.10,3,80.5000,0,0,95.2454,4.7546,916.0000,0
927.10,4,0.0000,0,0,99.0005,0.9995,862.0000,0
927.10,5,68.5000,0,0,91.0609,8.9391,908.0000,0
927.10,6,0.0000,0,0,95.5052,4.4948,862.0000,0
927.10,7,0.0000,0,0,72.8390,27.1610,862.0000,0
927.10,8,88.0000,0,0,89.1376,10.8624,921.0000,0
927.10,9,0.0000,0,0,91.4188,8.5812,862.0000,0
928.10,0,0.0000,0,0,93.5116,6.4884,863.0000,0
928.10,1,26.5000,0,0,85.0240,14.9760,881.0000,0
928.10,2,0.0000,0,0,92.9436,7.0564,863.0000,0
928.10,3,80.5000,0,0,95.2454,4.7546,917.0000,0
928.10,4,0.0000,0,0,99.0005,0.9995,863.0000,0
928.10,5,68.5000,0,0,91.0609,8.9391,909.0000,0
928.10,6,0.0000,0,0,95.5052,4.4948,863.0000,0
928.10,7,0.0000,0,0,72.8390,27.1610,863.0000,0
928.10,8,88.0000,0,0,89.1376,10.8624,922.0000,0
928.10,9,0.0000,0,0,91.4188,8.5812,863.0000,0
929.10,0,0.0000,0,0,93.5116,6.4884,864.0000,0
929.10,1,26.5000,0,0,85.0240,14.9760,882.0000,0
929.10,2,0.0000,0,0,92.9436,7.0564,864.0000,0
929.10,3,80.5000,0,0,95.2454,4.7546,918.0000,0
929.10,4,0.0000,0,0,99.0005,0.9995,864.0000,0
929.10,5,68.5000,0,0,91.0609,8.9391,910.0000,0
929.10,6,0.0000,0,0,95.5052,4.4948,864.0000,0
929.10,7,0.0000,0,0,72.8390,27.1610,864.0000,0
929.10,8,88.0000,0,0,89.1376,10.8624,923.0000,0
929.10,9,0.0000,0,0,91.4188,8.5812,864.0000,0
930.10,0,0.0000,0,0,93.5116,6.4884,865.0000,0
930.10,1,26.5000,0,0,85.0240,14.9760,883.0000,0
930.10,2,0.0000,0,0,92.9436,7.0564,865.0000,0
930.10,3,80.5000,0,0,95.2454,4.7546,919.0000,0
930.10,4,0.0000,0,0,99.0005,0.9995,865.0000,0
930.10,5,68.5000,0,0,91.0609,8.9391,911.0000,0
930.10,6,0.0000,0,0,95.5052,4.4948,865.0000,0
930.10,7,0.0000,0,0,72.8390,27.1610,865.0000,0
930.10,8,88.0000,0,0,89.1376,10.8624,924.0000,0
930.10,9,0.0000,0,0,91.4188,8.5812,865.0000,0
931.10,0,0.0000,0,0,93.5116,6.4884,866.0000,0
931.10,1,26.5000,0,0,85.0240,14.9760,884.0000,0
931.10,2,0.0000,0,0,92.9436,7.0564,866.0000,0
931.10,3,80.5000,0,0,95.2454,4.7546,920.0000,0
931.10,4,0.0000,0,0,99.0005,0.9995,866.0000,0
931.10,5,68.5000,0,0,91.0609,8.9391,912.0000,0
931.10,6,0.0000,0,0,95.5052,4.4948,866.0000,0
931.10,7,0.0000,0,0,72.8390,27.1610,866.0000,0
931.10,8,88.0000,0,0,89.1376,10.8624,925.0000,0
931.10,9,0.0000,0,0,91.4188,8.5812,866.0000,0
932.10,0,0.0000,0,0,93.5116,6.4884,867.0000,0
932.10,1,26.5000,0,0,85.0240,14.9760,885.0000,0
932.10,2,0.0000,0,0,92.9436,7.0564,867.0000,0
932.10,3,80.5000,0,0,95.2454,4.7546,921.0000,0
932.10,4,0.0000,0,0,99.0005,0.9995,867.0000,0
932.10,5,68.5000,0,0,91.0609,8.9391,913.0000,0
932.10,6,0.0000,0,0,95.5052,4.4948,867.0000,0
932.10,7,0.0000,0,0,72.8390,27.1610,867.0000,0
932.10,8,88.0000,0,0,89.1376,10.8624,926.0000,0
932.10,9,0.0000,0,0,91.4188,8.5812,867.0000,0
933.10,0,0.0000,0,0,93.5116,6.4884,868.0000,0
933.10,1,26.5000,0,0,85.0240,14.9760,886.0000,0
933.10,2,0.0000,0,0,92.9436,7.0564,868.0000,0
933.10,3,80.5000,0,0,95.2454,4.7546,922.0000,0
933.10,4,0.0000,0,0,99.0005,0.9995,868.0000,0
933.10,5,68.5000,0,0,91.0609,8.9391,914.0000,0
933.10,6,0.0000,0,0,95.5052,4.4948,868.0000,0
933.10,7,0.0000,0,0,72.8390,27.1610,868.0000,0
933.10,8,88.0000,0,0,89.1376,10.8624,927.0000,0
933.10,9,0.0000,0,0,91.4188,8.5812,868.0000,0
934.10,0,0.0000,0,0,93.5116,6.4884,869.0000,0
934.10,1,26.5000,0,0,85.0240,14.9760,887.0000,0
934.10,2,0.0000,0,0,92.9436,7.0564,869.0000,0
934.10,3,80.5000,0,0,95.2454,4.7546,923.0000,0
934.10,4,0.0000,0,0,99.0005,0.9995,869.0000,0
934.10,5,68.5000,0,0,91.0609,8.9391,915.0000,0
934.10,6,0.0000,0,0,95.5052,4.4948,869.0000,0
934.10,7,0.0000,0,0,72.8390,27.1610,869.0000,0
934.10,8,88.0000,0,0,89.1376,10.8624,928.0000,0
934.10,9,0.0000,0,0,91.4188,8.5812,869.0000,0
935.10,0,0.0000,0,0,93.5116,6.4884,870.0000,0
935.10,1,26.5000,0,0,85.0240,14.9760,888.0000,0
935.10,2,0.0000,0,0,92.9436,7.0564,870.0000,0
935.10,3,80.5000,0,0,95.2454,4.7546,924.0000,0
935.10,4,0.0000,0,0,99.0005,0.9995,870.0000,0
935.10,5,68.5000,0,0,91.0609,8.9391,916.0000,0
935.10,6,0.0000,0,0,95.5052,4.4948,870.0000,0
935.10,7,0.0000,0,0,72.8390,27.1610,870.0000,0
935.10,8,88.0000,0,0,89.1376,10.8624,929.0000,0
935.10,9,0.0000,0,0,91.4188,8.5812,870.0000,0
936.10,0,0.0000,0,0,93.5116,6.4884,871.0000,0
936.10,1,26.5000,0,0,85.0240,14.9760,889.0000,0
936.10,2,0.0000,0,0,92.9436,7.0564,871.0000,0
936.10,3,80.5000,0,0,95.2454,4.7546,925.0000,0
936.10,4,0.0000,0,0,99.0005,0.9995,871.0000,0
936.10,5,68.5000,0,0,91.0609,8.9391,917.0000,0
936.10,6,0.0000,0,0,95.5052,4.4948,871.0000,0
936.10,7,0.0000,0,0,72.8390,27.1610,871.0000,0
936.10,8,88.0000,0,0,89.1376,10.8624,930.0000,0
936.10,9,0.0000,0,0,91.4188,8.5812,871.0000,0
937.10,0,0.0000,0,0,93.5116,6.4884,872.0000,0
937.10,1,26.5000,0,0,85.0240,14.9760,890.0000,0
937.10,2,0.0000,0,0,92.9436,7.0564,872.0000,0
937.10,3,80.5000,0,0,95.2454,4.7546,926.0000,0
937.10,4,0.0000,0,0,99.0005,0.9995,872.0000,0
937.10,5,68.5000,0,0,91.0609,8.9391,918.0000,0
937.10,6,0.0000,0,0,95.5052,4.4948,872.0000,0
937.10,7,0.0000,0,0,72.8390,27.1610,872.0000,0
937.10,8,88.0000,0,0,89.1376,10.8624,931.0000,0
937.10,9,0.0000,0,0,91.4188,8.5812,872.0000,0
938.10,0,0.0000,0,0,93.5116,6.4884,873.0000,0
938.10,1,26.5000,0,0,85.0240,14.9760,891.0000,0
938.10,2,0.0000,0,0,92.9436,7.0564,873.0000,0
938.10,3,80.5000,0,0,95.2454,4.7546,927.0000,0
938.10,4,0.0000,0,0,99.0005,0.9995,873.0000,0
938.10,5,68.5000,0,0,91.0609,8.9391,919.0000,0
938.10,6,0.0000,0,0,95.5052,4.4948,873.0000,0
938.10,7,0.0000,0,0,72.8390,27.1610,873.0000,0
938.10,8,88.0000,0,0,89.1376,10.8624,932.0000,0
938.10,9,0.0000,0,0,91.4188,8.5812,873.0000,0
939.10,0,0.0000,0,0,93.5116,6.4884,874.0000,0
939.10,1,26.5000,0,0,85.0240,14.9760,892.0000,0
939.10,2,0.0000,0,0,92.9436,7.0564,874.0000,0
939.10,3,80.5000,0,0,95.2454,4.7546,928.0000,0
939.10,4,0.0000,0,0,99.0005,0.9995,874.0000,0
939.10,5,68.5000,0,0,91.0609,8.9391,920.0000,0
939.10,6,0.0000,0,0,95.5052,4.4948,874.0000,0
939.10,7,0.0000,0,0,72.8390,27.1610,874.0000,0
939.10,8,88.0000,0,0,89.1376,10.8624,933.0000,0
939.10,9,0.0000,0,0,91.4188,8.5812,874.0000,0
940.10,0,0.0000,0,0,93.5116,6.4884,875.0000,0
940.10,1,26.5000,0,0,85.0240,14.9760,893.0000,0
940.10,2,0.0000,0,0,92.9436,7.0564,875.0000,0
940.10,3,80.5000,0,0,95.2454,4.7546,929.0000,0
940.10,4,0.0000,0,0,99.0005,0.9995,875.0000,0
940.10,5,68.5000,0,0,91.0609,8.9391,921.0000,0
940.10,6,0.0000,0,0,95.5052,4.4948,875.0000,0
940.10,7,0.0000,0,0,72.8390,27.1610,875.0000,0
940.10,8,88.0000,0,0,89.1376,10.8624,934.0000,0
940.10,9,0.0000,0,0,91.4188,8.5812,875.0000,0
941.10,0,0.0000,0,0,93.5116,6.4884,876.0000,0
941.10,1,26.5000,0,0,85.0240,14.9760,894.0000,0
941.10,2,0.0000,0,0,92.9436,7.0564,876.0000,0
941.10,3,80.5000,0,0,95.2454,4.7546,930.0000,0
941.10,4,0.0000,0,0,99.0005,0.9995,876.0000,0
941.10,5,68.5000,0,0,91.0609,8.9391,922.0000,0
941.10,6,0.0000,0,0,95.5052,4.4948,876.0000,0
941.10,7,0.0000,0,0,72.8390,27.1610,876.0000,0
941.10,8,88.0000,0,0,89.1376,10.8624,935.0000,0
941.10,9,0.0000,0,0,91.4188,8.5812,876.0000,0
942.10,0,0.0000,0,0,93.5116,6.4884,877.0000,0
942.10,1,26.5000,0,0,85.0240,14.9760,895.0000,0
942.10,2,0.0000,0,0,92.9436,7.0564,877.0000,0
942.10,3,80.5000,0,0,95.2454,4.7546,931.0000,0
942.10,4,0.0000,0,0,99.0005,0.9995,877.0000,0
942.10,5,68.5000,0,0,91.0609,8.9391,923.0000,0
942.10,6,0.0000,0,0,95.5052,4.4948,877.0000,0
942.10,7,0.0000,0,0,72.8390,27.1610,877.0000,0
942.10,8,88.0000,0,0,89.1376,10.8624,936.0000,0
942.10,9,0.0000,0,0,91.4188,8.5812,877.0000,0
943.10,0,0.0000,0,0,93.5116,6.4884,878.0000,0
943.10,1,26.5000,0,0,85.0240,14.9760,896.0000,0
943.10,2,0.0000,0,0,92.9436,7.0564,878.0000,0
943.10,3,80.5000,0,0,95.2454,4.7546,932.0000,0
943.10,4,0.0000,0,0,99.0005,0.9995,878.0000,0
943.10,5,68.5000,0,0,91.0609,8.9391,924.0000,0
943.10,6,0.0000,0,0,95.5052,4.4948,878.0000,0
943.10,7,0.0000,0,0,72.8390,27.1610,878.0000,0
943.10,8,88.0000,0,0,89.1376,10.8624,937.0000,0
943.10,9,0.0000,0,0,91.4188,8.5812,878.0000,0
944.10,0,0.0000,0,0,93.5116,6.4884,879.0000,0
944.10,1,26.5000,0,0,85.0240,14.9760,897.0000,0
944.10,2,0.0000,0,0,92.9436,7.0564,879.0000,0
944.10,3,80.5000,0,0,95.2454,4.7546,933.0000,0
944.10,4,0.0000,0,0,99.0005,0.9995,879.0000,0
944.10,5,68.5000,0,0,91.0609,8.9391,925.0000,0
944.10,6,0.0000,0,0,95.5052,4.4948,879.0000,0
944.10,7,0.0000,0,0,72.8390,27.1610,879.0000,0
944.10,8,88.0000,0,0,89.1376,10.8624,938.0000,0
944.10,9,0.0000,0,0,91.4188,8.5812,879.0000,0
945.10,0,0.0000,0,0,93.5116,6.4884,880.0000,0
945.10,1,26.5000,0,0,85.0240,14.9760,898.0000,0
945.10,2,0.0000,0,0,92.9436,7.0564,880.0000,0
945.10,3,80.5000,0,0,95.2454,4.7546,934.0000,0
945.10,4,0.0000,0,0,99.0005,0.9995,880.0000,0
945.10,5,68.5000,0,0,91.0609,8.9391,926.0000,0
945.10,6,0.0000,0,0,95.5052,4.4948,880.0000,0
945.10,7,0.0000,0,0,72.8390,27.1610,880.0000,0
945.10,8,88.0000,0,0,89.1376,10.8624,939.0000,0
945.10,9,0.0000,0,0,91.4188,8.5812,880.0000,0
946.10,0,0.0000,0,0,93.5116,6.4884,881.0000,0
946.10,1,26.5000,0,0,85.0240,14.9760,899.0000,0
946.10,2,0.0000,0,0,92.9436,7.0564,881.0000,0
946.10,3,80.5000,0,0,95.2454,4.7546,935.0000,0
946.10,4,0.0000,0,0,99.0005,0.9995,881.0000,0
946.10,5,68.5000,0,0,91.0609,8.9391,927.0000,0
946.10,6,0.0000,0,0,95.5052,4.4948,881.0000,0
946.10,7,0.0000,0,0,72.8390,27.1610,881.0000,0
946.10,8,88.0000,0,0,89.1376,10.8624,940.0000,0
946.10,9,0.0000,0,0,91.4188,8.5812,881.0000,0
947.10,0,0.0000,0,0,93.5116,6.4884,882.0000,0
947.10,1,26.5000,0,0,85.0240,14.9760,900.0000,0
947.10,2,0.0000,0,0,92.9436,7.0564,882.0000,0
947.10,3,80.5000,0,0,95.2454,4.7546,936.0000,0
947.10,4,0.0000,0,0,99.0005,0.9995,882.0000,0
947.10,5,68.5000,0,0,91.0609,8.9391,928.0000,0
947.10,6,0.0000,0,0,95.5052,4.4948,882.0000,0
947.10,7,0.0000,0,0,72.8390,27.1610,882.0000,0
947.10,8,88.0000,0,0,89.1376,10.8624,941.0000,0
947.10,9,0.0000,0,0,91.4188,8.5812,882.0000,0
948.10,0,0.0000,0,0,93.5116,6.4884,883.0000,0
948.10,1,26.5000,0,0,85.0240,14.9760,901.0000,0
948.10,2,0.0000,0,0,92.9436,7.0564,883.0000,0
948.10,3,80.5000,0,0,95.2454,4.7546,937.0000,0
948.10,4,0.0000,0,0,99.0005,0.9995,883.0000,0
948.10,5,68.5000,0,0,91.0609,8.9391,929.0000,0
948.10,6,0.0000,0,0,95.5052,4.4948,883.0000,0
948.10,7,0.0000,0,0,72.8390,27.1610,883.0000,0
948.10,8,88.0000,0,0,89.1376,10.8624,942.0000,0
948.10,9,0.0000,0,0,91.4188,8.5812,883.0000,0
949.10,0,0.0000,0,0,93.5116,6.4884,884.0000,0
949.10,1,26.5000,0,0,85.0240,14.9760,902.0000,0
949.10,2,0.0000,0,0,92.9436,7.0564,884.0000,0
949.10,3,80.5000,0,0,95.2454,4.7546,938.0000,0
949.10,4,0.0000,0,0,99.0005,0.9995,884.0000,0
949.10,5,68.5000,0,0,91.0609,8.9391,930.0000,0
949.10,6,0.0000,0,0,95.5052,4.4948,884.0000,0
949.10,7,0.0000,0,0,72.8390,27.1610,884.0000,0
949.10,8,88.0000,0,0,89.1376,10.8624,943.0000,0
949.10,9,0.0000,0,0,91.4188,8.5812,884.0000,0
950.10,0,0.0000,0,0,93.5116,6.4884,885.0000,0
950.10,1,26.5000,0,0,85.0240,14.9760,903.0000,0
950.10,2,0.0000,0,0,92.9436,7.0564,885.0000,0
950.10,3,80.5000,0,0,95.2454,4.7546,939.0000,0
950.10,4,0.0000,0,0,99.0005,0.9995,885.0000,0
950.10,5,68.5000,0,0,91.0609,8.9391,931.0000,0
950.10,6,0.0000,0,0,95.5052,4.4948,885.0000,0
950.10,7,0.0000,0,0,72.8390,27.1610,885.0000,0
950.10,8,88.0000,0,0,89.1376,10.8624,944.0000,0
950.10,9,0.0000,0,0,91.4188,8.5812,885.0000,0
951.10,0,0.0000,0,0,93.5116,6.4884,886.0000,0
951.10,1,26.5000,0,0,85.0240,14.9760,904.0000,0
951.10,2,0.0000,0,0,92.9436,7.0564,886.0000,0
951.10,3,80.5000,0,0,95.2454,4.7546,940.0000,0
951.10,4,0.0000,0,0,99.0005,0.9995,886.0000,0
951.10,5,68.5000,0,0,91.0609,8.9391,932.0000,0
951.10,6,0.0000,0,0,95.5052,4.4948,886.0000,0
951.10,7,0.0000,0,0,72.8390,27.1610,886.0000,0
951.10,8,88.0000,0,0,89.1376,10.8624,945.0000,0
951.10,9,0.0000,0,0,91.4188,8.5812,886.0000,0
952.10,0,0.0000,0,0,93.5116,6.4884,887.0000,0
952.10,1,26.5000,0,0,85.0240,14.9760,905.0000,0
952.10,2,0.0000,0,0,92.9436,7.0564,887.0000,0
952.10,3,80.5000,0,0,95.2454,4.7546,941.0000,0
952.10,4,0.0000,0,0,99.0005,0.9995,887.0000,0
952.10,5,68.5000,0,0,91.0609,8.9391,933.0000,0
952.10,6,0.0000,0,0,95.5052,4.4948,887.0000,0
952.10,7,0.0000,0,0,72.8390,27.1610,887.0000,0
952.10,8,88.0000,0,0,89.1376,10.8624,946.0000,0
952.10,9,0.0000,0,0,91.4188,8.5812,887.0000,0
953.10,0,0.0000,0,0,93.5116,6.4884,888.0000,0
953.10,1,26.5000,0,0,85.0240,14.9760,906.0000,0
953.10,2,0.0000,0,0,92.9436,7.0564,888.0000,0
953.10,3,80.5000,0,0,95.2454,4.7546,942.0000,0
953.10,4,0.0000,0,0,99.0005,0.9995,888.0000,0
953.10,5,68.5000,0,0,91.0609,8.9391,934.0000,0
953.10,6,0.0000,0,0,95.5052,4.4948,888.0000,0
953.10,7,0.0000,0,0,72.8390,27.1610,888.0000,0
953.10,8,88.0000,0,0,89.1376,10.8624,947.0000,0
953.10,9,0.0000,0,0,91.4188,8.5812,888.0000,0
954.10,0,0.0000,0,0,93.5116,6.4884,889.0000,0
954.10,1,26.5000,0,0,85.0240,14.9760,907.0000,0
954.10,2,0.0000,0,0,92.9436,7.0564,889.0000,0
954.10,3,80.5000,0,0,95.2454,4.7546,943.0000,0
954.10,4,0.0000,0,0,99.0005,0.9995,889.0000,0
954.10,5,68.5000,0,0,91.0609,8.9391,935.0000,0
954.10,6,0.0000,0,0,95.5052,4.4948,889.0000,0
954.10,7,0.0000,0,0,72.8390,27.1610,889.0000,0
954.10,8,88.0000,0,0,89.1376,10.8624,948.0000,0
954.10,9,0.0000,0,0,91.4188,8.5812,889.0000,0
955.10,0,0.0000,0,0,93.5116,6.4884,890.0000,0
955.10,1,26.5000,0,0,85.0240,14.9760,908.0000,0
955.10,2,0.0000,0,0,92.9436,7.0564,890.0000,0
955.10,3,80.5000,0,0,95.2454,4.7546,944.0000,0
955.10,4,0.0000,0,0,99.0005,0.9995,890.0000,0
955.10,5,68.5000,0,0,91.0609,8.9391,936.0000,0
955.10,6,0.0000,0,0,95.5052,4.4948,890.0000,0
955.10,7,0.0000,0,0,72.8390,27.1610,890.0000,0
955.10,8,88.0000,0,0,89.1376,10.8624,949.0000,0
955.10,9,0.0000,0,0,91.4188,8.5812,890.0000,0
956.10,0,0.0000,0,0,93.5116,6.4884,891.0000,0
956.10,1,26.5000,0,0,85.0240,14.9760,909.0000,0
956.10,2,0.0000,0,0,92.9436,7.0564,891.0000,0
956.10,3,80.5000,0,0,95.2454,4.7546,945.0000,0
956.10,4,0.0000,0,0,99.0005,0.9995,891.0000,0
956.10,5,68.5000,0,0,91.0609,8.9391,937.0000,0
956.10,6,0.0000,0,0,95.5052,4.4948,891.0000,0
956.10,7,0.0000,0,0,72.8390,27.1610,891.0000,0
956.10,8,88.0000,0,0,89.1376,10.8624,950.0000,0
956.10,9,0.0000,0,0,91.4188,8.5812,891.0000,0
957.10,0,0.0000,0,0,93.5116,6.4884,892.0000,0
957.10,1,26.5000,0,0,85.0240,14.9760,910.0000,0
957.10,2,0.0000,0,0,92.9436,7.0564,892.0000,0
957.10,3,80.5000,0,0,95.2454,4.7546,946.0000,0
957.10,4,0.0000,0,0,99.0005,0.9995,892.0000,0
957.10,5,68.5000,0,0,91.0609,8.9391,938.0000,0
957.10,6,0.0000,0,0,95.5052,4.4948,892.0000,0
957.10,7,0.0000,0,0,72.8390,27.1610,892.0000,0
957.10,8,88.0000,0,0,89.1376,10.8624,951.0000,0
957.10,9,0.0000,0,0,91.4188,8.5812,892.0000,0
958.10,0,0.0000,0,0,93.5116,6.4884,893.0000,0
958.10,1,26.5000,0,0,85.0240,14.9760,911.0000,0
958.10,2,0.0000,0,0,92.9436,7.0564,893.0000,0
958.10,3,80.5000,0,0,95.2454,4.7546,947.0000,0
958.10,4,0.0000,0,0,99.0005,0.9995,893.0000,0
958.10,5,68.5000,0,0,91.0609,8.9391,939.0000,0
958.10,6,0.0000,0,0,95.5052,4.4948,893.0000,0
958.10,7,0.0000,0,0,72.8390,27.1610,893.0000,0
958.10,8,88.0000,0,0,89.1376,10.8624,952.0000,0
958.10,9,0.0000,0,0,91.4188,8.5812,893.0000,0
959.10,0,0.0000,0,0,93.5116,6.4884,894.0000,0
959.10,1,26.5000,0,0,85.0240,14.9760,912.0000,0
959.10,2,0.0000,0,0,92.9436,7.0564,894.0000,0
959.10,3,80.5000,0,0,95.2454,4.7546,948.0000,0
959.10,4,0.0000,0,0,99.0005,0.9995,894.0000,0
959.10,5,68.5000,0,0,91.0609,8.9391,940.0000,0
959.10,6,0.0000,0,0,95.5052,4.4948,894.0000,0
959.10,7,0.0000,0,0,72.8390,27.1610,894.0000,0
959.10,8,88.0000,0,0,89.1376,10.8624,953.0000,0
959.10,9,0.0000,0,0,91.4188,8.5812,894.0000,0
960.10,0,0.0000,0,0,93.5116,6.4884,895.0000,0
960.10,1,26.5000,0,0,85.0240,14.9760,913.0000,0
960.10,2,0.0000,0,0,92.9436,7.0564,895.0000,0
960.10,3,80.5000,0,0,95.2454,4.7546,949.0000,0
960.10,4,0.0000,0,0,99.0005,0.9995,895.0000,0
960.10,5,68.5000,0,0,91.0609,8.9391,941.0000,0
960.10,6,0.0000,0,0,95.5052,4.4948,895.0000,0
960.10,7,0.0000,0,0,72.8390,27.1610,895.0000,0
960.10,8,88.0000,0,0,89.1376,10.8624,954.0000,0
960.10,9,0.0000,0,0,91.4188,8.5812,895.0000,0
961.10,0,0.0000,0,0,93.5116,6.4884,896.0000,0
961.10,1,26.5000,0,0,85.0240,14.9760,914.0000,0
961.10,2,0.0000,0,0,92.9436,7.0564,896.0000,0
961.10,3,80.5000,0,0,95.2454,4.7546,950.0000,0
961.10,4,0.0000,0,0,99.0005,0.9995,896.0000,0
961.10,5,68.5000,0,0,91.0609,8.9391,942.0000,0
961.10,6,0.0000,0,0,95.5052,4.4948,896.0000,0
961.10,7,0.0000,0,0,72.8390,27.1610,896.0000,0
961.10,8,88.0000,0,0,89.1376,10.8624,955.0000,0
961.10,9,0.0000,0,0,91.4188,8.5812,896.0000,0
962.10,0,0.0000,0,0,93.5116,6.4884,897.0000,0
962.10,1,26.5000,0,0,85.0240,14.9760,915.0000,0
962.10,2,0.0000,0,0,92.9436,7.0564,897.0000,0
962.10,3,80.5000,0,0,95.2454,4.7546,951.0000,0
962.10,4,0.0000,0,0,99.0005,0.9995,897.0000,0
962.10,5,68.5000,0,0,91.0609,8.9391,943.0000,0
962.10,6,0.0000,0,0,95.5052,4.4948,897.0000,0
962.10,7,0.0000,0,0,72.8390,27.1610,897.0000,0
962.10,8,88.0000,0,0,89.1376,10.8624,956.0000,0
962.10,9,0.0000,0,0,91.4188,8.5812,897.0000,0
963.10,0,0.0000,0,0,93.5116,6.4884,898.0000,0
963.10,1,26.5000,0,0,85.0240,14.9760,916.0000,0
963.10,2,0.0000,0,0,92.9436,7.0564,898.0000,0
963.10,3,80.5000,0,0,95.2454,4.7546,952.0000,0
963.10,4,0.0000,0,0,99.0005,0.9995,898.0000,0
963.10,5,68.5000,0,0,91.0609,8.9391,944.0000,0
963.10,6,0.0000,0,0,95.5052,4.4948,898.0000,0
963.10,7,0.0000,0,0,72.8390,27.1610,898.0000,0
963.10,8,88.0000,0,0,89.1376,10.8624,957.0000,0
963.10,9,0.0000,0,0,91.4188,8.5812,898.0000,0
964.10,0,0.0000,0,0,93.5116,6.4884,899.0000,0
964.10,1,26.5000,0,0,85.0240,14.9760,917.0000,0
964.10,2,0.0000,0,0,92.9436,7.0564,899.0000,0
964.10,3,80.5000,0,0,95.2454,4.7546,953.0000,0
964.10,4,0.0000,0,0,99.0005,0.9995,899.0000,0
964.10,5,68.5000,0,0,91.0609,8.9391,945.0000,0
964.10,6,0.0000,0,0,95.5052,4.4948,899.0000,0
964.10,7,0.0000,0,0,72.8390,27.1610,899.0000,0
964.10,8,88.0000,0,0,89.1376,10.8624,958.0000,0
964.10,9,0.0000,0,0,91.4188,8.5812,899.0000,0
965.10,0,0.0000,0,0,93.5116,6.4884,900.0000,0
965.10,1,26.5000,0,0,85.0240,14.9760,918.0000,0
965.10,2,0.0000,0,0,92.9436,7.0564,900.0000,0
965.10,3,80.5000,0,0,95.2454,4.7546,954.0000,0
965.10,4,0.0000,0,0,99.0005,0.9995,900.0000,0
965.10,5,68.5000,0,0,91.0609,8.9391,946.0000,0
965.10,6,0.0000,0,0,95.5052,4.4948,900.0000,0
965.10,7,0.0000,0,0,72.8390,27.1610,900.0000,0
965.10,8,88.0000,0,0,89.1376,10.8624,959.0000,0
965.10,9,0.0000,0,0,91.4188,8.5812,900.0000,0
966.10,0,0.0000,0,0,93.5116,6.4884,901.0000,0
966.10,1,26.5000,0,0,85.0240,14.9760,919.0000,0
966.10,2,0.0000,0,0,92.9436,7.0564,901.0000,0
966.10,3,80.5000,0,0,95.2454,4.7546,955.0000,0
966.10,4,0.0000,0,0,99.0005,0.9995,901.0000,0
966.10,5,68.5000,0,0,91.0609,8.9391,947.0000,0
966.10,6,0.0000,0,0,95.5052,4.4948,901.0000,0
966.10,7,0.0000,0,0,72.8390,27.1610,901.0000,0
966.10,8,88.0000,0,0,89.1376,10.8624,960.0000,0
966.10,9,0.0000,0,0,91.4188,8.5812,901.0000,0
967.10,0,0.0000,0,0,93.5116,6.4884,902.0000,0
967.10,1,26.5000,0,0,85.0240,14.9760,920.0000,0
967.10,2,0.0000,0,0,92.9436,7.0564,902.0000,0
967.10,3,80.5000,0,0,95.2454,4.7546,956.0000,0
967.10,4,0.0000,0,0,99.0005,0.9995,902.0000,0
967.10,5,68.5000,0,0,91.0609,8.9391,948.0000,0
967.10,6,0.0000,0,0,95.5052,4.4948,902.0000,0
967.10,7,0.0000,0,0,72.8390,27.1610,902.0000,0
967.10,8,88.0000,0,0,89.1376,10.8624,961.0000,0
967.10,9,0.0000,0,0,91.4188,8.5812,902.0000,0
968.10,0,0.0000,0,0,93.5116,6.4884,903.0000,0
968.10,1,26.5000,0,0,85.0240,14.9760,921.0000,0
968.10,2,0.0000,0,0,92.9436,7.0564,903.0000,0
968.10,3,80.5000,0,0,95.2454,4.7546,957.0000,0
968.10,4,0.0000,0,0,99.0005,0.9995,903.0000,0
968.10,5,68.5000,0,0,91.0609,8.9391,949.0000,0
968.10,6,0.0000,0,0,95.5052,4.4948,903.0000,0
968.10,7,0.0000,0,0,72.8390,27.1610,903.0000,0
968.10,8,88.0000,0,0,89.1376,10.8624,962.0000,0
968.10,9,0.0000,0,0,91.4188,8.5812,903.0000,0
969.10,0,0.0000,0,0,93.5116,6.4884,904.0000,0
969.10,1,26.5000,0,0,85.0240,14.9760,922.0000,0
969.10,2,0.0000,0,0,92.9436,7.0564,904.0000,0
969.10,3,80.5000,0,0,95.2454,4.7546,958.0000,0
969.10,4,0.0000,0,0,99.0005,0.9995,904.0000,0
969.10,5,68.5000,0,0,91.0609,8.9391,950.0000,0
969.10,6,0.0000,0,0,95.5052,4.4948,904.0000,0
969.10,7,0.0000,0,0,72.8390,27.1610,904.0000,0
969.10,8,88.0000,0,0,89.1376,10.8624,963.0000,0
969.10,9,0.0000,0,0,91.4188,8.5812,904.0000,0
970.10,0,0.0000,0,0,93.5116,6.4884,905.0000,0
970.10,1,26.5000,0,0,85.0240,14.9760,923.0000,0
970.10,2,0.0000,0,0,92.9436,7.0564,905.0000,0
970.10,3,80.5000,0,0,95.2454,4.7546,959.0000,0
970.10,4,0.0000,0,0,99.0005,0.9995,905.0000,0
970.10,5,68.5000,0,0,91.0609,8.9391,951.0000,0
970.10,6,0.0000,0,0,95.5052,4.4948,905.0000,0
970.10,7,0.0000,0,0,72.8390,27.1610,905.0000,0
970.10,8,88.0000,0,0,89.1376,10.8624,964.0000,0
970.10,9,0.0000,0,0,91.4188,8.5812,905.0000,0
971.10,0,0.0000,0,0,93.5116,6.4884,906.0000,0
971.10,1,26.5000,0,0,85.0240,14.9760,924.0000,0
971.10,2,0.0000,0,0,92.9436,7.0564,906.0000,0
971.10,3,80.5000,0,0,95.2454,4.7546,960.0000,0
971.10,4,0.0000,0,0,99.0005,0.9995,906.0000,0
971.10,5,68.5000,0,0,91.0609,8.9391,952.0000,0
971.10,6,0.0000,0,0,95.5052,4.4948,906.0000,0
971.10,7,0.0000,0,0,72.8390,27.1610,906.0000,0
971.10,8,88.0000,0,0,89.1376,10.8624,965.0000,0
971.10,9,0.0000,0,0,91.4188,8.5812,906.0000,0
972.10,0,0.0000,0,0,93.5116,6.4884,907.0000,0
972.10,1,26.5000,0,0,85.0240,14.9760,925.0000,0
972.10,2,0.0000,0,0,92.9436,7.0564,907.0000,0
972.10,3,80.5000,0,0,95.2454,4.7546,961.0000,0
972.10,4,0.0000,0,0,99.0005,0.9995,907.0000,0
972.10,5,68.5000,0,0,91.0609,8.9391,953.0000,0
972.10,6,0.0000,0,0,95.5052,4.4948,907.0000,0
972.10,7,0.0000,0,0,72.8390,27.1610,907.0000,0
972.10,8,88.0000,0,0,89.1376,10.8624,966.0000,0
972.10,9,0.0000,0,0,91.4188,8.5812,907.0000,0
973.10,0,0.0000,0,0,93.5116,6.4884,908.0000,0
973.10,1,26.5000,0,0,85.0240,14.9760,926.0000,0
973.10,2,0.0000,0,0,92.9436,7.0564,908.0000,0
973.10,3,80.5000,0,0,95.2454,4.7546,962.0000,0
973.10,4,0.0000,0,0,99.0005,0.9995,908.0000,0
973.10,5,68.5000,0,0,91.0609,8.9391,954.0000,0
973.10,6,0.0000,0,0,95.5052,4.4948,908.0000,0
973.10,7,0.0000,0,0,72.8390,27.1610,908.0000,0
973.10,8,88.0000,0,0,89.1376,10.8624,967.0000,0
973.10,9,0.0000,0,0,91.4188,8.5812,908.0000,0
974.10,0,0.0000,0,0,93.5116,6.4884,909.0000,0
974.10,1,26.5000,0,0,85.0240,14.9760,927.0000,0
974.10,2,0.0000,0,0,92.9436,7.0564,909.0000,0
974.10,3,80.5000,0,0,95.2454,4.7546,963.0000,0
974.10,4,0.0000,0,0,99.0005,0.9995,909.0000,0
974.10,5,68.5000,0,0,91.0609,8.9391,955.0000,0
974.10,6,0.0000,0,0,95.5052,4.4948,909.0000,0
974.10,7,0.0000,0,0,72.8390,27.1610,909.0000,0
974.10,8,88.0000,0,0,89.1376,10.8624,968.0000,0
974.10,9,0.0000,0,0,91.4188,8.5812,909.0000,0
975.10,0,0.0000,0,0,93.5116,6.4884,910.0000,0
975.10,1,26.5000,0,0,85.0240,14.9760,928.0000,0
975.10,2,0.0000,0,0,92.9436,7.0564,910.0000,0
975.10,3,80.5000,0,0,95.2454,4.7546,964.0000,0
975.10,4,0.0000,0,0,99.0005,0.9995,910.0000,0
975.10,5,68.5000,0,0,91.0609,8.9391,956.0000,0
975.10,6,0.0000,0,0,95.5052,4.4948,910.0000,0
975.10,7,0.0000,0,0,72.8390,27.1610,910.0000,0
975.10,8,88.0000,0,0,89.1376,10.8624,969.0000,0
975.10,9,0.0000,0,0,91.4188,8.5812,910.0000,0
976.10,0,0.0000,0,0,93.5116,6.4884,911.0000,0
976.10,1,26.5000,0,0,85.0240,14.9760,929.0000,0
976.10,2,0.0000,0,0,92.9436,7.0564,911.0000,0
976.10,3,80.5000,0,0,95.2454,4.7546,965.0000,0
976.10,4,0.0000,0,0,99.0005,0.9995,911.0000,0
976.10,5,68.5000,0,0,91.0609,8.9391,957.0000,0
976.10,6,0.0000,0,0,95.5052,4.4948,911.0000,0
976.10,7,0.0000,0,0,72.8390,27.1610,911.0000,0
976.10,8,88.0000,0,0,89.1376,10.8624,970.0000,0
976.10,9,0.0000,0,0,91.4188,8.5812,911.0000,0
977.10,0,0.0000,0,0,93.5116,6.4884,912.0000,0
977.10,1,26.5000,0,0,85.0240,14.9760,930.0000,0
977.10,2,0.0000,0,0,92.9436,7.0564,912.0000,0
977.10,3,80.5000,0,0,95.2454,4.7546,966.0000,0
977.10,4,0.0000,0,0,99.0005,0.9995,912.0000,0
977.10,5,68.5000,0,0,91.0609,8.9391,958.0000,0
977.10,6,0.0000,0,0,95.5052,4.4948,912.0000,0
977.10,7,0.0000,0,0,72.8390,27.1610,912.0000,0
977.10,8,88.0000,0,0,89.1376,10.8624,971.0000,0
977.10,9,0.0000,0,0,91.4188,8.5812,912.0000,0
978.10,0,0.0000,0,0,93.5116,6.4884,913.0000,0
978.10,1,26.5000,0,0,85.0240,14.9760,931.0000,0
978.10,2,0.0000,0,0,92.9436,7.0564,913.0000,0
978.10,3,80.5000,0,0,95.2454,4.7546,967.0000,0
978.10,4,0.0000,0,0,99.0005,0.9995,913.0000,0
978.10,5,68.5000,0,0,91.0609,8.9391,959.0000,0
978.10,6,0.0000,0,0,95.5052,4.4948,913.0000,0
978.10,7,0.0000,0,0,72.8390,27.1610,913.0000,0
978.10,8,88.0000,0,0,89.1376,10.8624,972.0000,0
978.10,9,0.0000,0,0,91.4188,8.5812,913.0000,0
979.10,0,0.0000,0,0,93.5116,6.4884,914.0000,0
979.10,1,26.5000,0,0,85.0240,14.9760,932.0000,0
979.10,2,0.0000,0,0,92.9436,7.0564,914.0000,0
979.10,3,80.5000,0,0,95.2454,4.7546,968.0000,0
979.10,4,0.0000,0,0,99.0005,0.9995,914.0000,0
979.10,5,68.5000,0,0,91.0609,8.9391,960.0000,0
979.10,6,0.0000,0,0,95.5052,4.4948,914.0000,0
979.10,7,0.0000,0,0,72.8390,27.1610,914.0000,0
979.10,8,88.0000,0,0,89.1376,10.8624,973.0000,0
979.10,9,0.0000,0,0,91.4188,8.5812,914.0000,0
980.10,0,0.0000,0,0,93.5116,6.4884,915.0000,0
980.10,1,26.5000,0,0,85.0240,14.9760,933.0000,0
980.10,2,0.0000,0,0,92.9436,7.0564,915.0000,0
980.10,3,80.5000,0,0,95.2454,4.7546,969.0000,0
980.10,4,0.0000,0,0,99.0005,0.9995,915.0000,0
980.10,5,68.5000,0,0,91.0609,8.9391,961.0000,0
980.10,6,0.0000,0,0,95.5052,4.4948,915.0000,0
980.10,7,0.0000,0,0,72.8390,27.1610,915.0000,0
980.10,8,88.0000,0,0,89.1376,10.8624,974.0000,0
980.10,9,0.0000,0,0,91.4188,8.5812,915.0000,0
981.10,0,0.0000,0,0,93.5116,6.4884,916.0000,0
981.10,1,26.5000,0,0,85.0240,14.9760,934.0000,0
981.10,2,0.0000,0,0,92.9436,7.0564,916.0000,0
981.10,3,80.5000,0,0,95.2454,4.7546,970.0000,0
981.10,4,0.0000,0,0,99.0005,0.9995,916.0000,0
981.10,5,68.5000,0,0,91.0609,8.9391,962.0000,0
981.10,6,0.0000,0,0,95.5052,4.4948,916.0000,0
981.10,7,0.0000,0,0,72.8390,27.1610,916.0000,0
981.10,8,88.0000,0,0,89.1376,10.8624,975.0000,0
981.10,9,0.0000,0,0,91.4188,8.5812,916.0000,0
982.10,0,0.0000,0,0,93.5116,6.4884,917.0000,0
982.10,1,26.5000,0,0,85.0240,14.9760,935.0000,0
982.10,2,0.0000,0,0,92.9436,7.0564,917.0000,0
982.10,3,80.5000,0,0,95.2454,4.7546,971.0000,0
982.10,4,0.0000,0,0,99.0005,0.9995,917.0000,0
982.10,5,68.5000,0,0,91.0609,8.9391,963.0000,0
982.10,6,0.0000,0,0,95.5052,4.4948,917.0000,0
982.10,7,0.0000,0,0,72.8390,27.1610,917.0000,0
982.10,8,88.0000,0,0,89.1376,10.8624,976.0000,0
982.10,9,0.0000,0,0,91.4188,8.5812,917.0000,0
983.10,0,0.0000,0,0,93.5116,6.4884,918.0000,0
983.10,1,26.5000,0,0,85.0240,14.9760,936.0000,0
983.10,2,0.0000,0,0,92.9436,7.0564,918.0000,0
983.10,3,80.5000,0,0,95.2454,4.7546,972.0000,0
983.10,4,0.0000,0,0,99.0005,0.9995,918.0000,0
983.10,5,68.5000,0,0,91.0609,8.9391,964.0000,0
983.10,6,0.0000,0,0,95.5052,4.4948,918.0000,0
983.10,7,0.0000,0,0,72.8390,27.1610,918.0000,0
983.10,8,88.0000,0,0,89.1376,10.8624,977.0000,0
983.10,9,0.0000,0,0,91.4188,8.5812,918.0000,0
984.10,0,0.0000,0,0,93.5116,6.4884,919.0000,0
984.10,1,26.5000,0,0,85.0240,14.9760,937.0000,0
984.10,2,0.0000,0,0,92.9436,7.0564,919.0000,0
984.10,3,80.5000,0,0,95.2454,4.7546,973.0000,0
984.10,4,0.0000,0,0,99.0005,0.9995,919.0000,0
984.10,5,68.5000,0,0,91.0609,8.9391,965.0000,0
984.10,6,0.0000,0,0,95.5052,4.4948,919.0000,0
984.10,7,0.0000,0,0,72.8390,27.1610,919.0000,0
984.10,8,88.0000,0,0,89.1376,10.8624,978.0000,0
984.10,9,0.0000,0,0,91.4188,8.5812,919.0000,0
985.10,0,0.0000,0,0,93.5116,6.4884,920.0000,0
985.10,1,26.5000,0,0,85.0240,14.9760,938.0000,0
985.10,2,0.0000,0,0,92.9436,7.0564,920.0000,0
985.10,3,80.5000,0,0,95.2454,4.7546,974.0000,0
985.10,4,0.0000,0,0,99.0005,0.9995,920.0000,0
985.10,5,68.5000,0,0,91.0609,8.9391,966.0000,0
985.10,6,0.0000,0,0,95.5052,4.4948,920.0000,0
985.10,7,0.0000,0,0,72.8390,27.1610,920.0000,0
985.10,8,88.0000,0,0,89.1376,10.8624,979.0000,0
985.10,9,0.0000,0,0,91.4188,8.5812,920.0000,0
986.10,0,0.0000,0,0,93.5116,6.4884,921.0000,0
986.10,1,26.5000,0,0,85.0240,14.9760,939.0000,0
986.10,2,0.0000,0,0,92.9436,7.0564,921.0000,0
986.10,3,80.5000,0,0,95.2454,4.7546,975.0000,0
986.10,4,0.0000,0,0,99.0005,0.9995,921.0000,0
986.10,5,68.5000,0,0,91.0609,8.9391,967.0000,0
986.10,6,0.0000,0,0,95.5052,4.4948,921.0000,0
986.10,7,0.0000,0,0,72.8390,27.1610,921.0000,0
986.10,8,88.0000,0,0,89.1376,10.8624,980.0000,0
986.10,9,0.0000,0,0,91.4188,8.5812,921.0000,0
987.10,0,0.0000,0,0,93.5116,6.4884,922.0000,0
987.10,1,26.5000,0,0,85.0240,14.9760,940.0000,0
987.10,2,0.0000,0,0,92.9436,7.0564,922.0000,0
987.10,3,80.5000,0,0,95.2454,4.7546,976.0000,0
987.10,4,0.0000,0,0,99.0005,0.9995,922.0000,0
987.10,5,68.5000,0,0,91.0609,8.9391,968.0000,0
987.10,6,0.0000,0,0,95.5052,4.4948,922.0000,0
987.10,7,0.0000,0,0,72.8390,27.1610,922.0000,0
987.10,8,88.0000,0,0,89.1376,10.8624,981.0000,0
987.10,9,0.0000,0,0,91.4188,8.5812,922.0000,0
988.10,0,0.0000,0,0,93.5116,6.4884,923.0000,0
988.10,1,26.5000,0,0,85.0240,14.9760,941.0000,0
988.10,2,0.0000,0,0,92.9436,7.0564,923.0000,0
988.10,3,80.5000,0,0,95.2454,4.7546,977.0000,0
988.10,4,0.0000,0,0,99.0005,0.9995,923.0000,0
988.10,5,68.5000,0,0,91.0609,8.9391,969.0000,0
988.10,6,0.0000,0,0,95.5052,4.4948,923.0000,0
988.10,7,0.0000,0,0,72.8390,27.1610,923.0000,0
988.10,8,88.0000,0,0,89.1376,10.8624,982.0000,0
988.10,9,0.0000,0,0,91.4188,8.5812,923.0000,0
989.10,0,0.0000,0,0,93.5116,6.4884,924.0000,0
989.10,1,26.5000,0,0,85.0240,14.9760,942.0000,0
989.10,2,0.0000,0,0,92.9436,7.0564,924.0000,0
989.10,3,80.5000,0,0,95.2454,4.7546,978.0000,0
989.10,4,0.0000,0,0,99.0005,0.9995,924.0000,0
989.10,5,68.5000,0,0,91.0609,8.9391,970.0000,0
989.10,6,0.0000,0,0,95.5052,4.4948,924.0000,0
989.10,7,0.0000,0,0,72.8390,27.1610,924.0000,0
989.10,8,88.0000,0,0,89.1376,10.8624,983.0000,0
989.10,9,0.0000,0,0,91.4188,8.5812,924.0000,0
990.10,0,0.0000,0,0,93.5116,6.4884,925.0000,0
990.10,1,26.5000,0,0,85.0240,14.9760,943.0000,0
990.10,2,0.0000,0,0,92.9436,7.0564,925.0000,0
990.10,3,80.5000,0,0,95.2454,4.7546,979.0000,0
990.10,4,0.0000,0,0,99.0005,0.9995,925.0000,0
990.10,5,68.5000,0,0,91.0609,8.9391,971.0000,0
990.10,6,0.0000,0,0,95.5052,4.4948,925.0000,0
990.10,7,0.0000,0,0,72.8390,27.1610,925.0000,0
990.10,8,88.0000,0,0,89.1376,10.8624,984.0000,0
990.10,9,0.0000,0,0,91.4188,8.5812,925.0000,0
991.10,0,0.0000,0,0,93.5116,6.4884,926.0000,0
991.10,1,26.5000,0,0,85.0240,14.9760,944.0000,0
991.10,2,0.0000,0,0,92.9436,7.0564,926.0000,0
991.10,3,80.5000,0,0,95.2454,4.7546,980.0000,0
991.10,4,0.0000,0,0,99.0005,0.9995,926.0000,0
991.10,5,68.5000,0,0,91.0609,8.9391,972.0000,0
991.10,6,0.0000,0,0,95.5052,4.4948,926.0000,0
991.10,7,0.0000,0,0,72.8390,27.1610,926.0000,0
991.10,8,88.0000,0,0,89.1376,10.8624,985.0000,0
991.10,9,0.0000,0,0,91.4188,8.5812,926.0000,0
992.10,0,0.0000,0,0,93.5116,6.4884,927.0000,0
992.10,1,26.5000,0,0,85.0240,14.9760,945.0000,0
992.10,2,0.0000,0,0,92.9436,7.0564,927.0000,0
992.10,3,80.5000,0,0,95.2454,4.7546,981.0000,0
992.10,4,0.0000,0,0,99.0005,0.9995,927.0000,0
992.10,5,68.5000,0,0,91.0609,8.9391,973.0000,0
992.10,6,0.0000,0,0,95.5052,4.4948,927.0000,0
992.10,7,0.0000,0,0,72.8390,27.1610,927.0000,0
992.10,8,88.0000,0,0,89.1376,10.8624,986.0000,0
992.10,9,0.0000,0,0,91.4188,8.5812,927.0000,0
993.10,0,0.0000,0,0,93.5116,6.4884,928.0000,0
993.10,1,26.5000,0,0,85.0240,14.9760,946.0000,0
993.10,2,0.0000,0,0,92.9436,7.0564,928.0000,0
993.10,3,80.5000,0,0,95.2454,4.7546,982.0000,0
993.10,4,0.0000,0,0,99.0005,0.9995,928.0000,0
993.10,5,68.5000,0,0,91.0609,8.9391,974.0000,0
993.10,6,0.0000,0,0,95.5052,4.4948,928.0000,0
993.10,7,0.0000,0,0,72.8390,27.1610,928.0000,0
993.10,8,88.0000,0,0,89.1376,10.8624,987.0000,0
993.10,9,0.0000,0,0,91.4188,8.5812,928.0000,0
994.10,0,0.0000,0,0,93.5116,6.4884,929.0000,0
994.10,1,26.5000,0,0,85.0240,14.9760,947.0000,0
994.10,2,0.0000,0,0,92.9436,7.0564,929.0000,0
994.10,3,80.5000,0,0,95.2454,4.7546,983.0000,0
994.10,4,0.0000,0,0,99.0005,0.9995,929.0000,0
994.10,5,68.5000,0,0,91.0609,8.9391,975.0000,0
994.10,6,0.0000,0,0,95.5052,4.4948,929.0000,0
994.10,7,0.0000,0,0,72.8390,27.1610,929.0000,0
994.10,8,88.0000,0,0,89.1376,10.8624,988.0000,0
994.10,9,0.0000,0,0,91.4188,8.5812,929.0000,0
995.10,0,0.0000,0,0,93.5116,6.4884,930.0000,0
995.10,1,26.5000,0,0,85.0240,14.9760,948.0000,0
995.10,2,0.0000,0,0,92.9436,7.0564,930.0000,0
995.10,3,80.5000,0,0,95.2454,4.7546,984.0000,0
995.10,4,0.0000,0,0,99.0005,0.9995,930.0000,0
995.10,5,68.5000,0,0,91.0609,8.9391,976.0000,0
995.10,6,0.0000,0,0,95.5052,4.4948,930.0000,0
995.10,7,0.0000,0,0,72.8390,27.1610,930.0000,0
995.10,8,88.0000,0,0,89.1376,10.8624,989.0000,0
995.10,9,0.0000,0,0,91.4188,8.5812,930.0000,0
996.10,0,0.0000,0,0,93.5116,6.4884,931.0000,0
996.10,1,26.5000,0,0,85.0240,14.9760,949.0000,0
996.10,2,0.0000,0,0,92.9436,7.0564,931.0000,0
996.10,3,80.5000,0,0,95.2454,4.7546,985.0000,0
996.10,4,0.0000,0,0,99.0005,0.9995,931.0000,0
996.10,5,68.5000,0,0,91.0609,8.9391,977.0000,0
996.10,6,0.0000,0,0,95.5052,4.4948,931.0000,0
996.10,7,0.0000,0,0,72.8390,27.1610,931.0000,0
996.10,8,88.0000,0,0,89.1376,10.8624,990.0000,0
996.10,9,0.0000,0,0,91.4188,8.5812,931.0000,0
997.10,0,0.0000,0,0,93.5116,6.4884,932.0000,0
997.10,1,26.5000,0,0,85.0240,14.9760,950.0000,0
997.10,2,0.0000,0,0,92.9436,7.0564,932.0000,0
997.10,3,80.5000,0,0,95.2454,4.7546,986.0000,0
997.10,4,0.0000,0,0,99.0005,0.9995,932.0000,0
997.10,5,68.5000,0,0,91.0609,8.9391,978.0000,0
997.10,6,0.0000,0,0,95.5052,4.4948,932.0000,0
997.10,7,0.0000,0,0,72.8390,27.1610,932.0000,0
997.10,8,88.0000,0,0,89.1376,10.8624,991.0000,0
997.10,9,0.0000,0,0,91.4188,8.5812,932.0000,0
998.10,0,0.0000,0,0,93.5116,6.4884,933.0000,0
998.10,1,26.5000,0,0,85.0240,14.9760,951.0000,0
998.10,2,0.0000,0,0,92.9436,7.0564,933.0000,0
998.10,3,80.5000,0,0,95.2454,4.7546,987.0000,0
998.10,4,0.0000,0,0,99.0005,0.9995,933.0000,0
998.10,5,68.5000,0,0,91.0609,8.9391,979.0000,0
998.10,6,0.0000,0,0,95.5052,4.4948,933.0000,0
998.10,7,0.0000,0,0,72.8390,27.1610,933.0000,0
998.10,8,88.0000,0,0,89.1376,10.8624,992.0000,0
998.10,9,0.0000,0,0,91.4188,8.5812,933.0000,0
999.10,0,0.0000,0,0,93.5116,6.4884,934.0000,0
999.10,1,26.5000,0,0,85.0240,14.9760,952.0000,0
999.10,2,0.0000,0,0,92.9436,7.0564,934.0000,0
999.10,3,80.5000,0,0,95.2454,4.7546,988.0000,0
999.10,4,0.0000,0,0,99.0005,0.9995,934.0000,0
999.10,5,68.5000,0,0,91.0609,8.9391,980.0000,0
999.10,6,0.0000,0,0,95.5052,4.4948,934.0000,0
999.10,7,0.0000,0,0,72.8390,27.1610,934.0000,0
999.10,8,88.0000,0,0,89.1376,10.8624,993.0000,0
999.10,9,0.0000,0,0,91.4188,8.5812,934.0000,0
1000.10,0,0.0000,0,0,93.5116,6.4884,935.0000,0
1000.10,1,26.5000,0,0,85.0240,14.9760,953.0000,0
1000.10,2,0.0000,0,0,92.9436,7.0564,935.0000,0
1000.10,3,80.5000,0,0,95.2454,4.7546,989.0000,0
1000.10,4,0.0000,0,0,99.0005,0.9995,935.0000,0
1000.10,5,68.5000,0,0,91.0609,8.9391,981.0000,0
1000.10,6,0.0000,0,0,95.5052,4.4948,935.0000,0
1000.10,7,0.0000,0,0,72.8390,27.1610,935.0000,0
1000.10,8,88.0000,0,0,89.1376,10.8624,994.0000,0
1000.10,9,0.0000,0,0,91.4188,8.5812,935.0000,0
1001.10,0,0.0000,0,0,93.5116,6.4884,936.0000,0
1001.10,1,26.5000,0,0,85.0240,14.9760,954.0000,0
1001.10,2,0.0000,0,0,92.9436,7.0564,936.0000,0
1001.10,3,80.5000,0,0,95.2454,4.7546,990.0000,0
1001.10,4,0.0000,0,0,99.0005,0.9995,936.0000,0
1001.10,5,68.5000,0,0,91.0609,8.9391,982.0000,0
1001.10,6,0.0000,0,0,95.5052,4.4948,936.0000,0
1001.10,7,0.0000,0,0,72.8390,27.1610,936.0000,0
1001.10,8,88.0000,0,0,89.1376,10.8624,995.0000,0
1001.10,9,0.0000,0,0,91.4188,8.5812,936.0000,0
1002.10,0,0.0000,0,0,93.5116,6.4884,937.0000,0
1002.10,1,26.5000,0,0,85.0240,14.9760,955.0000,0
1002.10,2,0.0000,0,0,92.9436,7.0564,937.0000,0
1002.10,3,80.5000,0,0,95.2454,4.7546,991.0000,0
1002.10,4,0.0000,0,0,99.0005,0.9995,937.0000,0
1002.10,5,68.5000,0,0,91.0609,8.9391,983.0000,0
1002.10,6,0.0000,0,0,95.5052,4.4948,937.0000,0
1002.10,7,0.0000,0,0,72.8390,27.1610,937.0000,0
1002.10,8,88.0000,0,0,89.1376,10.8624,996.0000,0
1002.10,9,0.0000,0,0,91.4188,8.5812,937.0000,0
1003.10,0,0.0000,0,0,93.5116,6.4884,938.0000,0
1003.10,1,26.5000,0,0,85.0240,14.9760,956.0000,0
1003.10,2,0.0000,0,0,92.9436,7.0564,938.0000,0
1003.10,3,80.5000,0,0,95.2454,4.7546,992.0000,0
1003.10,4,0.0000,0,0,99.0005,0.9995,938.0000,0
1003.10,5,68.5000,0,0,91.0609,8.9391,984.0000,0
1003.10,6,0.0000,0,0,95.5052,4.4948,938.0000,0
1003.10,7,0.0000,0,0,72.8390,27.1610,938.0000,0
1003.10,8,88.0000,0,0,89.1376,10.8624,997.0000,0
1003.10,9,0.0000,0,0,91.4188,8.5812,938.0000,0
1004.10,0,0.0000,0,0,93.5116,6.4884,939.0000,0
1004.10,1,26.5000,0,0,85.0240,14.9760,957.0000,0
1004.10,2,0.0000,0,0,92.9436,7.0564,939.0000,0
1004.10,3,80.5000,0,0,95.2454,4.7546,993.0000,0
1004.10,4,0.0000,0,0,99.0005,0.9995,939.0000,0
1004.10,5,68.5000,0,0,91.0609,8.9391,985.0000,0
1004.10,6,0.0000,0,0,95.5052,4.4948,939.0000,0
1004.10,7,0.0000,0,0,72.8390,27.1610,939.0000,0
1004.10,8,88.0000,0,0,89.1376,10.8624,998.0000,0
1004.10,9,0.0000,0,0,91.4188,8.5812,939.0000,0
1005.10,0,0.0000,0,0,93.5116,6.4884,940.0000,0
1005.10,1,26.5000,0,0,85.0240,14.9760,958.0000,0
1005.10,2,0.0000,0,0,92.9436,7.0564,940.0000,0
1005.10,3,80.5000,0,0,95.2454,4.7546,994.0000,0
1005.10,4,0.0000,0,0,99.0005,0.9995,940.0000,0
1005.10,5,68.5000,0,0,91.0609,8.9391,986.0000,0
1005.10,6,0.0000,0,0,95.5052,4.4948,940.0000,0
1005.10,7,0.0000,0,0,72.8390,27.1610,940.0000,0
1005.10,8,88.0000,0,0,89.1376,10.8624,999.0000,0
1005.10,9,0.0000,0,0,91.4188,8.5812,940.0000,0
1006.10,0,0.0000,0,0,93.5116,6.4884,941.0000,0
1006.10,1,26.5000,0,0,85.0240,14.9760,959.0000,0
1006.10,2,0.0000,0,0,92.9436,7.0564,941.0000,0
1006.10,3,80.5000,0,0,95.2454,4.7546,995.0000,0
1006.10,4,0.0000,0,0,99.0005,0.9995,941.0000,0
1006.10,5,68.5000,0,0,91.0609,8.9391,987.0000,0
1006.10,6,0.0000,0,0,95.5052,4.4948,941.0000,0
1006.10,7,0.0000,0,0,72.8390,27.1610,941.0000,0
1006.10,8,88.0000,0,0,89.1376,10.8624,1000.0000,0
1006.10,9,0.0000,0,0,91.4188,8.5812,941.0000,0
1007.10,0,0.0000,0,0,93.5116,6.4884,942.0000,0
1007.10,1,26.5000,0,0,85.0240,14.9760,960.0000,0
1007.10,2,0.0000,0,0,92.9436,7.0564,942.0000,0
1007.10,3,80.5000,0,0,95.2454,4.7546,996.0000,0
1007.10,4,0.0000,0,0,99.0005,0.9995,942.0000,0
1007.10,5,68.5000,0,0,91.0609,8.9391,988.0000,0
1007.10,6,0.0000,0,0,95.5052,4.4948,942.0000,0
1007.10,7,0.0000,0,0,72.8390,27.1610,942.0000,0
1007.10,8,88.0000,0,0,89.1376,10.8624,1001.0000,0
1007.10,9,0.0000,0,0,91.4188,8.5812,942.0000,0
1008.10,0,0.0000,0,0,93.5116,6.4884,943.0000,0
1008.10,1,26.5000,0,0,85.0240,14.9760,961.0000,0
1008.10,2,0.0000,0,0,92.9436,7.0564,943.0000,0
1008.10,3,80.5000,0,0,95.2454,4.7546,997.0000,0
1008.10,4,0.0000,0,0,99.0005,0.9995,943.0000,0
1008.10,5,68.5000,0,0,91.0609,8.9391,989.0000,0
1008.10,6,0.0000,0,0,95.5052,4.4948,943.0000,0
1008.10,7,0.0000,0,0,72.8390,27.1610,943.0000,0
1008.10,8,88.0000,0,0,89.1376,10.8624,1002.0000,0
1008.10,9,0.0000,0,0,91.4188,8.5812,943.0000,0
1009.10,0,0.0000,0,0,93.5116,6.4884,944.0000,0
1009.10,1,26.5000,0,0,85.0240,14.9760,962.0000,0
1009.10,2,0.0000,0,0,92.9436,7.0564,944.0000,0
1009.10,3,80.5000,0,0,95.2454,4.7546,998.0000,0
1009.10,4,0.0000,0,0,99.0005,0.9995,944.0000,0
1009.10,5,68.5000,0,0,91.0609,8.9391,990.0000,0
1009.10,6,0.0000,0,0,95.5052,4.4948,944.0000,0
1009.10,7,0.0000,0,0,72.8390,27.1610,944.0000,0
1009.10,8,88.0000,0,0,89.1376,10.8624,1003.0000,0
1009.10,9,0.0000,0,0,91.4188,8.5812,944.0000,0
1010.10,0,0.0000,0,0,93.5116,6.4884,945.0000,0
1010.10,1,26.5000,0,0,85.0240,14.9760,963.0000,0
1010.10,2,0.0000,0,0,92.9436,7.0564,945.0000,0
1010.10,3,80.5000,0,0,95.2454,4.7546,999.0000,0
1010.10,4,0.0000,0,0,99.0005,0.9995,945.0000,0
1010.10,5,68.5000,0,0,91.0609,8.9391,991.0000,0
1010.10,6,0.0000,0,0,95.5052,4.4948,945.0000,0
1010.10,7,0.0000,0,0,72.8390,27.1610,945.0000,0
1010.10,8,88.0000,0,0,89.1376,10.8624,1004.0000,0
1010.10,9,0.0000,0,0,91.4188,8.5812,945.0000,0
1011.10,0,0.0000,0,0,93.5116,6.4884,946.0000,0
1011.10,1,26.5000,0,0,85.0240,14.9760,964.0000,0
1011.10,2,0.0000,0,0,92.9436,7.0564,946.0000,0
1011.10,3,80.5000,0,0,95.2454,4.7546,1000.0000,0
1011.10,4,0.0000,0,0,99.0005,0.9995,946.0000,0
1011.10,5,68.5000,0,0,91.0609,8.9391,992.0000,0
1011.10,6,0.0000,0,0,95.5052,4.4948,946.0000,0
1011.10,7,0.0000,0,0,72.8390,27.1610,946.0000,0
1011.10,8,88.0000,0,0,89.1376,10.8624,1005.0000,0
1011.10,9,0.0000,0,0,91.4188,8.5812,946.0000,0
1012.10,0,0.0000,0,0,93.5116,6.4884,947.0000,0
1012.10,1,26.5000,0,0,85.0240,14.9760,965.0000,0
1012.10,2,0.0000,0,0,92.9436,7.0564,947.0000,0
1012.10,3,80.5000,0,0,95.2454,4.7546,1001.0000,0
1012.10,4,0.0000,0,0,99.0005,0.9995,947.0000,0
1012.10,5,68.5000,0,0,91.0609,8.9391,993.0000,0
1012.10,6,0.0000,0,0,95.5052,4.4948,947.0000,0
1012.10,7,0.0000,0,0,72.8390,27.1610,947.0000,0
1012.10,8,88.0000,0,0,89.1376,10.8624,1006.0000,0
1012.10,9,0.0000,0,0,91.4188,8.5812,947.0000,0
1013.10,0,0.0000,0,0,93.5116,6.4884,948.0000,0
1013.10,1,26.5000,0,0,85.0240,14.9760,966.0000,0
1013.10,2,0.0000,0,0,92.9436,7.0564,948.0000,0
1013.10,3,80.5000,0,0,95.2454,4.7546,1002.0000,0
1013.10,4,0.0000,0,0,99.0005,0.9995,948.0000,0
1013.10,5,68.5000,0,0,91.0609,8.9391,994.0000,0
1013.10,6,0.0000,0,0,95.5052,4.4948,948.0000,0
1013.10,7,0.0000,0,0,72.8390,27.1610,948.0000,0
1013.10,8,88.0000,0,0,89.1376,10.8624,1007.0000,0
1013.10,9,0.0000,0,0,91.4188,8.5812,948.0000,0
1014.10,0,0.0000,0,0,93.5116,6.4884,949.0000,0
1014.10,1,26.5000,0,0,85.0240,14.9760,967.0000,0
1014.10,2,0.0000,0,0,92.9436,7.0564,949.0000,0
1014.10,3,80.5000,0,0,95.2454,4.7546,1003.0000,0
1014.10,4,0.0000,0,0,99.0005,0.9995,949.0000,0
1014.10,5,68.5000,0,0,91.0609,8.9391,995.0000,0
1014.10,6,0.0000,0,0,95.5052,4.4948,949.0000,0
1014.10,7,0.0000,0,0,72.8390,27.1610,949.0000,0
1014.10,8,88.0000,0,0,89.1376,10.8624,1008.0000,0
1014.10,9,0.0000,0,0,91.4188,8.5812,949.0000,0
1015.10,0,0.0000,0,0,93.5116,6.4884,950.0000,0
1015.10,1,26.5000,0,0,85.0240,14.9760,968.0000,0
1015.10,2,0.0000,0,0,92.9436,7.0564,950.0000,0
1015.10,3,80.5000,0,0,95.2454,4.7546,1004.0000,0
1015.10,4,0.0000,0,0,99.0005,0.9995,950.0000,0
1015.10,5,68.5000,0,0,91.0609,8.9391,996.0000,0
1015.10,6,0.0000,0,0,95.5052,4.4948,950.0000,0
1015.10,7,0.0000,0,0,72.8390,27.1610,950.0000,0
1015.10,8,88.0000,0,0,89.1376,10.8624,1009.0000,0
1015.10,9,0.0000,0,0,91.4188,8.5812,950.0000,0
1016.10,0,0.0000,0,0,93.5116,6.4884,951.0000,0
1016.10,1,26.5000,0,0,85.0240,14.9760,969.0000,0
1016.10,2,0.0000,0,0,92.9436,7.0564,951.0000,0
1016.10,3,80.5000,0,0,95.2454,4.7546,1005.0000,0
1016.10,4,0.0000,0,0,99.0005,0.9995,951.0000,0
1016.10,5,68.5000,0,0,91.0609,8.9391,997.0000,0
1016.10,6,0.0000,0,0,95.5052,4.4948,951.0000,0
1016.10,7,0.0000,0,0,72.8390,27.1610,951.0000,0
1016.10,8,88.0000,0,0,89.1376,10.8624,1010.0000,0
1016.10,9,0.0000,0,0,91.4188,8.5812,951.0000,0
1017.10,0,0.0000,0,0,93.5116,6.4884,952.0000,0
1017.10,1,26.5000,0,0,85.0240,14.9760,970.0000,0
1017.10,2,0.0000,0,0,92.9436,7.0564,952.0000,0
1017.10,3,80.5000,0,0,95.2454,4.7546,1006.0000,0
1017.10,4,0.0000,0,0,99.0005,0.9995,952.0000,0
1017.10,5,68.5000,0,0,91.0609,8.9391,998.0000,0
1017.10,6,0.0000,0,0,95.5052,4.4948,952.0000,0
1017.10,7,0.0000,0,0,72.8390,27.1610,952.0000,0
1017.10,8,88.0000,0,0,89.1376,10.8624,1011.0000,0
1017.10,9,0.0000,0,0,91.4188,8.5812,952.0000,0
1018.10,0,0.0000,0,0,93.5116,6.4884,953.0000,0
1018.10,1,26.5000,0,0,85.0240,14.9760,971.0000,0
1018.10,2,0.0000,0,0,92.9436,7.0564,953.0000,0
1018.10,3,80.5000,0,0,95.2454,4.7546,1007.0000,0
1018.10,4,0.0000,0,0,99.0005,0.9995,953.0000,0
1018.10,5,68.5000,0,0,91.0609,8.9391,999.0000,0
1018.10,6,0.0000,0,0,95.5052,4.4948,953.0000,0
1018.10,7,0.0000,0,0,72.8390,27.1610,953.0000,0
1018.10,8,88.0000,0,0,89.1376,10.8624,1012.0000,0
1018.10,9,0.0000,0,0,91.4188,8.5812,953.0000,0
1019.10,0,0.0000,0,0,93.5116,6.4884,954.0000,0
1019.10,1,26.5000,0,0,85.0240,14.9760,972.0000,0
1019.10,2,0.0000,0,0,92.9436,7.0564,954.0000,0
1019.10,3,80.5000,0,0,95.2454,4.7546,1008.0000,0
1019.10,4,0.0000,0,0,99.0005,0.9995,954.0000,0
1019.10,5,68.5000,0,0,91.0609,8.9391,1000.0000,0
1019.10,6,0.0000,0,0,95.5052,4.4948,954.0000,0
1019.10,7,0.0000,0,0,72.8390,27.1610,954.0000,0
1019.10,8,88.0000,0,0,89.1376,10.8624,1013.0000,0
1019.10,9,0.0000,0,0,91.4188,8.5812,954.0000,0
1020.10,0,0.0000,0,0,93.5116,6.4884,955.0000,0
1020.10,1,26.5000,0,0,85.0240,14.9760,973.0000,0
1020.10,2,0.0000,0,0,92.9436,7.0564,955.0000,0
1020.10,3,80.5000,0,0,95.2454,4.7546,1009.0000,0
1020.10,4,0.0000,0,0,99.0005,0.9995,955.0000,0
1020.10,5,68.5000,0,0,91.0609,8.9391,1001.0000,0
1020.10,6,0.0000,0,0,95.5052,4.4948,955.0000,0
1020.10,7,0.0000,0,0,72.8390,27.1610,955.0000,0
1020.10,8,88.0000,0,0,89.1376,10.8624,1014.0000,0
1020.10,9,0.0000,0,0,91.4188,8.5812,955.0000,0
1021.10,0,0.0000,0,0,93.5116,6.4884,956.0000,0
1021.10,1,26.5000,0,0,85.0240,14.9760,974.0000,0
1021.10,2,0.0000,0,0,92.9436,7.0564,956.0000,0
1021.10,3,80.5000,0,0,95.2454,4.7546,1010.0000,0
1021.10,4,0.0000,0,0,99.0005,0.9995,956.0000,0
1021.10,5,68.5000,0,0,91.0609,8.9391,1002.0000,0
1021.10,6,0.0000,0,0,95.5052,4.4948,956.0000,0
1021.10,7,0.0000,0,0,72.8390,27.1610,956.0000,0
1021.10,8,88.0000,0,0,89.1376,10.8624,1015.0000,0
1021.10,9,0.0000,0,0,91.4188,8.5812,956.0000,0
1022.10,0,0.0000,0,0,93.5116,6.4884,957.0000,0
1022.10,1,26.5000,0,0,85.0240,14.9760,975.0000,0
1022.10,2,0.0000,0,0,92.9436,7.0564,957.0000,0
1022.10,3,80.5000,0,0,95.2454,4.7546,1011.0000,0
1022.10,4,0.0000,0,0,99.0005,0.9995,957.0000,0
1022.10,5,68.5000,0,0,91.0609,8.9391,1003.0000,0
1022.10,6,0.0000,0,0,95.5052,4.4948,957.0000,0
1022.10,7,0.0000,0,0,72.8390,27.1610,957.0000,0
1022.10,8,88.0000,0,0,89.1376,10.8624,1016.0000,0
1022.10,9,0.0000,0,0,91.4188,8.5812,957.0000,0
1023.10,0,0.0000,0,0,93.5116,6.4884,958.0000,0
1023.10,1,26.5000,0,0,85.0240,14.9760,976.0000,0
1023.10,2,0.0000,0,0,92.9436,7.0564,958.0000,0
1023.10,3,80.5000,0,0,95.2454,4.7546,1012.0000,0
1023.10,4,0.0000,0,0,99.0005,0.9995,958.0000,0
1023.10,5,68.5000,0,0,91.0609,8.9391,1004.0000,0
1023.10,6,0.0000,0,0,95.5052,4.4948,958.0000,0
1023.10,7,0.0000,0,0,72.8390,27.1610,958.0000,0
1023.10,8,88.0000,0,0,89.1376,10.8624,1017.0000,0
1023.10,9,0.0000,0,0,91.4188,8.5812,958.0000,0
1024.10,0,0.0000,0,0,93.5116,6.4884,959.0000,0
1024.10,1,26.5000,0,0,85.0240,14.9760,977.0000,0
1024.10,2,0.0000,0,0,92.9436,7.0564,959.0000,0
1024.10,3,80.5000,0,0,95.2454,4.7546,1013.0000,0
1024.10,4,0.0000,0,0,99.0005,0.9995,959.0000,0
1024.10,5,68.5000,0,0,91.0609,8.9391,1005.0000,0
1024.10,6,0.0000,0,0,95.5052,4.4948,959.0000,0
1024.10,7,0.0000,0,0,72.8390,27.1610,959.0000,0
1024.10,8,88.0000,0,0,89.1376,10.8624,1018.0000,0
1024.10,9,0.0000,0,0,91.4188,8.5812,959.0000,0
1025.10,0,0.0000,0,0,93.5116,6.4884,960.0000,0
1025.10,1,26.5000,0,0,85.0240,14.9760,978.0000,0
1025.10,2,0.0000,0,0,92.9436,7.0564,960.0000,0
1025.10,3,80.5000,0,0,95.2454,4.7546,1014.0000,0
1025.10,4,0.0000,0,0,99.0005,0.9995,960.0000,0
1025.10,5,68.5000,0,0,91.0609,8.9391,1006.0000,0
1025.10,6,0.0000,0,0,95.5052,4.4948,960.0000,0
1025.10,7,0.0000,0,0,72.8390,27.1610,960.0000,0
1025.10,8,88.0000,0,0,89.1376,10.8624,1019.0000,0
1025.10,9,0.0000,0,0,91.4188,8.5812,960.0000,0
1026.10,0,0.0000,0,0,93.5116,6.4884,961.0000,0
1026.10,1,26.5000,0,0,85.0240,14.9760,979.0000,0
1026.10,2,0.0000,0,0,92.9436,7.0564,961.0000,0
1026.10,3,80.5000,0,0,95.2454,4.7546,1015.0000,0
1026.10,4,0.0000,0,0,99.0005,0.9995,961.0000,0
1026.10,5,68.5000,0,0,91.0609,8.9391,1007.0000,0
1026.10,6,0.0000,0,0,95.5052,4.4948,961.0000,0
1026.10,7,0.0000,0,0,72.8390,27.1610,961.0000,0
1026.10,8,88.0000,0,0,89.1376,10.8624,1020.0000,0
1026.10,9,0.0000,0,0,91.4188,8.5812,961.0000,0
1027.10,0,0.0000,0,0,93.5116,6.4884,962.0000,0
1027.10,1,26.5000,0,0,85.0240,14.9760,980.0000,0
1027.10,2,0.0000,0,0,92.9436,7.0564,962.0000,0
1027.10,3,80.5000,0,0,95.2454,4.7546,1016.0000,0
1027.10,4,0.0000,0,0,99.0005,0.9995,962.0000,0
1027.10,5,68.5000,0,0,91.0609,8.9391,1008.0000,0
1027.10,6,0.0000,0,0,95.5052,4.4948,962.0000,0
1027.10,7,0.0000,0,0,72.8390,27.1610,962.0000,0
1027.10,8,88.0000,0,0,89.1376,10.8624,1021.0000,0
1027.10,9,0.0000,0,0,91.4188,8.5812,962.0000,0
1028.10,0,0.0000,0,0,93.5116,6.4884,963.0000,0
1028.10,1,26.5000,0,0,85.0240,14.9760,981.0000,0
1028.10,2,0.0000,0,0,92.9436,7.0564,963.0000,0
1028.10,3,80.5000,0,0,95.2454,4.7546,1017.0000,0
1028.10,4,0.0000,0,0,99.0005,0.9995,963.0000,0
1028.10,5,68.5000,0,0,91.0609,8.9391,1009.0000,0
1028.10,6,0.0000,0,0,95.5052,4.4948,963.0000,0
1028.10,7,0.0000,0,0,72.8390,27.1610,963.0000,0
1028.10,8,88.0000,0,0,89.1376,10.8624,1022.0000,0
1028.10,9,0.0000,0,0,91.4188,8.5812,963.0000,0
1029.10,0,0.0000,0,0,93.5116,6.4884,964.0000,0
1029.10,1,26.5000,0,0,85.0240,14.9760,982.0000,0
1029.10,2,0.0000,0,0,92.9436,7.0564,964.0000,0
1029.10,3,80.5000,0,0,95.2454,4.7546,1018.0000,0
1029.10,4,0.0000,0,0,99.0005,0.9995,964.0000,0
1029.10,5,68.5000,0,0,91.0609,8.9391,1010.0000,0
1029.10,6,0.0000,0,0,95.5052,4.4948,964.0000,0
1029.10,7,0.0000,0,0,72.8390,27.1610,964.0000,0
1029.10,8,88.0000,0,0,89.1376,10.8624,1023.0000,0
1029.10,9,0.0000,0,0,91.4188,8.5812,964.0000,0
1030.10,0,0.0000,0,0,93.5116,6.4884,965.0000,0
1030.10,1,26.5000,0,0,85.0240,14.9760,983.0000,0
1030.10,2,0.0000,0,0,92.9436,7.0564,965.0000,0
1030.10,3,80.5000,0,0,95.2454,4.7546,1019.0000,0
1030.10,4,0.0000,0,0,99.0005,0.9995,965.0000,0
1030.10,5,68.5000,0,0,91.0609,8.9391,1011.0000,0
1030.10,6,0.0000,0,0,95.5052,4.4948,965.0000,0
1030.10,7,0.0000,0,0,72.8390,27.1610,965.0000,0
1030.10,8,88.0000,0,0,89.1376,10.8624,1024.0000,0
1030.10,9,0.0000,0,0,91.4188,8.5812,965.0000,0
1031.10,0,0.0000,0,0,93.5116,6.4884,966.0000,0
1031.10,1,26.5000,0,0,85.0240,14.9760,984.0000,0
1031.10,2,0.0000,0,0,92.9436,7.0564,966.0000,0
1031.10,3,80.5000,0,0,95.2454,4.7546,1020.0000,0
1031.10,4,0.0000,0,0,99.0005,0.9995,966.0000,0
1031.10,5,68.5000,0,0,91.0609,8.9391,1012.0000,0
1031.10,6,0.0000,0,0,95.5052,4.4948,966.0000,0
1031.10,7,0.0000,0,0,72.8390,27.1610,966.0000,0
1031.10,8,88.0000,0,0,89.1376,10.8624,1025.0000,0
1031.10,9,0.0000,0,0,91.4188,8.5812,966.0000,0
1032.10,0,0.0000,0,0,93.5116,6.4884,967.0000,0
1032.10,1,26.5000,0,0,85.0240,14.9760,985.0000,0
1032.10,2,0.0000,0,0,92.9436,7.0564,967.0000,0
1032.10,3,80.5000,0,0,95.2454,4.7546,1021.0000,0
1032.10,4,0.0000,0,0,99.0005,0.9995,967.0000,0
1032.10,5,68.5000,0,0,91.0609,8.9391,1013.0000,0
1032.10,6,0.0000,0,0,95.5052,4.4948,967.0000,0
1032.10,7,0.0000,0,0,72.8390,27.1610,967.0000,0
1032.10,8,88.0000,0,0,89.1376,10.8624,1026.0000,0
1032.10,9,0.0000,0,0,91.4188,8.5812,967.0000,0
1033.10,0,0.0000,0,0,93.5116,6.4884,968.0000,0
1033.10,1,26.5000,0,0,85.0240,14.9760,986.0000,0
1033.10,2,0.0000,0,0,92.9436,7.0564,968.0000,0
1033.10,3,80.5000,0,0,95.2454,4.7546,1022.0000,0
1033.10,4,0.0000,0,0,99.0005,0.9995,968.0000,0
1033.10,5,68.5000,0,0,91.0609,8.9391,1014.0000,0
1033.10,6,0.0000,0,0,95.5052,4.4948,968.0000,0
1033.10,7,0.0000,0,0,72.8390,27.1610,968.0000,0
1033.10,8,88.0000,0,0,89.1376,10.8624,1027.0000,0
1033.10,9,0.0000,0,0,91.4188,8.5812,968.0000,0
1034.10,0,0.0000,0,0,93.5116,6.4884,969.0000,0
1034.10,1,26.5000,0,0,85.0240,14.9760,987.0000,0
1034.10,2,0.0000,0,0,92.9436,7.0564,969.0000,0
1034.10,3,80.5000,0,0,95.2454,4.7546,1023.0000,0
1034.10,4,0.0000,0,0,99.0005,0.9995,969.0000,0
1034.10,5,68.5000,0,0,91.0609,8.9391,1015.0000,0
1034.10,6,0.0000,0,0,95.5052,4.4948,969.0000,0
1034.10,7,0.0000,0,0,72.8390,27.1610,969.0000,0
1034.10,8,88.0000,0,0,89.1376,10.8624,1028.0000,0
1034.10,9,0.0000,0,0,91.4188,8.5812,969.0000,0
1035.10,0,0.0000,0,0,93.5116,6.4884,970.0000,0
1035.10,1,26.5000,0,0,85.0240,14.9760,988.0000,0
1035.10,2,0.0000,0,0,92.9436,7.0564,970.0000,0
1035.10,3,80.5000,0,0,95.2454,4.7546,1024.0000,0
1035.10,4,0.0000,0,0,99.0005,0.9995,970.0000,0
1035.10,5,68.5000,0,0,91.0609,8.9391,1016.0000,0
1035.10,6,0.0000,0,0,95.5052,4.4948,970.0000,0
1035.10,7,0.0000,0,0,72.8390,27.1610,970.0000,0
1035.10,8,88.0000,0,0,89.1376,10.8624,1029.0000,0
1035.10,9,0.0000,0,0,91.4188,8.5812,970.0000,0
1036.10,0,0.0000,0,0,93.5116,6.4884,971.0000,0
1036.10,1,26.5000,0,0,85.0240,14.9760,989.0000,0
1036.10,2,0.0000,0,0,92.9436,7.0564,971.0000,0
1036.10,3,80.5000,0,0,95.2454,4.7546,1025.0000,0
1036.10,4,0.0000,0,0,99.0005,0.9995,971.0000,0
1036.10,5,68.5000,0,0,91.0609,8.9391,1017.0000,0
1036.10,6,0.0000,0,0,95.5052,4.4948,971.0000,0
1036.10,7,0.0000,0,0,72.8390,27.1610,971.0000,0
1036.10,8,88.0000,0,0,89.1376,10.8624,1030.0000,0
1036.10,9,0.0000,0,0,91.4188,8.5812,971.0000,0
1037.10,0,0.0000,0,0,93.5116,6.4884,972.0000,0
1037.10,1,26.5000,0,0,85.0240,14.9760,990.0000,0
1037.10,2,0.0000,0,0,92.9436,7.0564,972.0000,0
1037.10,3,80.5000,0,0,95.2454,4.7546,1026.0000,0
1037.10,4,0.0000,0,0,99.0005,0.9995,972.0000,0
1037.10,5,68.5000,0,0,91.0609,8.9391,1018.0000,0
1037.10,6,0.0000,0,0,95.5052,4.4948,972.0000,0
1037.10,7,0.0000,0,0,72.8390,27.1610,972.0000,0
1037.10,8,88.0000,0,0,89.1376,10.8624,1031.0000,0
1037.10,9,0.0000,0,0,91.4188,8.5812,972.0000,0
1038.10,0,0.0000,0,0,93.5116,6.4884,973.0000,0
1038.10,1,26.5000,0,0,85.0240,14.9760,991.0000,0
1038.10,2,0.0000,0,0,92.9436,7.0564,973.0000,0
1038.10,3,80.5000,0,0,95.2454,4.7546,1027.0000,0
1038.10,4,0.0000,0,0,99.0005,0.9995,973.0000,0
1038.10,5,68.5000,0,0,91.0609,8.9391,1019.0000,0
1038.10,6,0.0000,0,0,95.5052,4.4948,973.0000,0
1038.10,7,0.0000,0,0,72.8390,27.1610,973.0000,0
1038.10,8,88.0000,0,0,89.1376,10.8624,1032.0000,0
1038.10,9,0.0000,0,0,91.4188,8.5812,973.0000,0
1039.10,0,0.0000,0,0,93.5116,6.4884,974.0000,0
1039.10,1,26.5000,0,0,85.0240,14.9760,992.0000,0
1039.10,2,0.0000,0,0,92.9436,7.0564,974.0000,0
1039.10,3,80.5000,0,0,95.2454,4.7546,1028.0000,0
1039.10,4,0.0000,0,0,99.0005,0.9995,974.0000,0
1039.10,5,68.5000,0,0,91.0609,8.9391,1020.0000,0
1039.10,6,0.0000,0,0,95.5052,4.4948,974.0000,0
1039.10,7,0.0000,0,0,72.8390,27.1610,974.0000,0
1039.10,8,88.0000,0,0,89.1376,10.8624,1033.0000,0
1039.10,9,0.0000,0,0,91.4188,8.5812,974.0000,0
1040.10,0,0.0000,0,0,93.5116,6.4884,975.0000,0
1040.10,1,26.5000,0,0,85.0240,14.9760,993.0000,0
1040.10,2,0.0000,0,0,92.9436,7.0564,975.0000,0
1040.10,3,80.5000,0,0,95.2454,4.7546,1029.0000,0
1040.10,4,0.0000,0,0,99.0005,0.9995,975.0000,0
1040.10,5,68.5000,0,0,91.0609,8.9391,1021.0000,0
1040.10,6,0.0000,0,0,95.5052,4.4948,975.0000,0
1040.10,7,0.0000,0,0,72.8390,27.1610,975.0000,0
1040.10,8,88.0000,0,0,89.1376,10.8624,1034.0000,0
1040.10,9,0.0000,0,0,91.4188,8.5812,975.0000,0
1041.10,0,0.0000,0,0,93.5116,6.4884,976.0000,0
1041.10,1,26.5000,0,0,85.0240,14.9760,994.0000,0
1041.10,2,0.0000,0,0,92.9436,7.0564,976.0000,0
1041.10,3,80.5000,0,0,95.2454,4.7546,1030.0000,0
1041.10,4,0.0000,0,0,99.0005,0.9995,976.0000,0
1041.10,5,68.5000,0,0,91.0609,8.9391,1022.0000,0
1041.10,6,0.0000,0,0,95.5052,4.4948,976.0000,0
1041.10,7,0.0000,0,0,72.8390,27.1610,976.0000,0
1041.10,8,88.0000,0,0,89.1376,10.8624,1035.0000,0
1041.10,9,0.0000,0,0,91.4188,8.5812,976.0000,0
1042.10,0,0.0000,0,0,93.5116,6.4884,977.0000,0
1042.10,1,26.5000,0,0,85.0240,14.9760,995.0000,0
1042.10,2,0.0000,0,0,92.9436,7.0564,977.0000,0
1042.10,3,80.5000,0,0,95.2454,4.7546,1031.0000,0
1042.10,4,0.0000,0,0,99.0005,0.9995,977.0000,0
1042.10,5,68.5000,0,0,91.0609,8.9391,1023.0000,0
1042.10,6,0.0000,0,0,95.5052,4.4948,977.0000,0
1042.10,7,0.0000,0,0,72.8390,27.1610,977.0000,0
1042.10,8,88.0000,0,0,89.1376,10.8624,1036.0000,0
1042.10,9,0.0000,0,0,91.4188,8.5812,977.0000,0
1043.10,0,0.0000,0,0,93.5116,6.4884,978.0000,0
1043.10,1,26.5000,0,0,85.0240,14.9760,996.0000,0
1043.10,2,0.0000,0,0,92.9436,7.0564,978.0000,0
1043.10,3,80.5000,0,0,95.2454,4.7546,1032.0000,0
1043.10,4,0.0000,0,0,99.0005,0.9995,978.0000,0
1043.10,5,68.5000,0,0,91.0609,8.9391,1024.0000,0
1043.10,6,0.0000,0,0,95.5052,4.4948,978.0000,0
1043.10,7,0.0000,0,0,72.8390,27.1610,978.0000,0
1043.10,8,88.0000,0,0,89.1376,10.8624,1037.0000,0
1043.10,9,0.0000,0,0,91.4188,8.5812,978.0000,0
1044.10,0,0.0000,0,0,93.5116,6.4884,979.0000,0
1044.10,1,26.5000,0,0,85.0240,14.9760,997.0000,0
1044.10,2,0.0000,0,0,92.9436,7.0564,979.0000,0
1044.10,3,80.5000,0,0,95.2454,4.7546,1033.0000,0
1044.10,4,0.0000,0,0,99.0005,0.9995,979.0000,0
1044.10,5,68.5000,0,0,91.0609,8.9391,1025.0000,0
1044.10,6,0.0000,0,0,95.5052,4.4948,979.0000,0
1044.10,7,0.0000,0,0,72.8390,27.1610,979.0000,0
1044.10,8,88.0000,0,0,89.1376,10.8624,1038.0000,0
1044.10,9,0.0000,0,0,91.4188,8.5812,979.0000,0
1045.10,0,0.0000,0,0,93.5116,6.4884,980.0000,0
1045.10,1,26.5000,0,0,85.0240,14.9760,998.0000,0
1045.10,2,0.0000,0,0,92.9436,7.0564,980.0000,0
1045.10,3,80.5000,0,0,95.2454,4.7546,1034.0000,0
1045.10,4,0.0000,0,0,99.0005,0.9995,980.0000,0
1045.10,5,68.5000,0,0,91.0609,8.9391,1026.0000,0
1045.10,6,0.0000,0,0,95.5052,4.4948,980.0000,0
1045.10,7,0.0000,0,0,72.8390,27.1610,980.0000,0
1045.10,8,88.0000,0,0,89.1376,10.8624,1039.0000,0
1045.10,9,0.0000,0,0,91.4188,8.5812,980.0000,0
1046.10,0,0.0000,0,0,93.5116,6.4884,981.0000,0
1046.10,1,26.5000,0,0,85.0240,14.9760,999.0000,0
1046.10,2,0.0000,0,0,92.9436,7.0564,981.0000,0
1046.10,3,80.5000,0,0,95.2454,4.7546,1035.0000,0
1046.10,4,0.0000,0,0,99.0005,0.9995,981.0000,0
1046.10,5,68.5000,0,0,91.0609,8.9391,1027.0000,0
1046.10,6,0.0000,0,0,95.5052,4.4948,981.0000,0
1046.10,7,0.0000,0,0,72.8390,27.1610,981.0000,0
1046.10,8,88.0000,0,0,89.1376,10.8624,1040.0000,0
1046.10,9,0.0000,0,0,91.4188,8.5812,981.0000,0
1047.10,0,0.0000,0,0,93.5116,6.4884,982.0000,0
1047.10,1,26.5000,0,0,85.0240,14.9760,1000.0000,0
1047.10,2,0.0000,0,0,92.9436,7.0564,982.0000,0
1047.10,3,80.5000,0,0,95.2454,4.7546,1036.0000,0
1047.10,4,0.0000,0,0,99.0005,0.9995,982.0000,0
1047.10,5,68.5000,0,0,91.0609,8.9391,1028.0000,0
1047.10,6,0.0000,0,0,95.5052,4.4948,982.0000,0
1047.10,7,0.0000,0,0,72.8390,27.1610,982.0000,0
1047.10,8,88.0000,0,0,89.1376,10.8624,1041.0000,0
1047.10,9,0.0000,0,0,91.4188,8.5812,982.0000,0
1048.10,0,0.0000,0,0,93.5116,6.4884,983.0000,0
1048.10,1,26.5000,0,0,85.0240,14.9760,1001.0000,0
1048.10,2,0.0000,0,0,92.9436,7.0564,983.0000,0
1048.10,3,80.5000,0,0,95.2454,4.7546,1037.0000,0
1048.10,4,0.0000,0,0,99.0005,0.9995,983.0000,0
1048.10,5,68.5000,0,0,91.0609,8.9391,1029.0000,0
1048.10,6,0.0000,0,0,95.5052,4.4948,983.0000,0
1048.10,7,0.0000,0,0,72.8390,27.1610,983.0000,0
1048.10,8,88.0000,0,0,89.1376,10.8624,1042.0000,0
1048.10,9,0.0000,0,0,91.4188,8.5812,983.0000,0
1049.10,0,0.0000,0,0,93.5116,6.4884,984.0000,0
1049.10,1,26.5000,0,0,85.0240,14.9760,1002.0000,0
1049.10,2,0.0000,0,0,92.9436,7.0564,984.0000,0
1049.10,3,80.5000,0,0,95.2454,4.7546,1038.0000,0
1049.10,4,0.0000,0,0,99.0005,0.9995,984.0000,0
1049.10,5,68.5000,0,0,91.0609,8.9391,1030.0000,0
1049.10,6,0.0000,0,0,95.5052,4.4948,984.0000,0
1049.10,7,0.0000,0,0,72.8390,27.1610,984.0000,0
1049.10,8,88.0000,0,0,89.1376,10.8624,1043.0000,0
1049.10,9,0.0000,0,0,91.4188,8.5812,984.0000,0
1050.10,0,0.0000,0,0,93.5116,6.4884,985.0000,0
1050.10,1,26.5000,0,0,85.0240,14.9760,1003.0000,0
1050.10,2,0.0000,0,0,92.9436,7.0564,985.0000,0
1050.10,3,80.5000,0,0,95.2454,4.7546,1039.0000,0
1050.10,4,0.0000,0,0,99.0005,0.9995,985.0000,0
1050.10,5,68.5000,0,0,91.0609,8.9391,1031.0000,0
1050.10,6,0.0000,0,0,95.5052,4.4948,985.0000,0
1050.10,7,0.0000,0,0,72.8390,27.1610,985.0000,0
1050.10,8,88.0000,0,0,89.1376,10.8624,1044.0000,0
1050.10,9,0.0000,0,0,91.4188,8.5812,985.0000,0
1051.10,0,0.0000,0,0,93.5116,6.4884,986.0000,0
1051.10,1,26.5000,0,0,85.0240,14.9760,1004.0000,0
1051.10,2,0.0000,0,0,92.9436,7.0564,986.0000,0
1051.10,3,80.5000,0,0,95.2454,4.7546,1040.0000,0
1051.10,4,0.0000,0,0,99.0005,0.9995,986.0000,0
1051.10,5,68.5000,0,0,91.0609,8.9391,1032.0000,0
1051.10,6,0.0000,0,0,95.5052,4.4948,986.0000,0
1051.10,7,0.0000,0,0,72.8390,27.1610,986.0000,0
1051.10,8,88.0000,0,0,89.1376,10.8624,1045.0000,0
1051.10,9,0.0000,0,0,91.4188,8.5812,986.0000,0
1052.10,0,0.0000,0,0,93.5116,6.4884,987.0000,0
1052.10,1,26.5000,0,0,85.0240,14.9760,1005.0000,0
1052.10,2,0.0000,0,0,92.9436,7.0564,987.0000,0
1052.10,3,80.5000,0,0,95.2454,4.7546,1041.0000,0
1052.10,4,0.0000,0,0,99.0005,0.9995,987.0000,0
1052.10,5,68.5000,0,0,91.0609,8.9391,1033.0000,0
1052.10,6,0.0000,0,0,95.5052,4.4948,987.0000,0
1052.10,7,0.0000,0,0,72.8390,27.1610,987.0000,0
1052.10,8,88.0000,0,0,89.1376,10.8624,1046.0000,0
1052.10,9,0.0000,0,0,91.4188,8.5812,987.0000,0
1053.10,0,0.0000,0,0,93.5116,6.4884,988.0000,0
1053.10,1,26.5000,0,0,85.0240,14.9760,1006.0000,0
1053.10,2,0.0000,0,0,92.9436,7.0564,988.0000,0
1053.10,3,80.5000,0,0,95.2454,4.7546,1042.0000,0
1053.10,4,0.0000,0,0,99.0005,0.9995,988.0000,0
1053.10,5,68.5000,0,0,91.0609,8.9391,1034.0000,0
1053.10,6,0.0000,0,0,95.5052,4.4948,988.0000,0
1053.10,7,0.0000,0,0,72.8390,27.1610,988.0000,0
1053.10,8,88.0000,0,0,89.1376,10.8624,1047.0000,0
1053.10,9,0.0000,0,0,91.4188,8.5812,988.0000,0
1054.10,0,0.0000,0,0,93.5116,6.4884,989.0000,0
1054.10,1,26.5000,0,0,85.0240,14.9760,1007.0000,0
1054.10,2,0.0000,0,0,92.9436,7.0564,989.0000,0
1054.10,3,80.5000,0,0,95.2454,4.7546,1043.0000,0
1054.10,4,0.0000,0,0,99.0005,0.9995,989.0000,0
1054.10,5,68.5000,0,0,91.0609,8.9391,1035.0000,0
1054.10,6,0.0000,0,0,95.5052,4.4948,989.0000,0
1054.10,7,0.0000,0,0,72.8390,27.1610,989.0000,0
1054.10,8,88.0000,0,0,89.1376,10.8624,1048.0000,0
1054.10,9,0.0000,0,0,91.4188,8.5812,989.0000,0
1055.10,0,0.0000,0,0,93.5116,6.4884,990.0000,0
1055.10,1,26.5000,0,0,85.0240,14.9760,1008.0000,0
1055.10,2,0.0000,0,0,92.9436,7.0564,990.0000,0
1055.10,3,80.5000,0,0,95.2454,4.7546,1044.0000,0
1055.10,4,0.0000,0,0,99.0005,0.9995,990.0000,0
1055.10,5,68.5000,0,0,91.0609,8.9391,1036.0000,0
1055.10,6,0.0000,0,0,95.5052,4.4948,990.0000,0
1055.10,7,0.0000,0,0,72.8390,27.1610,990.0000,0
1055.10,8,88.0000,0,0,89.1376,10.8624,1049.0000,0
1055.10,9,0.0000,0,0,91.4188,8.5812,990.0000,0
1056.10,0,0.0000,0,0,93.5116,6.4884,991.0000,0
1056.10,1,26.5000,0,0,85.0240,14.9760,1009.0000,0
1056.10,2,0.0000,0,0,92.9436,7.0564,991.0000,0
1056.10,3,80.5000,0,0,95.2454,4.7546,1045.0000,0
1056.10,4,0.0000,0,0,99.0005,0.9995,991.0000,0
1056.10,5,68.5000,0,0,91.0609,8.9391,1037.0000,0
1056.10,6,0.0000,0,0,95.5052,4.4948,991.0000,0
1056.10,7,0.0000,0,0,72.8390,27.1610,991.0000,0
1056.10,8,88.0000,0,0,89.1376,10.8624,1050.0000,0
1056.10,9,0.0000,0,0,91.4188,8.5812,991.0000,0
1057.10,0,0.0000,0,0,93.5116,6.4884,992.0000,0
1057.10,1,26.5000,0,0,85.0240,14.9760,1010.0000,0
1057.10,2,0.0000,0,0,92.9436,7.0564,992.0000,0
1057.10,3,80.5000,0,0,95.2454,4.7546,1046.0000,0
1057.10,4,0.0000,0,0,99.0005,0.9995,992.0000,0
1057.10,5,68.5000,0,0,91.0609,8.9391,1038.0000,0
1057.10,6,0.0000,0,0,95.5052,4.4948,992.0000,0
1057.10,7,0.0000,0,0,72.8390,27.1610,992.0000,0
1057.10,8,88.0000,0,0,89.1376,10.8624,1051.0000,0
1057.10,9,0.0000,0,0,91.4188,8.5812,992.0000,0
1058.10,0,0.0000,0,0,93.5116,6.4884,993.0000,0
1058.10,1,26.5000,0,0,85.0240,14.9760,1011.0000,0
1058.10,2,0.0000,0,0,92.9436,7.0564,993.0000,0
1058.10,3,80.5000,0,0,95.2454,4.7546,1047.0000,0
1058.10,4,0.0000,0,0,99.0005,0.9995,993.0000,0
1058.10,5,68.5000,0,0,91.0609,8.9391,1039.0000,0
1058.10,6,0.0000,0,0,95.5052,4.4948,993.0000,0
1058.10,7,0.0000,0,0,72.8390,27.1610,993.0000,0
1058.10,8,88.0000,0,0,89.1376,10.8624,1052.0000,0
1058.10,9,0.0000,0,0,91.4188,8.5812,993.0000,0
1059.10,0,0.0000,0,0,93.5116,6.4884,994.0000,0
1059.10,1,26.5000,0,0,85.0240,14.9760,1012.0000,0
1059.10,2,0.0000,0,0,92.9436,7.0564,994.0000,0
1059.10,3,80.5000,0,0,95.2454,4.7546,1048.0000,0
1059.10,4,0.0000,0,0,99.0005,0.9995,994.0000,0
1059.10,5,68.5000,0,0,91.0609,8.9391,1040.0000,0
1059.10,6,0.0000,0,0,95.5052,4.4948,994.0000,0
1059.10,7,0.0000,0,0,72.8390,27.1610,994.0000,0
1059.10,8,88.0000,0,0,89.1376,10.8624,1053.0000,0
1059.10,9,0.0000,0,0,91.4188,8.5812,994.0000,0
1060.10,0,0.0000,0,0,93.5116,6.4884,995.0000,0
1060.10,1,26.5000,0,0,85.0240,14.9760,1013.0000,0
1060.10,2,0.0000,0,0,92.9436,7.0564,995.0000,0
1060.10,3,80.5000,0,0,95.2454,4.7546,1049.0000,0
1060.10,4,0.0000,0,0,99.0005,0.9995,995.0000,0
1060.10,5,68.5000,0,0,91.0609,8.9391,1041.0000,0
1060.10,6,0.0000,0,0,95.5052,4.4948,995.0000,0
1060.10,7,0.0000,0,0,72.8390,27.1610,995.0000,0
1060.10,8,88.0000,0,0,89.1376,10.8624,1054.0000,0
1060.10,9,0.0000,0,0,91.4188,8.5812,995.0000,0
1061.10,0,0.0000,0,0,93.5116,6.4884,996.0000,0
1061.10,1,26.5000,0,0,85.0240,14.9760,1014.0000,0
1061.10,2,0.0000,0,0,92.9436,7.0564,996.0000,0
1061.10,3,80.5000,0,0,95.2454,4.7546,1050.0000,0
1061.10,4,0.0000,0,0,99.0005,0.9995,996.0000,0
1061.10,5,68.5000,0,0,91.0609,8.9391,1042.0000,0
1061.10,6,0.0000,0,0,95.5052,4.4948,996.0000,0
1061.10,7,0.0000,0,0,72.8390,27.1610,996.0000,0
1061.10,8,88.0000,0,0,89.1376,10.8624,1055.0000,0
1061.10,9,0.0000,0,0,91.4188,8.5812,996.0000,0
1062.10,0,0.0000,0,0,93.5116,6.4884,997.0000,0
1062.10,1,26.5000,0,0,85.0240,14.9760,1015.0000,0
1062.10,2,0.0000,0,0,92.9436,7.0564,997.0000,0
1062.10,3,80.5000,0,0,95.2454,4.7546,1051.0000,0
1062.10,4,0.0000,0,0,99.0005,0.9995,997.0000,0
1062.10,5,68.5000,0,0,91.0609,8.9391,1043.0000,0
1062.10,6,0.0000,0,0,95.5052,4.4948,997.0000,0
1062.10,7,0.0000,0,0,72.8390,27.1610,997.0000,0
1062.10,8,88.0000,0,0,89.1376,10.8624,1056.0000,0
1062.10,9,0.0000,0,0,91.4188,8.5812,997.0000,0
1063.10,0,0.0000,0,0,93.5116,6.4884,998.0000,0
1063.10,1,26.5000,0,0,85.0240,14.9760,1016.0000,0
1063.10,2,0.0000,0,0,92.9436,7.0564,998.0000,0
1063.10,3,80.5000,0,0,95.2454,4.7546,1052.0000,0
1063.10,4,0.0000,0,0,99.0005,0.9995,998.0000,0
1063.10,5,68.5000,0,0,91.0609,8.9391,1044.0000,0
1063.10,6,0.0000,0,0,95.5052,4.4948,998.0000,0
1063.10,7,0.0000,0,0,72.8390,27.1610,998.0000,0
1063.10,8,88.0000,0,0,89.1376,10.8624,1057.0000,0
1063.10,9,0.0000,0,0,91.4188,8.5812,998.0000,0
1064.10,0,0.0000,0,0,93.5116,6.4884,999.0000,0
1064.10,1,26.5000,0,0,85.0240,14.9760,1017.0000,0
1064.10,2,0.0000,0,0,92.9436,7.0564,999.0000,0
1064.10,3,80.5000,0,0,95.2454,4.7546,1053.0000,0
1064.10,4,0.0000,0,0,99.0005,0.9995,999.0000,0
1064.10,5,68.5000,0,0,91.0609,8.9391,1045.0000,0
1064.10,6,0.0000,0,0,95.5052,4.4948,999.0000,0
1064.10,7,0.0000,0,0,72.8390,27.1610,999.0000,0
1064.10,8,88.0000,0,0,89.1376,10.8624,1058.0000,0
1064.10,9,0.0000,0,0,91.4188,8.5812,999.0000,0
1065.10,0,0.0000,0,0,93.5116,6.4884,1000.0000,0
1065.10,1,26.5000,0,0,85.0240,14.9760,1018.0000,0
1065.10,2,0.0000,0,0,92.9436,7.0564,1000.0000,0
1065.10,3,80.5000,0,0,95.2454,4.7546,1054.0000,0
1065.10,4,0.0000,0,0,99.0005,0.9995,1000.0000,0
1065.10,5,68.5000,0,0,91.0609,8.9391,1046.0000,0
1065.10,6,0.0000,0,0,95.5052,4.4948,1000.0000,0
1065.10,7,0.0000,0,0,72.8390,27.1610,1000.0000,0
1065.10,8,88.0000,0,0,89.1376,10.8624,1059.0000,0
1065.10,9,0.0000,0,0,91.4188,8.5812,1000.0000,0
1066.10,0,0.0000,0,0,93.5116,6.4884,1001.0000,0
1066.10,1,26.5000,0,0,85.0240,14.9760,1019.0000,0
1066.10,2,0.0000,0,0,92.9436,7.0564,1001.0000,0
1066.10,3,80.5000,0,0,95.2454,4.7546,1055.0000,0
1066.10,4,0.0000,0,0,99.0005,0.9995,1001.0000,0
1066.10,5,68.5000,0,0,91.0609,8.9391,1047.0000,0
1066.10,6,0.0000,0,0,95.5052,4.4948,1001.0000,0
1066.10,7,0.0000,0,0,72.8390,27.1610,1001.0000,0
1066.10,8,88.0000,0,0,89.1376,10.8624,1060.0000,0
1066.10,9,0.0000,0,0,91.4188,8.5812,1001.0000,0
1067.10,0,0.0000,0,0,93.5116,6.4884,1002.0000,0
1067.10,1,26.5000,0,0,85.0240,14.9760,1020.0000,0
1067.10,2,0.0000,0,0,92.9436,7.0564,1002.0000,0
1067.10,3,80.5000,0,0,95.2454,4.7546,1056.0000,0
1067.10,4,0.0000,0,0,99.0005,0.9995,1002.0000,0
1067.10,5,68.5000,0,0,91.0609,8.9391,1048.0000,0
1067.10,6,0.0000,0,0,95.5052,4.4948,1002.0000,0
1067.10,7,0.0000,0,0,72.8390,27.1610,1002.0000,0
1067.10,8,88.0000,0,0,89.1376,10.8624,1061.0000,0
1067.10,9,0.0000,0,0,91.4188,8.5812,1002.0000,0
1068.10,0,0.0000,0,0,93.5116,6.4884,1003.0000,0
1068.10,1,26.5000,0,0,85.0240,14.9760,1021.0000,0
1068.10,2,0.0000,0,0,92.9436,7.0564,1003.0000,0
1068.10,3,80.5000,0,0,95.2454,4.7546,1057.0000,0
1068.10,4,0.0000,0,0,99.0005,0.9995,1003.0000,0
1068.10,5,68.5000,0,0,91.0609,8.9391,1049.0000,0
1068.10,6,0.0000,0,0,95.5052,4.4948,1003.0000,0
1068.10,7,0.0000,0,0,72.8390,27.1610,1003.0000,0
1068.10,8,88.0000,0,0,89.1376,10.8624,1062.0000,0
1068.10,9,0.0000,0,0,91.4188,8.5812,1003.0000,0
1069.10,0,0.0000,0,0,93.5116,6.4884,1004.0000,0
1069.10,1,26.5000,0,0,85.0240,14.9760,1022.0000,0
1069.10,2,0.0000,0,0,92.9436,7.0564,1004.0000,0
1069.10,3,80.5000,0,0,95.2454,4.7546,1058.0000,0
1069.10,4,0.0000,0,0,99.0005,0.9995,1004.0000,0
1069.10,5,68.5000,0,0,91.0609,8.9391,1050.0000,0
1069.10,6,0.0000,0,0,95.5052,4.4948,1004.0000,0
1069.10,7,0.0000,0,0,72.8390,27.1610,1004.0000,0
1069.10,8,88.0000,0,0,89.1376,10.8624,1063.0000,0
1069.10,9,0.0000,0,0,91.4188,8.5812,1004.0000,0
1070.10,0,0.0000,0,0,93.5116,6.4884,1005.0000,0
1070.10,1,26.5000,0,0,85.0240,14.9760,1023.0000,0
1070.10,2,0.0000,0,0,92.9436,7.0564,1005.0000,0
1070.10,3,80.5000,0,0,95.2454,4.7546,1059.0000,0
1070.10,4,0.0000,0,0,99.0005,0.9995,1005.0000,0
1070.10,5,68.5000,0,0,91.0609,8.9391,1051.0000,0
1070.10,6,0.0000,0,0,95.5052,4.4948,1005.0000,0
1070.10,7,0.0000,0,0,72.8390,27.1610,1005.0000,0
1070.10,8,88.0000,0,0,89.1376,10.8624,1064.0000,0
1070.10,9,0.0000,0,0,91.4188,8.5812,1005.0000,0
1071.10,0,0.0000,0,0,93.5116,6.4884,1006.0000,0
1071.10,1,26.5000,0,0,85.0240,14.9760,1024.0000,0
1071.10,2,0.0000,0,0,92.9436,7.0564,1006.0000,0
1071.10,3,80.5000,0,0,95.2454,4.7546,1060.0000,0
1071.10,4,0.0000,0,0,99.0005,0.9995,1006.0000,0
1071.10,5,68.5000,0,0,91.0609,8.9391,1052.0000,0
1071.10,6,0.0000,0,0,95.5052,4.4948,1006.0000,0
1071.10,7,0.0000,0,0,72.8390,27.1610,1006.0000,0
1071.10,8,88.0000,0,0,89.1376,10.8624,1065.0000,0
1071.10,9,0.0000,0,0,91.4188,8.5812,1006.0000,0
1072.10,0,0.0000,0,0,93.5116,6.4884,1007.0000,0
1072.10,1,26.5000,0,0,85.0240,14.9760,1025.0000,0
1072.10,2,0.0000,0,0,92.9436,7.0564,1007.0000,0
1072.10,3,80.5000,0,0,95.2454,4.7546,1061.0000,0
1072.10,4,0.0000,0,0,99.0005,0.9995,1007.0000,0
1072.10,5,68.5000,0,0,91.0609,8.9391,1053.0000,0
1072.10,6,0.0000,0,0,95.5052,4.4948,1007.0000,0
1072.10,7,0.0000,0,0,72.8390,27.1610,1007.0000,0
1072.10,8,88.0000,0,0,89.1376,10.8624,1066.0000,0
1072.10,9,0.0000,0,0,91.4188,8.5812,1007.0000,0
1073.10,0,0.0000,0,0,93.5116,6.4884,1008.0000,0
1073.10,1,26.5000,0,0,85.0240,14.9760,1026.0000,0
1073.10,2,0.0000,0,0,92.9436,7.0564,1008.0000,0
1073.10,3,80.5000,0,0,95.2454,4.7546,1062.0000,0
1073.10,4,0.0000,0,0,99.0005,0.9995,1008.0000,0
1073.10,5,68.5000,0,0,91.0609,8.9391,1054.0000,0
1073.10,6,0.0000,0,0,95.5052,4.4948,1008.0000,0
1073.10,7,0.0000,0,0,72.8390,27.1610,1008.0000,0
1073.10,8,88.0000,0,0,89.1376,10.8624,1067.0000,0
1073.10,9,0.0000,0,0,91.4188,8.5812,1008.0000,0
1074.10,0,0.0000,0,0,93.5116,6.4884,1009.0000,0
1074.10,1,26.5000,0,0,85.0240,14.9760,1027.0000,0
1074.10,2,0.0000,0,0,92.9436,7.0564,1009.0000,0
1074.10,3,80.5000,0,0,95.2454,4.7546,1063.0000,0
1074.10,4,0.0000,0,0,99.0005,0.9995,1009.0000,0
1074.10,5,68.5000,0,0,91.0609,8.9391,1055.0000,0
1074.10,6,0.0000,0,0,95.5052,4.4948,1009.0000,0
1074.10,7,0.0000,0,0,72.8390,27.1610,1009.0000,0
1074.10,8,88.0000,0,0,89.1376,10.8624,1068.0000,0
1074.10,9,0.0000,0,0,91.4188,8.5812,1009.0000,0
1075.10,0,0.0000,0,0,93.5116,6.4884,1010.0000,0
1075.10,1,26.5000,0,0,85.0240,14.9760,1028.0000,0
1075.10,2,0.0000,0,0,92.9436,7.0564,1010.0000,0
1075.10,3,80.5000,0,0,95.2454,4.7546,1064.0000,0
1075.10,4,0.0000,0,0,99.0005,0.9995,1010.0000,0
1075.10,5,68.5000,0,0,91.0609,8.9391,1056.0000,0
1075.10,6,0.0000,0,0,95.5052,4.4948,1010.0000,0
1075.10,7,0.0000,0,0,72.8390,27.1610,1010.0000,0
1075.10,8,88.0000,0,0,89.1376,10.8624,1069.0000,0
1075.10,9,0.0000,0,0,91.4188,8.5812,1010.0000,0
1076.10,0,0.0000,0,0,93.5116,6.4884,1011.0000,0
1076.10,1,26.5000,0,0,85.0240,14.9760,1029.0000,0
1076.10,2,0.0000,0,0,92.9436,7.0564,1011.0000,0
1076.10,3,80.5000,0,0,95.2454,4.7546,1065.0000,0
1076.10,4,0.0000,0,0,99.0005,0.9995,1011.0000,0
1076.10,5,68.5000,0,0,91.0609,8.9391,1057.0000,0
1076.10,6,0.0000,0,0,95.5052,4.4948,1011.0000,0
1076.10,7,0.0000,0,0,72.8390,27.1610,1011.0000,0
1076.10,8,88.0000,0,0,89.1376,10.8624,1070.0000,0
1076.10,9,0.0000,0,0,91.4188,8.5812,1011.0000,0
1077.10,0,0.0000,0,0,93.5116,6.4884,1012.0000,0
1077.10,1,26.5000,0,0,85.0240,14.9760,1030.0000,0
1077.10,2,0.0000,0,0,92.9436,7.0564,1012.0000,0
1077.10,3,80.5000,0,0,95.2454,4.7546,1066.0000,0
1077.10,4,0.0000,0,0,99.0005,0.9995,1012.0000,0
1077.10,5,68.5000,0,0,91.0609,8.9391,1058.0000,0
1077.10,6,0.0000,0,0,95.5052,4.4948,1012.0000,0
1077.10,7,0.0000,0,0,72.8390,27.1610,1012.0000,0
1077.10,8,88.0000,0,0,89.1376,10.8624,1071.0000,0
1077.10,9,0.0000,0,0,91.4188,8.5812,1012.0000,0
1078.10,0,0.0000,0,0,93.5116,6.4884,1013.0000,0
1078.10,1,26.5000,0,0,85.0240,14.9760,1031.0000,0
1078.10,2,0.0000,0,0,92.9436,7.0564,1013.0000,0
1078.10,3,80.5000,0,0,95.2454,4.7546,1067.0000,0
1078.10,4,0.0000,0,0,99.0005,0.9995,1013.0000,0
1078.10,5,68.5000,0,0,91.0609,8.9391,1059.0000,0
1078.10,6,0.0000,0,0,95.5052,4.4948,1013.0000,0
1078.10,7,0.0000,0,0,72.8390,27.1610,1013.0000,0
1078.10,8,88.0000,0,0,89.1376,10.8624,1072.0000,0
1078.10,9,0.0000,0,0,91.4188,8.5812,1013.0000,0
1079.10,0,0.0000,0,0,93.5116,6.4884,1014.0000,0
1079.10,1,26.5000,0,0,85.0240,14.9760,1032.0000,0
1079.10,2,0.0000,0,0,92.9436,7.0564,1014.0000,0
1079.10,3,80.5000,0,0,95.2454,4.7546,1068.0000,0
1079.10,4,0.0000,0,0,99.0005,0.9995,1014.0000,0
1079.10,5,68.5000,0,0,91.0609,8.9391,1060.0000,0
1079.10,6,0.0000,0,0,95.5052,4.4948,1014.0000,0
1079.10,7,0.0000,0,0,72.8390,27.1610,1014.0000,0
1079.10,8,88.0000,0,0,89.1376,10.8624,1073.0000,0
1079.10,9,0.0000,0,0,91.4188,8.5812,1014.0000,0
1080.10,0,0.0000,0,0,93.5116,6.4884,1015.0000,0
1080.10,1,26.5000,0,0,85.0240,14.9760,1033.0000,0
1080.10,2,0.0000,0,0,92.9436,7.0564,1015.0000,0
1080.10,3,80.5000,0,0,95.2454,4.7546,1069.0000,0
1080.10,4,0.0000,0,0,99.0005,0.9995,1015.0000,0
1080.10,5,68.5000,0,0,91.0609,8.9391,1061.0000,0
1080.10,6,0.0000,0,0,95.5052,4.4948,1015.0000,0
1080.10,7,0.0000,0,0,72.8390,27.1610,1015.0000,0
1080.10,8,88.0000,0,0,89.1376,10.8624,1074.0000,0
1080.10,9,0.0000,0,0,91.4188,8.5812,1015.0000,0
1081.10,0,0.0000,0,0,93.5116,6.4884,1016.0000,0
1081.10,1,26.5000,0,0,85.0240,14.9760,1034.0000,0
1081.10,2,0.0000,0,0,92.9436,7.0564,1016.0000,0
1081.10,3,80.5000,0,0,95.2454,4.7546,1070.0000,0
1081.10,4,0.0000,0,0,99.0005,0.9995,1016.0000,0
1081.10,5,68.5000,0,0,91.0609,8.9391,1062.0000,0
1081.10,6,0.0000,0,0,95.5052,4.4948,1016.0000,0
1081.10,7,0.0000,0,0,72.8390,27.1610,1016.0000,0
1081.10,8,88.0000,0,0,89.1376,10.8624,1075.0000,0
1081.10,9,0.0000,0,0,91.4188,8.5812,1016.0000,0
1082.10,0,0.0000,0,0,93.5116,6.4884,1017.0000,0
1082.10,1,26.5000,0,0,85.0240,14.9760,1035.0000,0
1082.10,2,0.0000,0,0,92.9436,7.0564,1017.0000,0
1082.10,3,80.5000,0,0,95.2454,4.7546,1071.0000,0
1082.10,4,0.0000,0,0,99.0005,0.9995,1017.0000,0
1082.10,5,68.5000,0,0,91.0609,8.9391,1063.0000,0
1082.10,6,0.0000,0,0,95.5052,4.4948,1017.0000,0
1082.10,7,0.0000,0,0,72.8390,27.1610,1017.0000,0
1082.10,8,88.0000,0,0,89.1376,10.8624,1076.0000,0
1082.10,9,0.0000,0,0,91.4188,8.5812,1017.0000,0
1083.10,0,0.0000,0,0,93.5116,6.4884,1018.0000,0
1083.10,1,26.5000,0,0,85.0240,14.9760,1036.0000,0
1083.10,2,0.0000,0,0,92.9436,7.0564,1018.0000,0
1083.10,3,80.5000,0,0,95.2454,4.7546,1072.0000,0
1083.10,4,0.0000,0,0,99.0005,0.9995,1018.0000,0
1083.10,5,68.5000,0,0,91.0609,8.9391,1064.0000,0
1083.10,6,0.0000,0,0,95.5052,4.4948,1018.0000,0
1083.10,7,0.0000,0,0,72.8390,27.1610,1018.0000,0
1083.10,8,88.0000,0,0,89.1376,10.8624,1077.0000,0
1083.10,9,0.0000,0,0,91.4188,8.5812,1018.0000,0
1084.10,0,0.0000,0,0,93.5116,6.4884,1019.0000,0
1084.10,1,26.5000,0,0,85.0240,14.9760,1037.0000,0
1084.10,2,0.0000,0,0,92.9436,7.0564,1019.0000,0
1084.10,3,80.5000,0,0,95.2454,4.7546,1073.0000,0
1084.10,4,0.0000,0,0,99.0005,0.9995,1019.0000,0
1084.10,5,68.5000,0,0,91.0609,8.9391,1065.0000,0
1084.10,6,0.0000,0,0,95.5052,4.4948,1019.0000,0
1084.10,7,0.0000,0,0,72.8390,27.1610,1019.0000,0
1084.10,8,88.0000,0,0,89.1376,10.8624,1078.0000,0
1084.10,9,0.0000,0,0,91.4188,8.5812,1019.0000,0
1085.10,0,0.0000,0,0,93.5116,6.4884,1020.0000,0
1085.10,1,26.5000,0,0,85.0240,14.9760,1038.0000,0
1085.10,2,0.0000,0,0,92.9436,7.0564,1020.0000,0
1085.10,3,80.5000,0,0,95.2454,4.7546,1074.0000,0
1085.10,4,0.0000,0,0,99.0005,0.9995,1020.0000,0
1085.10,5,68.5000,0,0,91.0609,8.9391,1066.0000,0
1085.10,6,0.0000,0,0,95.5052,4.4948,1020.0000,0
1085.10,7,0.0000,0,0,72.8390,27.1610,1020.0000,0
1085.10,8,88.0000,0,0,89.1376,10.8624,1079.0000,0
1085.10,9,0.0000,0,0,91.4188,8.5812,1020.0000,0
1086.10,0,0.0000,0,0,93.5116,6.4884,1021.0000,0
1086.10,1,26.5000,0,0,85.0240,14.9760,1039.0000,0
1086.10,2,0.0000,0,0,92.9436,7.0564,1021.0000,0
1086.10,3,80.5000,0,0,95.2454,4.7546,1075.0000,0
1086.10,4,0.0000,0,0,99.0005,0.9995,1021.0000,0
1086.10,5,68.5000,0,0,91.0609,8.9391,1067.0000,0
1086.10,6,0.0000,0,0,95.5052,4.4948,1021.0000,0
1086.10,7,0.0000,0,0,72.8390,27.1610,1021.0000,0
1086.10,8,88.0000,0,0,89.1376,10.8624,1080.0000,0
1086.10,9,0.0000,0,0,91.4188,8.5812,1021.0000,0
1087.10,0,0.0000,0,0,93.5116,6.4884,1022.0000,0
1087.10,1,26.5000,0,0,85.0240,14.9760,1040.0000,0
1087.10,2,0.0000,0,0,92.9436,7.0564,1022.0000,0
1087.10,3,80.5000,0,0,95.2454,4.7546,1076.0000,0
1087.10,4,0.0000,0,0,99.0005,0.9995,1022.0000,0
1087.10,5,68.5000,0,0,91.0609,8.9391,1068.0000,0
1087.10,6,0.0000,0,0,95.5052,4.4948,1022.0000,0
1087.10,7,0.0000,0,0,72.8390,27.1610,1022.0000,0
1087.10,8,88.0000,0,0,89.1376,10.8624,1081.0000,0
1087.10,9,0.0000,0,0,91.4188,8.5812,1022.0000,0
1088.10,0,0.0000,0,0,93.5116,6.4884,1023.0000,0
1088.10,1,26.5000,0,0,85.0240,14.9760,1041.0000,0
1088.10,2,0.0000,0,0,92.9436,7.0564,1023.0000,0
1088.10,3,80.5000,0,0,95.2454,4.7546,1077.0000,0
1088.10,4,0.0000,0,0,99.0005,0.9995,1023.0000,0
1088.10,5,68.5000,0,0,91.0609,8.9391,1069.0000,0
1088.10,6,0.0000,0,0,95.5052,4.4948,1023.0000,0
1088.10,7,0.0000,0,0,72.8390,27.1610,1023.0000,0
1088.10,8,88.0000,0,0,89.1376,10.8624,1082.0000,0
1088.10,9,0.0000,0,0,91.4188,8.5812,1023.0000,0
1089.10,0,0.0000,0,0,93.5116,6.4884,1024.0000,0
1089.10,1,26.5000,0,0,85.0240,14.9760,1042.0000,0
1089.10,2,0.0000,0,0,92.9436,7.0564,1024.0000,0
1089.10,3,80.5000,0,0,95.2454,4.7546,1078.0000,0
1089.10,4,0.0000,0,0,99.0005,0.9995,1024.0000,0
1089.10,5,68.5000,0,0,91.0609,8.9391,1070.0000,0
1089.10,6,0.0000,0,0,95.5052,4.4948,1024.0000,0
1089.10,7,0.0000,0,0,72.8390,27.1610,1024.0000,0
1089.10,8,88.0000,0,0,89.1376,10.8624,1083.0000,0
1089.10,9,0.0000,0,0,91.4188,8.5812,1024.0000,0
1090.10,0,0.0000,0,0,93.5116,6.4884,1025.0000,0
1090.10,1,26.5000,0,0,85.0240,14.9760,1043.0000,0
1090.10,2,0.0000,0,0,92.9436,7.0564,1025.0000,0
1090.10,3,80.5000,0,0,95.2454,4.7546,1079.0000,0
1090.10,4,0.0000,0,0,99.0005,0.9995,1025.0000,0
1090.10,5,68.5000,0,0,91.0609,8.9391,1071.0000,0
1090.10,6,0.0000,0,0,95.5052,4.4948,1025.0000,0
1090.10,7,0.0000,0,0,72.8390,27.1610,1025.0000,0
1090.10,8,88.0000,0,0,89.1376,10.8624,1084.0000,0
1090.10,9,0.0000,0,0,91.4188,8.5812,1025.0000,0
1091.10,0,0.0000,0,0,93.5116,6.4884,1026.0000,0
1091.10,1,26.5000,0,0,85.0240,14.9760,1044.0000,0
1091.10,2,0.0000,0,0,92.9436,7.0564,1026.0000,0
1091.10,3,80.5000,0,0,95.2454,4.7546,1080.0000,0
1091.10,4,0.0000,0,0,99.0005,0.9995,1026.0000,0
1091.10,5,68.5000,0,0,91.0609,8.9391,1072.0000,0
1091.10,6,0.0000,0,0,95.5052,4.4948,1026.0000,0
1091.10,7,0.0000,0,0,72.8390,27.1610,1026.0000,0
1091.10,8,88.0000,0,0,89.1376,10.8624,1085.0000,0
1091.10,9,0.0000,0,0,91.4188,8.5812,1026.0000,0
1092.10,0,0.0000,0,0,93.5116,6.4884,1027.0000,0
1092.10,1,26.5000,0,0,85.0240,14.9760,1045.0000,0
1092.10,2,0.0000,0,0,92.9436,7.0564,1027.0000,0
1092.10,3,80.5000,0,0,95.2454,4.7546,1081.0000,0
1092.10,4,0.0000,0,0,99.0005,0.9995,1027.0000,0
1092.10,5,68.5000,0,0,91.0609,8.9391,1073.0000,0
1092.10,6,0.0000,0,0,95.5052,4.4948,1027.0000,0
1092.10,7,0.0000,0,0,72.8390,27.1610,1027.0000,0
1092.10,8,88.0000,0,0,89.1376,10.8624,1086.0000,0
1092.10,9,0.0000,0,0,91.4188,8.5812,1027.0000,0
1093.10,0,0.0000,0,0,93.5116,6.4884,1028.0000,0
1093.10,1,26.5000,0,0,85.0240,14.9760,1046.0000,0
1093.10,2,0.0000,0,0,92.9436,7.0564,1028.0000,0
1093.10,3,80.5000,0,0,95.2454,4.7546,1082.0000,0
1093.10,4,0.0000,0,0,99.0005,0.9995,1028.0000,0
1093.10,5,68.5000,0,0,91.0609,8.9391,1074.0000,0
1093.10,6,0.0000,0,0,95.5052,4.4948,1028.0000,0
1093.10,7,0.0000,0,0,72.8390,27.1610,1028.0000,0
1093.10,8,88.0000,0,0,89.1376,10.8624,1087.0000,0
1093.10,9,0.0000,0,0,91.4188,8.5812,1028.0000,0
1094.10,0,0.0000,0,0,93.5116,6.4884,1029.0000,0
1094.10,1,26.5000,0,0,85.0240,14.9760,1047.0000,0
1094.10,2,0.0000,0,0,92.9436,7.0564,1029.0000,0
1094.10,3,80.5000,0,0,95.2454,4.7546,1083.0000,0
1094.10,4,0.0000,0,0,99.0005,0.9995,1029.0000,0
1094.10,5,68.5000,0,0,91.0609,8.9391,1075.0000,0
1094.10,6,0.0000,0,0,95.5052,4.4948,1029.0000,0
1094.10,7,0.0000,0,0,72.8390,27.1610,1029.0000,0
1094.10,8,88.0000,0,0,89.1376,10.8624,1088.0000,0
1094.10,9,0.0000,0,0,91.4188,8.5812,1029.0000,0
1095.10,0,0.0000,0,0,93.5116,6.4884,1030.0000,0
1095.10,1,26.5000,0,0,85.0240,14.9760,1048.0000,0
1095.10,2,0.0000,0,0,92.9436,7.0564,1030.0000,0
1095.10,3,80.5000,0,0,95.2454,4.7546,1084.0000,0
1095.10,4,0.0000,0,0,99.0005,0.9995,1030.0000,0
1095.10,5,68.5000,0,0,91.0609,8.9391,1076.0000,0
1095.10,6,0.0000,0,0,95.5052,4.4948,1030.0000,0
1095.10,7,0.0000,0,0,72.8390,27.1610,1030.0000,0
1095.10,8,88.0000,0,0,89.1376,10.8624,1089.0000,0
1095.10,9,0.0000,0,0,91.4188,8.5812,1030.0000,0
1096.10,0,0.0000,0,0,93.5116,6.4884,1031.0000,0
1096.10,1,26.5000,0,0,85.0240,14.9760,1049.0000,0
1096.10,2,0.0000,0,0,92.9436,7.0564,1031.0000,0
1096.10,3,80.5000,0,0,95.2454,4.7546,1085.0000,0
1096.10,4,0.0000,0,0,99.0005,0.9995,1031.0000,0
1096.10,5,68.5000,0,0,91.0609,8.9391,1077.0000,0
1096.10,6,0.0000,0,0,95.5052,4.4948,1031.0000,0
1096.10,7,0.0000,0,0,72.8390,27.1610,1031.0000,0
1096.10,8,88.0000,0,0,89.1376,10.8624,1090.0000,0
1096.10,9,0.0000,0,0,91.4188,8.5812,1031.0000,0
1097.10,0,0.0000,0,0,93.5116,6.4884,1032.0000,0
1097.10,1,26.5000,0,0,85.0240,14.9760,1050.0000,0
1097.10,2,0.0000,0,0,92.9436,7.0564,1032.0000,0
1097.10,3,80.5000,0,0,95.2454,4.7546,1086.0000,0
1097.10,4,0.0000,0,0,99.0005,0.9995,1032.0000,0
1097.10,5,68.5000,0,0,91.0609,8.9391,1078.0000,0
1097.10,6,0.0000,0,0,95.5052,4.4948,1032.0000,0
1097.10,7,0.0000,0,0,72.8390,27.1610,1032.0000,0
1097.10,8,88.0000,0,0,89.1376,10.8624,1091.0000,0
1097.10,9,0.0000,0,0,91.4188,8.5812,1032.0000,0
1098.10,0,0.0000,0,0,93.5116,6.4884,1033.0000,0
1098.10,1,26.5000,0,0,85.0240,14.9760,1051.0000,0
1098.10,2,0.0000,0,0,92.9436,7.0564,1033.0000,0
1098.10,3,80.5000,0,0,95.2454,4.7546,1087.0000,0
1098.10,4,0.0000,0,0,99.0005,0.9995,1033.0000,0
1098.10,5,68.5000,0,0,91.0609,8.9391,1079.0000,0
1098.10,6,0.0000,0,0,95.5052,4.4948,1033.0000,0
1098.10,7,0.0000,0,0,72.8390,27.1610,1033.0000,0
1098.10,8,88.0000,0,0,89.1376,10.8624,1092.0000,0
1098.10,9,0.0000,0,0,91.4188,8.5812,1033.0000,0
1099.10,0,0.0000,0,0,93.5116,6.4884,1034.0000,0
1099.10,1,26.5000,0,0,85.0240,14.9760,1052.0000,0
1099.10,2,0.0000,0,0,92.9436,7.0564,1034.0000,0
1099.10,3,80.5000,0,0,95.2454,4.7546,1088.0000,0
1099.10,4,0.0000,0,0,99.0005,0.9995,1034.0000,0
1099.10,5,68.5000,0,0,91.0609,8.9391,1080.0000,0
1099.10,6,0.0000,0,0,95.5052,4.4948,1034.0000,0
1099.10,7,0.0000,0,0,72.8390,27.1610,1034.0000,0
1099.10,8,88.0000,0,0,89.1376,10.8624,1093.0000,0
1099.10,9,0.0000,0,0,91.4188,8.5812,1034.0000,0
1100.10,0,0.0000,0,0,93.5116,6.4884,1035.0000,0
1100.10,1,26.5000,0,0,85.0240,14.9760,1053.0000,0
1100.10,2,0.0000,0,0,92.9436,7.0564,1035.0000,0
1100.10,3,80.5000,0,0,95.2454,4.7546,1089.0000,0
1100.10,4,0.0000,0,0,99.0005,0.9995,1035.0000,0
1100.10,5,68.5000,0,0,91.0609,8.9391,1081.0000,0
1100.10,6,0.0000,0,0,95.5052,4.4948,1035.0000,0
1100.10,7,0.0000,0,0,72.8390,27.1610,1035.0000,0
1100.10,8,88.0000,0,0,89.1376,10.8624,1094.0000,0
1100.10,9,0.0000,0,0,91.4188,8.5812,1035.0000,0
1101.10,0,0.0000,0,0,93.5116,6.4884,1036.0000,0
1101.10,1,26.5000,0,0,85.0240,14.9760,1054.0000,0
1101.10,2,0.0000,0,0,92.9436,7.0564,1036.0000,0
1101.10,3,80.5000,0,0,95.2454,4.7546,1090.0000,0
1101.10,4,0.0000,0,0,99.0005,0.9995,1036.0000,0
1101.10,5,68.5000,0,0,91.0609,8.9391,1082.0000,0
1101.10,6,0.0000,0,0,95.5052,4.4948,1036.0000,0
1101.10,7,0.0000,0,0,72.8390,27.1610,1036.0000,0
1101.10,8,88.0000,0,0,89.1376,10.8624,1095.0000,0
1101.10,9,0.0000,0,0,91.4188,8.5812,1036.0000,0
1102.10,0,0.0000,0,0,93.5116,6.4884,1037.0000,0
1102.10,1,26.5000,0,0,85.0240,14.9760,1055.0000,0
1102.10,2,0.0000,0,0,92.9436,7.0564,1037.0000,0
1102.10,3,80.5000,0,0,95.2454,4.7546,1091.0000,0
1102.10,4,0.0000,0,0,99.0005,0.9995,1037.0000,0
1102.10,5,68.5000,0,0,91.0609,8.9391,1083.0000,0
1102.10,6,0.0000,0,0,95.5052,4.4948,1037.0000,0
1102.10,7,0.0000,0,0,72.8390,27.1610,1037.0000,0
1102.10,8,88.0000,0,0,89.1376,10.8624,1096.0000,0
1102.10,9,0.0000,0,0,91.4188,8.5812,1037.0000,0
1103.10,0,0.0000,0,0,93.5116,6.4884,1038.0000,0
1103.10,1,26.5000,0,0,85.0240,14.9760,1056.0000,0
1103.10,2,0.0000,0,0,92.9436,7.0564,1038.0000,0
1103.10,3,80.5000,0,0,95.2454,4.7546,1092.0000,0
1103.10,4,0.0000,0,0,99.0005,0.9995,1038.0000,0
1103.10,5,68.5000,0,0,91.0609,8.9391,1084.0000,0
1103.10,6,0.0000,0,0,95.5052,4.4948,1038.0000,0
1103.10,7,0.0000,0,0,72.8390,27.1610,1038.0000,0
1103.10,8,88.0000,0,0,89.1376,10.8624,1097.0000,0
1103.10,9,0.0000,0,0,91.4188,8.5812,1038.0000,0
1104.10,0,0.0000,0,0,93.5116,6.4884,1039.0000,0
1104.10,1,26.5000,0,0,85.0240,14.9760,1057.0000,0
1104.10,2,0.0000,0,0,92.9436,7.0564,1039.0000,0
1104.10,3,80.5000,0,0,95.2454,4.7546,1093.0000,0
1104.10,4,0.0000,0,0,99.0005,0.9995,1039.0000,0
1104.10,5,68.5000,0,0,91.0609,8.9391,1085.0000,0
1104.10,6,0.0000,0,0,95.5052,4.4948,1039.0000,0
1104.10,7,0.0000,0,0,72.8390,27.1610,1039.0000,0
1104.10,8,88.0000,0,0,89.1376,10.8624,1098.0000,0
1104.10,9,0.0000,0,0,91.4188,8.5812,1039.0000,0
1105.10,0,0.0000,0,0,93.5116,6.4884,1040.0000,0
1105.10,1,26.5000,0,0,85.0240,14.9760,1058.0000,0
1105.10,2,0.0000,0,0,92.9436,7.0564,1040.0000,0
1105.10,3,80.5000,0,0,95.2454,4.7546,1094.0000,0
1105.10,4,0.0000,0,0,99.0005,0.9995,1040.0000,0
1105.10,5,68.5000,0,0,91.0609,8.9391,1086.0000,0
1105.10,6,0.0000,0,0,95.5052,4.4948,1040.0000,0
1105.10,7,0.0000,0,0,72.8390,27.1610,1040.0000,0
1105.10,8,88.0000,0,0,89.1376,10.8624,1099.0000,0
1105.10,9,0.0000,0,0,91.4188,8.5812,1040.0000,0
1106.10,0,0.0000,0,0,93.5116,6.4884,1041.0000,0
1106.10,1,26.5000,0,0,85.0240,14.9760,1059.0000,0
1106.10,2,0.0000,0,0,92.9436,7.0564,1041.0000,0
1106.10,3,80.5000,0,0,95.2454,4.7546,1095.0000,0
1106.10,4,0.0000,0,0,99.0005,0.9995,1041.0000,0
1106.10,5,68.5000,0,0,91.0609,8.9391,1087.0000,0
1106.10,6,0.0000,0,0,95.5052,4.4948,1041.0000,0
1106.10,7,0.0000,0,0,72.8390,27.1610,1041.0000,0
1106.10,8,88.0000,0,0,89.1376,10.8624,1100.0000,0
1106.10,9,0.0000,0,0,91.4188,8.5812,1041.0000,0
1107.10,0,0.0000,0,0,93.5116,6.4884,1042.0000,0
1107.10,1,26.5000,0,0,85.0240,14.9760,1060.0000,0
1107.10,2,0.0000,0,0,92.9436,7.0564,1042.0000,0
1107.10,3,80.5000,0,0,95.2454,4.7546,1096.0000,0
1107.10,4,0.0000,0,0,99.0005,0.9995,1042.0000,0
1107.10,5,68.5000,0,0,91.0609,8.9391,1088.0000,0
1107.10,6,0.0000,0,0,95.5052,4.4948,1042.0000,0
1107.10,7,0.0000,0,0,72.8390,27.1610,1042.0000,0
1107.10,8,88.0000,0,0,89.1376,10.8624,1101.0000,0
1107.10,9,0.0000,0,0,91.4188,8.5812,1042.0000,0
1108.10,0,0.0000,0,0,93.5116,6.4884,1043.0000,0
1108.10,1,26.5000,0,0,85.0240,14.9760,1061.0000,0
1108.10,2,0.0000,0,0,92.9436,7.0564,1043.0000,0
1108.10,3,80.5000,0,0,95.2454,4.7546,1097.0000,0
1108.10,4,0.0000,0,0,99.0005,0.9995,1043.0000,0
1108.10,5,68.5000,0,0,91.0609,8.9391,1089.0000,0
1108.10,6,0.0000,0,0,95.5052,4.4948,1043.0000,0
1108.10,7,0.0000,0,0,72.8390,27.1610,1043.0000,0
1108.10,8,88.0000,0,0,89.1376,10.8624,1102.0000,0
1108.10,9,0.0000,0,0,91.4188,8.5812,1043.0000,0
1109.10,0,0.0000,0,0,93.5116,6.4884,1044.0000,0
1109.10,1,26.5000,0,0,85.0240,14.9760,1062.0000,0
1109.10,2,0.0000,0,0,92.9436,7.0564,1044.0000,0
1109.10,3,80.5000,0,0,95.2454,4.7546,1098.0000,0
1109.10,4,0.0000,0,0,99.0005,0.9995,1044.0000,0
1109.10,5,68.5000,0,0,91.0609,8.9391,1090.0000,0
1109.10,6,0.0000,0,0,95.5052,4.4948,1044.0000,0
1109.10,7,0.0000,0,0,72.8390,27.1610,1044.0000,0
1109.10,8,88.0000,0,0,89.1376,10.8624,1103.0000,0
1109.10,9,0.0000,0,0,91.4188,8.5812,1044.0000,0
1110.10,0,0.0000,0,0,93.5116,6.4884,1045.0000,0
1110.10,1,26.5000,0,0,85.0240,14.9760,1063.0000,0
1110.10,2,0.0000,0,0,92.9436,7.0564,1045.0000,0
1110.10,3,80.5000,0,0,95.2454,4.7546,1099.0000,0
1110.10,4,0.0000,0,0,99.0005,0.9995,1045.0000,0
1110.10,5,68.5000,0,0,91.0609,8.9391,1091.0000,0
1110.10,6,0.0000,0,0,95.5052,4.4948,1045.0000,0
1110.10,7,0.0000,0,0,72.8390,27.1610,1045.0000,0
1110.10,8,88.0000,0,0,89.1376,10.8624,1104.0000,0
1110.10,9,0.0000,0,0,91.4188,8.5812,1045.0000,0
1111.10,0,0.0000,0,0,93.5116,6.4884,1046.0000,0
1111.10,1,26.5000,0,0,85.0240,14.9760,1064.0000,0
1111.10,2,0.0000,0,0,92.9436,7.0564,1046.0000,0
1111.10,3,80.5000,0,0,95.2454,4.7546,1100.0000,0
1111.10,4,0.0000,0,0,99.0005,0.9995,1046.0000,0
1111.10,5,68.5000,0,0,91.0609,8.9391,1092.0000,0
1111.10,6,0.0000,0,0,95.5052,4.4948,1046.0000,0
1111.10,7,0.0000,0,0,72.8390,27.1610,1046.0000,0
1111.10,8,88.0000,0,0,89.1376,10.8624,1105.0000,0
1111.10,9,0.0000,0,0,91.4188,8.5812,1046.0000,0
1112.10,0,0.0000,0,0,93.5116,6.4884,1047.0000,0
1112.10,1,26.5000,0,0,85.0240,14.9760,1065.0000,0
1112.10,2,0.0000,0,0,92.9436,7.0564,1047.0000,0
1112.10,3,80.5000,0,0,95.2454,4.7546,1101.0000,0
1112.10,4,0.0000,0,0,99.0005,0.9995,1047.0000,0
1112.10,5,68.5000,0,0,91.0609,8.9391,1093.0000,0
1112.10,6,0.0000,0,0,95.5052,4.4948,1047.0000,0
1112.10,7,0.0000,0,0,72.8390,27.1610,1047.0000,0
1112.10,8,88.0000,0,0,89.1376,10.8624,1106.0000,0
1112.10,9,0.0000,0,0,91.4188,8.5812,1047.0000,0
1113.10,0,0.0000,0,0,93.5116,6.4884,1048.0000,0
1113.10,1,26.5000,0,0,85.0240,14.9760,1066.0000,0
1113.10,2,0.0000,0,0,92.9436,7.0564,1048.0000,0
1113.10,3,80.5000,0,0,95.2454,4.7546,1102.0000,0
1113.10,4,0.0000,0,0,99.0005,0.9995,1048.0000,0
1113.10,5,68.5000,0,0,91.0609,8.9391,1094.0000,0
1113.10,6,0.0000,0,0,95.5052,4.4948,1048.0000,0
1113.10,7,0.0000,0,0,72.8390,27.1610,1048.0000,0
1113.10,8,88.0000,0,0,89.1376,10.8624,1107.0000,0
1113.10,9,0.0000,0,0,91.4188,8.5812,1048.0000,0
1114.10,0,0.0000,0,0,93.5116,6.4884,1049.0000,0
1114.10,1,26.5000,0,0,85.0240,14.9760,1067.0000,0
1114.10,2,0.0000,0,0,92.9436,7.0564,1049.0000,0
1114.10,3,80.5000,0,0,95.2454,4.7546,1103.0000,0
1114.10,4,0.0000,0,0,99.0005,0.9995,1049.0000,0
1114.10,5,68.5000,0,0,91.0609,8.9391,1095.0000,0
1114.10,6,0.0000,0,0,95.5052,4.4948,1049.0000,0
1114.10,7,0.0000,0,0,72.8390,27.1610,1049.0000,0
1114.10,8,88.0000,0,0,89.1376,10.8624,1108.0000,0
1114.10,9,0.0000,0,0,91.4188,8.5812,1049.0000,0
1115.10,0,0.0000,0,0,93.5116,6.4884,1050.0000,0
1115.10,1,26.5000,0,0,85.0240,14.9760,1068.0000,0
1115.10,2,0.0000,0,0,92.9436,7.0564,1050.0000,0
1115.10,3,80.5000,0,0,95.2454,4.7546,1104.0000,0
1115.10,4,0.0000,0,0,99.0005,0.9995,1050.0000,0
1115.10,5,68.5000,0,0,91.0609,8.9391,1096.0000,0
1115.10,6,0.0000,0,0,95.5052,4.4948,1050.0000,0
1115.10,7,0.0000,0,0,72.8390,27.1610,1050.0000,0
1115.10,8,88.0000,0,0,89.1376,10.8624,1109.0000,0
1115.10,9,0.0000,0,0,91.4188,8.5812,1050.0000,0
1116.10,0,0.0000,0,0,93.5116,6.4884,1051.0000,0
1116.10,1,26.5000,0,0,85.0240,14.9760,1069.0000,0
1116.10,2,0.0000,0,0,92.9436,7.0564,1051.0000,0
1116.10,3,80.5000,0,0,95.2454,4.7546,1105.0000,0
1116.10,4,0.0000,0,0,99.0005,0.9995,1051.0000,0
1116.10,5,68.5000,0,0,91.0609,8.9391,1097.0000,0
1116.10,6,0.0000,0,0,95.5052,4.4948,1051.0000,0
1116.10,7,0.0000,0,0,72.8390,27.1610,1051.0000,0
1116.10,8,88.0000,0,0,89.1376,10.8624,1110.0000,0
1116.10,9,0.0000,0,0,91.4188,8.5812,1051.0000,0
1117.10,0,0.0000,0,0,93.5116,6.4884,1052.0000,0
1117.10,1,26.5000,0,0,85.0240,14.9760,1070.0000,0
1117.10,2,0.0000,0,0,92.9436,7.0564,1052.0000,0
1117.10,3,80.5000,0,0,95.2454,4.7546,1106.0000,0
1117.10,4,0.0000,0,0,99.0005,0.9995,1052.0000,0
1117.10,5,68.5000,0,0,91.0609,8.9391,1098.0000,0
1117.10,6,0.0000,0,0,95.5052,4.4948,1052.0000,0
1117.10,7,0.0000,0,0,72.8390,27.1610,1052.0000,0
1117.10,8,88.0000,0,0,89.1376,10.8624,1111.0000,0
1117.10,9,0.0000,0,0,91.4188,8.5812,1052.0000,0
1118.10,0,0.0000,0,0,93.5116,6.4884,1053.0000,0
1118.10,1,26.5000,0,0,85.0240,14.9760,1071.0000,0
1118.10,2,0.0000,0,0,92.9436,7.0564,1053.0000,0
1118.10,3,80.5000,0,0,95.2454,4.7546,1107.0000,0
1118.10,4,0.0000,0,0,99.0005,0.9995,1053.0000,0
1118.10,5,68.5000,0,0,91.0609,8.9391,1099.0000,0
1118.10,6,0.0000,0,0,95.5052,4.4948,1053.0000,0
1118.10,7,0.0000,0,0,72.8390,27.1610,1053.0000,0
1118.10,8,88.0000,0,0,89.1376,10.8624,1112.0000,0
1118.10,9,0.0000,0,0,91.4188,8.5812,1053.0000,0
1119.10,0,0.0000,0,0,93.5116,6.4884,1054.0000,0
1119.10,1,26.5000,0,0,85.0240,14.9760,1072.0000,0
1119.10,2,0.0000,0,0,92.9436,7.0564,1054.0000,0
1119.10,3,80.5000,0,0,95.2454,4.7546,1108.0000,0
1119.10,4,0.0000,0,0,99.0005,0.9995,1054.0000,0
1119.10,5,68.5000,0,0,91.0609,8.9391,1100.0000,0
1119.10,6,0.0000,0,0,95.5052,4.4948,1054.0000,0
1119.10,7,0.0000,0,0,72.8390,27.1610,1054.0000,0
1119.10,8,88.0000,0,0,89.1376,10.8624,1113.0000,0
1119.10,9,0.0000,0,0,91.4188,8.5812,1054.0000,0
1120.10,0,0.0000,0,0,93.5116,6.4884,1055.0000,0
1120.10,1,26.5000,0,0,85.0240,14.9760,1073.0000,0
1120.10,2,0.0000,0,0,92.9436,7.0564,1055.0000,0
1120.10,3,80.5000,0,0,95.2454,4.7546,1109.0000,0
1120.10,4,0.0000,0,0,99.0005,0.9995,1055.0000,0
1120.10,5,68.5000,0,0,91.0609,8.9391,1101.0000,0
1120.10,6,0.0000,0,0,95.5052,4.4948,1055.0000,0
1120.10,7,0.0000,0,0,72.8390,27.1610,1055.0000,0
1120.10,8,88.0000,0,0,89.1376,10.8624,1114.0000,0
1120.10,9,0.0000,0,0,91.4188,8.5812,1055.0000,0
1121.10,0,0.0000,0,0,93.5116,6.4884,1056.0000,0
1121.10,1,26.5000,0,0,85.0240,14.9760,1074.0000,0
1121.10,2,0.0000,0,0,92.9436,7.0564,1056.0000,0
1121.10,3,80.5000,0,0,95.2454,4.7546,1110.0000,0
1121.10,4,0.0000,0,0,99.0005,0.9995,1056.0000,0
1121.10,5,68.5000,0,0,91.0609,8.9391,1102.0000,0
1121.10,6,0.0000,0,0,95.5052,4.4948,1056.0000,0
1121.10,7,0.0000,0,0,72.8390,27.1610,1056.0000,0
1121.10,8,88.0000,0,0,89.1376,10.8624,1115.0000,0
1121.10,9,0.0000,0,0,91.4188,8.5812,1056.0000,0
1122.10,0,0.0000,0,0,93.5116,6.4884,1057.0000,0
1122.10,1,26.5000,0,0,85.0240,14.9760,1075.0000,0
1122.10,2,0.0000,0,0,92.9436,7.0564,1057.0000,0
1122.10,3,80.5000,0,0,95.2454,4.7546,1111.0000,0
1122.10,4,0.0000,0,0,99.0005,0.9995,1057.0000,0
1122.10,5,68.5000,0,0,91.0609,8.9391,1103.0000,0
1122.10,6,0.0000,0,0,95.5052,4.4948,1057.0000,0
1122.10,7,0.0000,0,0,72.8390,27.1610,1057.0000,0
1122.10,8,88.0000,0,0,89.1376,10.8624,1116.0000,0
1122.10,9,0.0000,0,0,91.4188,8.5812,1057.0000,0
1123.10,0,0.0000,0,0,93.5116,6.4884,1058.0000,0
1123.10,1,26.5000,0,0,85.0240,14.9760,1076.0000,0
1123.10,2,0.0000,0,0,92.9436,7.0564,1058.0000,0
1123.10,3,80.5000,0,0,95.2454,4.7546,1112.0000,0
1123.10,4,0.0000,0,0,99.0005,0.9995,1058.0000,0
1123.10,5,68.5000,0,0,91.0609,8.9391,1104.0000,0
1123.10,6,0.0000,0,0,95.5052,4.4948,1058.0000,0
1123.10,7,0.0000,0,0,72.8390,27.1610,1058.0000,0
1123.10,8,88.0000,0,0,89.1376,10.8624,1117.0000,0
1123.10,9,0.0000,0,0,91.4188,8.5812,1058.0000,0
1124.10,0,0.0000,0,0,93.5116,6.4884,1059.0000,0
1124.10,1,26.5000,0,0,85.0240,14.9760,1077.0000,0
1124.10,2,0.0000,0,0,92.9436,7.0564,1059.0000,0
1124.10,3,80.5000,0,0,95.2454,4.7546,1113.0000,0
1124.10,4,0.0000,0,0,99.0005,0.9995,1059.0000,0
1124.10,5,68.5000,0,0,91.0609,8.9391,1105.0000,0
1124.10,6,0.0000,0,0,95.5052,4.4948,1059.0000,0
1124.10,7,0.0000,0,0,72.8390,27.1610,1059.0000,0
1124.10,8,88.0000,0,0,89.1376,10.8624,1118.0000,0
1124.10,9,0.0000,0,0,91.4188,8.5812,1059.0000,0
1125.10,0,0.0000,0,0,93.5116,6.4884,1060.0000,0
1125.10,1,26.5000,0,0,85.0240,14.9760,1078.0000,0
1125.10,2,0.0000,0,0,92.9436,7.0564,1060.0000,0
1125.10,3,80.5000,0,0,95.2454,4.7546,1114.0000,0
1125.10,4,0.0000,0,0,99.0005,0.9995,1060.0000,0
1125.10,5,68.5000,0,0,91.0609,8.9391,1106.0000,0
1125.10,6,0.0000,0,0,95.5052,4.4948,1060.0000,0
1125.10,7,0.0000,0,0,72.8390,27.1610,1060.0000,0
1125.10,8,88.0000,0,0,89.1376,10.8624,1119.0000,0
1125.10,9,0.0000,0,0,91.4188,8.5812,1060.0000,0
1126.10,0,0.0000,0,0,93.5116,6.4884,1061.0000,0
1126.10,1,26.5000,0,0,85.0240,14.9760,1079.0000,0
1126.10,2,0.0000,0,0,92.9436,7.0564,1061.0000,0
1126.10,3,80.5000,0,0,95.2454,4.7546,1115.0000,0
1126.10,4,0.0000,0,0,99.0005,0.9995,1061.0000,0
1126.10,5,68.5000,0,0,91.0609,8.9391,1107.0000,0
1126.10,6,0.0000,0,0,95.5052,4.4948,1061.0000,0
1126.10,7,0.0000,0,0,72.8390,27.1610,1061.0000,0
1126.10,8,88.0000,0,0,89.1376,10.8624,1120.0000,0
1126.10,9,0.0000,0,0,91.4188,8.5812,1061.0000,0
1127.10,0,0.0000,0,0,93.5116,6.4884,1062.0000,0
1127.10,1,26.5000,0,0,85.0240,14.9760,1080.0000,0
1127.10,2,0.0000,0,0,92.9436,7.0564,1062.0000,0
1127.10,3,80.5000,0,0,95.2454,4.7546,1116.0000,0
1127.10,4,0.0000,0,0,99.0005,0.9995,1062.0000,0
1127.10,5,68.5000,0,0,91.0609,8.9391,1108.0000,0
1127.10,6,0.0000,0,0,95.5052,4.4948,1062.0000,0
1127.10,7,0.0000,0,0,72.8390,27.1610,1062.0000,0
1127.10,8,88.0000,0,0,89.1376,10.8624,1121.0000,0
1127.10,9,0.0000,0,0,91.4188,8.5812,1062.0000,0
1128.10,0,0.0000,0,0,93.5116,6.4884,1063.0000,0
1128.10,1,26.5000,0,0,85.0240,14.9760,1081.0000,0
1128.10,2,0.0000,0,0,92.9436,7.0564,1063.0000,0
1128.10,3,80.5000,0,0,95.2454,4.7546,1117.0000,0
1128.10,4,0.0000,0,0,99.0005,0.9995,1063.0000,0
1128.10,5,68.5000,0,0,91.0609,8.9391,1109.0000,0
1128.10,6,0.0000,0,0,95.5052,4.4948,1063.0000,0
1128.10,7,0.0000,0,0,72.8390,27.1610,1063.0000,0
1128.10,8,88.0000,0,0,89.1376,10.8624,1122.0000,0
1128.10,9,0.0000,0,0,91.4188,8.5812,1063.0000,0
1129.10,0,0.0000,0,0,93.5116,6.4884,1064.0000,0
1129.10,1,26.5000,0,0,85.0240,14.9760,1082.0000,0
1129.10,2,0.0000,0,0,92.9436,7.0564,1064.0000,0
1129.10,3,80.5000,0,0,95.2454,4.7546,1118.0000,0
1129.10,4,0.0000,0,0,99.0005,0.9995,1064.0000,0
1129.10,5,68.5000,0,0,91.0609,8.9391,1110.0000,0
1129.10,6,0.0000,0,0,95.5052,4.4948,1064.0000,0
1129.10,7,0.0000,0,0,72.8390,27.1610,1064.0000,0
1129.10,8,88.0000,0,0,89.1376,10.8624,1123.0000,0
1129.10,9,0.0000,0,0,91.4188,8.5812,1064.0000,0
1130.10,0,0.0000,0,0,93.5116,6.4884,1065.0000,0
1130.10,1,26.5000,0,0,85.0240,14.9760,1083.0000,0
1130.10,2,0.0000,0,0,92.9436,7.0564,1065.0000,0
1130.10,3,80.5000,0,0,95.2454,4.7546,1119.0000,0
1130.10,4,0.0000,0,0,99.0005,0.9995,1065.0000,0
1130.10,5,68.5000,0,0,91.0609,8.9391,1111.0000,0
1130.10,6,0.0000,0,0,95.5052,4.4948,1065.0000,0
1130.10,7,0.0000,0,0,72.8390,27.1610,1065.0000,0
1130.10,8,88.0000,0,0,89.1376,10.8624,1124.0000,0
1130.10,9,0.0000,0,0,91.4188,8.5812,1065.0000,0
1131.10,0,0.0000,0,0,93.5116,6.4884,1066.0000,0
1131.10,1,26.5000,0,0,85.0240,14.9760,1084.0000,0
1131.10,2,0.0000,0,0,92.9436,7.0564,1066.0000,0
1131.10,3,80.5000,0,0,95.2454,4.7546,1120.0000,0
1131.10,4,0.0000,0,0,99.0005,0.9995,1066.0000,0
1131.10,5,68.5000,0,0,91.0609,8.9391,1112.0000,0
1131.10,6,0.0000,0,0,95.5052,4.4948,1066.0000,0
1131.10,7,0.0000,0,0,72.8390,27.1610,1066.0000,0
1131.10,8,88.0000,0,0,89.1376,10.8624,1125.0000,0
1131.10,9,0.0000,0,0,91.4188,8.5812,1066.0000,0
1132.10,0,0.0000,0,0,93.5116,6.4884,1067.0000,0
1132.10,1,26.5000,0,0,85.0240,14.9760,1085.0000,0
1132.10,2,0.0000,0,0,92.9436,7.0564,1067.0000,0
1132.10,3,80.5000,0,0,95.2454,4.7546,1121.0000,0
1132.10,4,0.0000,0,0,99.0005,0.9995,1067.0000,0
1132.10,5,68.5000,0,0,91.0609,8.9391,1113.0000,0
1132.10,6,0.0000,0,0,95.5052,4.4948,1067.0000,0
1132.10,7,0.0000,0,0,72.8390,27.1610,1067.0000,0
1132.10,8,88.0000,0,0,89.1376,10.8624,1126.0000,0
1132.10,9,0.0000,0,0,91.4188,8.5812,1067.0000,0
1133.10,0,0.0000,0,0,93.5116,6.4884,1068.0000,0
1133.10,1,26.5000,0,0,85.0240,14.9760,1086.0000,0
1133.10,2,0.0000,0,0,92.9436,7.0564,1068.0000,0
1133.10,3,80.5000,0,0,95.2454,4.7546,1122.0000,0
1133.10,4,0.0000,0,0,99.0005,0.9995,1068.0000,0
1133.10,5,68.5000,0,0,91.0609,8.9391,1114.0000,0
1133.10,6,0.0000,0,0,95.5052,4.4948,1068.0000,0
1133.10,7,0.0000,0,0,72.8390,27.1610,1068.0000,0
1133.10,8,88.0000,0,0,89.1376,10.8624,1127.0000,0
1133.10,9,0.0000,0,0,91.4188,8.5812,1068.0000,0
1134.10,0,0.0000,0,0,93.5116,6.4884,1069.0000,0
1134.10,1,26.5000,0,0,85.0240,14.9760,1087.0000,0
1134.10,2,0.0000,0,0,92.9436,7.0564,1069.0000,0
1134.10,3,80.5000,0,0,95.2454,4.7546,1123.0000,0
1134.10,4,0.0000,0,0,99.0005,0.9995,1069.0000,0
1134.10,5,68.5000,0,0,91.0609,8.9391,1115.0000,0
1134.10,6,0.0000,0,0,95.5052,4.4948,1069.0000,0
1134.10,7,0.0000,0,0,72.8390,27.1610,1069.0000,0
1134.10,8,88.0000,0,0,89.1376,10.8624,1128.0000,0
1134.10,9,0.0000,0,0,91.4188,8.5812,1069.0000,0
1135.10,0,0.0000,0,0,93.5116,6.4884,1070.0000,0
1135.10,1,26.5000,0,0,85.0240,14.9760,1088.0000,0
1135.10,2,0.0000,0,0,92.9436,7.0564,1070.0000,0
1135.10,3,80.5000,0,0,95.2454,4.7546,1124.0000,0
1135.10,4,0.0000,0,0,99.0005,0.9995,1070.0000,0
1135.10,5,68.5000,0,0,91.0609,8.9391,1116.0000,0
1135.10,6,0.0000,0,0,95.5052,4.4948,1070.0000,0
1135.10,7,0.0000,0,0,72.8390,27.1610,1070.0000,0
1135.10,8,88.0000,0,0,89.1376,10.8624,1129.0000,0
1135.10,9,0.0000,0,0,91.4188,8.5812,1070.0000,0
1136.10,0,0.0000,0,0,93.5116,6.4884,1071.0000,0
1136.10,1,26.5000,0,0,85.0240,14.9760,1089.0000,0
1136.10,2,0.0000,0,0,92.9436,7.0564,1071.0000,0
1136.10,3,80.5000,0,0,95.2454,4.7546,1125.0000,0
1136.10,4,0.0000,0,0,99.0005,0.9995,1071.0000,0
1136.10,5,68.5000,0,0,91.0609,8.9391,1117.0000,0
1136.10,6,0.0000,0,0,95.5052,4.4948,1071.0000,0
1136.10,7,0.0000,0,0,72.8390,27.1610,1071.0000,0
1136.10,8,88.0000,0,0,89.1376,10.8624,1130.0000,0
1136.10,9,0.0000,0,0,91.4188,8.5812,1071.0000,0
1137.10,0,0.0000,0,0,93.5116,6.4884,1072.0000,0
1137.10,1,26.5000,0,0,85.0240,14.9760,1090.0000,0
1137.10,2,0.0000,0,0,92.9436,7.0564,1072.0000,0
1137.10,3,80.5000,0,0,95.2454,4.7546,1126.0000,0
1137.10,4,0.0000,0,0,99.0005,0.9995,1072.0000,0
1137.10,5,68.5000,0,0,91.0609,8.9391,1118.0000,0
1137.10,6,0.0000,0,0,95.5052,4.4948,1072.0000,0
1137.10,7,0.0000,0,0,72.8390,27.1610,1072.0000,0
1137.10,8,88.0000,0,0,89.1376,10.8624,1131.0000,0
1137.10,9,0.0000,0,0,91.4188,8.5812,1072.0000,0
1138.10,0,0.0000,0,0,93.5116,6.4884,1073.0000,0
1138.10,1,26.5000,0,0,85.0240,14.9760,1091.0000,0
1138.10,2,0.0000,0,0,92.9436,7.0564,1073.0000,0
1138.10,3,80.5000,0,0,95.2454,4.7546,1127.0000,0
1138.10,4,0.0000,0,0,99.0005,0.9995,1073.0000,0
1138.10,5,68.5000,0,0,91.0609,8.9391,1119.0000,0
1138.10,6,0.0000,0,0,95.5052,4.4948,1073.0000,0
1138.10,7,0.0000,0,0,72.8390,27.1610,1073.0000,0
1138.10,8,88.0000,0,0,89.1376,10.8624,1132.0000,0
1138.10,9,0.0000,0,0,91.4188,8.5812,1073.0000,0
1139.10,0,0.0000,0,0,93.5116,6.4884,1074.0000,0
1139.10,1,26.5000,0,0,85.0240,14.9760,1092.0000,0
1139.10,2,0.0000,0,0,92.9436,7.0564,1074.0000,0
1139.10,3,80.5000,0,0,95.2454,4.7546,1128.0000,0
1139.10,4,0.0000,0,0,99.0005,0.9995,1074.0000,0
1139.10,5,68.5000,0,0,91.0609,8.9391,1120.0000,0
1139.10,6,0.0000,0,0,95.5052,4.4948,1074.0000,0
1139.10,7,0.0000,0,0,72.8390,27.1610,1074.0000,0
1139.10,8,88.0000,0,0,89.1376,10.8624,1133.0000,0
1139.10,9,0.0000,0,0,91.4188,8.5812,1074.0000,0
1140.10,0,0.0000,0,0,93.5116,6.4884,1075.0000,0
1140.10,1,26.5000,0,0,85.0240,14.9760,1093.0000,0
1140.10,2,0.0000,0,0,92.9436,7.0564,1075.0000,0
1140.10,3,80.5000,0,0,95.2454,4.7546,1129.0000,0
1140.10,4,0.0000,0,0,99.0005,0.9995,1075.0000,0
1140.10,5,68.5000,0,0,91.0609,8.9391,1121.0000,0
1140.10,6,0.0000,0,0,95.5052,4.4948,1075.0000,0
1140.10,7,0.0000,0,0,72.8390,27.1610,1075.0000,0
1140.10,8,88.0000,0,0,89.1376,10.8624,1134.0000,0
1140.10,9,0.0000,0,0,91.4188,8.5812,1075.0000,0
1141.10,0,0.0000,0,0,93.5116,6.4884,1076.0000,0
1141.10,1,26.5000,0,0,85.0240,14.9760,1094.0000,0
1141.10,2,0.0000,0,0,92.9436,7.0564,1076.0000,0
1141.10,3,80.5000,0,0,95.2454,4.7546,1130.0000,0
1141.10,4,0.0000,0,0,99.0005,0.9995,1076.0000,0
1141.10,5,68.5000,0,0,91.0609,8.9391,1122.0000,0
1141.10,6,0.0000,0,0,95.5052,4.4948,1076.0000,0
1141.10,7,0.0000,0,0,72.8390,27.1610,1076.0000,0
1141.10,8,88.0000,0,0,89.1376,10.8624,1135.0000,0
1141.10,9,0.0000,0,0,91.4188,8.5812,1076.0000,0
1142.10,0,0.0000,0,0,93.5116,6.4884,1077.0000,0
1142.10,1,26.5000,0,0,85.0240,14.9760,1095.0000,0
1142.10,2,0.0000,0,0,92.9436,7.0564,1077.0000,0
1142.10,3,80.5000,0,0,95.2454,4.7546,1131.0000,0
1142.10,4,0.0000,0,0,99.0005,0.9995,1077.0000,0
1142.10,5,68.5000,0,0,91.0609,8.9391,1123.0000,0
1142.10,6,0.0000,0,0,95.5052,4.4948,1077.0000,0
1142.10,7,0.0000,0,0,72.8390,27.1610,1077.0000,0
1142.10,8,88.0000,0,0,89.1376,10.8624,1136.0000,0
1142.10,9,0.0000,0,0,91.4188,8.5812,1077.0000,0
1143.10,0,0.0000,0,0,93.5116,6.4884,1078.0000,0
1143.10,1,26.5000,0,0,85.0240,14.9760,1096.0000,0
1143.10,2,0.0000,0,0,92.9436,7.0564,1078.0000,0
1143.10,3,80.5000,0,0,95.2454,4.7546,1132.0000,0
1143.10,4,0.0000,0,0,99.0005,0.9995,1078.0000,0
1143.10,5,68.5000,0,0,91.0609,8.9391,1124.0000,0
1143.10,6,0.0000,0,0,95.5052,4.4948,1078.0000,0
1143.10,7,0.0000,0,0,72.8390,27.1610,1078.0000,0
1143.10,8,88.0000,0,0,89.1376,10.8624,1137.0000,0
1143.10,9,0.0000,0,0,91.4188,8.5812,1078.0000,0
1144.10,0,0.0000,0,0,93.5116,6.4884,1079.0000,0
1144.10,1,26.5000,0,0,85.0240,14.9760,1097.0000,0
1144.10,2,0.0000,0,0,92.9436,7.0564,1079.0000,0
1144.10,3,80.5000,0,0,95.2454,4.7546,1133.0000,0
1144.10,4,0.0000,0,0,99.0005,0.9995,1079.0000,0
1144.10,5,68.5000,0,0,91.0609,8.9391,1125.0000,0
1144.10,6,0.0000,0,0,95.5052,4.4948,1079.0000,0
1144.10,7,0.0000,0,0,72.8390,27.1610,1079.0000,0
1144.10,8,88.0000,0,0,89.1376,10.8624,1138.0000,0
1144.10,9,0.0000,0,0,91.4188,8.5812,1079.0000,0
1145.10,0,0.0000,0,0,93.5116,6.4884,1080.0000,0
1145.10,1,26.5000,0,0,85.0240,14.9760,1098.0000,0
1145.10,2,0.0000,0,0,92.9436,7.0564,1080.0000,0
1145.10,3,80.5000,0,0,95.2454,4.7546,1134.0000,0
1145.10,4,0.0000,0,0,99.0005,0.9995,1080.0000,0
1145.10,5,68.5000,0,0,91.0609,8.9391,1126.0000,0
1145.10,6,0.0000,0,0,95.5052,4.4948,1080.0000,0
1145.10,7,0.0000,0,0,72.8390,27.1610,1080.0000,0
1145.10,8,88.0000,0,0,89.1376,10.8624,1139.0000,0
1145.10,9,0.0000,0,0,91.4188,8.5812,1080.0000,0
1146.10,0,0.0000,0,0,93.5116,6.4884,1081.0000,0
1146.10,1,26.5000,0,0,85.0240,14.9760,1099.0000,0
1146.10,2,0.0000,0,0,92.9436,7.0564,1081.0000,0
1146.10,3,80.5000,0,0,95.2454,4.7546,1135.0000,0
1146.10,4,0.0000,0,0,99.0005,0.9995,1081.0000,0
1146.10,5,68.5000,0,0,91.0609,8.9391,1127.0000,0
1146.10,6,0.0000,0,0,95.5052,4.4948,1081.0000,0
1146.10,7,0.0000,0,0,72.8390,27.1610,1081.0000,0
1146.10,8,88.0000,0,0,89.1376,10.8624,1140.0000,0
1146.10,9,0.0000,0,0,91.4188,8.5812,1081.0000,0
1147.10,0,0.0000,0,0,93.5116,6.4884,1082.0000,0
1147.10,1,26.5000,0,0,85.0240,14.9760,1100.0000,0
1147.10,2,0.0000,0,0,92.9436,7.0564,1082.0000,0
1147.10,3,80.5000,0,0,95.2454,4.7546,1136.0000,0
1147.10,4,0.0000,0,0,99.0005,0.9995,1082.0000,0
1147.10,5,68.5000,0,0,91.0609,8.9391,1128.0000,0
1147.10,6,0.0000,0,0,95.5052,4.4948,1082.0000,0
1147.10,7,0.0000,0,0,72.8390,27.1610,1082.0000,0
1147.10,8,88.0000,0,0,89.1376,10.8624,1141.0000,0
1147.10,9,0.0000,0,0,91.4188,8.5812,1082.0000,0
1148.10,0,0.0000,0,0,93.5116,6.4884,1083.0000,0
1148.10,1,26.5000,0,0,85.0240,14.9760,1101.0000,0
1148.10,2,0.0000,0,0,92.9436,7.0564,1083.0000,0
1148.10,3,80.5000,0,0,95.2454,4.7546,1137.0000,0
1148.10,4,0.0000,0,0,99.0005,0.9995,1083.0000,0
1148.10,5,68.5000,0,0,91.0609,8.9391,1129.0000,0
1148.10,6,0.0000,0,0,95.5052,4.4948,1083.0000,0
1148.10,7,0.0000,0,0,72.8390,27.1610,1083.0000,0
1148.10,8,88.0000,0,0,89.1376,10.8624,1142.0000,0
1148.10,9,0.0000,0,0,91.4188,8.5812,1083.0000,0
1149.10,0,0.0000,0,0,93.5116,6.4884,1084.0000,0
1149.10,1,26.5000,0,0,85.0240,14.9760,1102.0000,0
1149.10,2,0.0000,0,0,92.9436,7.0564,1084.0000,0
1149.10,3,80.5000,0,0,95.2454,4.7546,1138.0000,0
1149.10,4,0.0000,0,0,99.0005,0.9995,1084.0000,0
1149.10,5,68.5000,0,0,91.0609,8.9391,1130.0000,0
1149.10,6,0.0000,0,0,95.5052,4.4948,1084.0000,0
1149.10,7,0.0000,0,0,72.8390,27.1610,1084.0000,0
1149.10,8,88.0000,0,0,89.1376,10.8624,1143.0000,0
1149.10,9,0.0000,0,0,91.4188,8.5812,1084.0000,0
1150.10,0,0.0000,0,0,93.5116,6.4884,1085.0000,0
1150.10,1,26.5000,0,0,85.0240,14.9760,1103.0000,0
1150.10,2,0.0000,0,0,92.9436,7.0564,1085.0000,0
1150.10,3,80.5000,0,0,95.2454,4.7546,1139.0000,0
1150.10,4,0.0000,0,0,99.0005,0.9995,1085.0000,0
1150.10,5,68.5000,0,0,91.0609,8.9391,1131.0000,0
1150.10,6,0.0000,0,0,95.5052,4.4948,1085.0000,0
1150.10,7,0.0000,0,0,72.8390,27.1610,1085.0000,0
1150.10,8,88.0000,0,0,89.1376,10.8624,1144.0000,0
1150.10,9,0.0000,0,0,91.4188,8.5812,1085.0000,0
1151.10,0,0.0000,0,0,93.5116,6.4884,1086.0000,0
1151.10,1,26.5000,0,0,85.0240,14.9760,1104.0000,0
1151.10,2,0.0000,0,0,92.9436,7.0564,1086.0000,0
1151.10,3,80.5000,0,0,95.2454,4.7546,1140.0000,0
1151.10,4,0.0000,0,0,99.0005,0.9995,1086.0000,0
1151.10,5,68.5000,0,0,91.0609,8.9391,1132.0000,0
1151.10,6,0.0000,0,0,95.5052,4.4948,1086.0000,0
1151.10,7,0.0000,0,0,72.8390,27.1610,1086.0000,0
1151.10,8,88.0000,0,0,89.1376,10.8624,1145.0000,0
1151.10,9,0.0000,0,0,91.4188,8.5812,1086.0000,0
1152.10,0,0.0000,0,0,93.5116,6.4884,1087.0000,0
1152.10,1,26.5000,0,0,85.0240,14.9760,1105.0000,0
1152.10,2,0.0000,0,0,92.9436,7.0564,1087.0000,0
1152.10,3,80.5000,0,0,95.2454,4.7546,1141.0000,0
1152.10,4,0.0000,0,0,99.0005,0.9995,1087.0000,0
1152.10,5,68.5000,0,0,91.0609,8.9391,1133.0000,0
1152.10,6,0.0000,0,0,95.5052,4.4948,1087.0000,0
1152.10,7,0.0000,0,0,72.8390,27.1610,1087.0000,0
1152.10,8,88.0000,0,0,89.1376,10.8624,1146.0000,0
1152.10,9,0.0000,0,0,91.4188,8.5812,1087.0000,0
1153.10,0,0.0000,0,0,93.5116,6.4884,1088.0000,0
1153.10,1,26.5000,0,0,85.0240,14.9760,1106.0000,0
1153.10,2,0.0000,0,0,92.9436,7.0564,1088.0000,0
1153.10,3,80.5000,0,0,95.2454,4.7546,1142.0000,0
1153.10,4,0.0000,0,0,99.0005,0.9995,1088.0000,0
1153.10,5,68.5000,0,0,91.0609,8.9391,1134.0000,0
1153.10,6,0.0000,0,0,95.5052,4.4948,1088.0000,0
1153.10,7,0.0000,0,0,72.8390,27.1610,1088.0000,0
1153.10,8,88.0000,0,0,89.1376,10.8624,1147.0000,0
1153.10,9,0.0000,0,0,91.4188,8.5812,1088.0000,0
1154.10,0,0.0000,0,0,93.5116,6.4884,1089.0000,0
1154.10,1,26.5000,0,0,85.0240,14.9760,1107.0000,0
1154.10,2,0.0000,0,0,92.9436,7.0564,1089.0000,0
1154.10,3,80.5000,0,0,95.2454,4.7546,1143.0000,0
1154.10,4,0.0000,0,0,99.0005,0.9995,1089.0000,0
1154.10,5,68.5000,0,0,91.0609,8.9391,1135.0000,0
1154.10,6,0.0000,0,0,95.5052,4.4948,1089.0000,0
1154.10,7,0.0000,0,0,72.8390,27.1610,1089.0000,0
1154.10,8,88.0000,0,0,89.1376,10.8624,1148.0000,0
1154.10,9,0.0000,0,0,91.4188,8.5812,1089.0000,0
1155.10,0,0.0000,0,0,93.5116,6.4884,1090.0000,0
1155.10,1,26.5000,0,0,85.0240,14.9760,1108.0000,0
1155.10,2,0.0000,0,0,92.9436,7.0564,1090.0000,0
1155.10,3,80.5000,0,0,95.2454,4.7546,1144.0000,0
1155.10,4,0.0000,0,0,99.0005,0.9995,1090.0000,0
1155.10,5,68.5000,0,0,91.0609,8.9391,1136.0000,0
1155.10,6,0.0000,0,0,95.5052,4.4948,1090.0000,0
1155.10,7,0.0000,0,0,72.8390,27.1610,1090.0000,0
1155.10,8,88.0000,0,0,89.1376,10.8624,1149.0000,0
1155.10,9,0.0000,0,0,91.4188,8.5812,1090.0000,0
1156.10,0,0.0000,0,0,93.5116,6.4884,1091.0000,0
1156.10,1,26.5000,0,0,85.0240,14.9760,1109.0000,0
1156.10,2,0.0000,0,0,92.9436,7.0564,1091.0000,0
1156.10,3,80.5000,0,0,95.2454,4.7546,1145.0000,0
1156.10,4,0.0000,0,0,99.0005,0.9995,1091.0000,0
1156.10,5,68.5000,0,0,91.0609,8.9391,1137.0000,0
1156.10,6,0.0000,0,0,95.5052,4.4948,1091.0000,0
1156.10,7,0.0000,0,0,72.8390,27.1610,1091.0000,0
1156.10,8,88.0000,0,0,89.1376,10.8624,1150.0000,0
1156.10,9,0.0000,0,0,91.4188,8.5812,1091.0000,0
1157.10,0,0.0000,0,0,93.5116,6.4884,1092.0000,0
1157.10,1,26.5000,0,0,85.0240,14.9760,1110.0000,0
1157.10,2,0.0000,0,0,92.9436,7.0564,1092.0000,0
1157.10,3,80.5000,0,0,95.2454,4.7546,1146.0000,0
1157.10,4,0.0000,0,0,99.0005,0.9995,1092.0000,0
1157.10,5,68.5000,0,0,91.0609,8.9391,1138.0000,0
1157.10,6,0.0000,0,0,95.5052,4.4948,1092.0000,0
1157.10,7,0.0000,0,0,72.8390,27.1610,1092.0000,0
1157.10,8,88.0000,0,0,89.1376,10.8624,1151.0000,0
1157.10,9,0.0000,0,0,91.4188,8.5812,1092.0000,0
1158.10,0,0.0000,0,0,93.5116,6.4884,1093.0000,0
1158.10,1,26.5000,0,0,85.0240,14.9760,1111.0000,0
1158.10,2,0.0000,0,0,92.9436,7.0564,1093.0000,0
1158.10,3,80.5000,0,0,95.2454,4.7546,1147.0000,0
1158.10,4,0.0000,0,0,99.0005,0.9995,1093.0000,0
1158.10,5,68.5000,0,0,91.0609,8.9391,1139.0000,0
1158.10,6,0.0000,0,0,95.5052,4.4948,1093.0000,0
1158.10,7,0.0000,0,0,72.8390,27.1610,1093.0000,0
1158.10,8,88.0000,0,0,89.1376,10.8624,1152.0000,0
1158.10,9,0.0000,0,0,91.4188,8.5812,1093.0000,0
1159.10,0,0.0000,0,0,93.5116,6.4884,1094.0000,0
1159.10,1,26.5000,0,0,85.0240,14.9760,1112.0000,0
1159.10,2,0.0000,0,0,92.9436,7.0564,1094.0000,0
1159.10,3,80.5000,0,0,95.2454,4.7546,1148.0000,0
1159.10,4,0.0000,0,0,99.0005,0.9995,1094.0000,0
1159.10,5,68.5000,0,0,91.0609,8.9391,1140.0000,0
1159.10,6,0.0000,0,0,95.5052,4.4948,1094.0000,0
1159.10,7,0.0000,0,0,72.8390,27.1610,1094.0000,0
1159.10,8,88.0000,0,0,89.1376,10.8624,1153.0000,0
1159.10,9,0.0000,0,0,91.4188,8.5812,1094.0000,0
1160.10,0,0.0000,0,0,93.5116,6.4884,1095.0000,0
1160.10,1,26.5000,0,0,85.0240,14.9760,1113.0000,0
1160.10,2,0.0000,0,0,92.9436,7.0564,1095.0000,0
1160.10,3,80.5000,0,0,95.2454,4.7546,1149.0000,0
1160.10,4,0.0000,0,0,99.0005,0.9995,1095.0000,0
1160.10,5,68.5000,0,0,91.0609,8.9391,1141.0000,0
1160.10,6,0.0000,0,0,95.5052,4.4948,1095.0000,0
1160.10,7,0.0000,0,0,72.8390,27.1610,1095.0000,0
1160.10,8,88.0000,0,0,89.1376,10.8624,1154.0000,0
1160.10,9,0.0000,0,0,91.4188,8.5812,1095.0000,0
1161.10,0,0.0000,0,0,93.5116,6.4884,1096.0000,0
1161.10,1,26.5000,0,0,85.0240,14.9760,1114.0000,0
1161.10,2,0.0000,0,0,92.9436,7.0564,1096.0000,0
1161.10,3,80.5000,0,0,95.2454,4.7546,1150.0000,0
1161.10,4,0.0000,0,0,99.0005,0.9995,1096.0000,0
1161.10,5,68.5000,0,0,91.0609,8.9391,1142.0000,0
1161.10,6,0.0000,0,0,95.5052,4.4948,1096.0000,0
1161.10,7,0.0000,0,0,72.8390,27.1610,1096.0000,0
1161.10,8,88.0000,0,0,89.1376,10.8624,1155.0000,0
1161.10,9,0.0000,0,0,91.4188,8.5812,1096.0000,0
1162.10,0,0.0000,0,0,93.5116,6.4884,1097.0000,0
1162.10,1,26.5000,0,0,85.0240,14.9760,1115.0000,0
1162.10,2,0.0000,0,0,92.9436,7.0564,1097.0000,0
1162.10,3,80.5000,0,0,95.2454,4.7546,1151.0000,0
1162.10,4,0.0000,0,0,99.0005,0.9995,1097.0000,0
1162.10,5,68.5000,0,0,91.0609,8.9391,1143.0000,0
1162.10,6,0.0000,0,0,95.5052,4.4948,1097.0000,0
1162.10,7,0.0000,0,0,72.8390,27.1610,1097.0000,0
1162.10,8,88.0000,0,0,89.1376,10.8624,1156.0000,0
1162.10,9,0.0000,0,0,91.4188,8.5812,1097.0000,0
1163.10,0,0.0000,0,0,93.5116,6.4884,1098.0000,0
1163.10,1,26.5000,0,0,85.0240,14.9760,1116.0000,0
1163.10,2,0.0000,0,0,92.9436,7.0564,1098.0000,0
1163.10,3,80.5000,0,0,95.2454,4.7546,1152.0000,0
1163.10,4,0.0000,0,0,99.0005,0.9995,1098.0000,0
1163.10,5,68.5000,0,0,91.0609,8.9391,1144.0000,0
1163.10,6,0.0000,0,0,95.5052,4.4948,1098.0000,0
1163.10,7,0.0000,0,0,72.8390,27.1610,1098.0000,0
1163.10,8,88.0000,0,0,89.1376,10.8624,1157.0000,0
1163.10,9,0.0000,0,0,91.4188,8.5812,1098.0000,0
1164.10,0,0.0000,0,0,93.5116,6.4884,1099.0000,0
1164.10,1,26.5000,0,0,85.0240,14.9760,1117.0000,0
1164.10,2,0.0000,0,0,92.9436,7.0564,1099.0000,0
1164.10,3,80.5000,0,0,95.2454,4.7546,1153.0000,0
1164.10,4,0.0000,0,0,99.0005,0.9995,1099.0000,0
1164.10,5,68.5000,0,0,91.0609,8.9391,1145.0000,0
1164.10,6,0.0000,0,0,95.5052,4.4948,1099.0000,0
1164.10,7,0.0000,0,0,72.8390,27.1610,1099.0000,0
1164.10,8,88.0000,0,0,89.1376,10.8624,1158.0000,0
1164.10,9,0.0000,0,0,91.4188,8.5812,1099.0000,0
1165.10,0,0.0000,0,0,93.5116,6.4884,1100.0000,0
1165.10,1,26.5000,0,0,85.0240,14.9760,1118.0000,0
1165.10,2,0.0000,0,0,92.9436,7.0564,1100.0000,0
1165.10,3,80.5000,0,0,95.2454,4.7546,1154.0000,0
1165.10,4,0.0000,0,0,99.0005,0.9995,1100.0000,0
1165.10,5,68.5000,0,0,91.0609,8.9391,1146.0000,0
1165.10,6,0.0000,0,0,95.5052,4.4948,1100.0000,0
1165.10,7,0.0000,0,0,72.8390,27.1610,1100.0000,0
1165.10,8,88.0000,0,0,89.1376,10.8624,1159.0000,0
1165.10,9,0.0000,0,0,91.4188,8.5812,1100.0000,0
1166.10,0,0.0000,0,0,93.5116,6.4884,1101.0000,0
1166.10,1,26.5000,0,0,85.0240,14.9760,1119.0000,0
1166.10,2,0.0000,0,0,92.9436,7.0564,1101.0000,0
1166.10,3,80.5000,0,0,95.2454,4.7546,1155.0000,0
1166.10,4,0.0000,0,0,99.0005,0.9995,1101.0000,0
1166.10,5,68.5000,0,0,91.0609,8.9391,1147.0000,0
1166.10,6,0.0000,0,0,95.5052,4.4948,1101.0000,0
1166.10,7,0.0000,0,0,72.8390,27.1610,1101.0000,0
1166.10,8,88.0000,0,0,89.1376,10.8624,1160.0000,0
1166.10,9,0.0000,0,0,91.4188,8.5812,1101.0000,0
1167.10,0,0.0000,0,0,93.5116,6.4884,1102.0000,0
1167.10,1,26.5000,0,0,85.0240,14.9760,1120.0000,0
1167.10,2,0.0000,0,0,92.9436,7.0564,1102.0000,0
1167.10,3,80.5000,0,0,95.2454,4.7546,1156.0000,0
1167.10,4,0.0000,0,0,99.0005,0.9995,1102.0000,0
1167.10,5,68.5000,0,0,91.0609,8.9391,1148.0000,0
1167.10,6,0.0000,0,0,95.5052,4.4948,1102.0000,0
1167.10,7,0.0000,0,0,72.8390,27.1610,1102.0000,0
1167.10,8,88.0000,0,0,89.1376,10.8624,1161.0000,0
1167.10,9,0.0000,0,0,91.4188,8.5812,1102.0000,0
1168.10,0,0.0000,0,0,93.5116,6.4884,1103.0000,0
1168.10,1,26.5000,0,0,85.0240,14.9760,1121.0000,0
1168.10,2,0.0000,0,0,92.9436,7.0564,1103.0000,0
1168.10,3,80.5000,0,0,95.2454,4.7546,1157.0000,0
1168.10,4,0.0000,0,0,99.0005,0.9995,1103.0000,0
1168.10,5,68.5000,0,0,91.0609,8.9391,1149.0000,0
1168.10,6,0.0000,0,0,95.5052,4.4948,1103.0000,0
1168.10,7,0.0000,0,0,72.8390,27.1610,1103.0000,0
1168.10,8,88.0000,0,0,89.1376,10.8624,1162.0000,0
1168.10,9,0.0000,0,0,91.4188,8.5812,1103.0000,0
1169.10,0,0.0000,0,0,93.5116,6.4884,1104.0000,0
1169.10,1,26.5000,0,0,85.0240,14.9760,1122.0000,0
1169.10,2,0.0000,0,0,92.9436,7.0564,1104.0000,0
1169.10,3,80.5000,0,0,95.2454,4.7546,1158.0000,0
1169.10,4,0.0000,0,0,99.0005,0.9995,1104.0000,0
1169.10,5,68.5000,0,0,91.0609,8.9391,1150.0000,0
1169.10,6,0.0000,0,0,95.5052,4.4948,1104.0000,0
1169.10,7,0.0000,0,0,72.8390,27.1610,1104.0000,0
1169.10,8,88.0000,0,0,89.1376,10.8624,1163.0000,0
1169.10,9,0.0000,0,0,91.4188,8.5812,1104.0000,0
1170.10,0,0.0000,0,0,93.5116,6.4884,1105.0000,0
1170.10,1,26.5000,0,0,85.0240,14.9760,1123.0000,0
1170.10,2,0.0000,0,0,92.9436,7.0564,1105.0000,0
1170.10,3,80.5000,0,0,95.2454,4.7546,1159.0000,0
1170.10,4,0.0000,0,0,99.0005,0.9995,1105.0000,0
1170.10,5,68.5000,0,0,91.0609,8.9391,1151.0000,0
1170.10,6,0.0000,0,0,95.5052,4.4948,1105.0000,0
1170.10,7,0.0000,0,0,72.8390,27.1610,1105.0000,0
1170.10,8,88.0000,0,0,89.1376,10.8624,1164.0000,0
1170.10,9,0.0000,0,0,91.4188,8.5812,1105.0000,0
1171.10,0,0.0000,0,0,93.5116,6.4884,1106.0000,0
1171.10,1,26.5000,0,0,85.0240,14.9760,1124.0000,0
1171.10,2,0.0000,0,0,92.9436,7.0564,1106.0000,0
1171.10,3,80.5000,0,0,95.2454,4.7546,1160.0000,0
1171.10,4,0.0000,0,0,99.0005,0.9995,1106.0000,0
1171.10,5,68.5000,0,0,91.0609,8.9391,1152.0000,0
1171.10,6,0.0000,0,0,95.5052,4.4948,1106.0000,0
1171.10,7,0.0000,0,0,72.8390,27.1610,1106.0000,0
1171.10,8,88.0000,0,0,89.1376,10.8624,1165.0000,0
1171.10,9,0.0000,0,0,91.4188,8.5812,1106.0000,0
1172.10,0,0.0000,0,0,93.5116,6.4884,1107.0000,0
1172.10,1,26.5000,0,0,85.0240,14.9760,1125.0000,0
1172.10,2,0.0000,0,0,92.9436,7.0564,1107.0000,0
1172.10,3,80.5000,0,0,95.2454,4.7546,1161.0000,0
1172.10,4,0.0000,0,0,99.0005,0.9995,1107.0000,0
1172.10,5,68.5000,0,0,91.0609,8.9391,1153.0000,0
1172.10,6,0.0000,0,0,95.5052,4.4948,1107.0000,0
1172.10,7,0.0000,0,0,72.8390,27.1610,1107.0000,0
1172.10,8,88.0000,0,0,89.1376,10.8624,1166.0000,0
1172.10,9,0.0000,0,0,91.4188,8.5812,1107.0000,0
1173.10,0,0.0000,0,0,93.5116,6.4884,1108.0000,0
1173.10,1,26.5000,0,0,85.0240,14.9760,1126.0000,0
1173.10,2,0.0000,0,0,92.9436,7.0564,1108.0000,0
1173.10,3,80.5000,0,0,95.2454,4.7546,1162.0000,0
1173.10,4,0.0000,0,0,99.0005,0.9995,1108.0000,0
1173.10,5,68.5000,0,0,91.0609,8.9391,1154.0000,0
1173.10,6,0.0000,0,0,95.5052,4.4948,1108.0000,0
1173.10,7,0.0000,0,0,72.8390,27.1610,1108.0000,0
1173.10,8,88.0000,0,0,89.1376,10.8624,1167.0000,0
1173.10,9,0.0000,0,0,91.4188,8.5812,1108.0000,0
1174.10,0,0.0000,0,0,93.5116,6.4884,1109.0000,0
1174.10,1,26.5000,0,0,85.0240,14.9760,1127.0000,0
1174.10,2,0.0000,0,0,92.9436,7.0564,1109.0000,0
1174.10,3,80.5000,0,0,95.2454,4.7546,1163.0000,0
1174.10,4,0.0000,0,0,99.0005,0.9995,1109.0000,0
1174.10,5,68.5000,0,0,91.0609,8.9391,1155.0000,0
1174.10,6,0.0000,0,0,95.5052,4.4948,1109.0000,0
1174.10,7,0.0000,0,0,72.8390,27.1610,1109.0000,0
1174.10,8,88.0000,0,0,89.1376,10.8624,1168.0000,0
1174.10,9,0.0000,0,0,91.4188,8.5812,1109.0000,0
1175.10,0,0.0000,0,0,93.5116,6.4884,1110.0000,0
1175.10,1,26.5000,0,0,85.0240,14.9760,1128.0000,0
1175.10,2,0.0000,0,0,92.9436,7.0564,1110.0000,0
1175.10,3,80.5000,0,0,95.2454,4.7546,1164.0000,0
1175.10,4,0.0000,0,0,99.0005,0.9995,1110.0000,0
1175.10,5,68.5000,0,0,91.0609,8.9391,1156.0000,0
1175.10,6,0.0000,0,0,95.5052,4.4948,1110.0000,0
1175.10,7,0.0000,0,0,72.8390,27.1610,1110.0000,0
1175.10,8,88.0000,0,0,89.1376,10.8624,1169.0000,0
1175.10,9,0.0000,0,0,91.4188,8.5812,1110.0000,0
1176.10,0,0.0000,0,0,93.5116,6.4884,1111.0000,0
1176.10,1,26.5000,0,0,85.0240,14.9760,1129.0000,0
1176.10,2,0.0000,0,0,92.9436,7.0564,1111.0000,0
1176.10,3,80.5000,0,0,95.2454,4.7546,1165.0000,0
1176.10,4,0.0000,0,0,99.0005,0.9995,1111.0000,0
1176.10,5,68.5000,0,0,91.0609,8.9391,1157.0000,0
1176.10,6,0.0000,0,0,95.5052,4.4948,1111.0000,0
1176.10,7,0.0000,0,0,72.8390,27.1610,1111.0000,0
1176.10,8,88.0000,0,0,89.1376,10.8624,1170.0000,0
1176.10,9,0.0000,0,0,91.4188,8.5812,1111.0000,0
1177.10,0,0.0000,0,0,93.5116,6.4884,1112.0000,0
1177.10,1,26.5000,0,0,85.0240,14.9760,1130.0000,0
1177.10,2,0.0000,0,0,92.9436,7.0564,1112.0000,0
1177.10,3,80.5000,0,0,95.2454,4.7546,1166.0000,0
1177.10,4,0.0000,0,0,99.0005,0.9995,1112.0000,0
1177.10,5,68.5000,0,0,91.0609,8.9391,1158.0000,0
1177.10,6,0.0000,0,0,95.5052,4.4948,1112.0000,0
1177.10,7,0.0000,0,0,72.8390,27.1610,1112.0000,0
1177.10,8,88.0000,0,0,89.1376,10.8624,1171.0000,0
1177.10,9,0.0000,0,0,91.4188,8.5812,1112.0000,0
1178.10,0,0.0000,0,0,93.5116,6.4884,1113.0000,0
1178.10,1,26.5000,0,0,85.0240,14.9760,1131.0000,0
1178.10,2,0.0000,0,0,92.9436,7.0564,1113.0000,0
1178.10,3,80.5000,0,0,95.2454,4.7546,1167.0000,0
1178.10,4,0.0000,0,0,99.0005,0.9995,1113.0000,0
1178.10,5,68.5000,0,0,91.0609,8.9391,1159.0000,0
1178.10,6,0.0000,0,0,95.5052,4.4948,1113.0000,0
1178.10,7,0.0000,0,0,72.8390,27.1610,1113.0000,0
1178.10,8,88.0000,0,0,89.1376,10.8624,1172.0000,0
1178.10,9,0.0000,0,0,91.4188,8.5812,1113.0000,0
1179.10,0,0.0000,0,0,93.5116,6.4884,1114.0000,0
1179.10,1,26.5000,0,0,85.0240,14.9760,1132.0000,0
1179.10,2,0.0000,0,0,92.9436,7.0564,1114.0000,0
1179.10,3,80.5000,0,0,95.2454,4.7546,1168.0000,0
1179.10,4,0.0000,0,0,99.0005,0.9995,1114.0000,0
1179.10,5,68.5000,0,0,91.0609,8.9391,1160.0000,0
1179.10,6,0.0000,0,0,95.5052,4.4948,1114.0000,0
1179.10,7,0.0000,0,0,72.8390,27.1610,1114.0000,0
1179.10,8,88.0000,0,0,89.1376,10.8624,1173.0000,0
1179.10,9,0.0000,0,0,91.4188,8.5812,1114.0000,0
1180.10,0,0.0000,0,0,93.5116,6.4884,1115.0000,0
1180.10,1,26.5000,0,0,85.0240,14.9760,1133.0000,0
1180.10,2,0.0000,0,0,92.9436,7.0564,1115.0000,0
1180.10,3,80.5000,0,0,95.2454,4.7546,1169.0000,0
1180.10,4,0.0000,0,0,99.0005,0.9995,1115.0000,0
1180.10,5,68.5000,0,0,91.0609,8.9391,1161.0000,0
1180.10,6,0.0000,0,0,95.5052,4.4948,1115.0000,0
1180.10,7,0.0000,0,0,72.8390,27.1610,1115.0000,0
1180.10,8,88.0000,0,0,89.1376,10.8624,1174.0000,0
1180.10,9,0.0000,0,0,91.4188,8.5812,1115.0000,0
1181.10,0,0.0000,0,0,93.5116,6.4884,1116.0000,0
1181.10,1,26.5000,0,0,85.0240,14.9760,1134.0000,0
1181.10,2,0.0000,0,0,92.9436,7.0564,1116.0000,0
1181.10,3,80.5000,0,0,95.2454,4.7546,1170.0000,0
1181.10,4,0.0000,0,0,99.0005,0.9995,1116.0000,0
1181.10,5,68.5000,0,0,91.0609,8.9391,1162.0000,0
1181.10,6,0.0000,0,0,95.5052,4.4948,1116.0000,0
1181.10,7,0.0000,0,0,72.8390,27.1610,1116.0000,0
1181.10,8,88.0000,0,0,89.1376,10.8624,1175.0000,0
1181.10,9,0.0000,0,0,91.4188,8.5812,1116.0000,0
1182.10,0,0.0000,0,0,93.5116,6.4884,1117.0000,0
1182.10,1,26.5000,0,0,85.0240,14.9760,1135.0000,0
1182.10,2,0.0000,0,0,92.9436,7.0564,1117.0000,0
1182.10,3,80.5000,0,0,95.2454,4.7546,1171.0000,0
1182.10,4,0.0000,0,0,99.0005,0.9995,1117.0000,0
1182.10,5,68.5000,0,0,91.0609,8.9391,1163.0000,0
1182.10,6,0.0000,0,0,95.5052,4.4948,1117.0000,0
1182.10,7,0.0000,0,0,72.8390,27.1610,1117.0000,0
1182.10,8,88.0000,0,0,89.1376,10.8624,1176.0000,0
1182.10,9,0.0000,0,0,91.4188,8.5812,1117.0000,0
1183.10,0,0.0000,0,0,93.5116,6.4884,1118.0000,0
1183.10,1,26.5000,0,0,85.0240,14.9760,1136.0000,0
1183.10,2,0.0000,0,0,92.9436,7.0564,1118.0000,0
1183.10,3,80.5000,0,0,95.2454,4.7546,1172.0000,0
1183.10,4,0.0000,0,0,99.0005,0.9995,1118.0000,0
1183.10,5,68.5000,0,0,91.0609,8.9391,1164.0000,0
1183.10,6,0.0000,0,0,95.5052,4.4948,1118.0000,0
1183.10,7,0.0000,0,0,72.8390,27.1610,1118.0000,0
1183.10,8,88.0000,0,0,89.1376,10.8624,1177.0000,0
1183.10,9,0.0000,0,0,91.4188,8.5812,1118.0000,0
1184.10,0,0.0000,0,0,93.5116,6.4884,1119.0000,0
1184.10,1,26.5000,0,0,85.0240,14.9760,1137.0000,0
1184.10,2,0.0000,0,0,92.9436,7.0564,1119.0000,0
1184.10,3,80.5000,0,0,95.2454,4.7546,1173.0000,0
1184.10,4,0.0000,0,0,99.0005,0.9995,1119.0000,0
1184.10,5,68.5000,0,0,91.0609,8.9391,1165.0000,0
1184.10,6,0.0000,0,0,95.5052,4.4948,1119.0000,0
1184.10,7,0.0000,0,0,72.8390,27.1610,1119.0000,0
1184.10,8,88.0000,0,0,89.1376,10.8624,1178.0000,0
1184.10,9,0.0000,0,0,91.4188,8.5812,1119.0000,0
1185.10,0,0.0000,0,0,93.5116,6.4884,1120.0000,0
1185.10,1,26.5000,0,0,85.0240,14.9760,1138.0000,0
1185.10,2,0.0000,0,0,92.9436,7.0564,1120.0000,0
1185.10,3,80.5000,0,0,95.2454,4.7546,1174.0000,0
1185.10,4,0.0000,0,0,99.0005,0.9995,1120.0000,0
1185.10,5,68.5000,0,0,91.0609,8.9391,1166.0000,0
1185.10,6,0.0000,0,0,95.5052,4.4948,1120.0000,0
1185.10,7,0.0000,0,0,72.8390,27.1610,1120.0000,0
1185.10,8,88.0000,0,0,89.1376,10.8624,1179.0000,0
1185.10,9,0.0000,0,0,91.4188,8.5812,1120.0000,0
1186.10,0,0.0000,0,0,93.5116,6.4884,1121.0000,0
1186.10,1,26.5000,0,0,85.0240,14.9760,1139.0000,0
1186.10,2,0.0000,0,0,92.9436,7.0564,1121.0000,0
1186.10,3,80.5000,0,0,95.2454,4.7546,1175.0000,0
1186.10,4,0.0000,0,0,99.0005,0.9995,1121.0000,0
1186.10,5,68.5000,0,0,91.0609,8.9391,1167.0000,0
1186.10,6,0.0000,0,0,95.5052,4.4948,1121.0000,0
1186.10,7,0.0000,0,0,72.8390,27.1610,1121.0000,0
1186.10,8,88.0000,0,0,89.1376,10.8624,1180.0000,0
1186.10,9,0.0000,0,0,91.4188,8.5812,1121.0000,0
1187.10,0,0.0000,0,0,93.5116,6.4884,1122.0000,0
1187.10,1,26.5000,0,0,85.0240,14.9760,1140.0000,0
1187.10,2,0.0000,0,0,92.9436,7.0564,1122.0000,0
1187.10,3,80.5000,0,0,95.2454,4.7546,1176.0000,0
1187.10,4,0.0000,0,0,99.0005,0.9995,1122.0000,0
1187.10,5,68.5000,0,0,91.0609,8.9391,1168.0000,0
1187.10,6,0.0000,0,0,95.5052,4.4948,1122.0000,0
1187.10,7,0.0000,0,0,72.8390,27.1610,1122.0000,0
1187.10,8,88.0000,0,0,89.1376,10.8624,1181.0000,0
1187.10,9,0.0000,0,0,91.4188,8.5812,1122.0000,0
1188.10,0,0.0000,0,0,93.5116,6.4884,1123.0000,0
1188.10,1,26.5000,0,0,85.0240,14.9760,1141.0000,0
1188.10,2,0.0000,0,0,92.9436,7.0564,1123.0000,0
1188.10,3,80.5000,0,0,95.2454,4.7546,1177.0000,0
1188.10,4,0.0000,0,0,99.0005,0.9995,1123.0000,0
1188.10,5,68.5000,0,0,91.0609,8.9391,1169.0000,0
1188.10,6,0.0000,0,0,95.5052,4.4948,1123.0000,0
1188.10,7,0.0000,0,0,72.8390,27.1610,1123.0000,0
1188.10,8,88.0000,0,0,89.1376,10.8624,1182.0000,0
1188.10,9,0.0000,0,0,91.4188,8.5812,1123.0000,0
1189.10,0,0.0000,0,0,93.5116,6.4884,1124.0000,0
1189.10,1,26.5000,0,0,85.0240,14.9760,1142.0000,0
1189.10,2,0.0000,0,0,92.9436,7.0564,1124.0000,0
1189.10,3,80.5000,0,0,95.2454,4.7546,1178.0000,0
1189.10,4,0.0000,0,0,99.0005,0.9995,1124.0000,0
1189.10,5,68.5000,0,0,91.0609,8.9391,1170.0000,0
1189.10,6,0.0000,0,0,95.5052,4.4948,1124.0000,0
1189.10,7,0.0000,0,0,72.8390,27.1610,1124.0000,0
1189.10,8,88.0000,0,0,89.1376,10.8624,1183.0000,0
1189.10,9,0.0000,0,0,91.4188,8.5812,1124.0000,0
1190.10,0,0.0000,0,0,93.5116,6.4884,1125.0000,0
1190.10,1,26.5000,0,0,85.0240,14.9760,1143.0000,0
1190.10,2,0.0000,0,0,92.9436,7.0564,1125.0000,0
1190.10,3,80.5000,0,0,95.2454,4.7546,1179.0000,0
1190.10,4,0.0000,0,0,99.0005,0.9995,1125.0000,0
1190.10,5,68.5000,0,0,91.0609,8.9391,1171.0000,0
1190.10,6,0.0000,0,0,95.5052,4.4948,1125.0000,0
1190.10,7,0.0000,0,0,72.8390,27.1610,1125.0000,0
1190.10,8,88.0000,0,0,89.1376,10.8624,1184.0000,0
1190.10,9,0.0000,0,0,91.4188,8.5812,1125.0000,0
1191.10,0,0.0000,0,0,93.5116,6.4884,1126.0000,0
1191.10,1,26.5000,0,0,85.0240,14.9760,1144.0000,0
1191.10,2,0.0000,0,0,92.9436,7.0564,1126.0000,0
1191.10,3,80.5000,0,0,95.2454,4.7546,1180.0000,0
1191.10,4,0.0000,0,0,99.0005,0.9995,1126.0000,0
1191.10,5,68.5000,0,0,91.0609,8.9391,1172.0000,0
1191.10,6,0.0000,0,0,95.5052,4.4948,1126.0000,0
1191.10,7,0.0000,0,0,72.8390,27.1610,1126.0000,0
1191.10,8,88.0000,0,0,89.1376,10.8624,1185.0000,0
1191.10,9,0.0000,0,0,91.4188,8.5812,1126.0000,0
1192.10,0,0.0000,0,0,93.5116,6.4884,1127.0000,0
1192.10,1,26.5000,0,0,85.0240,14.9760,1145.0000,0
1192.10,2,0.0000,0,0,92.9436,7.0564,1127.0000,0
1192.10,3,80.5000,0,0,95.2454,4.7546,1181.0000,0
1192.10,4,0.0000,0,0,99.0005,0.9995,1127.0000,0
1192.10,5,68.5000,0,0,91.0609,8.9391,1173.0000,0
1192.10,6,0.0000,0,0,95.5052,4.4948,1127.0000,0
1192.10,7,0.0000,0,0,72.8390,27.1610,1127.0000,0
1192.10,8,88.0000,0,0,89.1376,10.8624,1186.0000,0
1192.10,9,0.0000,0,0,91.4188,8.5812,1127.0000,0
1193.10,0,0.0000,0,0,93.5116,6.4884,1128.0000,0
1193.10,1,26.5000,0,0,85.0240,14.9760,1146.0000,0
1193.10,2,0.0000,0,0,92.9436,7.0564,1128.0000,0
1193.10,3,80.5000,0,0,95.2454,4.7546,1182.0000,0
1193.10,4,0.0000,0,0,99.0005,0.9995,1128.0000,0
1193.10,5,68.5000,0,0,91.0609,8.9391,1174.0000,0
1193.10,6,0.0000,0,0,95.5052,4.4948,1128.0000,0
1193.10,7,0.0000,0,0,72.8390,27.1610,1128.0000,0
1193.10,8,88.0000,0,0,89.1376,10.8624,1187.0000,0
1193.10,9,0.0000,0,0,91.4188,8.5812,1128.0000,0
1194.10,0,0.0000,0,0,93.5116,6.4884,1129.0000,0
1194.10,1,26.5000,0,0,85.0240,14.9760,1147.0000,0
1194.10,2,0.0000,0,0,92.9436,7.0564,1129.0000,0
1194.10,3,80.5000,0,0,95.2454,4.7546,1183.0000,0
1194.10,4,0.0000,0,0,99.0005,0.9995,1129.0000,0
1194.10,5,68.5000,0,0,91.0609,8.9391,1175.0000,0
1194.10,6,0.0000,0,0,95.5052,4.4948,1129.0000,0
1194.10,7,0.0000,0,0,72.8390,27.1610,1129.0000,0
1194.10,8,88.0000,0,0,89.1376,10.8624,1188.0000,0
1194.10,9,0.0000,0,0,91.4188,8.5812,1129.0000,0
1195.10,0,0.0000,0,0,93.5116,6.4884,1130.0000,0
1195.10,1,26.5000,0,0,85.0240,14.9760,1148.0000,0
1195.10,2,0.0000,0,0,92.9436,7.0564,1130.0000,0
1195.10,3,80.5000,0,0,95.2454,4.7546,1184.0000,0
1195.10,4,0.0000,0,0,99.0005,0.9995,1130.0000,0
1195.10,5,68.5000,0,0,91.0609,8.9391,1176.0000,0
1195.10,6,0.0000,0,0,95.5052,4.4948,1130.0000,0
1195.10,7,0.0000,0,0,72.8390,27.1610,1130.0000,0
1195.10,8,88.0000,0,0,89.1376,10.8624,1189.0000,0
1195.10,9,0.0000,0,0,91.4188,8.5812,1130.0000,0
1196.10,0,0.0000,0,0,93.5116,6.4884,1131.0000,0
1196.10,1,26.5000,0,0,85.0240,14.9760,1149.0000,0
1196.10,2,0.0000,0,0,92.9436,7.0564,1131.0000,0
1196.10,3,80.5000,0,0,95.2454,4.7546,1185.0000,0
1196.10,4,0.0000,0,0,99.0005,0.9995,1131.0000,0
1196.10,5,68.5000,0,0,91.0609,8.9391,1177.0000,0
1196.10,6,0.0000,0,0,95.5052,4.4948,1131.0000,0
1196.10,7,0.0000,0,0,72.8390,27.1610,1131.0000,0
1196.10,8,88.0000,0,0,89.1376,10.8624,1190.0000,0
1196.10,9,0.0000,0,0,91.4188,8.5812,1131.0000,0
1197.10,0,0.0000,0,0,93.5116,6.4884,1132.0000,0
1197.10,1,26.5000,0,0,85.0240,14.9760,1150.0000,0
1197.10,2,0.0000,0,0,92.9436,7.0564,1132.0000,0
1197.10,3,80.5000,0,0,95.2454,4.7546,1186.0000,0
1197.10,4,0.0000,0,0,99.0005,0.9995,1132.0000,0
1197.10,5,68.5000,0,0,91.0609,8.9391,1178.0000,0
1197.10,6,0.0000,0,0,95.5052,4.4948,1132.0000,0
1197.10,7,0.0000,0,0,72.8390,27.1610,1132.0000,0
1197.10,8,88.0000,0,0,89.1376,10.8624,1191.0000,0
1197.10,9,0.0000,0,0,91.4188,8.5812,1132.0000,0
1198.10,0,0.0000,0,0,93.5116,6.4884,1133.0000,0
1198.10,1,26.5000,0,0,85.0240,14.9760,1151.0000,0
1198.10,2,0.0000,0,0,92.9436,7.0564,1133.0000,0
1198.10,3,80.5000,0,0,95.2454,4.7546,1187.0000,0
1198.10,4,0.0000,0,0,99.0005,0.9995,1133.0000,0
1198.10,5,68.5000,0,0,91.0609,8.9391,1179.0000,0
1198.10,6,0.0000,0,0,95.5052,4.4948,1133.0000,0
1198.10,7,0.0000,0,0,72.8390,27.1610,1133.0000,0
1198.10,8,88.0000,0,0,89.1376,10.8624,1192.0000,0
1198.10,9,0.0000,0,0,91.4188,8.5812,1133.0000,0
1199.10,0,0.0000,0,0,93.5116,6.4884,1134.0000,0
1199.10,1,26.5000,0,0,85.0240,14.9760,1152.0000,0
1199.10,2,0.0000,0,0,92.9436,7.0564,1134.0000,0
1199.10,3,80.5000,0,0,95.2454,4.7546,1188.0000,0
1199.10,4,0.0000,0,0,99.0005,0.9995,1134.0000,0
1199.10,5,68.5000,0,0,91.0609,8.9391,1180.0000,0
1199.10,6,0.0000,0,0,95.5052,4.4948,1134.0000,0
1199.10,7,0.0000,0,0,72.8390,27.1610,1134.0000,0
1199.10,8,88.0000,0,0,89.1376,10.8624,1193.0000,0
1199.10,9,0.0000,0,0,91.4188,8.5812,1134.0000,0
1200.10,0,0.0000,0,0,93.5116,6.4884,1135.0000,0
1200.10,1,26.5000,0,0,85.0240,14.9760,1153.0000,0
1200.10,2,0.0000,0,0,92.9436,7.0564,1135.0000,0
1200.10,3,80.5000,0,0,95.2454,4.7546,1189.0000,0
1200.10,4,0.0000,0,0,99.0005,0.9995,1135.0000,0
1200.10,5,68.5000,0,0,91.0609,8.9391,1181.0000,0
1200.10,6,0.0000,0,0,95.5052,4.4948,1135.0000,0
1200.10,7,0.0000,0,0,72.8390,27.1610,1135.0000,0
1200.10,8,88.0000,0,0,89.1376,10.8624,1194.0000,0
1200.10,9,0.0000,0,0,91.4188,8.5812,1135.0000,0
1201.10,0,0.0000,0,0,93.5116,6.4884,1136.0000,0
1201.10,1,26.5000,0,0,85.0240,14.9760,1154.0000,0
1201.10,2,0.0000,0,0,92.9436,7.0564,1136.0000,0
1201.10,3,80.5000,0,0,95.2454,4.7546,1190.0000,0
1201.10,4,0.0000,0,0,99.0005,0.9995,1136.0000,0
1201.10,5,68.5000,0,0,91.0609,8.9391,1182.0000,0
1201.10,6,0.0000,0,0,95.5052,4.4948,1136.0000,0
1201.10,7,0.0000,0,0,72.8390,27.1610,1136.0000,0
1201.10,8,88.0000,0,0,89.1376,10.8624,1195.0000,0
1201.10,9,0.0000,0,0,91.4188,8.5812,1136.0000,0
1202.10,0,0.0000,0,0,93.5116,6.4884,1137.0000,0
1202.10,1,26.5000,0,0,85.0240,14.9760,1155.0000,0
1202.10,2,0.0000,0,0,92.9436,7.0564,1137.0000,0
1202.10,3,80.5000,0,0,95.2454,4.7546,1191.0000,0
1202.10,4,0.0000,0,0,99.0005,0.9995,1137.0000,0
1202.10,5,68.5000,0,0,91.0609,8.9391,1183.0000,0
1202.10,6,0.0000,0,0,95.5052,4.4948,1137.0000,0
1202.10,7,0.0000,0,0,72.8390,27.1610,1137.0000,0
1202.10,8,88.0000,0,0,89.1376,10.8624,1196.0000,0
1202.10,9,0.0000,0,0,91.4188,8.5812,1137.0000,0
1203.10,0,0.0000,0,0,93.5116,6.4884,1138.0000,0
1203.10,1,26.5000,0,0,85.0240,14.9760,1156.0000,0
1203.10,2,0.0000,0,0,92.9436,7.0564,1138.0000,0
1203.10,3,80.5000,0,0,95.2454,4.7546,1192.0000,0
1203.10,4,0.0000,0,0,99.0005,0.9995,1138.0000,0
1203.10,5,68.5000,0,0,91.0609,8.9391,1184.0000,0
1203.10,6,0.0000,0,0,95.5052,4.4948,1138.0000,0
1203.10,7,0.0000,0,0,72.8390,27.1610,1138.0000,0
1203.10,8,88.0000,0,0,89.1376,10.8624,1197.0000,0
1203.10,9,0.0000,0,0,91.4188,8.5812,1138.0000,0
1204.10,0,0.0000,0,0,93.5116,6.4884,1139.0000,0
1204.10,1,26.5000,0,0,85.0240,14.9760,1157.0000,0
1204.10,2,0.0000,0,0,92.9436,7.0564,1139.0000,0
1204.10,3,80.5000,0,0,95.2454,4.7546,1193.0000,0
1204.10,4,0.0000,0,0,99.0005,0.9995,1139.0000,0
1204.10,5,68.5000,0,0,91.0609,8.9391,1185.0000,0
1204.10,6,0.0000,0,0,95.5052,4.4948,1139.0000,0
1204.10,7,0.0000,0,0,72.8390,27.1610,1139.0000,0
1204.10,8,88.0000,0,0,89.1376,10.8624,1198.0000,0
1204.10,9,0.0000,0,0,91.4188,8.5812,1139.0000,0
1205.10,0,0.0000,0,0,93.5116,6.4884,1140.0000,0
1205.10,1,26.5000,0,0,85.0240,14.9760,1158.0000,0
1205.10,2,0.0000,0,0,92.9436,7.0564,1140.0000,0
1205.10,3,80.5000,0,0,95.2454,4.7546,1194.0000,0
1205.10,4,0.0000,0,0,99.0005,0.9995,1140.0000,0
1205.10,5,68.5000,0,0,91.0609,8.9391,1186.0000,0
1205.10,6,0.0000,0,0,95.5052,4.4948,1140.0000,0
1205.10,7,0.0000,0,0,72.8390,27.1610,1140.0000,0
1205.10,8,88.0000,0,0,89.1376,10.8624,1199.0000,0
1205.10,9,0.0000,0,0,91.4188,8.5812,1140.0000,0
1206.10,0,0.0000,0,0,93.5116,6.4884,1141.0000,0
1206.10,1,26.5000,0,0,85.0240,14.9760,1159.0000,0
1206.10,2,0.0000,0,0,92.9436,7.0564,1141.0000,0
1206.10,3,80.5000,0,0,95.2454,4.7546,1195.0000,0
1206.10,4,0.0000,0,0,99.0005,0.9995,1141.0000,0
1206.10,5,68.5000,0,0,91.0609,8.9391,1187.0000,0
1206.10,6,0.0000,0,0,95.5052,4.4948,1141.0000,0
1206.10,7,0.0000,0,0,72.8390,27.1610,1141.0000,0
1206.10,8,88.0000,0,0,89.1376,10.8624,1200.0000,0
1206.10,9,0.0000,0,0,91.4188,8.5812,1141.0000,0
1207.10,0,0.0000,0,0,93.5116,6.4884,1142.0000,0
1207.10,1,26.5000,0,0,85.0240,14.9760,1160.0000,0
1207.10,2,0.0000,0,0,92.9436,7.0564,1142.0000,0
1207.10,3,80.5000,0,0,95.2454,4.7546,1196.0000,0
1207.10,4,0.0000,0,0,99.0005,0.9995,1142.0000,0
1207.10,5,68.5000,0,0,91.0609,8.9391,1188.0000,0
1207.10,6,0.0000,0,0,95.5052,4.4948,1142.0000,0
1207.10,7,0.0000,0,0,72.8390,27.1610,1142.0000,0
1207.10,8,88.0000,0,0,89.1376,10.8624,1201.0000,0
1207.10,9,0.0000,0,0,91.4188,8.5812,1142.0000,0
1208.10,0,0.0000,0,0,93.5116,6.4884,1143.0000,0
1208.10,1,26.5000,0,0,85.0240,14.9760,1161.0000,0
1208.10,2,0.0000,0,0,92.9436,7.0564,1143.0000,0
1208.10,3,80.5000,0,0,95.2454,4.7546,1197.0000,0
1208.10,4,0.0000,0,0,99.0005,0.9995,1143.0000,0
1208.10,5,68.5000,0,0,91.0609,8.9391,1189.0000,0
1208.10,6,0.0000,0,0,95.5052,4.4948,1143.0000,0
1208.10,7,0.0000,0,0,72.8390,27.1610,1143.0000,0
1208.10,8,88.0000,0,0,89.1376,10.8624,1202.0000,0
1208.10,9,0.0000,0,0,91.4188,8.5812,1143.0000,0
1209.10,0,0.0000,0,0,93.5116,6.4884,1144.0000,0
1209.10,1,26.5000,0,0,85.0240,14.9760,1162.0000,0
1209.10,2,0.0000,0,0,92.9436,7.0564,1144.0000,0
1209.10,3,80.5000,0,0,95.2454,4.7546,1198.0000,0
1209.10,4,0.0000,0,0,99.0005,0.9995,1144.0000,0
1209.10,5,68.5000,0,0,91.0609,8.9391,1190.0000,0
1209.10,6,0.0000,0,0,95.5052,4.4948,1144.0000,0
1209.10,7,0.0000,0,0,72.8390,27.1610,1144.0000,0
1209.10,8,88.0000,0,0,89.1376,10.8624,1203.0000,0
1209.10,9,0.0000,0,0,91.4188,8.5812,1144.0000,0
1210.10,0,0.0000,0,0,93.5116,6.4884,1145.0000,0
1210.10,1,26.5000,0,0,85.0240,14.9760,1163.0000,0
1210.10,2,0.0000,0,0,92.9436,7.0564,1145.0000,0
1210.10,3,80.5000,0,0,95.2454,4.7546,1199.0000,0
1210.10,4,0.0000,0,0,99.0005,0.9995,1145.0000,0
1210.10,5,68.5000,0,0,91.0609,8.9391,1191.0000,0
1210.10,6,0.0000,0,0,95.5052,4.4948,1145.0000,0
1210.10,7,0.0000,0,0,72.8390,27.1610,1145.0000,0
1210.10,8,88.0000,0,0,89.1376,10.8624,1204.0000,0
1210.10,9,0.0000,0,0,91.4188,8.5812,1145.0000,0
1211.10,0,0.0000,0,0,93.5116,6.4884,1146.0000,0
1211.10,1,26.5000,0,0,85.0240,14.9760,1164.0000,0
1211.10,2,0.0000,0,0,92.9436,7.0564,1146.0000,0
1211.10,3,80.5000,0,0,95.2454,4.7546,1200.0000,0
1211.10,4,0.0000,0,0,99.0005,0.9995,1146.0000,0
1211.10,5,68.5000,0,0,91.0609,8.9391,1192.0000,0
1211.10,6,0.0000,0,0,95.5052,4.4948,1146.0000,0
1211.10,7,0.0000,0,0,72.8390,27.1610,1146.0000,0
1211.10,8,88.0000,0,0,89.1376,10.8624,1205.0000,0
1211.10,9,0.0000,0,0,91.4188,8.5812,1146.0000,0
1212.10,0,0.0000,0,0,93.5116,6.4884,1147.0000,0
1212.10,1,26.5000,0,0,85.0240,14.9760,1165.0000,0
1212.10,2,0.0000,0,0,92.9436,7.0564,1147.0000,0
1212.10,3,80.5000,0,0,95.2454,4.7546,1201.0000,0
1212.10,4,0.0000,0,0,99.0005,0.9995,1147.0000,0
1212.10,5,68.5000,0,0,91.0609,8.9391,1193.0000,0
1212.10,6,0.0000,0,0,95.5052,4.4948,1147.0000,0
1212.10,7,0.0000,0,0,72.8390,27.1610,1147.0000,0
1212.10,8,88.0000,0,0,89.1376,10.8624,1206.0000,0
1212.10,9,0.0000,0,0,91.4188,8.5812,1147.0000,0
1213.10,0,0.0000,0,0,93.5116,6.4884,1148.0000,0
1213.10,1,26.5000,0,0,85.0240,14.9760,1166.0000,0
1213.10,2,0.0000,0,0,92.9436,7.0564,1148.0000,0
1213.10,3,80.5000,0,0,95.2454,4.7546,1202.0000,0
1213.10,4,0.0000,0,0,99.0005,0.9995,1148.0000,0
1213.10,5,68.5000,0,0,91.0609,8.9391,1194.0000,0
1213.10,6,0.0000,0,0,95.5052,4.4948,1148.0000,0
1213.10,7,0.0000,0,0,72.8390,27.1610,1148.0000,0
1213.10,8,88.0000,0,0,89.1376,10.8624,1207.0000,0
1213.10,9,0.0000,0,0,91.4188,8.5812,1148.0000,0
1214.10,0,0.0000,0,0,93.5116,6.4884,1149.0000,0
1214.10,1,26.5000,0,0,85.0240,14.9760,1167.0000,0
1214.10,2,0.0000,0,0,92.9436,7.0564,1149.0000,0
1214.10,3,80.5000,0,0,95.2454,4.7546,1203.0000,0
1214.10,4,0.0000,0,0,99.0005,0.9995,1149.0000,0
1214.10,5,68.5000,0,0,91.0609,8.9391,1195.0000,0
1214.10,6,0.0000,0,0,95.5052,4.4948,1149.0000,0
1214.10,7,0.0000,0,0,72.8390,27.1610,1149.0000,0
1214.10,8,88.0000,0,0,89.1376,10.8624,1208.0000,0
1214.10,9,0.0000,0,0,91.4188,8.5812,1149.0000,0
1215.10,0,0.0000,0,0,93.5116,6.4884,1150.0000,0
1215.10,1,26.5000,0,0,85.0240,14.9760,1168.0000,0
1215.10,2,0.0000,0,0,92.9436,7.0564,1150.0000,0
1215.10,3,80.5000,0,0,95.2454,4.7546,1204.0000,0
1215.10,4,0.0000,0,0,99.0005,0.9995,1150.0000,0
1215.10,5,68.5000,0,0,91.0609,8.9391,1196.0000,0
1215.10,6,0.0000,0,0,95.5052,4.4948,1150.0000,0
1215.10,7,0.0000,0,0,72.8390,27.1610,1150.0000,0
1215.10,8,88.0000,0,0,89.1376,10.8624,1209.0000,0
1215.10,9,0.0000,0,0,91.4188,8.5812,1150.0000,0
1216.10,0,0.0000,0,0,93.5116,6.4884,1151.0000,0
1216.10,1,26.5000,0,0,85.0240,14.9760,1169.0000,0
1216.10,2,0.0000,0,0,92.9436,7.0564,1151.0000,0
1216.10,3,80.5000,0,0,95.2454,4.7546,1205.0000,0
1216.10,4,0.0000,0,0,99.0005,0.9995,1151.0000,0
1216.10,5,68.5000,0,0,91.0609,8.9391,1197.0000,0
1216.10,6,0.0000,0,0,95.5052,4.4948,1151.0000,0
1216.10,7,0.0000,0,0,72.8390,27.1610,1151.0000,0
1216.10,8,88.0000,0,0,89.1376,10.8624,1210.0000,0
1216.10,9,0.0000,0,0,91.4188,8.5812,1151.0000,0
1217.10,0,0.0000,0,0,93.5116,6.4884,1152.0000,0
1217.10,1,26.5000,0,0,85.0240,14.9760,1170.0000,0
1217.10,2,0.0000,0,0,92.9436,7.0564,1152.0000,0
1217.10,3,80.5000,0,0,95.2454,4.7546,1206.0000,0
1217.10,4,0.0000,0,0,99.0005,0.9995,1152.0000,0
1217.10,5,68.5000,0,0,91.0609,8.9391,1198.0000,0
1217.10,6,0.0000,0,0,95.5052,4.4948,1152.0000,0
1217.10,7,0.0000,0,0,72.8390,27.1610,1152.0000,0
1217.10,8,88.0000,0,0,89.1376,10.8624,1211.0000,0
1217.10,9,0.0000,0,0,91.4188,8.5812,1152.0000,0
1218.10,0,0.0000,0,0,93.5116,6.4884,1153.0000,0
1218.10,1,26.5000,0,0,85.0240,14.9760,1171.0000,0
1218.10,2,0.0000,0,0,92.9436,7.0564,1153.0000,0
1218.10,3,80.5000,0,0,95.2454,4.7546,1207.0000,0
1218.10,4,0.0000,0,0,99.0005,0.9995,1153.0000,0
1218.10,5,68.5000,0,0,91.0609,8.9391,1199.0000,0
1218.10,6,0.0000,0,0,95.5052,4.4948,1153.0000,0
1218.10,7,0.0000,0,0,72.8390,27.1610,1153.0000,0
1218.10,8,88.0000,0,0,89.1376,10.8624,1212.0000,0
1218.10,9,0.0000,0,0,91.4188,8.5812,1153.0000,0
1219.10,0,0.0000,0,0,93.5116,6.4884,1154.0000,0
1219.10,1,26.5000,0,0,85.0240,14.9760,1172.0000,0
1219.10,2,0.0000,0,0,92.9436,7.0564,1154.0000,0
1219.10,3,80.5000,0,0,95.2454,4.7546,1208.0000,0
1219.10,4,0.0000,0,0,99.0005,0.9995,1154.0000,0
1219.10,5,68.5000,0,0,91.0609,8.9391,1200.0000,0
1219.10,6,0.0000,0,0,95.5052,4.4948,1154.0000,0
1219.10,7,0.0000,0,0,72.8390,27.1610,1154.0000,0
1219.10,8,88.0000,0,0,89.1376,10.8624,1213.0000,0
1219.10,9,0.0000,0,0,91.4188,8.5812,1154.0000,0
1220.10,0,0.0000,0,0,93.5116,6.4884,1155.0000,0
1220.10,1,26.5000,0,0,85.0240,14.9760,1173.0000,0
1220.10,2,0.0000,0,0,92.9436,7.0564,1155.0000,0
1220.10,3,80.5000,0,0,95.2454,4.7546,1209.0000,0
1220.10,4,0.0000,0,0,99.0005,0.9995,1155.0000,0
1220.10,5,68.5000,0,0,91.0609,8.9391,1201.0000,0
1220.10,6,0.0000,0,0,95.5052,4.4948,1155.0000,0
1220.10,7,0.0000,0,0,72.8390,27.1610,1155.0000,0
1220.10,8,88.0000,0,0,89.1376,10.8624,1214.0000,0
1220.10,9,0.0000,0,0,91.4188,8.5812,1155.0000,0
1221.10,0,0.0000,0,0,93.5116,6.4884,1156.0000,0
1221.10,1,26.5000,0,0,85.0240,14.9760,1174.0000,0
1221.10,2,0.0000,0,0,92.9436,7.0564,1156.0000,0
1221.10,3,80.5000,0,0,95.2454,4.7546,1210.0000,0
1221.10,4,0.0000,0,0,99.0005,0.9995,1156.0000,0
1221.10,5,68.5000,0,0,91.0609,8.9391,1202.0000,0
1221.10,6,0.0000,0,0,95.5052,4.4948,1156.0000,0
1221.10,7,0.0000,0,0,72.8390,27.1610,1156.0000,0
1221.10,8,88.0000,0,0,89.1376,10.8624,1215.0000,0
1221.10,9,0.0000,0,0,91.4188,8.5812,1156.0000,0
1222.10,0,0.0000,0,0,93.5116,6.4884,1157.0000,0
1222.10,1,26.5000,0,0,85.0240,14.9760,1175.0000,0
1222.10,2,0.0000,0,0,92.9436,7.0564,1157.0000,0
1222.10,3,80.5000,0,0,95.2454,4.7546,1211.0000,0
1222.10,4,0.0000,0,0,99.0005,0.9995,1157.0000,0
1222.10,5,68.5000,0,0,91.0609,8.9391,1203.0000,0
1222.10,6,0.0000,0,0,95.5052,4.4948,1157.0000,0
1222.10,7,0.0000,0,0,72.8390,27.1610,1157.0000,0
1222.10,8,88.0000,0,0,89.1376,10.8624,1216.0000,0
1222.10,9,0.0000,0,0,91.4188,8.5812,1157.0000,0
1223.10,0,0.0000,0,0,93.5116,6.4884,1158.0000,0
1223.10,1,26.5000,0,0,85.0240,14.9760,1176.0000,0
1223.10,2,0.0000,0,0,92.9436,7.0564,1158.0000,0
1223.10,3,80.5000,0,0,95.2454,4.7546,1212.0000,0
1223.10,4,0.0000,0,0,99.0005,0.9995,1158.0000,0
1223.10,5,68.5000,0,0,91.0609,8.9391,1204.0000,0
1223.10,6,0.0000,0,0,95.5052,4.4948,1158.0000,0
1223.10,7,0.0000,0,0,72.8390,27.1610,1158.0000,0
1223.10,8,88.0000,0,0,89.1376,10.8624,1217.0000,0
1223.10,9,0.0000,0,0,91.4188,8.5812,1158.0000,0
1224.10,0,0.0000,0,0,93.5116,6.4884,1159.0000,0
1224.10,1,26.5000,0,0,85.0240,14.9760,1177.0000,0
1224.10,2,0.0000,0,0,92.9436,7.0564,1159.0000,0
1224.10,3,80.5000,0,0,95.2454,4.7546,1213.0000,0
1224.10,4,0.0000,0,0,99.0005,0.9995,1159.0000,0
1224.10,5,68.5000,0,0,91.0609,8.9391,1205.0000,0
1224.10,6,0.0000,0,0,95.5052,4.4948,1159.0000,0
1224.10,7,0.0000,0,0,72.8390,27.1610,1159.0000,0
1224.10,8,88.0000,0,0,89.1376,10.8624,1218.0000,0
1224.10,9,0.0000,0,0,91.4188,8.5812,1159.0000,0
1225.10,0,0.0000,0,0,93.5116,6.4884,1160.0000,0
1225.10,1,26.5000,0,0,85.0240,14.9760,1178.0000,0
1225.10,2,0.0000,0,0,92.9436,7.0564,1160.0000,0
1225.10,3,80.5000,0,0,95.2454,4.7546,1214.0000,0
1225.10,4,0.0000,0,0,99.0005,0.9995,1160.0000,0
1225.10,5,68.5000,0,0,91.0609,8.9391,1206.0000,0
1225.10,6,0.0000,0,0,95.5052,4.4948,1160.0000,0
1225.10,7,0.0000,0,0,72.8390,27.1610,1160.0000,0
1225.10,8,88.0000,0,0,89.1376,10.8624,1219.0000,0
1225.10,9,0.0000,0,0,91.4188,8.5812,1160.0000,0
1226.10,0,0.0000,0,0,93.5116,6.4884,1161.0000,0
1226.10,1,26.5000,0,0,85.0240,14.9760,1179.0000,0
1226.10,2,0.0000,0,0,92.9436,7.0564,1161.0000,0
1226.10,3,80.5000,0,0,95.2454,4.7546,1215.0000,0
1226.10,4,0.0000,0,0,99.0005,0.9995,1161.0000,0
1226.10,5,68.5000,0,0,91.0609,8.9391,1207.0000,0
1226.10,6,0.0000,0,0,95.5052,4.4948,1161.0000,0
1226.10,7,0.0000,0,0,72.8390,27.1610,1161.0000,0
1226.10,8,88.0000,0,0,89.1376,10.8624,1220.0000,0
1226.10,9,0.0000,0,0,91.4188,8.5812,1161.0000,0
1227.10,0,0.0000,0,0,93.5116,6.4884,1162.0000,0
1227.10,1,26.5000,0,0,85.0240,14.9760,1180.0000,0
1227.10,2,0.0000,0,0,92.9436,7.0564,1162.0000,0
1227.10,3,80.5000,0,0,95.2454,4.7546,1216.0000,0
1227.10,4,0.0000,0,0,99.0005,0.9995,1162.0000,0
1227.10,5,68.5000,0,0,91.0609,8.9391,1208.0000,0
1227.10,6,0.0000,0,0,95.5052,4.4948,1162.0000,0
1227.10,7,0.0000,0,0,72.8390,27.1610,1162.0000,0
1227.10,8,88.0000,0,0,89.1376,10.8624,1221.0000,0
1227.10,9,0.0000,0,0,91.4188,8.5812,1162.0000,0
1228.10,0,0.0000,0,0,93.5116,6.4884,1163.0000,0
1228.10,1,26.5000,0,0,85.0240,14.9760,1181.0000,0
1228.10,2,0.0000,0,0,92.9436,7.0564,1163.0000,0
1228.10,3,80.5000,0,0,95.2454,4.7546,1217.0000,0
1228.10,4,0.0000,0,0,99.0005,0.9995,1163.0000,0
1228.10,5,68.5000,0,0,91.0609,8.9391,1209.0000,0
1228.10,6,0.0000,0,0,95.5052,4.4948,1163.0000,0
1228.10,7,0.0000,0,0,72.8390,27.1610,1163.0000,0
1228.10,8,88.0000,0,0,89.1376,10.8624,1222.0000,0
1228.10,9,0.0000,0,0,91.4188,8.5812,1163.0000,0
1229.10,0,0.0000,0,0,93.5116,6.4884,1164.0000,0
1229.10,1,26.5000,0,0,85.0240,14.9760,1182.0000,0
1229.10,2,0.0000,0,0,92.9436,7.0564,1164.0000,0
1229.10,3,80.5000,0,0,95.2454,4.7546,1218.0000,0
1229.10,4,0.0000,0,0,99.0005,0.9995,1164.0000,0
1229.10,5,68.5000,0,0,91.0609,8.9391,1210.0000,0
1229.10,6,0.0000,0,0,95.5052,4.4948,1164.0000,0
1229.10,7,0.0000,0,0,72.8390,27.1610,1164.0000,0
1229.10,8,88.0000,0,0,89.1376,10.8624,1223.0000,0
1229.10,9,0.0000,0,0,91.4188,8.5812,1164.0000,0
1230.10,0,0.0000,0,0,93.5116,6.4884,1165.0000,0
1230.10,1,26.5000,0,0,85.0240,14.9760,1183.0000,0
1230.10,2,0.0000,0,0,92.9436,7.0564,1165.0000,0
1230.10,3,80.5000,0,0,95.2454,4.7546,1219.0000,0
1230.10,4,0.0000,0,0,99.0005,0.9995,1165.0000,0
1230.10,5,68.5000,0,0,91.0609,8.9391,1211.0000,0
1230.10,6,0.0000,0,0,95.5052,4.4948,1165.0000,0
1230.10,7,0.0000,0,0,72.8390,27.1610,1165.0000,0
1230.10,8,88.0000,0,0,89.1376,10.8624,1224.0000,0
1230.10,9,0.0000,0,0,91.4188,8.5812,1165.0000,0
1231.10,0,0.0000,0,0,93.5116,6.4884,1166.0000,0
1231.10,1,26.5000,0,0,85.0240,14.9760,1184.0000,0
1231.10,2,0.0000,0,0,92.9436,7.0564,1166.0000,0
1231.10,3,80.5000,0,0,95.2454,4.7546,1220.0000,0
1231.10,4,0.0000,0,0,99.0005,0.9995,1166.0000,0
1231.10,5,68.5000,0,0,91.0609,8.9391,1212.0000,0
1231.10,6,0.0000,0,0,95.5052,4.4948,1166.0000,0
1231.10,7,0.0000,0,0,72.8390,27.1610,1166.0000,0
1231.10,8,88.0000,0,0,89.1376,10.8624,1225.0000,0
1231.10,9,0.0000,0,0,91.4188,8.5812,1166.0000,0
1232.10,0,0.0000,0,0,93.5116,6.4884,1167.0000,0
1232.10,1,26.5000,0,0,85.0240,14.9760,1185.0000,0
1232.10,2,0.0000,0,0,92.9436,7.0564,1167.0000,0
1232.10,3,80.5000,0,0,95.2454,4.7546,1221.0000,0
1232.10,4,0.0000,0,0,99.0005,0.9995,1167.0000,0
1232.10,5,68.5000,0,0,91.0609,8.9391,1213.0000,0
1232.10,6,0.0000,0,0,95.5052,4.4948,1167.0000,0
1232.10,7,0.0000,0,0,72.8390,27.1610,1167.0000,0
1232.10,8,88.0000,0,0,89.1376,10.8624,1226.0000,0
1232.10,9,0.0000,0,0,91.4188,8.5812,1167.0000,0
1233.10,0,0.0000,0,0,93.5116,6.4884,1168.0000,0
1233.10,1,26.5000,0,0,85.0240,14.9760,1186.0000,0
1233.10,2,0.0000,0,0,92.9436,7.0564,1168.0000,0
1233.10,3,80.5000,0,0,95.2454,4.7546,1222.0000,0
1233.10,4,0.0000,0,0,99.0005,0.9995,1168.0000,0
1233.10,5,68.5000,0,0,91.0609,8.9391,1214.0000,0
1233.10,6,0.0000,0,0,95.5052,4.4948,1168.0000,0
1233.10,7,0.0000,0,0,72.8390,27.1610,1168.0000,0
1233.10,8,88.0000,0,0,89.1376,10.8624,1227.0000,0
1233.10,9,0.0000,0,0,91.4188,8.5812,1168.0000,0
1234.10,0,0.0000,0,0,93.5116,6.4884,1169.0000,0
1234.10,1,26.5000,0,0,85.0240,14.9760,1187.0000,0
1234.10,2,0.0000,0,0,92.9436,7.0564,1169.0000,0
1234.10,3,80.5000,0,0,95.2454,4.7546,1223.0000,0
1234.10,4,0.0000,0,0,99.0005,0.9995,1169.0000,0
1234.10,5,68.5000,0,0,91.0609,8.9391,1215.0000,0
1234.10,6,0.0000,0,0,95.5052,4.4948,1169.0000,0
1234.10,7,0.0000,0,0,72.8390,27.1610,1169.0000,0
1234.10,8,88.0000,0,0,89.1376,10.8624,1228.0000,0
1234.10,9,0.0000,0,0,91.4188,8.5812,1169.0000,0
1235.10,0,0.0000,0,0,93.5116,6.4884,1170.0000,0
1235.10,1,26.5000,0,0,85.0240,14.9760,1188.0000,0
1235.10,2,0.0000,0,0,92.9436,7.0564,1170.0000,0
1235.10,3,80.5000,0,0,95.2454,4.7546,1224.0000,0
1235.10,4,0.0000,0,0,99.0005,0.9995,1170.0000,0
1235.10,5,68.5000,0,0,91.0609,8.9391,1216.0000,0
1235.10,6,0.0000,0,0,95.5052,4.4948,1170.0000,0
1235.10,7,0.0000,0,0,72.8390,27.1610,1170.0000,0
1235.10,8,88.0000,0,0,89.1376,10.8624,1229.0000,0
1235.10,9,0.0000,0,0,91.4188,8.5812,1170.0000,0
1236.10,0,0.0000,0,0,93.5116,6.4884,1171.0000,0
1236.10,1,26.5000,0,0,85.0240,14.9760,1189.0000,0
1236.10,2,0.0000,0,0,92.9436,7.0564,1171.0000,0
1236.10,3,80.5000,0,0,95.2454,4.7546,1225.0000,0
1236.10,4,0.0000,0,0,99.0005,0.9995,1171.0000,0
1236.10,5,68.5000,0,0,91.0609,8.9391,1217.0000,0
1236.10,6,0.0000,0,0,95.5052,4.4948,1171.0000,0
1236.10,7,0.0000,0,0,72.8390,27.1610,1171.0000,0
1236.10,8,88.0000,0,0,89.1376,10.8624,1230.0000,0
1236.10,9,0.0000,0,0,91.4188,8.5812,1171.0000,0
1237.10,0,0.0000,0,0,93.5116,6.4884,1172.0000,0
1237.10,1,26.5000,0,0,85.0240,14.9760,1190.0000,0
1237.10,2,0.0000,0,0,92.9436,7.0564,1172.0000,0
1237.10,3,80.5000,0,0,95.2454,4.7546,1226.0000,0
1237.10,4,0.0000,0,0,99.0005,0.9995,1172.0000,0
1237.10,5,68.5000,0,0,91.0609,8.9391,1218.0000,0
1237.10,6,0.0000,0,0,95.5052,4.4948,1172.0000,0
1237.10,7,0.0000,0,0,72.8390,27.1610,1172.0000,0
1237.10,8,88.0000,0,0,89.1376,10.8624,1231.0000,0
1237.10,9,0.0000,0,0,91.4188,8.5812,1172.0000,0
1238.10,0,0.0000,0,0,93.5116,6.4884,1173.0000,0
1238.10,1,26.5000,0,0,85.0240,14.9760,1191.0000,0
1238.10,2,0.0000,0,0,92.9436,7.0564,1173.0000,0
1238.10,3,80.5000,0,0,95.2454,4.7546,1227.0000,0
1238.10,4,0.0000,0,0,99.0005,0.9995,1173.0000,0
1238.10,5,68.5000,0,0,91.0609,8.9391,1219.0000,0
1238.10,6,0.0000,0,0,95.5052,4.4948,1173.0000,0
1238.10,7,0.0000,0,0,72.8390,27.1610,1173.0000,0
1238.10,8,88.0000,0,0,89.1376,10.8624,1232.0000,0
1238.10,9,0.0000,0,0,91.4188,8.5812,1173.0000,0
1239.10,0,0.0000,0,0,93.5116,6.4884,1174.0000,0
1239.10,1,26.5000,0,0,85.0240,14.9760,1192.0000,0
1239.10,2,0.0000,0,0,92.9436,7.0564,1174.0000,0
1239.10,3,80.5000,0,0,95.2454,4.7546,1228.0000,0
1239.10,4,0.0000,0,0,99.0005,0.9995,1174.0000,0
1239.10,5,68.5000,0,0,91.0609,8.9391,1220.0000,0
1239.10,6,0.0000,0,0,95.5052,4.4948,1174.0000,0
1239.10,7,0.0000,0,0,72.8390,27.1610,1174.0000,0
1239.10,8,88.0000,0,0,89.1376,10.8624,1233.0000,0
1239.10,9,0.0000,0,0,91.4188,8.5812,1174.0000,0
1240.10,0,0.0000,0,0,93.5116,6.4884,1175.0000,0
1240.10,1,26.5000,0,0,85.0240,14.9760,1193.0000,0
1240.10,2,0.0000,0,0,92.9436,7.0564,1175.0000,0
1240.10,3,80.5000,0,0,95.2454,4.7546,1229.0000,0
1240.10,4,0.0000,0,0,99.0005,0.9995,1175.0000,0
1240.10,5,68.5000,0,0,91.0609,8.9391,1221.0000,0
1240.10,6,0.0000,0,0,95.5052,4.4948,1175.0000,0
1240.10,7,0.0000,0,0,72.8390,27.1610,1175.0000,0
1240.10,8,88.0000,0,0,89.1376,10.8624,1234.0000,0
1240.10,9,0.0000,0,0,91.4188,8.5812,1175.0000,0
1241.10,0,0.0000,0,0,93.5116,6.4884,1176.0000,0
1241.10,1,26.5000,0,0,85.0240,14.9760,1194.0000,0
1241.10,2,0.0000,0,0,92.9436,7.0564,1176.0000,0
1241.10,3,80.5000,0,0,95.2454,4.7546,1230.0000,0
1241.10,4,0.0000,0,0,99.0005,0.9995,1176.0000,0
1241.10,5,68.5000,0,0,91.0609,8.9391,1222.0000,0
1241.10,6,0.0000,0,0,95.5052,4.4948,1176.0000,0
1241.10,7,0.0000,0,0,72.8390,27.1610,1176.0000,0
1241.10,8,88.0000,0,0,89.1376,10.8624,1235.0000,0
1241.10,9,0.0000,0,0,91.4188,8.5812,1176.0000,0
1242.10,0,0.0000,0,0,93.5116,6.4884,1177.0000,0
1242.10,1,26.5000,0,0,85.0240,14.9760,1195.0000,0
1242.10,2,0.0000,0,0,92.9436,7.0564,1177.0000,0
1242.10,3,80.5000,0,0,95.2454,4.7546,1231.0000,0
1242.10,4,0.0000,0,0,99.0005,0.9995,1177.0000,0
1242.10,5,68.5000,0,0,91.0609,8.9391,1223.0000,0
1242.10,6,0.0000,0,0,95.5052,4.4948,1177.0000,0
1242.10,7,0.0000,0,0,72.8390,27.1610,1177.0000,0
1242.10,8,88.0000,0,0,89.1376,10.8624,1236.0000,0
1242.10,9,0.0000,0,0,91.4188,8.5812,1177.0000,0
1243.10,0,0.0000,0,0,93.5116,6.4884,1178.0000,0
1243.10,1,26.5000,0,0,85.0240,14.9760,1196.0000,0
1243.10,2,0.0000,0,0,92.9436,7.0564,1178.0000,0
1243.10,3,80.5000,0,0,95.2454,4.7546,1232.0000,0
1243.10,4,0.0000,0,0,99.0005,0.9995,1178.0000,0
1243.10,5,68.5000,0,0,91.0609,8.9391,1224.0000,0
1243.10,6,0.0000,0,0,95.5052,4.4948,1178.0000,0
1243.10,7,0.0000,0,0,72.8390,27.1610,1178.0000,0
1243.10,8,88.0000,0,0,89.1376,10.8624,1237.0000,0
1243.10,9,0.0000,0,0,91.4188,8.5812,1178.0000,0
1244.10,0,0.0000,0,0,93.5116,6.4884,1179.0000,0
1244.10,1,26.5000,0,0,85.0240,14.9760,1197.0000,0
1244.10,2,0.0000,0,0,92.9436,7.0564,1179.0000,0
1244.10,3,80.5000,0,0,95.2454,4.7546,1233.0000,0
1244.10,4,0.0000,0,0,99.0005,0.9995,1179.0000,0
1244.10,5,68.5000,0,0,91.0609,8.9391,1225.0000,0
1244.10,6,0.0000,0,0,95.5052,4.4948,1179.0000,0
1244.10,7,0.0000,0,0,72.8390,27.1610,1179.0000,0
1244.10,8,88.0000,0,0,89.1376,10.8624,1238.0000,0
1244.10,9,0.0000,0,0,91.4188,8.5812,1179.0000,0
1245.10,0,0.0000,0,0,93.5116,6.4884,1180.0000,0
1245.10,1,26.5000,0,0,85.0240,14.9760,1198.0000,0
1245.10,2,0.0000,0,0,92.9436,7.0564,1180.0000,0
1245.10,3,80.5000,0,0,95.2454,4.7546,1234.0000,0
1245.10,4,0.0000,0,0,99.0005,0.9995,1180.0000,0
1245.10,5,68.5000,0,0,91.0609,8.9391,1226.0000,0
1245.10,6,0.0000,0,0,95.5052,4.4948,1180.0000,0
1245.10,7,0.0000,0,0,72.8390,27.1610,1180.0000,0
1245.10,8,88.0000,0,0,89.1376,10.8624,1239.0000,0
1245.10,9,0.0000,0,0,91.4188,8.5812,1180.0000,0
1246.10,0,0.0000,0,0,93.5116,6.4884,1181.0000,0
1246.10,1,26.5000,0,0,85.0240,14.9760,1199.0000,0
1246.10,2,0.0000,0,0,92.9436,7.0564,1181.0000,0
1246.10,3,80.5000,0,0,95.2454,4.7546,1235.0000,0
1246.10,4,0.0000,0,0,99.0005,0.9995,1181.0000,0
1246.10,5,68.5000,0,0,91.0609,8.9391,1227.0000,0
1246.10,6,0.0000,0,0,95.5052,4.4948,1181.0000,0
1246.10,7,0.0000,0,0,72.8390,27.1610,1181.0000,0
1246.10,8,88.0000,0,0,89.1376,10.8624,1240.0000,0
1246.10,9,0.0000,0,0,91.4188,8.5812,1181.0000,0
1247.10,0,0.0000,0,0,93.5116,6.4884,1182.0000,0
1247.10,1,26.5000,0,0,85.0240,14.9760,1200.0000,0
1247.10,2,0.0000,0,0,92.9436,7.0564,1182.0000,0
1247.10,3,80.5000,0,0,95.2454,4.7546,1236.0000,0
1247.10,4,0.0000,0,0,99.0005,0.9995,1182.0000,0
1247.10,5,68.5000,0,0,91.0609,8.9391,1228.0000,0
1247.10,6,0.0000,0,0,95.5052,4.4948,1182.0000,0
1247.10,7,0.0000,0,0,72.8390,27.1610,1182.0000,0
1247.10,8,88.0000,0,0,89.1376,10.8624,1241.0000,0
1247.10,9,0.0000,0,0,91.4188,8.5812,1182.0000,0
1248.10,0,0.0000,0,0,93.5116,6.4884,1183.0000,0
1248.10,1,26.5000,0,0,85.0240,14.9760,1201.0000,0
1248.10,2,0.0000,0,0,92.9436,7.0564,1183.0000,0
1248.10,3,80.5000,0,0,95.2454,4.7546,1237.0000,0
1248.10,4,0.0000,0,0,99.0005,0.9995,1183.0000,0
1248.10,5,68.5000,0,0,91.0609,8.9391,1229.0000,0
1248.10,6,0.0000,0,0,95.5052,4.4948,1183.0000,0
1248.10,7,0.0000,0,0,72.8390,27.1610,1183.0000,0
1248.10,8,88.0000,0,0,89.1376,10.8624,1242.0000,0
1248.10,9,0.0000,0,0,91.4188,8.5812,1183.0000,0
1249.10,0,0.0000,0,0,93.5116,6.4884,1184.0000,0
1249.10,1,26.5000,0,0,85.0240,14.9760,1202.0000,0
1249.10,2,0.0000,0,0,92.9436,7.0564,1184.0000,0
1249.10,3,80.5000,0,0,95.2454,4.7546,1238.0000,0
1249.10,4,0.0000,0,0,99.0005,0.9995,1184.0000,0
1249.10,5,68.5000,0,0,91.0609,8.9391,1230.0000,0
1249.10,6,0.0000,0,0,95.5052,4.4948,1184.0000,0
1249.10,7,0.0000,0,0,72.8390,27.1610,1184.0000,0
1249.10,8,88.0000,0,0,89.1376,10.8624,1243.0000,0
1249.10,9,0.0000,0,0,91.4188,8.5812,1184.0000,0
1250.10,0,0.0000,0,0,93.5116,6.4884,1185.0000,0
1250.10,1,26.5000,0,0,85.0240,14.9760,1203.0000,0
1250.10,2,0.0000,0,0,92.9436,7.0564,1185.0000,0
1250.10,3,80.5000,0,0,95.2454,4.7546,1239.0000,0
1250.10,4,0.0000,0,0,99.0005,0.9995,1185.0000,0
1250.10,5,68.5000,0,0,91.0609,8.9391,1231.0000,0
1250.10,6,0.0000,0,0,95.5052,4.4948,1185.0000,0
1250.10,7,0.0000,0,0,72.8390,27.1610,1185.0000,0
1250.10,8,88.0000,0,0,89.1376,10.8624,1244.0000,0
1250.10,9,0.0000,0,0,91.4188,8.5812,1185.0000,0
1251.10,0,0.0000,0,0,93.5116,6.4884,1186.0000,0
1251.10,1,26.5000,0,0,85.0240,14.9760,1204.0000,0
1251.10,2,0.0000,0,0,92.9436,7.0564,1186.0000,0
1251.10,3,80.5000,0,0,95.2454,4.7546,1240.0000,0
1251.10,4,0.0000,0,0,99.0005,0.9995,1186.0000,0
1251.10,5,68.5000,0,0,91.0609,8.9391,1232.0000,0
1251.10,6,0.0000,0,0,95.5052,4.4948,1186.0000,0
1251.10,7,0.0000,0,0,72.8390,27.1610,1186.0000,0
1251.10,8,88.0000,0,0,89.1376,10.8624,1245.0000,0
1251.10,9,0.0000,0,0,91.4188,8.5812,1186.0000,0
1252.10,0,0.0000,0,0,93.5116,6.4884,1187.0000,0
1252.10,1,26.5000,0,0,85.0240,14.9760,1205.0000,0
1252.10,2,0.0000,0,0,92.9436,7.0564,1187.0000,0
1252.10,3,80.5000,0,0,95.2454,4.7546,1241.0000,0
1252.10,4,0.0000,0,0,99.0005,0.9995,1187.0000,0
1252.10,5,68.5000,0,0,91.0609,8.9391,1233.0000,0
1252.10,6,0.0000,0,0,95.5052,4.4948,1187.0000,0
1252.10,7,0.0000,0,0,72.8390,27.1610,1187.0000,0
1252.10,8,88.0000,0,0,89.1376,10.8624,1246.0000,0
1252.10,9,0.0000,0,0,91.4188,8.5812,1187.0000,0
1253.10,0,0.0000,0,0,93.5116,6.4884,1188.0000,0
1253.10,1,26.5000,0,0,85.0240,14.9760,1206.0000,0
1253.10,2,0.0000,0,0,92.9436,7.0564,1188.0000,0
1253.10,3,80.5000,0,0,95.2454,4.7546,1242.0000,0
1253.10,4,0.0000,0,0,99.0005,0.9995,1188.0000,0
1253.10,5,68.5000,0,0,91.0609,8.9391,1234.0000,0
1253.10,6,0.0000,0,0,95.5052,4.4948,1188.0000,0
1253.10,7,0.0000,0,0,72.8390,27.1610,1188.0000,0
1253.10,8,88.0000,0,0,89.1376,10.8624,1247.0000,0
1253.10,9,0.0000,0,0,91.4188,8.5812,1188.0000,0
1254.10,0,0.0000,0,0,93.5116,6.4884,1189.0000,0
1254.10,1,26.5000,0,0,85.0240,14.9760,1207.0000,0
1254.10,2,0.0000,0,0,92.9436,7.0564,1189.0000,0
1254.10,3,80.5000,0,0,95.2454,4.7546,1243.0000,0
1254.10,4,0.0000,0,0,99.0005,0.9995,1189.0000,0
1254.10,5,68.5000,0,0,91.0609,8.9391,1235.0000,0
1254.10,6,0.0000,0,0,95.5052,4.4948,1189.0000,0
1254.10,7,0.0000,0,0,72.8390,27.1610,1189.0000,0
1254.10,8,88.0000,0,0,89.1376,10.8624,1248.0000,0
1254.10,9,0.0000,0,0,91.4188,8.5812,1189.0000,0
1255.10,0,0.0000,0,0,93.5116,6.4884,1190.0000,0
1255.10,1,26.5000,0,0,85.0240,14.9760,1208.0000,0
1255.10,2,0.0000,0,0,92.9436,7.0564,1190.0000,0
1255.10,3,80.5000,0,0,95.2454,4.7546,1244.0000,0
1255.10,4,0.0000,0,0,99.0005,0.9995,1190.0000,0
1255.10,5,68.5000,0,0,91.0609,8.9391,1236.0000,0
1255.10,6,0.0000,0,0,95.5052,4.4948,1190.0000,0
1255.10,7,0.0000,0,0,72.8390,27.1610,1190.0000,0
1255.10,8,88.0000,0,0,89.1376,10.8624,1249.0000,0
1255.10,9,0.0000,0,0,91.4188,8.5812,1190.0000,0
1256.10,0,0.0000,0,0,93.5116,6.4884,1191.0000,0
1256.10,1,26.5000,0,0,85.0240,14.9760,1209.0000,0
1256.10,2,0.0000,0,0,92.9436,7.0564,1191.0000,0
1256.10,3,80.5000,0,0,95.2454,4.7546,1245.0000,0
1256.10,4,0.0000,0,0,99.0005,0.9995,1191.0000,0
1256.10,5,68.5000,0,0,91.0609,8.9391,1237.0000,0
1256.10,6,0.0000,0,0,95.5052,4.4948,1191.0000,0
1256.10,7,0.0000,0,0,72.8390,27.1610,1191.0000,0
1256.10,8,88.0000,0,0,89.1376,10.8624,1250.0000,0
1256.10,9,0.0000,0,0,91.4188,8.5812,1191.0000,0
1257.10,0,0.0000,0,0,93.5116,6.4884,1192.0000,0
1257.10,1,26.5000,0,0,85.0240,14.9760,1210.0000,0
1257.10,2,0.0000,0,0,92.9436,7.0564,1192.0000,0
1257.10,3,80.5000,0,0,95.2454,4.7546,1246.0000,0
1257.10,4,0.0000,0,0,99.0005,0.9995,1192.0000,0
1257.10,5,68.5000,0,0,91.0609,8.9391,1238.0000,0
1257.10,6,0.0000,0,0,95.5052,4.4948,1192.0000,0
1257.10,7,0.0000,0,0,72.8390,27.1610,1192.0000,0
1257.10,8,88.0000,0,0,89.1376,10.8624,1251.0000,0
1257.10,9,0.0000,0,0,91.4188,8.5812,1192.0000,0
1258.10,0,0.0000,0,0,93.5116,6.4884,1193.0000,0
1258.10,1,26.5000,0,0,85.0240,14.9760,1211.0000,0
1258.10,2,0.0000,0,0,92.9436,7.0564,1193.0000,0
1258.10,3,80.5000,0,0,95.2454,4.7546,1247.0000,0
1258.10,4,0.0000,0,0,99.0005,0.9995,1193.0000,0
1258.10,5,68.5000,0,0,91.0609,8.9391,1239.0000,0
1258.10,6,0.0000,0,0,95.5052,4.4948,1193.0000,0
1258.10,7,0.0000,0,0,72.8390,27.1610,1193.0000,0
1258.10,8,88.0000,0,0,89.1376,10.8624,1252.0000,0
1258.10,9,0.0000,0,0,91.4188,8.5812,1193.0000,0
1259.10,0,0.0000,0,0,93.5116,6.4884,1194.0000,0
1259.10,1,26.5000,0,0,85.0240,14.9760,1212.0000,0
1259.10,2,0.0000,0,0,92.9436,7.0564,1194.0000,0
1259.10,3,80.5000,0,0,95.2454,4.7546,1248.0000,0
1259.10,4,0.0000,0,0,99.0005,0.9995,1194.0000,0
1259.10,5,68.5000,0,0,91.0609,8.9391,1240.0000,0
1259.10,6,0.0000,0,0,95.5052,4.4948,1194.0000,0
1259.10,7,0.0000,0,0,72.8390,27.1610,1194.0000,0
1259.10,8,88.0000,0,0,89.1376,10.8624,1253.0000,0
1259.10,9,0.0000,0,0,91.4188,8.5812,1194.0000,0
1260.10,0,0.0000,0,0,93.5116,6.4884,1195.0000,0
1260.10,1,26.5000,0,0,85.0240,14.9760,1213.0000,0
1260.10,2,0.0000,0,0,92.9436,7.0564,1195.0000,0
1260.10,3,80.5000,0,0,95.2454,4.7546,1249.0000,0
1260.10,4,0.0000,0,0,99.0005,0.9995,1195.0000,0
1260.10,5,68.5000,0,0,91.0609,8.9391,1241.0000,0
1260.10,6,0.0000,0,0,95.5052,4.4948,1195.0000,0
1260.10,7,0.0000,0,0,72.8390,27.1610,1195.0000,0
1260.10,8,88.0000,0,0,89.1376,10.8624,1254.0000,0
1260.10,9,0.0000,0,0,91.4188,8.5812,1195.0000,0
1261.10,0,0.0000,0,0,93.5116,6.4884,1196.0000,0
1261.10,1,26.5000,0,0,85.0240,14.9760,1214.0000,0
1261.10,2,0.0000,0,0,92.9436,7.0564,1196.0000,0
1261.10,3,80.5000,0,0,95.2454,4.7546,1250.0000,0
1261.10,4,0.0000,0,0,99.0005,0.9995,1196.0000,0
1261.10,5,68.5000,0,0,91.0609,8.9391,1242.0000,0
1261.10,6,0.0000,0,0,95.5052,4.4948,1196.0000,0
1261.10,7,0.0000,0,0,72.8390,27.1610,1196.0000,0
1261.10,8,88.0000,0,0,89.1376,10.8624,1255.0000,0
1261.10,9,0.0000,0,0,91.4188,8.5812,1196.0000,0
1262.10,0,0.0000,0,0,93.5116,6.4884,1197.0000,0
1262.10,1,26.5000,0,0,85.0240,14.9760,1215.0000,0
1262.10,2,0.0000,0,0,92.9436,7.0564,1197.0000,0
1262.10,3,80.5000,0,0,95.2454,4.7546,1251.0000,0
1262.10,4,0.0000,0,0,99.0005,0.9995,1197.0000,0
1262.10,5,68.5000,0,0,91.0609,8.9391,1243.0000,0
1262.10,6,0.0000,0,0,95.5052,4.4948,1197.0000,0
1262.10,7,0.0000,0,0,72.8390,27.1610,1197.0000,0
1262.10,8,88.0000,0,0,89.1376,10.8624,1256.0000,0
1262.10,9,0.0000,0,0,91.4188,8.5812,1197.0000,0
1263.10,0,0.0000,0,0,93.5116,6.4884,1198.0000,0
1263.10,1,26.5000,0,0,85.0240,14.9760,1216.0000,0
1263.10,2,0.0000,0,0,92.9436,7.0564,1198.0000,0
1263.10,3,80.5000,0,0,95.2454,4.7546,1252.0000,0
1263.10,4,0.0000,0,0,99.0005,0.9995,1198.0000,0
1263.10,5,68.5000,0,0,91.0609,8.9391,1244.0000,0
1263.10,6,0.0000,0,0,95.5052,4.4948,1198.0000,0
1263.10,7,0.0000,0,0,72.8390,27.1610,1198.0000,0
1263.10,8,88.0000,0,0,89.1376,10.8624,1257.0000,0
1263.10,9,0.0000,0,0,91.4188,8.5812,1198.0000,0
1264.10,0,0.0000,0,0,93.5116,6.4884,1199.0000,0
1264.10,1,26.5000,0,0,85.0240,14.9760,1217.0000,0
1264.10,2,0.0000,0,0,92.9436,7.0564,1199.0000,0
1264.10,3,80.5000,0,0,95.2454,4.7546,1253.0000,0
1264.10,4,0.0000,0,0,99.0005,0.9995,1199.0000,0
1264.10,5,68.5000,0,0,91.0609,8.9391,1245.0000,0
1264.10,6,0.0000,0,0,95.5052,4.4948,1199.0000,0
1264.10,7,0.0000,0,0,72.8390,27.1610,1199.0000,0
1264.10,8,88.0000,0,0,89.1376,10.8624,1258.0000,0
1264.10,9,0.0000,0,0,91.4188,8.5812,1199.0000,0
1265.10,0,0.0000,0,0,93.5116,6.4884,1200.0000,0
1265.10,1,26.5000,0,0,85.0240,14.9760,1218.0000,0
1265.10,2,0.0000,0,0,92.9436,7.0564,1200.0000,0
1265.10,3,80.5000,0,0,95.2454,4.7546,1254.0000,0
1265.10,4,0.0000,0,0,99.0005,0.9995,1200.0000,0
1265.10,5,68.5000,0,0,91.0609,8.9391,1246.0000,0
1265.10,6,0.0000,0,0,95.5052,4.4948,1200.0000,0
1265.10,7,0.0000,0,0,72.8390,27.1610,1200.0000,0
1265.10,8,88.0000,0,0,89.1376,10.8624,1259.0000,0
1265.10,9,0.0000,0,0,91.4188,8.5812,1200.0000,0
1266.10,0,0.0000,0,0,93.5116,6.4884,1201.0000,0
1266.10,1,26.5000,0,0,85.0240,14.9760,1219.0000,0
1266.10,2,0.0000,0,0,92.9436,7.0564,1201.0000,0
1266.10,3,80.5000,0,0,95.2454,4.7546,1255.0000,0
1266.10,4,0.0000,0,0,99.0005,0.9995,1201.0000,0
1266.10,5,68.5000,0,0,91.0609,8.9391,1247.0000,0
1266.10,6,0.0000,0,0,95.5052,4.4948,1201.0000,0
1266.10,7,0.0000,0,0,72.8390,27.1610,1201.0000,0
1266.10,8,88.0000,0,0,89.1376,10.8624,1260.0000,0
1266.10,9,0.0000,0,0,91.4188,8.5812,1201.0000,0
1267.10,0,0.0000,0,0,93.5116,6.4884,1202.0000,0
1267.10,1,26.5000,0,0,85.0240,14.9760,1220.0000,0
1267.10,2,0.0000,0,0,92.9436,7.0564,1202.0000,0
1267.10,3,80.5000,0,0,95.2454,4.7546,1256.0000,0
1267.10,4,0.0000,0,0,99.0005,0.9995,1202.0000,0
1267.10,5,68.5000,0,0,91.0609,8.9391,1248.0000,0
1267.10,6,0.0000,0,0,95.5052,4.4948,1202.0000,0
1267.10,7,0.0000,0,0,72.8390,27.1610,1202.0000,0
1267.10,8,88.0000,0,0,89.1376,10.8624,1261.0000,0
1267.10,9,0.0000,0,0,91.4188,8.5812,1202.0000,0
1268.10,0,0.0000,0,0,93.5116,6.4884,1203.0000,0
1268.10,1,26.5000,0,0,85.0240,14.9760,1221.0000,0
1268.10,2,0.0000,0,0,92.9436,7.0564,1203.0000,0
1268.10,3,80.5000,0,0,95.2454,4.7546,1257.0000,0
1268.10,4,0.0000,0,0,99.0005,0.9995,1203.0000,0
1268.10,5,68.5000,0,0,91.0609,8.9391,1249.0000,0
1268.10,6,0.0000,0,0,95.5052,4.4948,1203.0000,0
1268.10,7,0.0000,0,0,72.8390,27.1610,1203.0000,0
1268.10,8,88.0000,0,0,89.1376,10.8624,1262.0000,0
1268.10,9,0.0000,0,0,91.4188,8.5812,1203.0000,0
1269.10,0,0.0000,0,0,93.5116,6.4884,1204.0000,0
1269.10,1,26.5000,0,0,85.0240,14.9760,1222.0000,0
1269.10,2,0.0000,0,0,92.9436,7.0564,1204.0000,0
1269.10,3,80.5000,0,0,95.2454,4.7546,1258.0000,0
1269.10,4,0.0000,0,0,99.0005,0.9995,1204.0000,0
1269.10,5,68.5000,0,0,91.0609,8.9391,1250.0000,0
1269.10,6,0.0000,0,0,95.5052,4.4948,1204.0000,0
1269.10,7,0.0000,0,0,72.8390,27.1610,1204.0000,0
1269.10,8,88.0000,0,0,89.1376,10.8624,1263.0000,0
1269.10,9,0.0000,0,0,91.4188,8.5812,1204.0000,0
1270.10,0,0.0000,0,0,93.5116,6.4884,1205.0000,0
1270.10,1,26.5000,0,0,85.0240,14.9760,1223.0000,0
1270.10,2,0.0000,0,0,92.9436,7.0564,1205.0000,0
1270.10,3,80.5000,0,0,95.2454,4.7546,1259.0000,0
1270.10,4,0.0000,0,0,99.0005,0.9995,1205.0000,0
1270.10,5,68.5000,0,0,91.0609,8.9391,1251.0000,0
1270.10,6,0.0000,0,0,95.5052,4.4948,1205.0000,0
1270.10,7,0.0000,0,0,72.8390,27.1610,1205.0000,0
1270.10,8,88.0000,0,0,89.1376,10.8624,1264.0000,0
1270.10,9,0.0000,0,0,91.4188,8.5812,1205.0000,0
1271.10,0,0.0000,0,0,93.5116,6.4884,1206.0000,0
1271.10,1,26.5000,0,0,85.0240,14.9760,1224.0000,0
1271.10,2,0.0000,0,0,92.9436,7.0564,1206.0000,0
1271.10,3,80.5000,0,0,95.2454,4.7546,1260.0000,0
1271.10,4,0.0000,0,0,99.0005,0.9995,1206.0000,0
1271.10,5,68.5000,0,0,91.0609,8.9391,1252.0000,0
1271.10,6,0.0000,0,0,95.5052,4.4948,1206.0000,0
1271.10,7,0.0000,0,0,72.8390,27.1610,1206.0000,0
1271.10,8,88.0000,0,0,89.1376,10.8624,1265.0000,0
1271.10,9,0.0000,0,0,91.4188,8.5812,1206.0000,0
1272.10,0,0.0000,0,0,93.5116,6.4884,1207.0000,0
1272.10,1,26.5000,0,0,85.0240,14.9760,1225.0000,0
1272.10,2,0.0000,0,0,92.9436,7.0564,1207.0000,0
1272.10,3,80.5000,0,0,95.2454,4.7546,1261.0000,0
1272.10,4,0.0000,0,0,99.0005,0.9995,1207.0000,0
1272.10,5,68.5000,0,0,91.0609,8.9391,1253.0000,0
1272.10,6,0.0000,0,0,95.5052,4.4948,1207.0000,0
1272.10,7,0.0000,0,0,72.8390,27.1610,1207.0000,0
1272.10,8,88.0000,0,0,89.1376,10.8624,1266.0000,0
1272.10,9,0.0000,0,0,91.4188,8.5812,1207.0000,0
1273.10,0,0.0000,0,0,93.5116,6.4884,1208.0000,0
1273.10,1,26.5000,0,0,85.0240,14.9760,1226.0000,0
1273.10,2,0.0000,0,0,92.9436,7.0564,1208.0000,0
1273.10,3,80.5000,0,0,95.2454,4.7546,1262.0000,0
1273.10,4,0.0000,0,0,99.0005,0.9995,1208.0000,0
1273.10,5,68.5000,0,0,91.0609,8.9391,1254.0000,0
1273.10,6,0.0000,0,0,95.5052,4.4948,1208.0000,0
1273.10,7,0.0000,0,0,72.8390,27.1610,1208.0000,0
1273.10,8,88.0000,0,0,89.1376,10.8624,1267.0000,0
1273.10,9,0.0000,0,0,91.4188,8.5812,1208.0000,0
1274.10,0,0.0000,0,0,93.5116,6.4884,1209.0000,0
1274.10,1,26.5000,0,0,85.0240,14.9760,1227.0000,0
1274.10,2,0.0000,0,0,92.9436,7.0564,1209.0000,0
1274.10,3,80.5000,0,0,95.2454,4.7546,1263.0000,0
1274.10,4,0.0000,0,0,99.0005,0.9995,1209.0000,0
1274.10,5,68.5000,0,0,91.0609,8.9391,1255.0000,0
1274.10,6,0.0000,0,0,95.5052,4.4948,1209.0000,0
1274.10,7,0.0000,0,0,72.8390,27.1610,1209.0000,0
1274.10,8,88.0000,0,0,89.1376,10.8624,1268.0000,0
1274.10,9,0.0000,0,0,91.4188,8.5812,1209.0000,0
1275.10,0,0.0000,0,0,93.5116,6.4884,1210.0000,0
1275.10,1,26.5000,0,0,85.0240,14.9760,1228.0000,0
1275.10,2,0.0000,0,0,92.9436,7.0564,1210.0000,0
1275.10,3,80.5000,0,0,95.2454,4.7546,1264.0000,0
1275.10,4,0.0000,0,0,99.0005,0.9995,1210.0000,0
1275.10,5,68.5000,0,0,91.0609,8.9391,1256.0000,0
1275.10,6,0.0000,0,0,95.5052,4.4948,1210.0000,0
1275.10,7,0.0000,0,0,72.8390,27.1610,1210.0000,0
1275.10,8,88.0000,0,0,89.1376,10.8624,1269.0000,0
1275.10,9,0.0000,0,0,91.4188,8.5812,1210.0000,0
1276.10,0,0.0000,0,0,93.5116,6.4884,1211.0000,0
1276.10,1,26.5000,0,0,85.0240,14.9760,1229.0000,0
1276.10,2,0.0000,0,0,92.9436,7.0564,1211.0000,0
1276.10,3,80.5000,0,0,95.2454,4.7546,1265.0000,0
1276.10,4,0.0000,0,0,99.0005,0.9995,1211.0000,0
1276.10,5,68.5000,0,0,91.0609,8.9391,1257.0000,0
1276.10,6,0.0000,0,0,95.5052,4.4948,1211.0000,0
1276.10,7,0.0000,0,0,72.8390,27.1610,1211.0000,0
1276.10,8,88.0000,0,0,89.1376,10.8624,1270.0000,0
1276.10,9,0.0000,0,0,91.4188,8.5812,1211.0000,0
1277.10,0,0.0000,0,0,93.5116,6.4884,1212.0000,0
1277.10,1,26.5000,0,0,85.0240,14.9760,1230.0000,0
1277.10,2,0.0000,0,0,92.9436,7.0564,1212.0000,0
1277.10,3,80.5000,0,0,95.2454,4.7546,1266.0000,0
1277.10,4,0.0000,0,0,99.0005,0.9995,1212.0000,0
1277.10,5,68.5000,0,0,91.0609,8.9391,1258.0000,0
1277.10,6,0.0000,0,0,95.5052,4.4948,1212.0000,0
1277.10,7,0.0000,0,0,72.8390,27.1610,1212.0000,0
1277.10,8,88.0000,0,0,89.1376,10.8624,1271.0000,0
1277.10,9,0.0000,0,0,91.4188,8.5812,1212.0000,0
1278.10,0,0.0000,0,0,93.5116,6.4884,1213.0000,0
1278.10,1,26.5000,0,0,85.0240,14.9760,1231.0000,0
1278.10,2,0.0000,0,0,92.9436,7.0564,1213.0000,0
1278.10,3,80.5000,0,0,95.2454,4.7546,1267.0000,0
1278.10,4,0.0000,0,0,99.0005,0.9995,1213.0000,0
1278.10,5,68.5000,0,0,91.0609,8.9391,1259.0000,0
1278.10,6,0.0000,0,0,95.5052,4.4948,1213.0000,0
1278.10,7,0.0000,0,0,72.8390,27.1610,1213.0000,0
1278.10,8,88.0000,0,0,89.1376,10.8624,1272.0000,0
1278.10,9,0.0000,0,0,91.4188,8.5812,1213.0000,0
1279.10,0,0.0000,0,0,93.5116,6.4884,1214.0000,0
1279.10,1,26.5000,0,0,85.0240,14.9760,1232.0000,0
1279.10,2,0.0000,0,0,92.9436,7.0564,1214.0000,0
1279.10,3,80.5000,0,0,95.2454,4.7546,1268.0000,0
1279.10,4,0.0000,0,0,99.0005,0.9995,1214.0000,0
1279.10,5,68.5000,0,0,91.0609,8.9391,1260.0000,0
1279.10,6,0.0000,0,0,95.5052,4.4948,1214.0000,0
1279.10,7,0.0000,0,0,72.8390,27.1610,1214.0000,0
1279.10,8,88.0000,0,0,89.1376,10.8624,1273.0000,0
1279.10,9,0.0000,0,0,91.4188,8.5812,1214.0000,0
1280.10,0,0.0000,0,0,93.5116,6.4884,1215.0000,0
1280.10,1,26.5000,0,0,85.0240,14.9760,1233.0000,0
1280.10,2,0.0000,0,0,92.9436,7.0564,1215.0000,0
1280.10,3,80.5000,0,0,95.2454,4.7546,1269.0000,0
1280.10,4,0.0000,0,0,99.0005,0.9995,1215.0000,0
1280.10,5,68.5000,0,0,91.0609,8.9391,1261.0000,0
1280.10,6,0.0000,0,0,95.5052,4.4948,1215.0000,0
1280.10,7,0.0000,0,0,72.8390,27.1610,1215.0000,0
1280.10,8,88.0000,0,0,89.1376,10.8624,1274.0000,0
1280.10,9,0.0000,0,0,91.4188,8.5812,1215.0000,0
1281.10,0,0.0000,0,0,93.5116,6.4884,1216.0000,0
1281.10,1,26.5000,0,0,85.0240,14.9760,1234.0000,0
1281.10,2,0.0000,0,0,92.9436,7.0564,1216.0000,0
1281.10,3,80.5000,0,0,95.2454,4.7546,1270.0000,0
1281.10,4,0.0000,0,0,99.0005,0.9995,1216.0000,0
1281.10,5,68.5000,0,0,91.0609,8.9391,1262.0000,0
1281.10,6,0.0000,0,0,95.5052,4.4948,1216.0000,0
1281.10,7,0.0000,0,0,72.8390,27.1610,1216.0000,0
1281.10,8,88.0000,0,0,89.1376,10.8624,1275.0000,0
1281.10,9,0.0000,0,0,91.4188,8.5812,1216.0000,0
1282.10,0,0.0000,0,0,93.5116,6.4884,1217.0000,0
1282.10,1,26.5000,0,0,85.0240,14.9760,1235.0000,0
1282.10,2,0.0000,0,0,92.9436,7.0564,1217.0000,0
1282.10,3,80.5000,0,0,95.2454,4.7546,1271.0000,0
1282.10,4,0.0000,0,0,99.0005,0.9995,1217.0000,0
1282.10,5,68.5000,0,0,91.0609,8.9391,1263.0000,0
1282.10,6,0.0000,0,0,95.5052,4.4948,1217.0000,0
1282.10,7,0.0000,0,0,72.8390,27.1610,1217.0000,0
1282.10,8,88.0000,0,0,89.1376,10.8624,1276.0000,0
1282.10,9,0.0000,0,0,91.4188,8.5812,1217.0000,0
1283.10,0,0.0000,0,0,93.5116,6.4884,1218.0000,0
1283.10,1,26.5000,0,0,85.0240,14.9760,1236.0000,0
1283.10,2,0.0000,0,0,92.9436,7.0564,1218.0000,0
1283.10,3,80.5000,0,0,95.2454,4.7546,1272.0000,0
1283.10,4,0.0000,0,0,99.0005,0.9995,1218.0000,0
1283.10,5,68.5000,0,0,91.0609,8.9391,1264.0000,0
1283.10,6,0.0000,0,0,95.5052,4.4948,1218.0000,0
1283.10,7,0.0000,0,0,72.8390,27.1610,1218.0000,0
1283.10,8,88.0000,0,0,89.1376,10.8624,1277.0000,0
1283.10,9,0.0000,0,0,91.4188,8.5812,1218.0000,0
1284.10,0,0.0000,0,0,93.5116,6.4884,1219.0000,0
1284.10,1,26.5000,0,0,85.0240,14.9760,1237.0000,0
1284.10,2,0.0000,0,0,92.9436,7.0564,1219.0000,0
1284.10,3,80.5000,0,0,95.2454,4.7546,1273.0000,0
1284.10,4,0.0000,0,0,99.0005,0.9995,1219.0000,0
1284.10,5,68.5000,0,0,91.0609,8.9391,1265.0000,0
1284.10,6,0.0000,0,0,95.5052,4.4948,1219.0000,0
1284.10,7,0.0000,0,0,72.8390,27.1610,1219.0000,0
1284.10,8,88.0000,0,0,89.1376,10.8624,1278.0000,0
1284.10,9,0.0000,0,0,91.4188,8.5812,1219.0000,0
1285.10,0,0.0000,0,0,93.5116,6.4884,1220.0000,0
1285.10,1,26.5000,0,0,85.0240,14.9760,1238.0000,0
1285.10,2,0.0000,0,0,92.9436,7.0564,1220.0000,0
1285.10,3,80.5000,0,0,95.2454,4.7546,1274.0000,0
1285.10,4,0.0000,0,0,99.0005,0.9995,1220.0000,0
1285.10,5,68.5000,0,0,91.0609,8.9391,1266.0000,0
1285.10,6,0.0000,0,0,95.5052,4.4948,1220.0000,0
1285.10,7,0.0000,0,0,72.8390,27.1610,1220.0000,0
1285.10,8,88.0000,0,0,89.1376,10.8624,1279.0000,0
1285.10,9,0.0000,0,0,91.4188,8.5812,1220.0000,0
1286.10,0,0.0000,0,0,93.5116,6.4884,1221.0000,0
1286.10,1,26.5000,0,0,85.0240,14.9760,1239.0000,0
1286.10,2,0.0000,0,0,92.9436,7.0564,1221.0000,0
1286.10,3,80.5000,0,0,95.2454,4.7546,1275.0000,0
1286.10,4,0.0000,0,0,99.0005,0.9995,1221.0000,0
1286.10,5,68.5000,0,0,91.0609,8.9391,1267.0000,0
1286.10,6,0.0000,0,0,95.5052,4.4948,1221.0000,0
1286.10,7,0.0000,0,0,72.8390,27.1610,1221.0000,0
1286.10,8,88.0000,0,0,89.1376,10.8624,1280.0000,0
1286.10,9,0.0000,0,0,91.4188,8.5812,1221.0000,0
1287.10,0,0.0000,0,0,93.5116,6.4884,1222.0000,0
1287.10,1,26.5000,0,0,85.0240,14.9760,1240.0000,0
1287.10,2,0.0000,0,0,92.9436,7.0564,1222.0000,0
1287.10,3,80.5000,0,0,95.2454,4.7546,1276.0000,0
1287.10,4,0.0000,0,0,99.0005,0.9995,1222.0000,0
1287.10,5,68.5000,0,0,91.0609,8.9391,1268.0000,0
1287.10,6,0.0000,0,0,95.5052,4.4948,1222.0000,0
1287.10,7,0.0000,0,0,72.8390,27.1610,1222.0000,0
1287.10,8,88.0000,0,0,89.1376,10.8624,1281.0000,0
1287.10,9,0.0000,0,0,91.4188,8.5812,1222.0000,0
1288.10,0,0.0000,0,0,93.5116,6.4884,1223.0000,0
1288.10,1,26.5000,0,0,85.0240,14.9760,1241.0000,0
1288.10,2,0.0000,0,0,92.9436,7.0564,1223.0000,0
1288.10,3,80.5000,0,0,95.2454,4.7546,1277.0000,0
1288.10,4,0.0000,0,0,99.0005,0.9995,1223.0000,0
1288.10,5,68.5000,0,0,91.0609,8.9391,1269.0000,0
1288.10,6,0.0000,0,0,95.5052,4.4948,1223.0000,0
1288.10,7,0.0000,0,0,72.8390,27.1610,1223.0000,0
1288.10,8,88.0000,0,0,89.1376,10.8624,1282.0000,0
1288.10,9,0.0000,0,0,91.4188,8.5812,1223.0000,0
1289.10,0,0.0000,0,0,93.5116,6.4884,1224.0000,0
1289.10,1,26.5000,0,0,85.0240,14.9760,1242.0000,0
1289.10,2,0.0000,0,0,92.9436,7.0564,1224.0000,0
1289.10,3,80.5000,0,0,95.2454,4.7546,1278.0000,0
1289.10,4,0.0000,0,0,99.0005,0.9995,1224.0000,0
1289.10,5,68.5000,0,0,91.0609,8.9391,1270.0000,0
1289.10,6,0.0000,0,0,95.5052,4.4948,1224.0000,0
1289.10,7,0.0000,0,0,72.8390,27.1610,1224.0000,0
1289.10,8,88.0000,0,0,89.1376,10.8624,1283.0000,0
1289.10,9,0.0000,0,0,91.4188,8.5812,1224.0000,0
1290.10,0,0.0000,0,0,93.5116,6.4884,1225.0000,0
1290.10,1,26.5000,0,0,85.0240,14.9760,1243.0000,0
1290.10,2,0.0000,0,0,92.9436,7.0564,1225.0000,0
1290.10,3,80.5000,0,0,95.2454,4.7546,1279.0000,0
1290.10,4,0.0000,0,0,99.0005,0.9995,1225.0000,0
1290.10,5,68.5000,0,0,91.0609,8.9391,1271.0000,0
1290.10,6,0.0000,0,0,95.5052,4.4948,1225.0000,0
1290.10,7,0.0000,0,0,72.8390,27.1610,1225.0000,0
1290.10,8,88.0000,0,0,89.1376,10.8624,1284.0000,0
1290.10,9,0.0000,0,0,91.4188,8.5812,1225.0000,0
1291.10,0,0.0000,0,0,93.5116,6.4884,1226.0000,0
1291.10,1,26.5000,0,0,85.0240,14.9760,1244.0000,0
1291.10,2,0.0000,0,0,92.9436,7.0564,1226.0000,0
1291.10,3,80.5000,0,0,95.2454,4.7546,1280.0000,0
1291.10,4,0.0000,0,0,99.0005,0.9995,1226.0000,0
1291.10,5,68.5000,0,0,91.0609,8.9391,1272.0000,0
1291.10,6,0.0000,0,0,95.5052,4.4948,1226.0000,0
1291.10,7,0.0000,0,0,72.8390,27.1610,1226.0000,0
1291.10,8,88.0000,0,0,89.1376,10.8624,1285.0000,0
1291.10,9,0.0000,0,0,91.4188,8.5812,1226.0000,0
1292.10,0,0.0000,0,0,93.5116,6.4884,1227.0000,0
1292.10,1,26.5000,0,0,85.0240,14.9760,1245.0000,0
1292.10,2,0.0000,0,0,92.9436,7.0564,1227.0000,0
1292.10,3,80.5000,0,0,95.2454,4.7546,1281.0000,0
1292.10,4,0.0000,0,0,99.0005,0.9995,1227.0000,0
1292.10,5,68.5000,0,0,91.0609,8.9391,1273.0000,0
1292.10,6,0.0000,0,0,95.5052,4.4948,1227.0000,0
1292.10,7,0.0000,0,0,72.8390,27.1610,1227.0000,0
1292.10,8,88.0000,0,0,89.1376,10.8624,1286.0000,0
1292.10,9,0.0000,0,0,91.4188,8.5812,1227.0000,0
1293.10,0,0.0000,0,0,93.5116,6.4884,1228.0000,0
1293.10,1,26.5000,0,0,85.0240,14.9760,1246.0000,0
1293.10,2,0.0000,0,0,92.9436,7.0564,1228.0000,0
1293.10,3,80.5000,0,0,95.2454,4.7546,1282.0000,0
1293.10,4,0.0000,0,0,99.0005,0.9995,1228.0000,0
1293.10,5,68.5000,0,0,91.0609,8.9391,1274.0000,0
1293.10,6,0.0000,0,0,95.5052,4.4948,1228.0000,0
1293.10,7,0.0000,0,0,72.8390,27.1610,1228.0000,0
1293.10,8,88.0000,0,0,89.1376,10.8624,1287.0000,0
1293.10,9,0.0000,0,0,91.4188,8.5812,1228.0000,0
1294.10,0,0.0000,0,0,93.5116,6.4884,1229.0000,0
1294.10,1,26.5000,0,0,85.0240,14.9760,1247.0000,0
1294.10,2,0.0000,0,0,92.9436,7.0564,1229.0000,0
1294.10,3,80.5000,0,0,95.2454,4.7546,1283.0000,0
1294.10,4,0.0000,0,0,99.0005,0.9995,1229.0000,0
1294.10,5,68.5000,0,0,91.0609,8.9391,1275.0000,0
1294.10,6,0.0000,0,0,95.5052,4.4948,1229.0000,0
1294.10,7,0.0000,0,0,72.8390,27.1610,1229.0000,0
1294.10,8,88.0000,0,0,89.1376,10.8624,1288.0000,0
1294.10,9,0.0000,0,0,91.4188,8.5812,1229.0000,0
1295.10,0,0.0000,0,0,93.5116,6.4884,1230.0000,0
1295.10,1,26.5000,0,0,85.0240,14.9760,1248.0000,0
1295.10,2,0.0000,0,0,92.9436,7.0564,1230.0000,0
1295.10,3,80.5000,0,0,95.2454,4.7546,1284.0000,0
1295.10,4,0.0000,0,0,99.0005,0.9995,1230.0000,0
1295.10,5,68.5000,0,0,91.0609,8.9391,1276.0000,0
1295.10,6,0.0000,0,0,95.5052,4.4948,1230.0000,0
1295.10,7,0.0000,0,0,72.8390,27.1610,1230.0000,0
1295.10,8,88.0000,0,0,89.1376,10.8624,1289.0000,0
1295.10,9,0.0000,0,0,91.4188,8.5812,1230.0000,0
1296.10,0,0.0000,0,0,93.5116,6.4884,1231.0000,0
1296.10,1,26.5000,0,0,85.0240,14.9760,1249.0000,0
1296.10,2,0.0000,0,0,92.9436,7.0564,1231.0000,0
1296.10,3,80.5000,0,0,95.2454,4.7546,1285.0000,0
1296.10,4,0.0000,0,0,99.0005,0.9995,1231.0000,0
1296.10,5,68.5000,0,0,91.0609,8.9391,1277.0000,0
1296.10,6,0.0000,0,0,95.5052,4.4948,1231.0000,0
1296.10,7,0.0000,0,0,72.8390,27.1610,1231.0000,0
1296.10,8,88.0000,0,0,89.1376,10.8624,1290.0000,0
1296.10,9,0.0000,0,0,91.4188,8.5812,1231.0000,0
1297.10,0,0.0000,0,0,93.5116,6.4884,1232.0000,0
1297.10,1,26.5000,0,0,85.0240,14.9760,1250.0000,0
1297.10,2,0.0000,0,0,92.9436,7.0564,1232.0000,0
1297.10,3,80.5000,0,0,95.2454,4.7546,1286.0000,0
1297.10,4,0.0000,0,0,99.0005,0.9995,1232.0000,0
1297.10,5,68.5000,0,0,91.0609,8.9391,1278.0000,0
1297.10,6,0.0000,0,0,95.5052,4.4948,1232.0000,0
1297.10,7,0.0000,0,0,72.8390,27.1610,1232.0000,0
1297.10,8,88.0000,0,0,89.1376,10.8624,1291.0000,0
1297.10,9,0.0000,0,0,91.4188,8.5812,1232.0000,0
1298.10,0,0.0000,0,0,93.5116,6.4884,1233.0000,0
1298.10,1,26.5000,0,0,85.0240,14.9760,1251.0000,0
1298.10,2,0.0000,0,0,92.9436,7.0564,1233.0000,0
1298.10,3,80.5000,0,0,95.2454,4.7546,1287.0000,0
1298.10,4,0.0000,0,0,99.0005,0.9995,1233.0000,0
1298.10,5,68.5000,0,0,91.0609,8.9391,1279.0000,0
1298.10,6,0.0000,0,0,95.5052,4.4948,1233.0000,0
1298.10,7,0.0000,0,0,72.8390,27.1610,1233.0000,0
1298.10,8,88.0000,0,0,89.1376,10.8624,1292.0000,0
1298.10,9,0.0000,0,0,91.4188,8.5812,1233.0000,0
1299.10,0,0.0000,0,0,93.5116,6.4884,1234.0000,0
1299.10,1,26.5000,0,0,85.0240,14.9760,1252.0000,0
1299.10,2,0.0000,0,0,92.9436,7.0564,1234.0000,0
1299.10,3,80.5000,0,0,95.2454,4.7546,1288.0000,0
1299.10,4,0.0000,0,0,99.0005,0.9995,1234.0000,0
1299.10,5,68.5000,0,0,91.0609,8.9391,1280.0000,0
1299.10,6,0.0000,0,0,95.5052,4.4948,1234.0000,0
1299.10,7,0.0000,0,0,72.8390,27.1610,1234.0000,0
1299.10,8,88.0000,0,0,89.1376,10.8624,1293.0000,0
1299.10,9,0.0000,0,0,91.4188,8.5812,1234.0000,0
1300.10,0,0.0000,0,0,93.5116,6.4884,1235.0000,0
1300.10,1,26.5000,0,0,85.0240,14.9760,1253.0000,0
1300.10,2,0.0000,0,0,92.9436,7.0564,1235.0000,0
1300.10,3,80.5000,0,0,95.2454,4.7546,1289.0000,0
1300.10,4,0.0000,0,0,99.0005,0.9995,1235.0000,0
1300.10,5,68.5000,0,0,91.0609,8.9391,1281.0000,0
1300.10,6,0.0000,0,0,95.5052,4.4948,1235.0000,0
1300.10,7,0.0000,0,0,72.8390,27.1610,1235.0000,0
1300.10,8,88.0000,0,0,89.1376,10.8624,1294.0000,0
1300.10,9,0.0000,0,0,91.4188,8.5812,1235.0000,0
1301.10,0,0.0000,0,0,93.5116,6.4884,1236.0000,0
1301.10,1,26.5000,0,0,85.0240,14.9760,1254.0000,0
1301.10,2,0.0000,0,0,92.9436,7.0564,1236.0000,0
1301.10,3,80.5000,0,0,95.2454,4.7546,1290.0000,0
1301.10,4,0.0000,0,0,99.0005,0.9995,1236.0000,0
1301.10,5,68.5000,0,0,91.0609,8.9391,1282.0000,0
1301.10,6,0.0000,0,0,95.5052,4.4948,1236.0000,0
1301.10,7,0.0000,0,0,72.8390,27.1610,1236.0000,0
1301.10,8,88.0000,0,0,89.1376,10.8624,1295.0000,0
1301.10,9,0.0000,0,0,91.4188,8.5812,1236.0000,0
1302.10,0,0.0000,0,0,93.5116,6.4884,1237.0000,0
1302.10,1,26.5000,0,0,85.0240,14.9760,1255.0000,0
1302.10,2,0.0000,0,0,92.9436,7.0564,1237.0000,0
1302.10,3,80.5000,0,0,95.2454,4.7546,1291.0000,0
1302.10,4,0.0000,0,0,99.0005,0.9995,1237.0000,0
1302.10,5,68.5000,0,0,91.0609,8.9391,1283.0000,0
1302.10,6,0.0000,0,0,95.5052,4.4948,1237.0000,0
1302.10,7,0.0000,0,0,72.8390,27.1610,1237.0000,0
1302.10,8,88.0000,0,0,89.1376,10.8624,1296.0000,0
1302.10,9,0.0000,0,0,91.4188,8.5812,1237.0000,0
1303.10,0,0.0000,0,0,93.5116,6.4884,1238.0000,0
1303.10,1,26.5000,0,0,85.0240,14.9760,1256.0000,0
1303.10,2,0.0000,0,0,92.9436,7.0564,1238.0000,0
1303.10,3,80.5000,0,0,95.2454,4.7546,1292.0000,0
1303.10,4,0.0000,0,0,99.0005,0.9995,1238.0000,0
1303.10,5,68.5000,0,0,91.0609,8.9391,1284.0000,0
1303.10,6,0.0000,0,0,95.5052,4.4948,1238.0000,0
1303.10,7,0.0000,0,0,72.8390,27.1610,1238.0000,0
1303.10,8,88.0000,0,0,89.1376,10.8624,1297.0000,0
1303.10,9,0.0000,0,0,91.4188,8.5812,1238.0000,0
1304.10,0,0.0000,0,0,93.5116,6.4884,1239.0000,0
1304.10,1,26.5000,0,0,85.0240,14.9760,1257.0000,0
1304.10,2,0.0000,0,0,92.9436,7.0564,1239.0000,0
1304.10,3,80.5000,0,0,95.2454,4.7546,1293.0000,0
1304.10,4,0.0000,0,0,99.0005,0.9995,1239.0000,0
1304.10,5,68.5000,0,0,91.0609,8.9391,1285.0000,0
1304.10,6,0.0000,0,0,95.5052,4.4948,1239.0000,0
1304.10,7,0.0000,0,0,72.8390,27.1610,1239.0000,0
1304.10,8,88.0000,0,0,89.1376,10.8624,1298.0000,0
1304.10,9,0.0000,0,0,91.4188,8.5812,1239.0000,0
1305.10,0,0.0000,0,0,93.5116,6.4884,1240.0000,0
1305.10,1,26.5000,0,0,85.0240,14.9760,1258.0000,0
1305.10,2,0.0000,0,0,92.9436,7.0564,1240.0000,0
1305.10,3,80.5000,0,0,95.2454,4.7546,1294.0000,0
1305.10,4,0.0000,0,0,99.0005,0.9995,1240.0000,0
1305.10,5,68.5000,0,0,91.0609,8.9391,1286.0000,0
1305.10,6,0.0000,0,0,95.5052,4.4948,1240.0000,0
1305.10,7,0.0000,0,0,72.8390,27.1610,1240.0000,0
1305.10,8,88.0000,0,0,89.1376,10.8624,1299.0000,0
1305.10,9,0.0000,0,0,91.4188,8.5812,1240.0000,0
1306.10,0,0.0000,0,0,93.5116,6.4884,1241.0000,0
1306.10,1,26.5000,0,0,85.0240,14.9760,1259.0000,0
1306.10,2,0.0000,0,0,92.9436,7.0564,1241.0000,0
1306.10,3,80.5000,0,0,95.2454,4.7546,1295.0000,0
1306.10,4,0.0000,0,0,99.0005,0.9995,1241.0000,0
1306.10,5,68.5000,0,0,91.0609,8.9391,1287.0000,0
1306.10,6,0.0000,0,0,95.5052,4.4948,1241.0000,0
1306.10,7,0.0000,0,0,72.8390,27.1610,1241.0000,0
1306.10,8,88.0000,0,0,89.1376,10.8624,1300.0000,0
1306.10,9,0.0000,0,0,91.4188,8.5812,1241.0000,0
1307.10,0,0.0000,0,0,93.5116,6.4884,1242.0000,0
1307.10,1,26.5000,0,0,85.0240,14.9760,1260.0000,0
1307.10,2,0.0000,0,0,92.9436,7.0564,1242.0000,0
1307.10,3,80.5000,0,0,95.2454,4.7546,1296.0000,0
1307.10,4,0.0000,0,0,99.0005,0.9995,1242.0000,0
1307.10,5,68.5000,0,0,91.0609,8.9391,1288.0000,0
1307.10,6,0.0000,0,0,95.5052,4.4948,1242.0000,0
1307.10,7,0.0000,0,0,72.8390,27.1610,1242.0000,0
1307.10,8,88.0000,0,0,89.1376,10.8624,1301.0000,0
1307.10,9,0.0000,0,0,91.4188,8.5812,1242.0000,0
1308.10,0,0.0000,0,0,93.5116,6.4884,1243.0000,0
1308.10,1,26.5000,0,0,85.0240,14.9760,1261.0000,0
1308.10,2,0.0000,0,0,92.9436,7.0564,1243.0000,0
1308.10,3,80.5000,0,0,95.2454,4.7546,1297.0000,0
1308.10,4,0.0000,0,0,99.0005,0.9995,1243.0000,0
1308.10,5,68.5000,0,0,91.0609,8.9391,1289.0000,0
1308.10,6,0.0000,0,0,95.5052,4.4948,1243.0000,0
1308.10,7,0.0000,0,0,72.8390,27.1610,1243.0000,0
1308.10,8,88.0000,0,0,89.1376,10.8624,1302.0000,0
1308.10,9,0.0000,0,0,91.4188,8.5812,1243.0000,0
1309.10,0,0.0000,0,0,93.5116,6.4884,1244.0000,0
1309.10,1,26.5000,0,0,85.0240,14.9760,1262.0000,0
1309.10,2,0.0000,0,0,92.9436,7.0564,1244.0000,0
1309.10,3,80.5000,0,0,95.2454,4.7546,1298.0000,0
1309.10,4,0.0000,0,0,99.0005,0.9995,1244.0000,0
1309.10,5,68.5000,0,0,91.0609,8.9391,1290.0000,0
1309.10,6,0.0000,0,0,95.5052,4.4948,1244.0000,0
1309.10,7,0.0000,0,0,72.8390,27.1610,1244.0000,0
1309.10,8,88.0000,0,0,89.1376,10.8624,1303.0000,0
1309.10,9,0.0000,0,0,91.4188,8.5812,1244.0000,0
1310.10,0,0.0000,0,0,93.5116,6.4884,1245.0000,0
1310.10,1,26.5000,0,0,85.0240,14.9760,1263.0000,0
1310.10,2,0.0000,0,0,92.9436,7.0564,1245.0000,0
1310.10,3,80.5000,0,0,95.2454,4.7546,1299.0000,0
1310.10,4,0.0000,0,0,99.0005,0.9995,1245.0000,0
1310.10,5,68.5000,0,0,91.0609,8.9391,1291.0000,0
1310.10,6,0.0000,0,0,95.5052,4.4948,1245.0000,0
1310.10,7,0.0000,0,0,72.8390,27.1610,1245.0000,0
1310.10,8,88.0000,0,0,89.1376,10.8624,1304.0000,0
1310.10,9,0.0000,0,0,91.4188,8.5812,1245.0000,0
1311.10,0,0.0000,0,0,93.5116,6.4884,1246.0000,0
1311.10,1,26.5000,0,0,85.0240,14.9760,1264.0000,0
1311.10,2,0.0000,0,0,92.9436,7.0564,1246.0000,0
1311.10,3,80.5000,0,0,95.2454,4.7546,1300.0000,0
1311.10,4,0.0000,0,0,99.0005,0.9995,1246.0000,0
1311.10,5,68.5000,0,0,91.0609,8.9391,1292.0000,0
1311.10,6,0.0000,0,0,95.5052,4.4948,1246.0000,0
1311.10,7,0.0000,0,0,72.8390,27.1610,1246.0000,0
1311.10,8,88.0000,0,0,89.1376,10.8624,1305.0000,0
1311.10,9,0.0000,0,0,91.4188,8.5812,1246.0000,0
1312.10,0,0.0000,0,0,93.5116,6.4884,1247.0000,0
1312.10,1,26.5000,0,0,85.0240,14.9760,1265.0000,0
1312.10,2,0.0000,0,0,92.9436,7.0564,1247.0000,0
1312.10,3,80.5000,0,0,95.2454,4.7546,1301.0000,0
1312.10,4,0.0000,0,0,99.0005,0.9995,1247.0000,0
1312.10,5,68.5000,0,0,91.0609,8.9391,1293.0000,0
1312.10,6,0.0000,0,0,95.5052,4.4948,1247.0000,0
1312.10,7,0.0000,0,0,72.8390,27.1610,1247.0000,0
1312.10,8,88.0000,0,0,89.1376,10.8624,1306.0000,0
1312.10,9,0.0000,0,0,91.4188,8.5812,1247.0000,0
1313.10,0,0.0000,0,0,93.5116,6.4884,1248.0000,0
1313.10,1,26.5000,0,0,85.0240,14.9760,1266.0000,0
1313.10,2,0.0000,0,0,92.9436,7.0564,1248.0000,0
1313.10,3,80.5000,0,0,95.2454,4.7546,1302.0000,0
1313.10,4,0.0000,0,0,99.0005,0.9995,1248.0000,0
1313.10,5,68.5000,0,0,91.0609,8.9391,1294.0000,0
1313.10,6,0.0000,0,0,95.5052,4.4948,1248.0000,0
1313.10,7,0.0000,0,0,72.8390,27.1610,1248.0000,0
1313.10,8,88.0000,0,0,89.1376,10.8624,1307.0000,0
1313.10,9,0.0000,0,0,91.4188,8.5812,1248.0000,0
1314.10,0,0.0000,0,0,93.5116,6.4884,1249.0000,0
1314.10,1,26.5000,0,0,85.0240,14.9760,1267.0000,0
1314.10,2,0.0000,0,0,92.9436,7.0564,1249.0000,0
1314.10,3,80.5000,0,0,95.2454,4.7546,1303.0000,0
1314.10,4,0.0000,0,0,99.0005,0.9995,1249.0000,0
1314.10,5,68.5000,0,0,91.0609,8.9391,1295.0000,0
1314.10,6,0.0000,0,0,95.5052,4.4948,1249.0000,0
1314.10,7,0.0000,0,0,72.8390,27.1610,1249.0000,0
1314.10,8,88.0000,0,0,89.1376,10.8624,1308.0000,0
1314.10,9,0.0000,0,0,91.4188,8.5812,1249.0000,0
1315.10,0,0.0000,0,0,93.5116,6.4884,1250.0000,0
1315.10,1,26.5000,0,0,85.0240,14.9760,1268.0000,0
1315.10,2,0.0000,0,0,92.9436,7.0564,1250.0000,0
1315.10,3,80.5000,0,0,95.2454,4.7546,1304.0000,0
1315.10,4,0.0000,0,0,99.0005,0.9995,1250.0000,0
1315.10,5,68.5000,0,0,91.0609,8.9391,1296.0000,0
1315.10,6,0.0000,0,0,95.5052,4.4948,1250.0000,0
1315.10,7,0.0000,0,0,72.8390,27.1610,1250.0000,0
1315.10,8,88.0000,0,0,89.1376,10.8624,1309.0000,0
1315.10,9,0.0000,0,0,91.4188,8.5812,1250.0000,0
1316.10,0,0.0000,0,0,93.5116,6.4884,1251.0000,0
1316.10,1,26.5000,0,0,85.0240,14.9760,1269.0000,0
1316.10,2,0.0000,0,0,92.9436,7.0564,1251.0000,0
1316.10,3,80.5000,0,0,95.2454,4.7546,1305.0000,0
1316.10,4,0.0000,0,0,99.0005,0.9995,1251.0000,0
1316.10,5,68.5000,0,0,91.0609,8.9391,1297.0000,0
1316.10,6,0.0000,0,0,95.5052,4.4948,1251.0000,0
1316.10,7,0.0000,0,0,72.8390,27.1610,1251.0000,0
1316.10,8,88.0000,0,0,89.1376,10.8624,1310.0000,0
1316.10,9,0.0000,0,0,91.4188,8.5812,1251.0000,0
1317.10,0,0.0000,0,0,93.5116,6.4884,1252.0000,0
1317.10,1,26.5000,0,0,85.0240,14.9760,1270.0000,0
1317.10,2,0.0000,0,0,92.9436,7.0564,1252.0000,0
1317.10,3,80.5000,0,0,95.2454,4.7546,1306.0000,0
1317.10,4,0.0000,0,0,99.0005,0.9995,1252.0000,0
1317.10,5,68.5000,0,0,91.0609,8.9391,1298.0000,0
1317.10,6,0.0000,0,0,95.5052,4.4948,1252.0000,0
1317.10,7,0.0000,0,0,72.8390,27.1610,1252.0000,0
1317.10,8,88.0000,0,0,89.1376,10.8624,1311.0000,0
1317.10,9,0.0000,0,0,91.4188,8.5812,1252.0000,0
1318.10,0,0.0000,0,0,93.5116,6.4884,1253.0000,0
1318.10,1,26.5000,0,0,85.0240,14.9760,1271.0000,0
1318.10,2,0.0000,0,0,92.9436,7.0564,1253.0000,0
1318.10,3,80.5000,0,0,95.2454,4.7546,1307.0000,0
1318.10,4,0.0000,0,0,99.0005,0.9995,1253.0000,0
1318.10,5,68.5000,0,0,91.0609,8.9391,1299.0000,0
1318.10,6,0.0000,0,0,95.5052,4.4948,1253.0000,0
1318.10,7,0.0000,0,0,72.8390,27.1610,1253.0000,0
1318.10,8,88.0000,0,0,89.1376,10.8624,1312.0000,0
1318.10,9,0.0000,0,0,91.4188,8.5812,1253.0000,0
1319.10,0,0.0000,0,0,93.5116,6.4884,1254.0000,0
1319.10,1,26.5000,0,0,85.0240,14.9760,1272.0000,0
1319.10,2,0.0000,0,0,92.9436,7.0564,1254.0000,0
1319.10,3,80.5000,0,0,95.2454,4.7546,1308.0000,0
1319.10,4,0.0000,0,0,99.0005,0.9995,1254.0000,0
1319.10,5,68.5000,0,0,91.0609,8.9391,1300.0000,0
1319.10,6,0.0000,0,0,95.5052,4.4948,1254.0000,0
1319.10,7,0.0000,0,0,72.8390,27.1610,1254.0000,0
1319.10,8,88.0000,0,0,89.1376,10.8624,1313.0000,0
1319.10,9,0.0000,0,0,91.4188,8.5812,1254.0000,0
1320.10,0,0.0000,0,0,93.5116,6.4884,1255.0000,0
1320.10,1,26.5000,0,0,85.0240,14.9760,1273.0000,0
1320.10,2,0.0000,0,0,92.9436,7.0564,1255.0000,0
1320.10,3,80.5000,0,0,95.2454,4.7546,1309.0000,0
1320.10,4,0.0000,0,0,99.0005,0.9995,1255.0000,0
1320.10,5,68.5000,0,0,91.0609,8.9391,1301.0000,0
1320.10,6,0.0000,0,0,95.5052,4.4948,1255.0000,0
1320.10,7,0.0000,0,0,72.8390,27.1610,1255.0000,0
1320.10,8,88.0000,0,0,89.1376,10.8624,1314.0000,0
1320.10,9,0.0000,0,0,91.4188,8.5812,1255.0000,0
1321.10,0,0.0000,0,0,93.5116,6.4884,1256.0000,0
1321.10,1,26.5000,0,0,85.0240,14.9760,1274.0000,0
1321.10,2,0.0000,0,0,92.9436,7.0564,1256.0000,0
1321.10,3,80.5000,0,0,95.2454,4.7546,1310.0000,0
1321.10,4,0.0000,0,0,99.0005,0.9995,1256.0000,0
1321.10,5,68.5000,0,0,91.0609,8.9391,1302.0000,0
1321.10,6,0.0000,0,0,95.5052,4.4948,1256.0000,0
1321.10,7,0.0000,0,0,72.8390,27.1610,1256.0000,0
1321.10,8,88.0000,0,0,89.1376,10.8624,1315.0000,0
1321.10,9,0.0000,0,0,91.4188,8.5812,1256.0000,0
1322.10,0,0.0000,0,0,93.5116,6.4884,1257.0000,0
1322.10,1,26.5000,0,0,85.0240,14.9760,1275.0000,0
1322.10,2,0.0000,0,0,92.9436,7.0564,1257.0000,0
1322.10,3,80.5000,0,0,95.2454,4.7546,1311.0000,0
1322.10,4,0.0000,0,0,99.0005,0.9995,1257.0000,0
1322.10,5,68.5000,0,0,91.0609,8.9391,1303.0000,0
1322.10,6,0.0000,0,0,95.5052,4.4948,1257.0000,0
1322.10,7,0.0000,0,0,72.8390,27.1610,1257.0000,0
1322.10,8,88.0000,0,0,89.1376,10.8624,1316.0000,0
1322.10,9,0.0000,0,0,91.4188,8.5812,1257.0000,0
1323.10,0,0.0000,0,0,93.5116,6.4884,1258.0000,0
1323.10,1,26.5000,0,0,85.0240,14.9760,1276.0000,0
1323.10,2,0.0000,0,0,92.9436,7.0564,1258.0000,0
1323.10,3,80.5000,0,0,95.2454,4.7546,1312.0000,0
1323.10,4,0.0000,0,0,99.0005,0.9995,1258.0000,0
1323.10,5,68.5000,0,0,91.0609,8.9391,1304.0000,0
1323.10,6,0.0000,0,0,95.5052,4.4948,1258.0000,0
1323.10,7,0.0000,0,0,72.8390,27.1610,1258.0000,0
1323.10,8,88.0000,0,0,89.1376,10.8624,1317.0000,0
1323.10,9,0.0000,0,0,91.4188,8.5812,1258.0000,0
1324.10,0,0.0000,0,0,93.5116,6.4884,1259.0000,0
1324.10,1,26.5000,0,0,85.0240,14.9760,1277.0000,0
1324.10,2,0.0000,0,0,92.9436,7.0564,1259.0000,0
1324.10,3,80.5000,0,0,95.2454,4.7546,1313.0000,0
1324.10,4,0.0000,0,0,99.0005,0.9995,1259.0000,0
1324.10,5,68.5000,0,0,91.0609,8.9391,1305.0000,0
1324.10,6,0.0000,0,0,95.5052,4.4948,1259.0000,0
1324.10,7,0.0000,0,0,72.8390,27.1610,1259.0000,0
1324.10,8,88.0000,0,0,89.1376,10.8624,1318.0000,0
1324.10,9,0.0000,0,0,91.4188,8.5812,1259.0000,0
1325.10,0,0.0000,0,0,93.5116,6.4884,1260.0000,0
1325.10,1,26.5000,0,0,85.0240,14.9760,1278.0000,0
1325.10,2,0.0000,0,0,92.9436,7.0564,1260.0000,0
1325.10,3,80.5000,0,0,95.2454,4.7546,1314.0000,0
1325.10,4,0.0000,0,0,99.0005,0.9995,1260.0000,0
1325.10,5,68.5000,0,0,91.0609,8.9391,1306.0000,0
1325.10,6,0.0000,0,0,95.5052,4.4948,1260.0000,0
1325.10,7,0.0000,0,0,72.8390,27.1610,1260.0000,0
1325.10,8,88.0000,0,0,89.1376,10.8624,1319.0000,0
1325.10,9,0.0000,0,0,91.4188,8.5812,1260.0000,0
1326.10,0,0.0000,0,0,93.5116,6.4884,1261.0000,0
1326.10,1,26.5000,0,0,85.0240,14.9760,1279.0000,0
1326.10,2,0.0000,0,0,92.9436,7.0564,1261.0000,0
1326.10,3,80.5000,0,0,95.2454,4.7546,1315.0000,0
1326.10,4,0.0000,0,0,99.0005,0.9995,1261.0000,0
1326.10,5,68.5000,0,0,91.0609,8.9391,1307.0000,0
1326.10,6,0.0000,0,0,95.5052,4.4948,1261.0000,0
1326.10,7,0.0000,0,0,72.8390,27.1610,1261.0000,0
1326.10,8,88.0000,0,0,89.1376,10.8624,1320.0000,0
1326.10,9,0.0000,0,0,91.4188,8.5812,1261.0000,0
1327.10,0,0.0000,0,0,93.5116,6.4884,1262.0000,0
1327.10,1,26.5000,0,0,85.0240,14.9760,1280.0000,0
1327.10,2,0.0000,0,0,92.9436,7.0564,1262.0000,0
1327.10,3,80.5000,0,0,95.2454,4.7546,1316.0000,0
1327.10,4,0.0000,0,0,99.0005,0.9995,1262.0000,0
1327.10,5,68.5000,0,0,91.0609,8.9391,1308.0000,0
1327.10,6,0.0000,0,0,95.5052,4.4948,1262.0000,0
1327.10,7,0.0000,0,0,72.8390,27.1610,1262.0000,0
1327.10,8,88.0000,0,0,89.1376,10.8624,1321.0000,0
1327.10,9,0.0000,0,0,91.4188,8.5812,1262.0000,0
1328.10,0,0.0000,0,0,93.5116,6.4884,1263.0000,0
1328.10,1,26.5000,0,0,85.0240,14.9760,1281.0000,0
1328.10,2,0.0000,0,0,92.9436,7.0564,1263.0000,0
1328.10,3,80.5000,0,0,95.2454,4.7546,1317.0000,0
1328.10,4,0.0000,0,0,99.0005,0.9995,1263.0000,0
1328.10,5,68.5000,0,0,91.0609,8.9391,1309.0000,0
1328.10,6,0.0000,0,0,95.5052,4.4948,1263.0000,0
1328.10,7,0.0000,0,0,72.8390,27.1610,1263.0000,0
1328.10,8,88.0000,0,0,89.1376,10.8624,1322.0000,0
1328.10,9,0.0000,0,0,91.4188,8.5812,1263.0000,0
1329.10,0,0.0000,0,0,93.5116,6.4884,1264.0000,0
1329.10,1,26.5000,0,0,85.0240,14.9760,1282.0000,0
1329.10,2,0.0000,0,0,92.9436,7.0564,1264.0000,0
1329.10,3,80.5000,0,0,95.2454,4.7546,1318.0000,0
1329.10,4,0.0000,0,0,99.0005,0.9995,1264.0000,0
1329.10,5,68.5000,0,0,91.0609,8.9391,1310.0000,0
1329.10,6,0.0000,0,0,95.5052,4.4948,1264.0000,0
1329.10,7,0.0000,0,0,72.8390,27.1610,1264.0000,0
1329.10,8,88.0000,0,0,89.1376,10.8624,1323.0000,0
1329.10,9,0.0000,0,0,91.4188,8.5812,1264.0000,0
1330.10,0,0.0000,0,0,93.5116,6.4884,1265.0000,0
1330.10,1,26.5000,0,0,85.0240,14.9760,1283.0000,0
1330.10,2,0.0000,0,0,92.9436,7.0564,1265.0000,0
1330.10,3,80.5000,0,0,95.2454,4.7546,1319.0000,0
1330.10,4,0.0000,0,0,99.0005,0.9995,1265.0000,0
1330.10,5,68.5000,0,0,91.0609,8.9391,1311.0000,0
1330.10,6,0.0000,0,0,95.5052,4.4948,1265.0000,0
1330.10,7,0.0000,0,0,72.8390,27.1610,1265.0000,0
1330.10,8,88.0000,0,0,89.1376,10.8624,1324.0000,0
1330.10,9,0.0000,0,0,91.4188,8.5812,1265.0000,0
1331.10,0,0.0000,0,0,93.5116,6.4884,1266.0000,0
1331.10,1,26.5000,0,0,85.0240,14.9760,1284.0000,0
1331.10,2,0.0000,0,0,92.9436,7.0564,1266.0000,0
1331.10,3,80.5000,0,0,95.2454,4.7546,1320.0000,0
1331.10,4,0.0000,0,0,99.0005,0.9995,1266.0000,0
1331.10,5,68.5000,0,0,91.0609,8.9391,1312.0000,0
1331.10,6,0.0000,0,0,95.5052,4.4948,1266.0000,0
1331.10,7,0.0000,0,0,72.8390,27.1610,1266.0000,0
1331.10,8,88.0000,0,0,89.1376,10.8624,1325.0000,0
1331.10,9,0.0000,0,0,91.4188,8.5812,1266.0000,0
1332.10,0,0.0000,0,0,93.5116,6.4884,1267.0000,0
1332.10,1,26.5000,0,0,85.0240,14.9760,1285.0000,0
1332.10,2,0.0000,0,0,92.9436,7.0564,1267.0000,0
1332.10,3,80.5000,0,0,95.2454,4.7546,1321.0000,0
1332.10,4,0.0000,0,0,99.0005,0.9995,1267.0000,0
1332.10,5,68.5000,0,0,91.0609,8.9391,1313.0000,0
1332.10,6,0.0000,0,0,95.5052,4.4948,1267.0000,0
1332.10,7,0.0000,0,0,72.8390,27.1610,1267.0000,0
1332.10,8,88.0000,0,0,89.1376,10.8624,1326.0000,0
1332.10,9,0.0000,0,0,91.4188,8.5812,1267.0000,0
1333.10,0,0.0000,0,0,93.5116,6.4884,1268.0000,0
1333.10,1,26.5000,0,0,85.0240,14.9760,1286.0000,0
1333.10,2,0.0000,0,0,92.9436,7.0564,1268.0000,0
1333.10,3,80.5000,0,0,95.2454,4.7546,1322.0000,0
1333.10,4,0.0000,0,0,99.0005,0.9995,1268.0000,0
1333.10,5,68.5000,0,0,91.0609,8.9391,1314.0000,0
1333.10,6,0.0000,0,0,95.5052,4.4948,1268.0000,0
1333.10,7,0.0000,0,0,72.8390,27.1610,1268.0000,0
1333.10,8,88.0000,0,0,89.1376,10.8624,1327.0000,0
1333.10,9,0.0000,0,0,91.4188,8.5812,1268.0000,0
1334.10,0,0.0000,0,0,93.5116,6.4884,1269.0000,0
1334.10,1,26.5000,0,0,85.0240,14.9760,1287.0000,0
1334.10,2,0.0000,0,0,92.9436,7.0564,1269.0000,0
1334.10,3,80.5000,0,0,95.2454,4.7546,1323.0000,0
1334.10,4,0.0000,0,0,99.0005,0.9995,1269.0000,0
1334.10,5,68.5000,0,0,91.0609,8.9391,1315.0000,0
1334.10,6,0.0000,0,0,95.5052,4.4948,1269.0000,0
1334.10,7,0.0000,0,0,72.8390,27.1610,1269.0000,0
1334.10,8,88.0000,0,0,89.1376,10.8624,1328.0000,0
1334.10,9,0.0000,0,0,91.4188,8.5812,1269.0000,0
1335.10,0,0.0000,0,0,93.5116,6.4884,1270.0000,0
1335.10,1,26.5000,0,0,85.0240,14.9760,1288.0000,0
1335.10,2,0.0000,0,0,92.9436,7.0564,1270.0000,0
1335.10,3,80.5000,0,0,95.2454,4.7546,1324.0000,0
1335.10,4,0.0000,0,0,99.0005,0.9995,1270.0000,0
1335.10,5,68.5000,0,0,91.0609,8.9391,1316.0000,0
1335.10,6,0.0000,0,0,95.5052,4.4948,1270.0000,0
1335.10,7,0.0000,0,0,72.8390,27.1610,1270.0000,0
1335.10,8,88.0000,0,0,89.1376,10.8624,1329.0000,0
1335.10,9,0.0000,0,0,91.4188,8.5812,1270.0000,0
1336.10,0,0.0000,0,0,93.5116,6.4884,1271.0000,0
1336.10,1,26.5000,0,0,85.0240,14.9760,1289.0000,0
1336.10,2,0.0000,0,0,92.9436,7.0564,1271.0000,0
1336.10,3,80.5000,0,0,95.2454,4.7546,1325.0000,0
1336.10,4,0.0000,0,0,99.0005,0.9995,1271.0000,0
1336.10,5,68.5000,0,0,91.0609,8.9391,1317.0000,0
1336.10,6,0.0000,0,0,95.5052,4.4948,1271.0000,0
1336.10,7,0.0000,0,0,72.8390,27.1610,1271.0000,0
1336.10,8,88.0000,0,0,89.1376,10.8624,1330.0000,0
1336.10,9,0.0000,0,0,91.4188,8.5812,1271.0000,0
1337.10,0,0.0000,0,0,93.5116,6.4884,1272.0000,0
1337.10,1,26.5000,0,0,85.0240,14.9760,1290.0000,0
1337.10,2,0.0000,0,0,92.9436,7.0564,1272.0000,0
1337.10,3,80.5000,0,0,95.2454,4.7546,1326.0000,0
1337.10,4,0.0000,0,0,99.0005,0.9995,1272.0000,0
1337.10,5,68.5000,0,0,91.0609,8.9391,1318.0000,0
1337.10,6,0.0000,0,0,95.5052,4.4948,1272.0000,0
1337.10,7,0.0000,0,0,72.8390,27.1610,1272.0000,0
1337.10,8,88.0000,0,0,89.1376,10.8624,1331.0000,0
1337.10,9,0.0000,0,0,91.4188,8.5812,1272.0000,0
1338.10,0,0.0000,0,0,93.5116,6.4884,1273.0000,0
1338.10,1,26.5000,0,0,85.0240,14.9760,1291.0000,0
1338.10,2,0.0000,0,0,92.9436,7.0564,1273.0000,0
1338.10,3,80.5000,0,0,95.2454,4.7546,1327.0000,0
1338.10,4,0.0000,0,0,99.0005,0.9995,1273.0000,0
1338.10,5,68.5000,0,0,91.0609,8.9391,1319.0000,0
1338.10,6,0.0000,0,0,95.5052,4.4948,1273.0000,0
1338.10,7,0.0000,0,0,72.8390,27.1610,1273.0000,0
1338.10,8,88.0000,0,0,89.1376,10.8624,1332.0000,0
1338.10,9,0.0000,0,0,91.4188,8.5812,1273.0000,0
1339.10,0,0.0000,0,0,93.5116,6.4884,1274.0000,0
1339.10,1,26.5000,0,0,85.0240,14.9760,1292.0000,0
1339.10,2,0.0000,0,0,92.9436,7.0564,1274.0000,0
1339.10,3,80.5000,0,0,95.2454,4.7546,1328.0000,0
1339.10,4,0.0000,0,0,99.0005,0.9995,1274.0000,0
1339.10,5,68.5000,0,0,91.0609,8.9391,1320.0000,0
1339.10,6,0.0000,0,0,95.5052,4.4948,1274.0000,0
1339.10,7,0.0000,0,0,72.8390,27.1610,1274.0000,0
1339.10,8,88.0000,0,0,89.1376,10.8624,1333.0000,0
1339.10,9,0.0000,0,0,91.4188,8.5812,1274.0000,0
1340.10,0,0.0000,0,0,93.5116,6.4884,1275.0000,0
1340.10,1,26.5000,0,0,85.0240,14.9760,1293.0000,0
1340.10,2,0.0000,0,0,92.9436,7.0564,1275.0000,0
1340.10,3,80.5000,0,0,95.2454,4.7546,1329.0000,0
1340.10,4,0.0000,0,0,99.0005,0.9995,1275.0000,0
1340.10,5,68.5000,0,0,91.0609,8.9391,1321.0000,0
1340.10,6,0.0000,0,0,95.5052,4.4948,1275.0000,0
1340.10,7,0.0000,0,0,72.8390,27.1610,1275.0000,0
1340.10,8,88.0000,0,0,89.1376,10.8624,1334.0000,0
1340.10,9,0.0000,0,0,91.4188,8.5812,1275.0000,0
1341.10,0,0.0000,0,0,93.5116,6.4884,1276.0000,0
1341.10,1,26.5000,0,0,85.0240,14.9760,1294.0000,0
1341.10,2,0.0000,0,0,92.9436,7.0564,1276.0000,0
1341.10,3,80.5000,0,0,95.2454,4.7546,1330.0000,0
1341.10,4,0.0000,0,0,99.0005,0.9995,1276.0000,0
1341.10,5,68.5000,0,0,91.0609,8.9391,1322.0000,0
1341.10,6,0.0000,0,0,95.5052,4.4948,1276.0000,0
1341.10,7,0.0000,0,0,72.8390,27.1610,1276.0000,0
1341.10,8,88.0000,0,0,89.1376,10.8624,1335.0000,0
1341.10,9,0.0000,0,0,91.4188,8.5812,1276.0000,0
1342.10,0,0.0000,0,0,93.5116,6.4884,1277.0000,0
1342.10,1,26.5000,0,0,85.0240,14.9760,1295.0000,0
1342.10,2,0.0000,0,0,92.9436,7.0564,1277.0000,0
1342.10,3,80.5000,0,0,95.2454,4.7546,1331.0000,0
1342.10,4,0.0000,0,0,99.0005,0.9995,1277.0000,0
1342.10,5,68.5000,0,0,91.0609,8.9391,1323.0000,0
1342.10,6,0.0000,0,0,95.5052,4.4948,1277.0000,0
1342.10,7,0.0000,0,0,72.8390,27.1610,1277.0000,0
1342.10,8,88.0000,0,0,89.1376,10.8624,1336.0000,0
1342.10,9,0.0000,0,0,91.4188,8.5812,1277.0000,0
1343.10,0,0.0000,0,0,93.5116,6.4884,1278.0000,0
1343.10,1,26.5000,0,0,85.0240,14.9760,1296.0000,0
1343.10,2,0.0000,0,0,92.9436,7.0564,1278.0000,0
1343.10,3,80.5000,0,0,95.2454,4.7546,1332.0000,0
1343.10,4,0.0000,0,0,99.0005,0.9995,1278.0000,0
1343.10,5,68.5000,0,0,91.0609,8.9391,1324.0000,0
1343.10,6,0.0000,0,0,95.5052,4.4948,1278.0000,0
1343.10,7,0.0000,0,0,72.8390,27.1610,1278.0000,0
1343.10,8,88.0000,0,0,89.1376,10.8624,1337.0000,0
1343.10,9,0.0000,0,0,91.4188,8.5812,1278.0000,0
1344.10,0,0.0000,0,0,93.5116,6.4884,1279.0000,0
1344.10,1,26.5000,0,0,85.0240,14.9760,1297.0000,0
1344.10,2,0.0000,0,0,92.9436,7.0564,1279.0000,0
1344.10,3,80.5000,0,0,95.2454,4.7546,1333.0000,0
1344.10,4,0.0000,0,0,99.0005,0.9995,1279.0000,0
1344.10,5,68.5000,0,0,91.0609,8.9391,1325.0000,0
1344.10,6,0.0000,0,0,95.5052,4.4948,1279.0000,0
1344.10,7,0.0000,0,0,72.8390,27.1610,1279.0000,0
1344.10,8,88.0000,0,0,89.1376,10.8624,1338.0000,0
1344.10,9,0.0000,0,0,91.4188,8.5812,1279.0000,0
1345.10,0,0.0000,0,0,93.5116,6.4884,1280.0000,0
1345.10,1,26.5000,0,0,85.0240,14.9760,1298.0000,0
1345.10,2,0.0000,0,0,92.9436,7.0564,1280.0000,0
1345.10,3,80.5000,0,0,95.2454,4.7546,1334.0000,0
1345.10,4,0.0000,0,0,99.0005,0.9995,1280.0000,0
1345.10,5,68.5000,0,0,91.0609,8.9391,1326.0000,0
1345.10,6,0.0000,0,0,95.5052,4.4948,1280.0000,0
1345.10,7,0.0000,0,0,72.8390,27.1610,1280.0000,0
1345.10,8,88.0000,0,0,89.1376,10.8624,1339.0000,0
1345.10,9,0.0000,0,0,91.4188,8.5812,1280.0000,0
1346.10,0,0.0000,0,0,93.5116,6.4884,1281.0000,0
1346.10,1,26.5000,0,0,85.0240,14.9760,1299.0000,0
1346.10,2,0.0000,0,0,92.9436,7.0564,1281.0000,0
1346.10,3,80.5000,0,0,95.2454,4.7546,1335.0000,0
1346.10,4,0.0000,0,0,99.0005,0.9995,1281.0000,0
1346.10,5,68.5000,0,0,91.0609,8.9391,1327.0000,0
1346.10,6,0.0000,0,0,95.5052,4.4948,1281.0000,0
1346.10,7,0.0000,0,0,72.8390,27.1610,1281.0000,0
1346.10,8,88.0000,0,0,89.1376,10.8624,1340.0000,0
1346.10,9,0.0000,0,0,91.4188,8.5812,1281.0000,0
1347.10,0,0.0000,0,0,93.5116,6.4884,1282.0000,0
1347.10,1,26.5000,0,0,85.0240,14.9760,1300.0000,0
1347.10,2,0.0000,0,0,92.9436,7.0564,1282.0000,0
1347.10,3,80.5000,0,0,95.2454,4.7546,1336.0000,0
1347.10,4,0.0000,0,0,99.0005,0.9995,1282.0000,0
1347.10,5,68.5000,0,0,91.0609,8.9391,1328.0000,0
1347.10,6,0.0000,0,0,95.5052,4.4948,1282.0000,0
1347.10,7,0.0000,0,0,72.8390,27.1610,1282.0000,0
1347.10,8,88.0000,0,0,89.1376,10.8624,1341.0000,0
1347.10,9,0.0000,0,0,91.4188,8.5812,1282.0000,0
1348.10,0,0.0000,0,0,93.5116,6.4884,1283.0000,0
1348.10,1,26.5000,0,0,85.0240,14.9760,1301.0000,0
1348.10,2,0.0000,0,0,92.9436,7.0564,1283.0000,0
1348.10,3,80.5000,0,0,95.2454,4.7546,1337.0000,0
1348.10,4,0.0000,0,0,99.0005,0.9995,1283.0000,0
1348.10,5,68.5000,0,0,91.0609,8.9391,1329.0000,0
1348.10,6,0.0000,0,0,95.5052,4.4948,1283.0000,0
1348.10,7,0.0000,0,0,72.8390,27.1610,1283.0000,0
1348.10,8,88.0000,0,0,89.1376,10.8624,1342.0000,0
1348.10,9,0.0000,0,0,91.4188,8.5812,1283.0000,0
1349.10,0,0.0000,0,0,93.5116,6.4884,1284.0000,0
1349.10,1,26.5000,0,0,85.0240,14.9760,1302.0000,0
1349.10,2,0.0000,0,0,92.9436,7.0564,1284.0000,0
1349.10,3,80.5000,0,0,95.2454,4.7546,1338.0000,0
1349.10,4,0.0000,0,0,99.0005,0.9995,1284.0000,0
1349.10,5,68.5000,0,0,91.0609,8.9391,1330.0000,0
1349.10,6,0.0000,0,0,95.5052,4.4948,1284.0000,0
1349.10,7,0.0000,0,0,72.8390,27.1610,1284.0000,0
1349.10,8,88.0000,0,0,89.1376,10.8624,1343.0000,0
1349.10,9,0.0000,0,0,91.4188,8.5812,1284.0000,0
1350.10,0,0.0000,0,0,93.5116,6.4884,1285.0000,0
1350.10,1,26.5000,0,0,85.0240,14.9760,1303.0000,0
1350.10,2,0.0000,0,0,92.9436,7.0564,1285.0000,0
1350.10,3,80.5000,0,0,95.2454,4.7546,1339.0000,0
1350.10,4,0.0000,0,0,99.0005,0.9995,1285.0000,0
1350.10,5,68.5000,0,0,91.0609,8.9391,1331.0000,0
1350.10,6,0.0000,0,0,95.5052,4.4948,1285.0000,0
1350.10,7,0.0000,0,0,72.8390,27.1610,1285.0000,0
1350.10,8,88.0000,0,0,89.1376,10.8624,1344.0000,0
1350.10,9,0.0000,0,0,91.4188,8.5812,1285.0000,0
1351.10,0,0.0000,0,0,93.5116,6.4884,1286.0000,0
1351.10,1,26.5000,0,0,85.0240,14.9760,1304.0000,0
1351.10,2,0.0000,0,0,92.9436,7.0564,1286.0000,0
1351.10,3,80.5000,0,0,95.2454,4.7546,1340.0000,0
1351.10,4,0.0000,0,0,99.0005,0.9995,1286.0000,0
1351.10,5,68.5000,0,0,91.0609,8.9391,1332.0000,0
1351.10,6,0.0000,0,0,95.5052,4.4948,1286.0000,0
1351.10,7,0.0000,0,0,72.8390,27.1610,1286.0000,0
1351.10,8,88.0000,0,0,89.1376,10.8624,1345.0000,0
1351.10,9,0.0000,0,0,91.4188,8.5812,1286.0000,0
1352.10,0,0.0000,0,0,93.5116,6.4884,1287.0000,0
1352.10,1,26.5000,0,0,85.0240,14.9760,1305.0000,0
1352.10,2,0.0000,0,0,92.9436,7.0564,1287.0000,0
1352.10,3,80.5000,0,0,95.2454,4.7546,1341.0000,0
1352.10,4,0.0000,0,0,99.0005,0.9995,1287.0000,0
1352.10,5,68.5000,0,0,91.0609,8.9391,1333.0000,0
1352.10,6,0.0000,0,0,95.5052,4.4948,1287.0000,0
1352.10,7,0.0000,0,0,72.8390,27.1610,1287.0000,0
1352.10,8,88.0000,0,0,89.1376,10.8624,1346.0000,0
1352.10,9,0.0000,0,0,91.4188,8.5812,1287.0000,0
1353.10,0,0.0000,0,0,93.5116,6.4884,1288.0000,0
1353.10,1,26.5000,0,0,85.0240,14.9760,1306.0000,0
1353.10,2,0.0000,0,0,92.9436,7.0564,1288.0000,0
1353.10,3,80.5000,0,0,95.2454,4.7546,1342.0000,0
1353.10,4,0.0000,0,0,99.0005,0.9995,1288.0000,0
1353.10,5,68.5000,0,0,91.0609,8.9391,1334.0000,0
1353.10,6,0.0000,0,0,95.5052,4.4948,1288.0000,0
1353.10,7,0.0000,0,0,72.8390,27.1610,1288.0000,0
1353.10,8,88.0000,0,0,89.1376,10.8624,1347.0000,0
1353.10,9,0.0000,0,0,91.4188,8.5812,1288.0000,0
1354.10,0,0.0000,0,0,93.5116,6.4884,1289.0000,0
1354.10,1,26.5000,0,0,85.0240,14.9760,1307.0000,0
1354.10,2,0.0000,0,0,92.9436,7.0564,1289.0000,0
1354.10,3,80.5000,0,0,95.2454,4.7546,1343.0000,0
1354.10,4,0.0000,0,0,99.0005,0.9995,1289.0000,0
1354.10,5,68.5000,0,0,91.0609,8.9391,1335.0000,0
1354.10,6,0.0000,0,0,95.5052,4.4948,1289.0000,0
1354.10,7,0.0000,0,0,72.8390,27.1610,1289.0000,0
1354.10,8,88.0000,0,0,89.1376,10.8624,1348.0000,0
1354.10,9,0.0000,0,0,91.4188,8.5812,1289.0000,0
1355.10,0,0.0000,0,0,93.5116,6.4884,1290.0000,0
1355.10,1,26.5000,0,0,85.0240,14.9760,1308.0000,0
1355.10,2,0.0000,0,0,92.9436,7.0564,1290.0000,0
1355.10,3,80.5000,0,0,95.2454,4.7546,1344.0000,0
1355.10,4,0.0000,0,0,99.0005,0.9995,1290.0000,0
1355.10,5,68.5000,0,0,91.0609,8.9391,1336.0000,0
1355.10,6,0.0000,0,0,95.5052,4.4948,1290.0000,0
1355.10,7,0.0000,0,0,72.8390,27.1610,1290.0000,0
1355.10,8,88.0000,0,0,89.1376,10.8624,1349.0000,0
1355.10,9,0.0000,0,0,91.4188,8.5812,1290.0000,0
1356.10,0,0.0000,0,0,93.5116,6.4884,1291.0000,0
1356.10,1,26.5000,0,0,85.0240,14.9760,1309.0000,0
1356.10,2,0.0000,0,0,92.9436,7.0564,1291.0000,0
1356.10,3,80.5000,0,0,95.2454,4.7546,1345.0000,0
1356.10,4,0.0000,0,0,99.0005,0.9995,1291.0000,0
1356.10,5,68.5000,0,0,91.0609,8.9391,1337.0000,0
1356.10,6,0.0000,0,0,95.5052,4.4948,1291.0000,0
1356.10,7,0.0000,0,0,72.8390,27.1610,1291.0000,0
1356.10,8,88.0000,0,0,89.1376,10.8624,1350.0000,0
1356.10,9,0.0000,0,0,91.4188,8.5812,1291.0000,0
1357.10,0,0.0000,0,0,93.5116,6.4884,1292.0000,0
1357.10,1,26.5000,0,0,85.0240,14.9760,1310.0000,0
1357.10,2,0.0000,0,0,92.9436,7.0564,1292.0000,0
1357.10,3,80.5000,0,0,95.2454,4.7546,1346.0000,0
1357.10,4,0.0000,0,0,99.0005,0.9995,1292.0000,0
1357.10,5,68.5000,0,0,91.0609,8.9391,1338.0000,0
1357.10,6,0.0000,0,0,95.5052,4.4948,1292.0000,0
1357.10,7,0.0000,0,0,72.8390,27.1610,1292.0000,0
1357.10,8,88.0000,0,0,89.1376,10.8624,1351.0000,0
1357.10,9,0.0000,0,0,91.4188,8.5812,1292.0000,0
1358.10,0,0.0000,0,0,93.5116,6.4884,1293.0000,0
1358.10,1,26.5000,0,0,85.0240,14.9760,1311.0000,0
1358.10,2,0.0000,0,0,92.9436,7.0564,1293.0000,0
1358.10,3,80.5000,0,0,95.2454,4.7546,1347.0000,0
1358.10,4,0.0000,0,0,99.0005,0.9995,1293.0000,0
1358.10,5,68.5000,0,0,91.0609,8.9391,1339.0000,0
1358.10,6,0.0000,0,0,95.5052,4.4948,1293.0000,0
1358.10,7,0.0000,0,0,72.8390,27.1610,1293.0000,0
1358.10,8,88.0000,0,0,89.1376,10.8624,1352.0000,0
1358.10,9,0.0000,0,0,91.4188,8.5812,1293.0000,0
1359.10,0,0.0000,0,0,93.5116,6.4884,1294.0000,0
1359.10,1,26.5000,0,0,85.0240,14.9760,1312.0000,0
1359.10,2,0.0000,0,0,92.9436,7.0564,1294.0000,0
1359.10,3,80.5000,0,0,95.2454,4.7546,1348.0000,0
1359.10,4,0.0000,0,0,99.0005,0.9995,1294.0000,0
1359.10,5,68.5000,0,0,91.0609,8.9391,1340.0000,0
1359.10,6,0.0000,0,0,95.5052,4.4948,1294.0000,0
1359.10,7,0.0000,0,0,72.8390,27.1610,1294.0000,0
1359.10,8,88.0000,0,0,89.1376,10.8624,1353.0000,0
1359.10,9,0.0000,0,0,91.4188,8.5812,1294.0000,0
1360.10,0,0.0000,0,0,93.5116,6.4884,1295.0000,0
1360.10,1,26.5000,0,0,85.0240,14.9760,1313.0000,0
1360.10,2,0.0000,0,0,92.9436,7.0564,1295.0000,0
1360.10,3,80.5000,0,0,95.2454,4.7546,1349.0000,0
1360.10,4,0.0000,0,0,99.0005,0.9995,1295.0000,0
1360.10,5,68.5000,0,0,91.0609,8.9391,1341.0000,0
1360.10,6,0.0000,0,0,95.5052,4.4948,1295.0000,0
1360.10,7,0.0000,0,0,72.8390,27.1610,1295.0000,0
1360.10,8,88.0000,0,0,89.1376,10.8624,1354.0000,0
1360.10,9,0.0000,0,0,91.4188,8.5812,1295.0000,0
1361.10,0,0.0000,0,0,93.5116,6.4884,1296.0000,0
1361.10,1,26.5000,0,0,85.0240,14.9760,1314.0000,0
1361.10,2,0.0000,0,0,92.9436,7.0564,1296.0000,0
1361.10,3,80.5000,0,0,95.2454,4.7546,1350.0000,0
1361.10,4,0.0000,0,0,99.0005,0.9995,1296.0000,0
1361.10,5,68.5000,0,0,91.0609,8.9391,1342.0000,0
1361.10,6,0.0000,0,0,95.5052,4.4948,1296.0000,0
1361.10,7,0.0000,0,0,72.8390,27.1610,1296.0000,0
1361.10,8,88.0000,0,0,89.1376,10.8624,1355.0000,0
1361.10,9,0.0000,0,0,91.4188,8.5812,1296.0000,0
1362.10,0,0.0000,0,0,93.5116,6.4884,1297.0000,0
1362.10,1,26.5000,0,0,85.0240,14.9760,1315.0000,0
1362.10,2,0.0000,0,0,92.9436,7.0564,1297.0000,0
1362.10,3,80.5000,0,0,95.2454,4.7546,1351.0000,0
1362.10,4,0.0000,0,0,99.0005,0.9995,1297.0000,0
1362.10,5,68.5000,0,0,91.0609,8.9391,1343.0000,0
1362.10,6,0.0000,0,0,95.5052,4.4948,1297.0000,0
1362.10,7,0.0000,0,0,72.8390,27.1610,1297.0000,0
1362.10,8,88.0000,0,0,89.1376,10.8624,1356.0000,0
1362.10,9,0.0000,0,0,91.4188,8.5812,1297.0000,0
1363.10,0,0.0000,0,0,93.5116,6.4884,1298.0000,0
1363.10,1,26.5000,0,0,85.0240,14.9760,1316.0000,0
1363.10,2,0.0000,0,0,92.9436,7.0564,1298.0000,0
1363.10,3,80.5000,0,0,95.2454,4.7546,1352.0000,0
1363.10,4,0.0000,0,0,99.0005,0.9995,1298.0000,0
1363.10,5,68.5000,0,0,91.0609,8.9391,1344.0000,0
1363.10,6,0.0000,0,0,95.5052,4.4948,1298.0000,0
1363.10,7,0.0000,0,0,72.8390,27.1610,1298.0000,0
1363.10,8,88.0000,0,0,89.1376,10.8624,1357.0000,0
1363.10,9,0.0000,0,0,91.4188,8.5812,1298.0000,0
1364.10,0,0.0000,0,0,93.5116,6.4884,1299.0000,0
1364.10,1,26.5000,0,0,85.0240,14.9760,1317.0000,0
1364.10,2,0.0000,0,0,92.9436,7.0564,1299.0000,0
1364.10,3,80.5000,0,0,95.2454,4.7546,1353.0000,0
1364.10,4,0.0000,0,0,99.0005,0.9995,1299.0000,0
1364.10,5,68.5000,0,0,91.0609,8.9391,1345.0000,0
1364.10,6,0.0000,0,0,95.5052,4.4948,1299.0000,0
1364.10,7,0.0000,0,0,72.8390,27.1610,1299.0000,0
1364.10,8,88.0000,0,0,89.1376,10.8624,1358.0000,0
1364.10,9,0.0000,0,0,91.4188,8.5812,1299.0000,0
1365.10,0,0.0000,0,0,93.5116,6.4884,1300.0000,0
1365.10,1,26.5000,0,0,85.0240,14.9760,1318.0000,0
1365.10,2,0.0000,0,0,92.9436,7.0564,1300.0000,0
1365.10,3,80.5000,0,0,95.2454,4.7546,1354.0000,0
1365.10,4,0.0000,0,0,99.0005,0.9995,1300.0000,0
1365.10,5,68.5000,0,0,91.0609,8.9391,1346.0000,0
1365.10,6,0.0000,0,0,95.5052,4.4948,1300.0000,0
1365.10,7,0.0000,0,0,72.8390,27.1610,1300.0000,0
1365.10,8,88.0000,0,0,89.1376,10.8624,1359.0000,0
1365.10,9,0.0000,0,0,91.4188,8.5812,1300.0000,0
1366.10,0,0.0000,0,0,93.5116,6.4884,1301.0000,0
1366.10,1,26.5000,0,0,85.0240,14.9760,1319.0000,0
1366.10,2,0.0000,0,0,92.9436,7.0564,1301.0000,0
1366.10,3,80.5000,0,0,95.2454,4.7546,1355.0000,0
1366.10,4,0.0000,0,0,99.0005,0.9995,1301.0000,0
1366.10,5,68.5000,0,0,91.0609,8.9391,1347.0000,0
1366.10,6,0.0000,0,0,95.5052,4.4948,1301.0000,0
1366.10,7,0.0000,0,0,72.8390,27.1610,1301.0000,0
1366.10,8,88.0000,0,0,89.1376,10.8624,1360.0000,0
1366.10,9,0.0000,0,0,91.4188,8.5812,1301.0000,0
1367.10,0,0.0000,0,0,93.5116,6.4884,1302.0000,0
1367.10,1,26.5000,0,0,85.0240,14.9760,1320.0000,0
1367.10,2,0.0000,0,0,92.9436,7.0564,1302.0000,0
1367.10,3,80.5000,0,0,95.2454,4.7546,1356.0000,0
1367.10,4,0.0000,0,0,99.0005,0.9995,1302.0000,0
1367.10,5,68.5000,0,0,91.0609,8.9391,1348.0000,0
1367.10,6,0.0000,0,0,95.5052,4.4948,1302.0000,0
1367.10,7,0.0000,0,0,72.8390,27.1610,1302.0000,0
1367.10,8,88.0000,0,0,89.1376,10.8624,1361.0000,0
1367.10,9,0.0000,0,0,91.4188,8.5812,1302.0000,0
1368.10,0,0.0000,0,0,93.5116,6.4884,1303.0000,0
1368.10,1,26.5000,0,0,85.0240,14.9760,1321.0000,0
1368.10,2,0.0000,0,0,92.9436,7.0564,1303.0000,0
1368.10,3,80.5000,0,0,95.2454,4.7546,1357.0000,0
1368.10,4,0.0000,0,0,99.0005,0.9995,1303.0000,0
1368.10,5,68.5000,0,0,91.0609,8.9391,1349.0000,0
1368.10,6,0.0000,0,0,95.5052,4.4948,1303.0000,0
1368.10,7,0.0000,0,0,72.8390,27.1610,1303.0000,0
1368.10,8,88.0000,0,0,89.1376,10.8624,1362.0000,0
1368.10,9,0.0000,0,0,91.4188,8.5812,1303.0000,0
1369.10,0,0.0000,0,0,93.5116,6.4884,1304.0000,0
1369.10,1,26.5000,0,0,85.0240,14.9760,1322.0000,0
1369.10,2,0.0000,0,0,92.9436,7.0564,1304.0000,0
1369.10,3,80.5000,0,0,95.2454,4.7546,1358.0000,0
1369.10,4,0.0000,0,0,99.0005,0.9995,1304.0000,0
1369.10,5,68.5000,0,0,91.0609,8.9391,1350.0000,0
1369.10,6,0.0000,0,0,95.5052,4.4948,1304.0000,0
1369.10,7,0.0000,0,0,72.8390,27.1610,1304.0000,0
1369.10,8,88.0000,0,0,89.1376,10.8624,1363.0000,0
1369.10,9,0.0000,0,0,91.4188,8.5812,1304.0000,0
1370.10,0,0.0000,0,0,93.5116,6.4884,1305.0000,0
1370.10,1,26.5000,0,0,85.0240,14.9760,1323.0000,0
1370.10,2,0.0000,0,0,92.9436,7.0564,1305.0000,0
1370.10,3,80.5000,0,0,95.2454,4.7546,1359.0000,0
1370.10,4,0.0000,0,0,99.0005,0.9995,1305.0000,0
1370.10,5,68.5000,0,0,91.0609,8.9391,1351.0000,0
1370.10,6,0.0000,0,0,95.5052,4.4948,1305.0000,0
1370.10,7,0.0000,0,0,72.8390,27.1610,1305.0000,0
1370.10,8,88.0000,0,0,89.1376,10.8624,1364.0000,0
1370.10,9,0.0000,0,0,91.4188,8.5812,1305.0000,0
1371.10,0,0.0000,0,0,93.5116,6.4884,1306.0000,0
1371.10,1,26.5000,0,0,85.0240,14.9760,1324.0000,0
1371.10,2,0.0000,0,0,92.9436,7.0564,1306.0000,0
1371.10,3,80.5000,0,0,95.2454,4.7546,1360.0000,0
1371.10,4,0.0000,0,0,99.0005,0.9995,1306.0000,0
1371.10,5,68.5000,0,0,91.0609,8.9391,1352.0000,0
1371.10,6,0.0000,0,0,95.5052,4.4948,1306.0000,0
1371.10,7,0.0000,0,0,72.8390,27.1610,1306.0000,0
1371.10,8,88.0000,0,0,89.1376,10.8624,1365.0000,0
1371.10,9,0.0000,0,0,91.4188,8.5812,1306.0000,0
1372.10,0,0.0000,0,0,93.5116,6.4884,1307.0000,0
1372.10,1,26.5000,0,0,85.0240,14.9760,1325.0000,0
1372.10,2,0.0000,0,0,92.9436,7.0564,1307.0000,0
1372.10,3,80.5000,0,0,95.2454,4.7546,1361.0000,0
1372.10,4,0.0000,0,0,99.0005,0.9995,1307.0000,0
1372.10,5,68.5000,0,0,91.0609,8.9391,1353.0000,0
1372.10,6,0.0000,0,0,95.5052,4.4948,1307.0000,0
1372.10,7,0.0000,0,0,72.8390,27.1610,1307.0000,0
1372.10,8,88.0000,0,0,89.1376,10.8624,1366.0000,0
1372.10,9,0.0000,0,0,91.4188,8.5812,1307.0000,0
1373.10,0,0.0000,0,0,93.5116,6.4884,1308.0000,0
1373.10,1,26.5000,0,0,85.0240,14.9760,1326.0000,0
1373.10,2,0.0000,0,0,92.9436,7.0564,1308.0000,0
1373.10,3,80.5000,0,0,95.2454,4.7546,1362.0000,0
1373.10,4,0.0000,0,0,99.0005,0.9995,1308.0000,0
1373.10,5,68.5000,0,0,91.0609,8.9391,1354.0000,0
1373.10,6,0.0000,0,0,95.5052,4.4948,1308.0000,0
1373.10,7,0.0000,0,0,72.8390,27.1610,1308.0000,0
1373.10,8,88.0000,0,0,89.1376,10.8624,1367.0000,0
1373.10,9,0.0000,0,0,91.4188,8.5812,1308.0000,0
1374.10,0,0.0000,0,0,93.5116,6.4884,1309.0000,0
1374.10,1,26.5000,0,0,85.0240,14.9760,1327.0000,0
1374.10,2,0.0000,0,0,92.9436,7.0564,1309.0000,0
1374.10,3,80.5000,0,0,95.2454,4.7546,1363.0000,0
1374.10,4,0.0000,0,0,99.0005,0.9995,1309.0000,0
1374.10,5,68.5000,0,0,91.0609,8.9391,1355.0000,0
1374.10,6,0.0000,0,0,95.5052,4.4948,1309.0000,0
1374.10,7,0.0000,0,0,72.8390,27.1610,1309.0000,0
1374.10,8,88.0000,0,0,89.1376,10.8624,1368.0000,0
1374.10,9,0.0000,0,0,91.4188,8.5812,1309.0000,0
1375.10,0,0.0000,0,0,93.5116,6.4884,1310.0000,0
1375.10,1,26.5000,0,0,85.0240,14.9760,1328.0000,0
1375.10,2,0.0000,0,0,92.9436,7.0564,1310.0000,0
1375.10,3,80.5000,0,0,95.2454,4.7546,1364.0000,0
1375.10,4,0.0000,0,0,99.0005,0.9995,1310.0000,0
1375.10,5,68.5000,0,0,91.0609,8.9391,1356.0000,0
1375.10,6,0.0000,0,0,95.5052,4.4948,1310.0000,0
1375.10,7,0.0000,0,0,72.8390,27.1610,1310.0000,0
1375.10,8,88.0000,0,0,89.1376,10.8624,1369.0000,0
1375.10,9,0.0000,0,0,91.4188,8.5812,1310.0000,0
1376.10,0,0.0000,0,0,93.5116,6.4884,1311.0000,0
1376.10,1,26.5000,0,0,85.0240,14.9760,1329.0000,0
1376.10,2,0.0000,0,0,92.9436,7.0564,1311.0000,0
1376.10,3,80.5000,0,0,95.2454,4.7546,1365.0000,0
1376.10,4,0.0000,0,0,99.0005,0.9995,1311.0000,0
1376.10,5,68.5000,0,0,91.0609,8.9391,1357.0000,0
1376.10,6,0.0000,0,0,95.5052,4.4948,1311.0000,0
1376.10,7,0.0000,0,0,72.8390,27.1610,1311.0000,0
1376.10,8,88.0000,0,0,89.1376,10.8624,1370.0000,0
1376.10,9,0.0000,0,0,91.4188,8.5812,1311.0000,0
1377.10,0,0.0000,0,0,93.5116,6.4884,1312.0000,0
1377.10,1,26.5000,0,0,85.0240,14.9760,1330.0000,0
1377.10,2,0.0000,0,0,92.9436,7.0564,1312.0000,0
1377.10,3,80.5000,0,0,95.2454,4.7546,1366.0000,0
1377.10,4,0.0000,0,0,99.0005,0.9995,1312.0000,0
1377.10,5,68.5000,0,0,91.0609,8.9391,1358.0000,0
1377.10,6,0.0000,0,0,95.5052,4.4948,1312.0000,0
1377.10,7,0.0000,0,0,72.8390,27.1610,1312.0000,0
1377.10,8,88.0000,0,0,89.1376,10.8624,1371.0000,0
1377.10,9,0.0000,0,0,91.4188,8.5812,1312.0000,0
1378.10,0,0.0000,0,0,93.5116,6.4884,1313.0000,0
1378.10,1,26.5000,0,0,85.0240,14.9760,1331.0000,0
1378.10,2,0.0000,0,0,92.9436,7.0564,1313.0000,0
1378.10,3,80.5000,0,0,95.2454,4.7546,1367.0000,0
1378.10,4,0.0000,0,0,99.0005,0.9995,1313.0000,0
1378.10,5,68.5000,0,0,91.0609,8.9391,1359.0000,0
1378.10,6,0.0000,0,0,95.5052,4.4948,1313.0000,0
1378.10,7,0.0000,0,0,72.8390,27.1610,1313.0000,0
1378.10,8,88.0000,0,0,89.1376,10.8624,1372.0000,0
1378.10,9,0.0000,0,0,91.4188,8.5812,1313.0000,0
1379.10,0,0.0000,0,0,93.5116,6.4884,1314.0000,0
1379.10,1,26.5000,0,0,85.0240,14.9760,1332.0000,0
1379.10,2,0.0000,0,0,92.9436,7.0564,1314.0000,0
1379.10,3,80.5000,0,0,95.2454,4.7546,1368.0000,0
1379.10,4,0.0000,0,0,99.0005,0.9995,1314.0000,0
1379.10,5,68.5000,0,0,91.0609,8.9391,1360.0000,0
1379.10,6,0.0000,0,0,95.5052,4.4948,1314.0000,0
1379.10,7,0.0000,0,0,72.8390,27.1610,1314.0000,0
1379.10,8,88.0000,0,0,89.1376,10.8624,1373.0000,0
1379.10,9,0.0000,0,0,91.4188,8.5812,1314.0000,0
1380.10,0,0.0000,0,0,93.5116,6.4884,1315.0000,0
1380.10,1,26.5000,0,0,85.0240,14.9760,1333.0000,0
1380.10,2,0.0000,0,0,92.9436,7.0564,1315.0000,0
1380.10,3,80.5000,0,0,95.2454,4.7546,1369.0000,0
1380.10,4,0.0000,0,0,99.0005,0.9995,1315.0000,0
1380.10,5,68.5000,0,0,91.0609,8.9391,1361.0000,0
1380.10,6,0.0000,0,0,95.5052,4.4948,1315.0000,0
1380.10,7,0.0000,0,0,72.8390,27.1610,1315.0000,0
1380.10,8,88.0000,0,0,89.1376,10.8624,1374.0000,0
1380.10,9,0.0000,0,0,91.4188,8.5812,1315.0000,0
1381.10,0,0.0000,0,0,93.5116,6.4884,1316.0000,0
1381.10,1,26.5000,0,0,85.0240,14.9760,1334.0000,0
1381.10,2,0.0000,0,0,92.9436,7.0564,1316.0000,0
1381.10,3,80.5000,0,0,95.2454,4.7546,1370.0000,0
1381.10,4,0.0000,0,0,99.0005,0.9995,1316.0000,0
1381.10,5,68.5000,0,0,91.0609,8.9391,1362.0000,0
1381.10,6,0.0000,0,0,95.5052,4.4948,1316.0000,0
1381.10,7,0.0000,0,0,72.8390,27.1610,1316.0000,0
1381.10,8,88.0000,0,0,89.1376,10.8624,1375.0000,0
1381.10,9,0.0000,0,0,91.4188,8.5812,1316.0000,0
1382.10,0,0.0000,0,0,93.5116,6.4884,1317.0000,0
1382.10,1,26.5000,0,0,85.0240,14.9760,1335.0000,0
1382.10,2,0.0000,0,0,92.9436,7.0564,1317.0000,0
1382.10,3,80.5000,0,0,95.2454,4.7546,1371.0000,0
1382.10,4,0.0000,0,0,99.0005,0.9995,1317.0000,0
1382.10,5,68.5000,0,0,91.0609,8.9391,1363.0000,0
1382.10,6,0.0000,0,0,95.5052,4.4948,1317.0000,0
1382.10,7,0.0000,0,0,72.8390,27.1610,1317.0000,0
1382.10,8,88.0000,0,0,89.1376,10.8624,1376.0000,0
1382.10,9,0.0000,0,0,91.4188,8.5812,1317.0000,0
1383.10,0,0.0000,0,0,93.5116,6.4884,1318.0000,0
1383.10,1,26.5000,0,0,85.0240,14.9760,1336.0000,0
1383.10,2,0.0000,0,0,92.9436,7.0564,1318.0000,0
1383.10,3,80.5000,0,0,95.2454,4.7546,1372.0000,0
1383.10,4,0.0000,0,0,99.0005,0.9995,1318.0000,0
1383.10,5,68.5000,0,0,91.0609,8.9391,1364.0000,0
1383.10,6,0.0000,0,0,95.5052,4.4948,1318.0000,0
1383.10,7,0.0000,0,0,72.8390,27.1610,1318.0000,0
1383.10,8,88.0000,0,0,89.1376,10.8624,1377.0000,0
1383.10,9,0.0000,0,0,91.4188,8.5812,1318.0000,0
1384.10,0,0.0000,0,0,93.5116,6.4884,1319.0000,0
1384.10,1,26.5000,0,0,85.0240,14.9760,1337.0000,0
1384.10,2,0.0000,0,0,92.9436,7.0564,1319.0000,0
1384.10,3,80.5000,0,0,95.2454,4.7546,1373.0000,0
1384.10,4,0.0000,0,0,99.0005,0.9995,1319.0000,0
1384.10,5,68.5000,0,0,91.0609,8.9391,1365.0000,0
1384.10,6,0.0000,0,0,95.5052,4.4948,1319.0000,0
1384.10,7,0.0000,0,0,72.8390,27.1610,1319.0000,0
1384.10,8,88.0000,0,0,89.1376,10.8624,1378.0000,0
1384.10,9,0.0000,0,0,91.4188,8.5812,1319.0000,0
1385.10,0,0.0000,0,0,93.5116,6.4884,1320.0000,0
1385.10,1,26.5000,0,0,85.0240,14.9760,1338.0000,0
1385.10,2,0.0000,0,0,92.9436,7.0564,1320.0000,0
1385.10,3,80.5000,0,0,95.2454,4.7546,1374.0000,0
1385.10,4,0.0000,0,0,99.0005,0.9995,1320.0000,0
1385.10,5,68.5000,0,0,91.0609,8.9391,1366.0000,0
1385.10,6,0.0000,0,0,95.5052,4.4948,1320.0000,0
1385.10,7,0.0000,0,0,72.8390,27.1610,1320.0000,0
1385.10,8,88.0000,0,0,89.1376,10.8624,1379.0000,0
1385.10,9,0.0000,0,0,91.4188,8.5812,1320.0000,0
1386.10,0,0.0000,0,0,93.5116,6.4884,1321.0000,0
1386.10,1,26.5000,0,0,85.0240,14.9760,1339.0000,0
1386.10,2,0.0000,0,0,92.9436,7.0564,1321.0000,0
1386.10,3,80.5000,0,0,95.2454,4.7546,1375.0000,0
1386.10,4,0.0000,0,0,99.0005,0.9995,1321.0000,0
1386.10,5,68.5000,0,0,91.0609,8.9391,1367.0000,0
1386.10,6,0.0000,0,0,95.5052,4.4948,1321.0000,0
1386.10,7,0.0000,0,0,72.8390,27.1610,1321.0000,0
1386.10,8,88.0000,0,0,89.1376,10.8624,1380.0000,0
1386.10,9,0.0000,0,0,91.4188,8.5812,1321.0000,0
1387.10,0,0.0000,0,0,93.5116,6.4884,1322.0000,0
1387.10,1,26.5000,0,0,85.0240,14.9760,1340.0000,0
1387.10,2,0.0000,0,0,92.9436,7.0564,1322.0000,0
1387.10,3,80.5000,0,0,95.2454,4.7546,1376.0000,0
1387.10,4,0.0000,0,0,99.0005,0.9995,1322.0000,0
1387.10,5,68.5000,0,0,91.0609,8.9391,1368.0000,0
1387.10,6,0.0000,0,0,95.5052,4.4948,1322.0000,0
1387.10,7,0.0000,0,0,72.8390,27.1610,1322.0000,0
1387.10,8,88.0000,0,0,89.1376,10.8624,1381.0000,0
1387.10,9,0.0000,0,0,91.4188,8.5812,1322.0000,0
1388.10,0,0.0000,0,0,93.5116,6.4884,1323.0000,0
1388.10,1,26.5000,0,0,85.0240,14.9760,1341.0000,0
1388.10,2,0.0000,0,0,92.9436,7.0564,1323.0000,0
1388.10,3,80.5000,0,0,95.2454,4.7546,1377.0000,0
1388.10,4,0.0000,0,0,99.0005,0.9995,1323.0000,0
1388.10,5,68.5000,0,0,91.0609,8.9391,1369.0000,0
1388.10,6,0.0000,0,0,95.5052,4.4948,1323.0000,0
1388.10,7,0.0000,0,0,72.8390,27.1610,1323.0000,0
1388.10,8,88.0000,0,0,89.1376,10.8624,1382.0000,0
1388.10,9,0.0000,0,0,91.4188,8.5812,1323.0000,0
1389.10,0,0.0000,0,0,93.5116,6.4884,1324.0000,0
1389.10,1,26.5000,0,0,85.0240,14.9760,1342.0000,0
1389.10,2,0.0000,0,0,92.9436,7.0564,1324.0000,0
1389.10,3,80.5000,0,0,95.2454,4.7546,1378.0000,0
1389.10,4,0.0000,0,0,99.0005,0.9995,1324.0000,0
1389.10,5,68.5000,0,0,91.0609,8.9391,1370.0000,0
1389.10,6,0.0000,0,0,95.5052,4.4948,1324.0000,0
1389.10,7,0.0000,0,0,72.8390,27.1610,1324.0000,0
1389.10,8,88.0000,0,0,89.1376,10.8624,1383.0000,0
1389.10,9,0.0000,0,0,91.4188,8.5812,1324.0000,0
1390.10,0,0.0000,0,0,93.5116,6.4884,1325.0000,0
1390.10,1,26.5000,0,0,85.0240,14.9760,1343.0000,0
1390.10,2,0.0000,0,0,92.9436,7.0564,1325.0000,0
1390.10,3,80.5000,0,0,95.2454,4.7546,1379.0000,0
1390.10,4,0.0000,0,0,99.0005,0.9995,1325.0000,0
1390.10,5,68.5000,0,0,91.0609,8.9391,1371.0000,0
1390.10,6,0.0000,0,0,95.5052,4.4948,1325.0000,0
1390.10,7,0.0000,0,0,72.8390,27.1610,1325.0000,0
1390.10,8,88.0000,0,0,89.1376,10.8624,1384.0000,0
1390.10,9,0.0000,0,0,91.4188,8.5812,1325.0000,0
1391.10,0,0.0000,0,0,93.5116,6.4884,1326.0000,0
1391.10,1,26.5000,0,0,85.0240,14.9760,1344.0000,0
1391.10,2,0.0000,0,0,92.9436,7.0564,1326.0000,0
1391.10,3,80.5000,0,0,95.2454,4.7546,1380.0000,0
1391.10,4,0.0000,0,0,99.0005,0.9995,1326.0000,0
1391.10,5,68.5000,0,0,91.0609,8.9391,1372.0000,0
1391.10,6,0.0000,0,0,95.5052,4.4948,1326.0000,0
1391.10,7,0.0000,0,0,72.8390,27.1610,1326.0000,0
1391.10,8,88.0000,0,0,89.1376,10.8624,1385.0000,0
1391.10,9,0.0000,0,0,91.4188,8.5812,1326.0000,0
1392.10,0,0.0000,0,0,93.5116,6.4884,1327.0000,0
1392.10,1,26.5000,0,0,85.0240,14.9760,1345.0000,0
1392.10,2,0.0000,0,0,92.9436,7.0564,1327.0000,0
1392.10,3,80.5000,0,0,95.2454,4.7546,1381.0000,0
1392.10,4,0.0000,0,0,99.0005,0.9995,1327.0000,0
1392.10,5,68.5000,0,0,91.0609,8.9391,1373.0000,0
1392.10,6,0.0000,0,0,95.5052,4.4948,1327.0000,0
1392.10,7,0.0000,0,0,72.8390,27.1610,1327.0000,0
1392.10,8,88.0000,0,0,89.1376,10.8624,1386.0000,0
1392.10,9,0.0000,0,0,91.4188,8.5812,1327.0000,0
1393.10,0,0.0000,0,0,93.5116,6.4884,1328.0000,0
1393.10,1,26.5000,0,0,85.0240,14.9760,1346.0000,0
1393.10,2,0.0000,0,0,92.9436,7.0564,1328.0000,0
1393.10,3,80.5000,0,0,95.2454,4.7546,1382.0000,0
1393.10,4,0.0000,0,0,99.0005,0.9995,1328.0000,0
1393.10,5,68.5000,0,0,91.0609,8.9391,1374.0000,0
1393.10,6,0.0000,0,0,95.5052,4.4948,1328.0000,0
1393.10,7,0.0000,0,0,72.8390,27.1610,1328.0000,0
1393.10,8,88.0000,0,0,89.1376,10.8624,1387.0000,0
1393.10,9,0.0000,0,0,91.4188,8.5812,1328.0000,0
1394.10,0,0.0000,0,0,93.5116,6.4884,1329.0000,0
1394.10,1,26.5000,0,0,85.0240,14.9760,1347.0000,0
1394.10,2,0.0000,0,0,92.9436,7.0564,1329.0000,0
1394.10,3,80.5000,0,0,95.2454,4.7546,1383.0000,0
1394.10,4,0.0000,0,0,99.0005,0.9995,1329.0000,0
1394.10,5,68.5000,0,0,91.0609,8.9391,1375.0000,0
1394.10,6,0.0000,0,0,95.5052,4.4948,1329.0000,0
1394.10,7,0.0000,0,0,72.8390,27.1610,1329.0000,0
1394.10,8,88.0000,0,0,89.1376,10.8624,1388.0000,0
1394.10,9,0.0000,0,0,91.4188,8.5812,1329.0000,0
1395.10,0,0.0000,0,0,93.5116,6.4884,1330.0000,0
1395.10,1,26.5000,0,0,85.0240,14.9760,1348.0000,0
1395.10,2,0.0000,0,0,92.9436,7.0564,1330.0000,0
1395.10,3,80.5000,0,0,95.2454,4.7546,1384.0000,0
1395.10,4,0.0000,0,0,99.0005,0.9995,1330.0000,0
1395.10,5,68.5000,0,0,91.0609,8.9391,1376.0000,0
1395.10,6,0.0000,0,0,95.5052,4.4948,1330.0000,0
1395.10,7,0.0000,0,0,72.8390,27.1610,1330.0000,0
1395.10,8,88.0000,0,0,89.1376,10.8624,1389.0000,0
1395.10,9,0.0000,0,0,91.4188,8.5812,1330.0000,0
1396.10,0,0.0000,0,0,93.5116,6.4884,1331.0000,0
1396.10,1,26.5000,0,0,85.0240,14.9760,1349.0000,0
1396.10,2,0.0000,0,0,92.9436,7.0564,1331.0000,0
1396.10,3,80.5000,0,0,95.2454,4.7546,1385.0000,0
1396.10,4,0.0000,0,0,99.0005,0.9995,1331.0000,0
1396.10,5,68.5000,0,0,91.0609,8.9391,1377.0000,0
1396.10,6,0.0000,0,0,95.5052,4.4948,1331.0000,0
1396.10,7,0.0000,0,0,72.8390,27.1610,1331.0000,0
1396.10,8,88.0000,0,0,89.1376,10.8624,1390.0000,0
1396.10,9,0.0000,0,0,91.4188,8.5812,1331.0000,0
1397.10,0,0.0000,0,0,93.5116,6.4884,1332.0000,0
1397.10,1,26.5000,0,0,85.0240,14.9760,1350.0000,0
1397.10,2,0.0000,0,0,92.9436,7.0564,1332.0000,0
1397.10,3,80.5000,0,0,95.2454,4.7546,1386.0000,0
1397.10,4,0.0000,0,0,99.0005,0.9995,1332.0000,0
1397.10,5,68.5000,0,0,91.0609,8.9391,1378.0000,0
1397.10,6,0.0000,0,0,95.5052,4.4948,1332.0000,0
1397.10,7,0.0000,0,0,72.8390,27.1610,1332.0000,0
1397.10,8,88.0000,0,0,89.1376,10.8624,1391.0000,0
1397.10,9,0.0000,0,0,91.4188,8.5812,1332.0000,0
1398.10,0,0.0000,0,0,93.5116,6.4884,1333.0000,0
1398.10,1,26.5000,0,0,85.0240,14.9760,1351.0000,0
1398.10,2,0.0000,0,0,92.9436,7.0564,1333.0000,0
1398.10,3,80.5000,0,0,95.2454,4.7546,1387.0000,0
1398.10,4,0.0000,0,0,99.0005,0.9995,1333.0000,0
1398.10,5,68.5000,0,0,91.0609,8.9391,1379.0000,0
1398.10,6,0.0000,0,0,95.5052,4.4948,1333.0000,0
1398.10,7,0.0000,0,0,72.8390,27.1610,1333.0000,0
1398.10,8,88.0000,0,0,89.1376,10.8624,1392.0000,0
1398.10,9,0.0000,0,0,91.4188,8.5812,1333.0000,0
1399.10,0,0.0000,0,0,93.5116,6.4884,1334.0000,0
1399.10,1,26.5000,0,0,85.0240,14.9760,1352.0000,0
1399.10,2,0.0000,0,0,92.9436,7.0564,1334.0000,0
1399.10,3,80.5000,0,0,95.2454,4.7546,1388.0000,0
1399.10,4,0.0000,0,0,99.0005,0.9995,1334.0000,0
1399.10,5,68.5000,0,0,91.0609,8.9391,1380.0000,0
1399.10,6,0.0000,0,0,95.5052,4.4948,1334.0000,0
1399.10,7,0.0000,0,0,72.8390,27.1610,1334.0000,0
1399.10,8,88.0000,0,0,89.1376,10.8624,1393.0000,0
1399.10,9,0.0000,0,0,91.4188,8.5812,1334.0000,0
1400.10,0,0.0000,0,0,93.5116,6.4884,1335.0000,0
1400.10,1,26.5000,0,0,85.0240,14.9760,1353.0000,0
1400.10,2,0.0000,0,0,92.9436,7.0564,1335.0000,0
1400.10,3,80.5000,0,0,95.2454,4.7546,1389.0000,0
1400.10,4,0.0000,0,0,99.0005,0.9995,1335.0000,0
1400.10,5,68.5000,0,0,91.0609,8.9391,1381.0000,0
1400.10,6,0.0000,0,0,95.5052,4.4948,1335.0000,0
1400.10,7,0.0000,0,0,72.8390,27.1610,1335.0000,0
1400.10,8,88.0000,0,0,89.1376,10.8624,1394.0000,0
1400.10,9,0.0000,0,0,91.4188,8.5812,1335.0000,0
1401.10,0,0.0000,0,0,93.5116,6.4884,1336.0000,0
1401.10,1,26.5000,0,0,85.0240,14.9760,1354.0000,0
1401.10,2,0.0000,0,0,92.9436,7.0564,1336.0000,0
1401.10,3,80.5000,0,0,95.2454,4.7546,1390.0000,0
1401.10,4,0.0000,0,0,99.0005,0.9995,1336.0000,0
1401.10,5,68.5000,0,0,91.0609,8.9391,1382.0000,0
1401.10,6,0.0000,0,0,95.5052,4.4948,1336.0000,0
1401.10,7,0.0000,0,0,72.8390,27.1610,1336.0000,0
1401.10,8,88.0000,0,0,89.1376,10.8624,1395.0000,0
1401.10,9,0.0000,0,0,91.4188,8.5812,1336.0000,0
1402.10,0,0.0000,0,0,93.5116,6.4884,1337.0000,0
1402.10,1,26.5000,0,0,85.0240,14.9760,1355.0000,0
1402.10,2,0.0000,0,0,92.9436,7.0564,1337.0000,0
1402.10,3,80.5000,0,0,95.2454,4.7546,1391.0000,0
1402.10,4,0.0000,0,0,99.0005,0.9995,1337.0000,0
1402.10,5,68.5000,0,0,91.0609,8.9391,1383.0000,0
1402.10,6,0.0000,0,0,95.5052,4.4948,1337.0000,0
1402.10,7,0.0000,0,0,72.8390,27.1610,1337.0000,0
1402.10,8,88.0000,0,0,89.1376,10.8624,1396.0000,0
1402.10,9,0.0000,0,0,91.4188,8.5812,1337.0000,0
1403.10,0,0.0000,0,0,93.5116,6.4884,1338.0000,0
1403.10,1,26.5000,0,0,85.0240,14.9760,1356.0000,0
1403.10,2,0.0000,0,0,92.9436,7.0564,1338.0000,0
1403.10,3,80.5000,0,0,95.2454,4.7546,1392.0000,0
1403.10,4,0.0000,0,0,99.0005,0.9995,1338.0000,0
1403.10,5,68.5000,0,0,91.0609,8.9391,1384.0000,0
1403.10,6,0.0000,0,0,95.5052,4.4948,1338.0000,0
1403.10,7,0.0000,0,0,72.8390,27.1610,1338.0000,0
1403.10,8,88.0000,0,0,89.1376,10.8624,1397.0000,0
1403.10,9,0.0000,0,0,91.4188,8.5812,1338.0000,0
1404.10,0,0.0000,0,0,93.5116,6.4884,1339.0000,0
1404.10,1,26.5000,0,0,85.0240,14.9760,1357.0000,0
1404.10,2,0.0000,0,0,92.9436,7.0564,1339.0000,0
1404.10,3,80.5000,0,0,95.2454,4.7546,1393.0000,0
1404.10,4,0.0000,0,0,99.0005,0.9995,1339.0000,0
1404.10,5,68.5000,0,0,91.0609,8.9391,1385.0000,0
1404.10,6,0.0000,0,0,95.5052,4.4948,1339.0000,0
1404.10,7,0.0000,0,0,72.8390,27.1610,1339.0000,0
1404.10,8,88.0000,0,0,89.1376,10.8624,1398.0000,0
1404.10,9,0.0000,0,0,91.4188,8.5812,1339.0000,0
1405.10,0,0.0000,0,0,93.5116,6.4884,1340.0000,0
1405.10,1,26.5000,0,0,85.0240,14.9760,1358.0000,0
1405.10,2,0.0000,0,0,92.9436,7.0564,1340.0000,0
1405.10,3,80.5000,0,0,95.2454,4.7546,1394.0000,0
1405.10,4,0.0000,0,0,99.0005,0.9995,1340.0000,0
1405.10,5,68.5000,0,0,91.0609,8.9391,1386.0000,0
1405.10,6,0.0000,0,0,95.5052,4.4948,1340.0000,0
1405.10,7,0.0000,0,0,72.8390,27.1610,1340.0000,0
1405.10,8,88.0000,0,0,89.1376,10.8624,1399.0000,0
1405.10,9,0.0000,0,0,91.4188,8.5812,1340.0000,0
1406.10,0,0.0000,0,0,93.5116,6.4884,1341.0000,0
1406.10,1,26.5000,0,0,85.0240,14.9760,1359.0000,0
1406.10,2,0.0000,0,0,92.9436,7.0564,1341.0000,0
1406.10,3,80.5000,0,0,95.2454,4.7546,1395.0000,0
1406.10,4,0.0000,0,0,99.0005,0.9995,1341.0000,0
1406.10,5,68.5000,0,0,91.0609,8.9391,1387.0000,0
1406.10,6,0.0000,0,0,95.5052,4.4948,1341.0000,0
1406.10,7,0.0000,0,0,72.8390,27.1610,1341.0000,0
1406.10,8,88.0000,0,0,89.1376,10.8624,1400.0000,0
1406.10,9,0.0000,0,0,91.4188,8.5812,1341.0000,0
1407.10,0,0.0000,0,0,93.5116,6.4884,1342.0000,0
1407.10,1,26.5000,0,0,85.0240,14.9760,1360.0000,0
1407.10,2,0.0000,0,0,92.9436,7.0564,1342.0000,0
1407.10,3,80.5000,0,0,95.2454,4.7546,1396.0000,0
1407.10,4,0.0000,0,0,99.0005,0.9995,1342.0000,0
1407.10,5,68.5000,0,0,91.0609,8.9391,1388.0000,0
1407.10,6,0.0000,0,0,95.5052,4.4948,1342.0000,0
1407.10,7,0.0000,0,0,72.8390,27.1610,1342.0000,0
1407.10,8,88.0000,0,0,89.1376,10.8624,1401.0000,0
1407.10,9,0.0000,0,0,91.4188,8.5812,1342.0000,0
1408.10,0,0.0000,0,0,93.5116,6.4884,1343.0000,0
1408.10,1,26.5000,0,0,85.0240,14.9760,1361.0000,0
1408.10,2,0.0000,0,0,92.9436,7.0564,1343.0000,0
1408.10,3,80.5000,0,0,95.2454,4.7546,1397.0000,0
1408.10,4,0.0000,0,0,99.0005,0.9995,1343.0000,0
1408.10,5,68.5000,0,0,91.0609,8.9391,1389.0000,0
1408.10,6,0.0000,0,0,95.5052,4.4948,1343.0000,0
1408.10,7,0.0000,0,0,72.8390,27.1610,1343.0000,0
1408.10,8,88.0000,0,0,89.1376,10.8624,1402.0000,0
1408.10,9,0.0000,0,0,91.4188,8.5812,1343.0000,0
1409.10,0,0.0000,0,0,93.5116,6.4884,1344.0000,0
1409.10,1,26.5000,0,0,85.0240,14.9760,1362.0000,0
1409.10,2,0.0000,0,0,92.9436,7.0564,1344.0000,0
1409.10,3,80.5000,0,0,95.2454,4.7546,1398.0000,0
1409.10,4,0.0000,0,0,99.0005,0.9995,1344.0000,0
1409.10,5,68.5000,0,0,91.0609,8.9391,1390.0000,0
1409.10,6,0.0000,0,0,95.5052,4.4948,1344.0000,0
1409.10,7,0.0000,0,0,72.8390,27.1610,1344.0000,0
1409.10,8,88.0000,0,0,89.1376,10.8624,1403.0000,0
1409.10,9,0.0000,0,0,91.4188,8.5812,1344.0000,0
1410.10,0,0.0000,0,0,93.5116,6.4884,1345.0000,0
1410.10,1,26.5000,0,0,85.0240,14.9760,1363.0000,0
1410.10,2,0.0000,0,0,92.9436,7.0564,1345.0000,0
1410.10,3,80.5000,0,0,95.2454,4.7546,1399.0000,0
1410.10,4,0.0000,0,0,99.0005,0.9995,1345.0000,0
1410.10,5,68.5000,0,0,91.0609,8.9391,1391.0000,0
1410.10,6,0.0000,0,0,95.5052,4.4948,1345.0000,0
1410.10,7,0.0000,0,0,72.8390,27.1610,1345.0000,0
1410.10,8,88.0000,0,0,89.1376,10.8624,1404.0000,0
1410.10,9,0.0000,0,0,91.4188,8.5812,1345.0000,0
1411.10,0,0.0000,0,0,93.5116,6.4884,1346.0000,0
1411.10,1,26.5000,0,0,85.0240,14.9760,1364.0000,0
1411.10,2,0.0000,0,0,92.9436,7.0564,1346.0000,0
1411.10,3,80.5000,0,0,95.2454,4.7546,1400.0000,0
1411.10,4,0.0000,0,0,99.0005,0.9995,1346.0000,0
1411.10,5,68.5000,0,0,91.0609,8.9391,1392.0000,0
1411.10,6,0.0000,0,0,95.5052,4.4948,1346.0000,0
1411.10,7,0.0000,0,0,72.8390,27.1610,1346.0000,0
1411.10,8,88.0000,0,0,89.1376,10.8624,1405.0000,0
1411.10,9,0.0000,0,0,91.4188,8.5812,1346.0000,0
1412.10,0,0.0000,0,0,93.5116,6.4884,1347.0000,0
1412.10,1,26.5000,0,0,85.0240,14.9760,1365.0000,0
1412.10,2,0.0000,0,0,92.9436,7.0564,1347.0000,0
1412.10,3,80.5000,0,0,95.2454,4.7546,1401.0000,0
1412.10,4,0.0000,0,0,99.0005,0.9995,1347.0000,0
1412.10,5,68.5000,0,0,91.0609,8.9391,1393.0000,0
1412.10,6,0.0000,0,0,95.5052,4.4948,1347.0000,0
1412.10,7,0.0000,0,0,72.8390,27.1610,1347.0000,0
1412.10,8,88.0000,0,0,89.1376,10.8624,1406.0000,0
1412.10,9,0.0000,0,0,91.4188,8.5812,1347.0000,0
1413.10,0,0.0000,0,0,93.5116,6.4884,1348.0000,0
1413.10,1,26.5000,0,0,85.0240,14.9760,1366.0000,0
1413.10,2,0.0000,0,0,92.9436,7.0564,1348.0000,0
1413.10,3,80.5000,0,0,95.2454,4.7546,1402.0000,0
1413.10,4,0.0000,0,0,99.0005,0.9995,1348.0000,0
1413.10,5,68.5000,0,0,91.0609,8.9391,1394.0000,0
1413.10,6,0.0000,0,0,95.5052,4.4948,1348.0000,0
1413.10,7,0.0000,0,0,72.8390,27.1610,1348.0000,0
1413.10,8,88.0000,0,0,89.1376,10.8624,1407.0000,0
1413.10,9,0.0000,0,0,91.4188,8.5812,1348.0000,0
1414.10,0,0.0000,0,0,93.5116,6.4884,1349.0000,0
1414.10,1,26.5000,0,0,85.0240,14.9760,1367.0000,0
1414.10,2,0.0000,0,0,92.9436,7.0564,1349.0000,0
1414.10,3,80.5000,0,0,95.2454,4.7546,1403.0000,0
1414.10,4,0.0000,0,0,99.0005,0.9995,1349.0000,0
1414.10,5,68.5000,0,0,91.0609,8.9391,1395.0000,0
1414.10,6,0.0000,0,0,95.5052,4.4948,1349.0000,0
1414.10,7,0.0000,0,0,72.8390,27.1610,1349.0000,0
1414.10,8,88.0000,0,0,89.1376,10.8624,1408.0000,0
1414.10,9,0.0000,0,0,91.4188,8.5812,1349.0000,0
1415.10,0,0.0000,0,0,93.5116,6.4884,1350.0000,0
1415.10,1,26.5000,0,0,85.0240,14.9760,1368.0000,0
1415.10,2,0.0000,0,0,92.9436,7.0564,1350.0000,0
1415.10,3,80.5000,0,0,95.2454,4.7546,1404.0000,0
1415.10,4,0.0000,0,0,99.0005,0.9995,1350.0000,0
1415.10,5,68.5000,0,0,91.0609,8.9391,1396.0000,0
1415.10,6,0.0000,0,0,95.5052,4.4948,1350.0000,0
1415.10,7,0.0000,0,0,72.8390,27.1610,1350.0000,0
1415.10,8,88.0000,0,0,89.1376,10.8624,1409.0000,0
1415.10,9,0.0000,0,0,91.4188,8.5812,1350.0000,0
1416.10,0,0.0000,0,0,93.5116,6.4884,1351.0000,0
1416.10,1,26.5000,0,0,85.0240,14.9760,1369.0000,0
1416.10,2,0.0000,0,0,92.9436,7.0564,1351.0000,0
1416.10,3,80.5000,0,0,95.2454,4.7546,1405.0000,0
1416.10,4,0.0000,0,0,99.0005,0.9995,1351.0000,0
1416.10,5,68.5000,0,0,91.0609,8.9391,1397.0000,0
1416.10,6,0.0000,0,0,95.5052,4.4948,1351.0000,0
1416.10,7,0.0000,0,0,72.8390,27.1610,1351.0000,0
1416.10,8,88.0000,0,0,89.1376,10.8624,1410.0000,0
1416.10,9,0.0000,0,0,91.4188,8.5812,1351.0000,0
1417.10,0,0.0000,0,0,93.5116,6.4884,1352.0000,0
1417.10,1,26.5000,0,0,85.0240,14.9760,1370.0000,0
1417.10,2,0.0000,0,0,92.9436,7.0564,1352.0000,0
1417.10,3,80.5000,0,0,95.2454,4.7546,1406.0000,0
1417.10,4,0.0000,0,0,99.0005,0.9995,1352.0000,0
1417.10,5,68.5000,0,0,91.0609,8.9391,1398.0000,0
1417.10,6,0.0000,0,0,95.5052,4.4948,1352.0000,0
1417.10,7,0.0000,0,0,72.8390,27.1610,1352.0000,0
1417.10,8,88.0000,0,0,89.1376,10.8624,1411.0000,0
1417.10,9,0.0000,0,0,91.4188,8.5812,1352.0000,0
1418.10,0,0.0000,0,0,93.5116,6.4884,1353.0000,0
1418.10,1,26.5000,0,0,85.0240,14.9760,1371.0000,0
1418.10,2,0.0000,0,0,92.9436,7.0564,1353.0000,0
1418.10,3,80.5000,0,0,95.2454,4.7546,1407.0000,0
1418.10,4,0.0000,0,0,99.0005,0.9995,1353.0000,0
1418.10,5,68.5000,0,0,91.0609,8.9391,1399.0000,0
1418.10,6,0.0000,0,0,95.5052,4.4948,1353.0000,0
1418.10,7,0.0000,0,0,72.8390,27.1610,1353.0000,0
1418.10,8,88.0000,0,0,89.1376,10.8624,1412.0000,0
1418.10,9,0.0000,0,0,91.4188,8.5812,1353.0000,0
1419.10,0,0.0000,0,0,93.5116,6.4884,1354.0000,0
1419.10,1,26.5000,0,0,85.0240,14.9760,1372.0000,0
1419.10,2,0.0000,0,0,92.9436,7.0564,1354.0000,0
1419.10,3,80.5000,0,0,95.2454,4.7546,1408.0000,0
1419.10,4,0.0000,0,0,99.0005,0.9995,1354.0000,0
1419.10,5,68.5000,0,0,91.0609,8.9391,1400.0000,0
1419.10,6,0.0000,0,0,95.5052,4.4948,1354.0000,0
1419.10,7,0.0000,0,0,72.8390,27.1610,1354.0000,0
1419.10,8,88.0000,0,0,89.1376,10.8624,1413.0000,0
1419.10,9,0.0000,0,0,91.4188,8.5812,1354.0000,0
1420.10,0,0.0000,0,0,93.5116,6.4884,1355.0000,0
1420.10,1,26.5000,0,0,85.0240,14.9760,1373.0000,0
1420.10,2,0.0000,0,0,92.9436,7.0564,1355.0000,0
1420.10,3,80.5000,0,0,95.2454,4.7546,1409.0000,0
1420.10,4,0.0000,0,0,99.0005,0.9995,1355.0000,0
1420.10,5,68.5000,0,0,91.0609,8.9391,1401.0000,0
1420.10,6,0.0000,0,0,95.5052,4.4948,1355.0000,0
1420.10,7,0.0000,0,0,72.8390,27.1610,1355.0000,0
1420.10,8,88.0000,0,0,89.1376,10.8624,1414.0000,0
1420.10,9,0.0000,0,0,91.4188,8.5812,1355.0000,0
1421.10,0,0.0000,0,0,93.5116,6.4884,1356.0000,0
1421.10,1,26.5000,0,0,85.0240,14.9760,1374.0000,0
1421.10,2,0.0000,0,0,92.9436,7.0564,1356.0000,0
1421.10,3,80.5000,0,0,95.2454,4.7546,1410.0000,0
1421.10,4,0.0000,0,0,99.0005,0.9995,1356.0000,0
1421.10,5,68.5000,0,0,91.0609,8.9391,1402.0000,0
1421.10,6,0.0000,0,0,95.5052,4.4948,1356.0000,0
1421.10,7,0.0000,0,0,72.8390,27.1610,1356.0000,0
1421.10,8,88.0000,0,0,89.1376,10.8624,1415.0000,0
1421.10,9,0.0000,0,0,91.4188,8.5812,1356.0000,0
1422.10,0,0.0000,0,0,93.5116,6.4884,1357.0000,0
1422.10,1,26.5000,0,0,85.0240,14.9760,1375.0000,0
1422.10,2,0.0000,0,0,92.9436,7.0564,1357.0000,0
1422.10,3,80.5000,0,0,95.2454,4.7546,1411.0000,0
1422.10,4,0.0000,0,0,99.0005,0.9995,1357.0000,0
1422.10,5,68.5000,0,0,91.0609,8.9391,1403.0000,0
1422.10,6,0.0000,0,0,95.5052,4.4948,1357.0000,0
1422.10,7,0.0000,0,0,72.8390,27.1610,1357.0000,0
1422.10,8,88.0000,0,0,89.1376,10.8624,1416.0000,0
1422.10,9,0.0000,0,0,91.4188,8.5812,1357.0000,0
1423.10,0,0.0000,0,0,93.5116,6.4884,1358.0000,0
1423.10,1,26.5000,0,0,85.0240,14.9760,1376.0000,0
1423.10,2,0.0000,0,0,92.9436,7.0564,1358.0000,0
1423.10,3,80.5000,0,0,95.2454,4.7546,1412.0000,0
1423.10,4,0.0000,0,0,99.0005,0.9995,1358.0000,0
1423.10,5,68.5000,0,0,91.0609,8.9391,1404.0000,0
1423.10,6,0.0000,0,0,95.5052,4.4948,1358.0000,0
1423.10,7,0.0000,0,0,72.8390,27.1610,1358.0000,0
1423.10,8,88.0000,0,0,89.1376,10.8624,1417.0000,0
1423.10,9,0.0000,0,0,91.4188,8.5812,1358.0000,0
1424.10,0,0.0000,0,0,93.5116,6.4884,1359.0000,0
1424.10,1,26.5000,0,0,85.0240,14.9760,1377.0000,0
1424.10,2,0.0000,0,0,92.9436,7.0564,1359.0000,0
1424.10,3,80.5000,0,0,95.2454,4.7546,1413.0000,0
1424.10,4,0.0000,0,0,99.0005,0.9995,1359.0000,0
1424.10,5,68.5000,0,0,91.0609,8.9391,1405.0000,0
1424.10,6,0.0000,0,0,95.5052,4.4948,1359.0000,0
1424.10,7,0.0000,0,0,72.8390,27.1610,1359.0000,0
1424.10,8,88.0000,0,0,89.1376,10.8624,1418.0000,0
1424.10,9,0.0000,0,0,91.4188,8.5812,1359.0000,0
1425.10,0,0.0000,0,0,93.5116,6.4884,1360.0000,0
1425.10,1,26.5000,0,0,85.0240,14.9760,1378.0000,0
1425.10,2,0.0000,0,0,92.9436,7.0564,1360.0000,0
1425.10,3,80.5000,0,0,95.2454,4.7546,1414.0000,0
1425.10,4,0.0000,0,0,99.0005,0.9995,1360.0000,0
1425.10,5,68.5000,0,0,91.0609,8.9391,1406.0000,0
1425.10,6,0.0000,0,0,95.5052,4.4948,1360.0000,0
1425.10,7,0.0000,0,0,72.8390,27.1610,1360.0000,0
1425.10,8,88.0000,0,0,89.1376,10.8624,1419.0000,0
1425.10,9,0.0000,0,0,91.4188,8.5812,1360.0000,0
1426.10,0,0.0000,0,0,93.5116,6.4884,1361.0000,0
1426.10,1,26.5000,0,0,85.0240,14.9760,1379.0000,0
1426.10,2,0.0000,0,0,92.9436,7.0564,1361.0000,0
1426.10,3,80.5000,0,0,95.2454,4.7546,1415.0000,0
1426.10,4,0.0000,0,0,99.0005,0.9995,1361.0000,0
1426.10,5,68.5000,0,0,91.0609,8.9391,1407.0000,0
1426.10,6,0.0000,0,0,95.5052,4.4948,1361.0000,0
1426.10,7,0.0000,0,0,72.8390,27.1610,1361.0000,0
1426.10,8,88.0000,0,0,89.1376,10.8624,1420.0000,0
1426.10,9,0.0000,0,0,91.4188,8.5812,1361.0000,0
1427.10,0,0.0000,0,0,93.5116,6.4884,1362.0000,0
1427.10,1,26.5000,0,0,85.0240,14.9760,1380.0000,0
1427.10,2,0.0000,0,0,92.9436,7.0564,1362.0000,0
1427.10,3,80.5000,0,0,95.2454,4.7546,1416.0000,0
1427.10,4,0.0000,0,0,99.0005,0.9995,1362.0000,0
1427.10,5,68.5000,0,0,91.0609,8.9391,1408.0000,0
1427.10,6,0.0000,0,0,95.5052,4.4948,1362.0000,0
1427.10,7,0.0000,0,0,72.8390,27.1610,1362.0000,0
1427.10,8,88.0000,0,0,89.1376,10.8624,1421.0000,0
1427.10,9,0.0000,0,0,91.4188,8.5812,1362.0000,0
1428.10,0,0.0000,0,0,93.5116,6.4884,1363.0000,0
1428.10,1,26.5000,0,0,85.0240,14.9760,1381.0000,0
1428.10,2,0.0000,0,0,92.9436,7.0564,1363.0000,0
1428.10,3,80.5000,0,0,95.2454,4.7546,1417.0000,0
1428.10,4,0.0000,0,0,99.0005,0.9995,1363.0000,0
1428.10,5,68.5000,0,0,91.0609,8.9391,1409.0000,0
1428.10,6,0.0000,0,0,95.5052,4.4948,1363.0000,0
1428.10,7,0.0000,0,0,72.8390,27.1610,1363.0000,0
1428.10,8,88.0000,0,0,89.1376,10.8624,1422.0000,0
1428.10,9,0.0000,0,0,91.4188,8.5812,1363.0000,0
1429.10,0,0.0000,0,0,93.5116,6.4884,1364.0000,0
1429.10,1,26.5000,0,0,85.0240,14.9760,1382.0000,0
1429.10,2,0.0000,0,0,92.9436,7.0564,1364.0000,0
1429.10,3,80.5000,0,0,95.2454,4.7546,1418.0000,0
1429.10,4,0.0000,0,0,99.0005,0.9995,1364.0000,0
1429.10,5,68.5000,0,0,91.0609,8.9391,1410.0000,0
1429.10,6,0.0000,0,0,95.5052,4.4948,1364.0000,0
1429.10,7,0.0000,0,0,72.8390,27.1610,1364.0000,0
1429.10,8,88.0000,0,0,89.1376,10.8624,1423.0000,0
1429.10,9,0.0000,0,0,91.4188,8.5812,1364.0000,0
1430.10,0,0.0000,0,0,93.5116,6.4884,1365.0000,0
1430.10,1,26.5000,0,0,85.0240,14.9760,1383.0000,0
1430.10,2,0.0000,0,0,92.9436,7.0564,1365.0000,0
1430.10,3,80.5000,0,0,95.2454,4.7546,1419.0000,0
1430.10,4,0.0000,0,0,99.0005,0.9995,1365.0000,0
1430.10,5,68.5000,0,0,91.0609,8.9391,1411.0000,0
1430.10,6,0.0000,0,0,95.5052,4.4948,1365.0000,0
1430.10,7,0.0000,0,0,72.8390,27.1610,1365.0000,0
1430.10,8,88.0000,0,0,89.1376,10.8624,1424.0000,0
1430.10,9,0.0000,0,0,91.4188,8.5812,1365.0000,0
1431.10,0,0.0000,0,0,93.5116,6.4884,1366.0000,0
1431.10,1,26.5000,0,0,85.0240,14.9760,1384.0000,0
1431.10,2,0.0000,0,0,92.9436,7.0564,1366.0000,0
1431.10,3,80.5000,0,0,95.2454,4.7546,1420.0000,0
1431.10,4,0.0000,0,0,99.0005,0.9995,1366.0000,0
1431.10,5,68.5000,0,0,91.0609,8.9391,1412.0000,0
1431.10,6,0.0000,0,0,95.5052,4.4948,1366.0000,0
1431.10,7,0.0000,0,0,72.8390,27.1610,1366.0000,0
1431.10,8,88.0000,0,0,89.1376,10.8624,1425.0000,0
1431.10,9,0.0000,0,0,91.4188,8.5812,1366.0000,0
1432.10,0,0.0000,0,0,93.5116,6.4884,1367.0000,0
1432.10,1,26.5000,0,0,85.0240,14.9760,1385.0000,0
1432.10,2,0.0000,0,0,92.9436,7.0564,1367.0000,0
1432.10,3,80.5000,0,0,95.2454,4.7546,1421.0000,0
1432.10,4,0.0000,0,0,99.0005,0.9995,1367.0000,0
1432.10,5,68.5000,0,0,91.0609,8.9391,1413.0000,0
1432.10,6,0.0000,0,0,95.5052,4.4948,1367.0000,0
1432.10,7,0.0000,0,0,72.8390,27.1610,1367.0000,0
1432.10,8,88.0000,0,0,89.1376,10.8624,1426.0000,0
1432.10,9,0.0000,0,0,91.4188,8.5812,1367.0000,0
1433.10,0,0.0000,0,0,93.5116,6.4884,1368.0000,0
1433.10,1,26.5000,0,0,85.0240,14.9760,1386.0000,0
1433.10,2,0.0000,0,0,92.9436,7.0564,1368.0000,0
1433.10,3,80.5000,0,0,95.2454,4.7546,1422.0000,0
1433.10,4,0.0000,0,0,99.0005,0.9995,1368.0000,0
1433.10,5,68.5000,0,0,91.0609,8.9391,1414.0000,0
1433.10,6,0.0000,0,0,95.5052,4.4948,1368.0000,0
1433.10,7,0.0000,0,0,72.8390,27.1610,1368.0000,0
1433.10,8,88.0000,0,0,89.1376,10.8624,1427.0000,0
1433.10,9,0.0000,0,0,91.4188,8.5812,1368.0000,0
1434.10,0,0.0000,0,0,93.5116,6.4884,1369.0000,0
1434.10,1,26.5000,0,0,85.0240,14.9760,1387.0000,0
1434.10,2,0.0000,0,0,92.9436,7.0564,1369.0000,0
1434.10,3,80.5000,0,0,95.2454,4.7546,1423.0000,0
1434.10,4,0.0000,0,0,99.0005,0.9995,1369.0000,0
1434.10,5,68.5000,0,0,91.0609,8.9391,1415.0000,0
1434.10,6,0.0000,0,0,95.5052,4.4948,1369.0000,0
1434.10,7,0.0000,0,0,72.8390,27.1610,1369.0000,0
1434.10,8,88.0000,0,0,89.1376,10.8624,1428.0000,0
1434.10,9,0.0000,0,0,91.4188,8.5812,1369.0000,0
1435.10,0,0.0000,0,0,93.5116,6.4884,1370.0000,0
1435.10,1,26.5000,0,0,85.0240,14.9760,1388.0000,0
1435.10,2,0.0000,0,0,92.9436,7.0564,1370.0000,0
1435.10,3,80.5000,0,0,95.2454,4.7546,1424.0000,0
1435.10,4,0.0000,0,0,99.0005,0.9995,1370.0000,0
1435.10,5,68.5000,0,0,91.0609,8.9391,1416.0000,0
1435.10,6,0.0000,0,0,95.5052,4.4948,1370.0000,0
1435.10,7,0.0000,0,0,72.8390,27.1610,1370.0000,0
1435.10,8,88.0000,0,0,89.1376,10.8624,1429.0000,0
1435.10,9,0.0000,0,0,91.4188,8.5812,1370.0000,0
1436.10,0,0.0000,0,0,93.5116,6.4884,1371.0000,0
1436.10,1,26.5000,0,0,85.0240,14.9760,1389.0000,0
1436.10,2,0.0000,0,0,92.9436,7.0564,1371.0000,0
1436.10,3,80.5000,0,0,95.2454,4.7546,1425.0000,0
1436.10,4,0.0000,0,0,99.0005,0.9995,1371.0000,0
1436.10,5,68.5000,0,0,91.0609,8.9391,1417.0000,0
1436.10,6,0.0000,0,0,95.5052,4.4948,1371.0000,0
1436.10,7,0.0000,0,0,72.8390,27.1610,1371.0000,0
1436.10,8,88.0000,0,0,89.1376,10.8624,1430.0000,0
1436.10,9,0.0000,0,0,91.4188,8.5812,1371.0000,0
1437.10,0,0.0000,0,0,93.5116,6.4884,1372.0000,0
1437.10,1,26.5000,0,0,85.0240,14.9760,1390.0000,0
1437.10,2,0.0000,0,0,92.9436,7.0564,1372.0000,0
1437.10,3,80.5000,0,0,95.2454,4.7546,1426.0000,0
1437.10,4,0.0000,0,0,99.0005,0.9995,1372.0000,0
1437.10,5,68.5000,0,0,91.0609,8.9391,1418.0000,0
1437.10,6,0.0000,0,0,95.5052,4.4948,1372.0000,0
1437.10,7,0.0000,0,0,72.8390,27.1610,1372.0000,0
1437.10,8,88.0000,0,0,89.1376,10.8624,1431.0000,0
1437.10,9,0.0000,0,0,91.4188,8.5812,1372.0000,0
1438.10,0,0.0000,0,0,93.5116,6.4884,1373.0000,0
1438.10,1,26.5000,0,0,85.0240,14.9760,1391.0000,0
1438.10,2,0.0000,0,0,92.9436,7.0564,1373.0000,0
1438.10,3,80.5000,0,0,95.2454,4.7546,1427.0000,0
1438.10,4,0.0000,0,0,99.0005,0.9995,1373.0000,0
1438.10,5,68.5000,0,0,91.0609,8.9391,1419.0000,0
1438.10,6,0.0000,0,0,95.5052,4.4948,1373.0000,0
1438.10,7,0.0000,0,0,72.8390,27.1610,1373.0000,0
1438.10,8,88.0000,0,0,89.1376,10.8624,1432.0000,0
1438.10,9,0.0000,0,0,91.4188,8.5812,1373.0000,0
1439.10,0,0.0000,0,0,93.5116,6.4884,1374.0000,0
1439.10,1,26.5000,0,0,85.0240,14.9760,1392.0000,0
1439.10,2,0.0000,0,0,92.9436,7.0564,1374.0000,0
1439.10,3,80.5000,0,0,95.2454,4.7546,1428.0000,0
1439.10,4,0.0000,0,0,99.0005,0.9995,1374.0000,0
1439.10,5,68.5000,0,0,91.0609,8.9391,1420.0000,0
1439.10,6,0.0000,0,0,95.5052,4.4948,1374.0000,0
1439.10,7,0.0000,0,0,72.8390,27.1610,1374.0000,0
1439.10,8,88.0000,0,0,89.1376,10.8624,1433.0000,0
1439.10,9,0.0000,0,0,91.4188,8.5812,1374.0000,0
1440.10,0,0.0000,0,0,93.5116,6.4884,1375.0000,0
1440.10,1,26.5000,0,0,85.0240,14.9760,1393.0000,0
1440.10,2,0.0000,0,0,92.9436,7.0564,1375.0000,0
1440.10,3,80.5000,0,0,95.2454,4.7546,1429.0000,0
1440.10,4,0.0000,0,0,99.0005,0.9995,1375.0000,0
1440.10,5,68.5000,0,0,91.0609,8.9391,1421.0000,0
1440.10,6,0.0000,0,0,95.5052,4.4948,1375.0000,0
1440.10,7,0.0000,0,0,72.8390,27.1610,1375.0000,0
1440.10,8,88.0000,0,0,89.1376,10.8624,1434.0000,0
1440.10,9,0.0000,0,0,91.4188,8.5812,1375.0000,0
1441.10,0,0.0000,0,0,93.5116,6.4884,1376.0000,0
1441.10,1,26.5000,0,0,85.0240,14.9760,1394.0000,0
1441.10,2,0.0000,0,0,92.9436,7.0564,1376.0000,0
1441.10,3,80.5000,0,0,95.2454,4.7546,1430.0000,0
1441.10,4,0.0000,0,0,99.0005,0.9995,1376.0000,0
1441.10,5,68.5000,0,0,91.0609,8.9391,1422.0000,0
1441.10,6,0.0000,0,0,95.5052,4.4948,1376.0000,0
1441.10,7,0.0000,0,0,72.8390,27.1610,1376.0000,0
1441.10,8,88.0000,0,0,89.1376,10.8624,1435.0000,0
1441.10,9,0.0000,0,0,91.4188,8.5812,1376.0000,0
1442.10,0,0.0000,0,0,93.5116,6.4884,1377.0000,0
1442.10,1,26.5000,0,0,85.0240,14.9760,1395.0000,0
1442.10,2,0.0000,0,0,92.9436,7.0564,1377.0000,0
1442.10,3,80.5000,0,0,95.2454,4.7546,1431.0000,0
1442.10,4,0.0000,0,0,99.0005,0.9995,1377.0000,0
1442.10,5,68.5000,0,0,91.0609,8.9391,1423.0000,0
1442.10,6,0.0000,0,0,95.5052,4.4948,1377.0000,0
1442.10,7,0.0000,0,0,72.8390,27.1610,1377.0000,0
1442.10,8,88.0000,0,0,89.1376,10.8624,1436.0000,0
1442.10,9,0.0000,0,0,91.4188,8.5812,1377.0000,0
1443.10,0,0.0000,0,0,93.5116,6.4884,1378.0000,0
1443.10,1,26.5000,0,0,85.0240,14.9760,1396.0000,0
1443.10,2,0.0000,0,0,92.9436,7.0564,1378.0000,0
1443.10,3,80.5000,0,0,95.2454,4.7546,1432.0000,0
1443.10,4,0.0000,0,0,99.0005,0.9995,1378.0000,0
1443.10,5,68.5000,0,0,91.0609,8.9391,1424.0000,0
1443.10,6,0.0000,0,0,95.5052,4.4948,1378.0000,0
1443.10,7,0.0000,0,0,72.8390,27.1610,1378.0000,0
1443.10,8,88.0000,0,0,89.1376,10.8624,1437.0000,0
1443.10,9,0.0000,0,0,91.4188,8.5812,1378.0000,0
1444.10,0,0.0000,0,0,93.5116,6.4884,1379.0000,0
1444.10,1,26.5000,0,0,85.0240,14.9760,1397.0000,0
1444.10,2,0.0000,0,0,92.9436,7.0564,1379.0000,0
1444.10,3,80.5000,0,0,95.2454,4.7546,1433.0000,0
1444.10,4,0.0000,0,0,99.0005,0.9995,1379.0000,0
1444.10,5,68.5000,0,0,91.0609,8.9391,1425.0000,0
1444.10,6,0.0000,0,0,95.5052,4.4948,1379.0000,0
1444.10,7,0.0000,0,0,72.8390,27.1610,1379.0000,0
1444.10,8,88.0000,0,0,89.1376,10.8624,1438.0000,0
1444.10,9,0.0000,0,0,91.4188,8.5812,1379.0000,0
1445.10,0,0.0000,0,0,93.5116,6.4884,1380.0000,0
1445.10,1,26.5000,0,0,85.0240,14.9760,1398.0000,0
1445.10,2,0.0000,0,0,92.9436,7.0564,1380.0000,0
1445.10,3,80.5000,0,0,95.2454,4.7546,1434.0000,0
1445.10,4,0.0000,0,0,99.0005,0.9995,1380.0000,0
1445.10,5,68.5000,0,0,91.0609,8.9391,1426.0000,0
1445.10,6,0.0000,0,0,95.5052,4.4948,1380.0000,0
1445.10,7,0.0000,0,0,72.8390,27.1610,1380.0000,0
1445.10,8,88.0000,0,0,89.1376,10.8624,1439.0000,0
1445.10,9,0.0000,0,0,91.4188,8.5812,1380.0000,0
1446.10,0,0.0000,0,0,93.5116,6.4884,1381.0000,0
1446.10,1,26.5000,0,0,85.0240,14.9760,1399.0000,0
1446.10,2,0.0000,0,0,92.9436,7.0564,1381.0000,0
1446.10,3,80.5000,0,0,95.2454,4.7546,1435.0000,0
1446.10,4,0.0000,0,0,99.0005,0.9995,1381.0000,0
1446.10,5,68.5000,0,0,91.0609,8.9391,1427.0000,0
1446.10,6,0.0000,0,0,95.5052,4.4948,1381.0000,0
1446.10,7,0.0000,0,0,72.8390,27.1610,1381.0000,0
1446.10,8,88.0000,0,0,89.1376,10.8624,1440.0000,0
1446.10,9,0.0000,0,0,91.4188,8.5812,1381.0000,0
1447.10,0,0.0000,0,0,93.5116,6.4884,1382.0000,0
1447.10,1,26.5000,0,0,85.0240,14.9760,1400.0000,0
1447.10,2,0.0000,0,0,92.9436,7.0564,1382.0000,0
1447.10,3,80.5000,0,0,95.2454,4.7546,1436.0000,0
1447.10,4,0.0000,0,0,99.0005,0.9995,1382.0000,0
1447.10,5,68.5000,0,0,91.0609,8.9391,1428.0000,0
1447.10,6,0.0000,0,0,95.5052,4.4948,1382.0000,0
1447.10,7,0.0000,0,0,72.8390,27.1610,1382.0000,0
1447.10,8,88.0000,0,0,89.1376,10.8624,1441.0000,0
1447.10,9,0.0000,0,0,91.4188,8.5812,1382.0000,0
1448.10,0,0.0000,0,0,93.5116,6.4884,1383.0000,0
1448.10,1,26.5000,0,0,85.0240,14.9760,1401.0000,0
1448.10,2,0.0000,0,0,92.9436,7.0564,1383.0000,0
1448.10,3,80.5000,0,0,95.2454,4.7546,1437.0000,0
1448.10,4,0.0000,0,0,99.0005,0.9995,1383.0000,0
1448.10,5,68.5000,0,0,91.0609,8.9391,1429.0000,0
1448.10,6,0.0000,0,0,95.5052,4.4948,1383.0000,0
1448.10,7,0.0000,0,0,72.8390,27.1610,1383.0000,0
1448.10,8,88.0000,0,0,89.1376,10.8624,1442.0000,0
1448.10,9,0.0000,0,0,91.4188,8.5812,1383.0000,0
1449.10,0,0.0000,0,0,93.5116,6.4884,1384.0000,0
1449.10,1,26.5000,0,0,85.0240,14.9760,1402.0000,0
1449.10,2,0.0000,0,0,92.9436,7.0564,1384.0000,0
1449.10,3,80.5000,0,0,95.2454,4.7546,1438.0000,0
1449.10,4,0.0000,0,0,99.0005,0.9995,1384.0000,0
1449.10,5,68.5000,0,0,91.0609,8.9391,1430.0000,0
1449.10,6,0.0000,0,0,95.5052,4.4948,1384.0000,0
1449.10,7,0.0000,0,0,72.8390,27.1610,1384.0000,0
1449.10,8,88.0000,0,0,89.1376,10.8624,1443.0000,0
1449.10,9,0.0000,0,0,91.4188,8.5812,1384.0000,0
1450.10,0,0.0000,0,0,93.5116,6.4884,1385.0000,0
1450.10,1,26.5000,0,0,85.0240,14.9760,1403.0000,0
1450.10,2,0.0000,0,0,92.9436,7.0564,1385.0000,0
1450.10,3,80.5000,0,0,95.2454,4.7546,1439.0000,0
1450.10,4,0.0000,0,0,99.0005,0.9995,1385.0000,0
1450.10,5,68.5000,0,0,91.0609,8.9391,1431.0000,0
1450.10,6,0.0000,0,0,95.5052,4.4948,1385.0000,0
1450.10,7,0.0000,0,0,72.8390,27.1610,1385.0000,0
1450.10,8,88.0000,0,0,89.1376,10.8624,1444.0000,0
1450.10,9,0.0000,0,0,91.4188,8.5812,1385.0000,0
1451.10,0,0.0000,0,0,93.5116,6.4884,1386.0000,0
1451.10,1,26.5000,0,0,85.0240,14.9760,1404.0000,0
1451.10,2,0.0000,0,0,92.9436,7.0564,1386.0000,0
1451.10,3,80.5000,0,0,95.2454,4.7546,1440.0000,0
1451.10,4,0.0000,0,0,99.0005,0.9995,1386.0000,0
1451.10,5,68.5000,0,0,91.0609,8.9391,1432.0000,0
1451.10,6,0.0000,0,0,95.5052,4.4948,1386.0000,0
1451.10,7,0.0000,0,0,72.8390,27.1610,1386.0000,0
1451.10,8,88.0000,0,0,89.1376,10.8624,1445.0000,0
1451.10,9,0.0000,0,0,91.4188,8.5812,1386.0000,0
1452.10,0,0.0000,0,0,93.5116,6.4884,1387.0000,0
1452.10,1,26.5000,0,0,85.0240,14.9760,1405.0000,0
1452.10,2,0.0000,0,0,92.9436,7.0564,1387.0000,0
1452.10,3,80.5000,0,0,95.2454,4.7546,1441.0000,0
1452.10,4,0.0000,0,0,99.0005,0.9995,1387.0000,0
1452.10,5,68.5000,0,0,91.0609,8.9391,1433.0000,0
1452.10,6,0.0000,0,0,95.5052,4.4948,1387.0000,0
1452.10,7,0.0000,0,0,72.8390,27.1610,1387.0000,0
1452.10,8,88.0000,0,0,89.1376,10.8624,1446.0000,0
1452.10,9,0.0000,0,0,91.4188,8.5812,1387.0000,0
1453.10,0,0.0000,0,0,93.5116,6.4884,1388.0000,0
1453.10,1,26.5000,0,0,85.0240,14.9760,1406.0000,0
1453.10,2,0.0000,0,0,92.9436,7.0564,1388.0000,0
1453.10,3,80.5000,0,0,95.2454,4.7546,1442.0000,0
1453.10,4,0.0000,0,0,99.0005,0.9995,1388.0000,0
1453.10,5,68.5000,0,0,91.0609,8.9391,1434.0000,0
1453.10,6,0.0000,0,0,95.5052,4.4948,1388.0000,0
1453.10,7,0.0000,0,0,72.8390,27.1610,1388.0000,0
1453.10,8,88.0000,0,0,89.1376,10.8624,1447.0000,0
1453.10,9,0.0000,0,0,91.4188,8.5812,1388.0000,0
1454.10,0,0.0000,0,0,93.5116,6.4884,1389.0000,0
1454.10,1,26.5000,0,0,85.0240,14.9760,1407.0000,0
1454.10,2,0.0000,0,0,92.9436,7.0564,1389.0000,0
1454.10,3,80.5000,0,0,95.2454,4.7546,1443.0000,0
1454.10,4,0.0000,0,0,99.0005,0.9995,1389.0000,0
1454.10,5,68.5000,0,0,91.0609,8.9391,1435.0000,0
1454.10,6,0.0000,0,0,95.5052,4.4948,1389.0000,0
1454.10,7,0.0000,0,0,72.8390,27.1610,1389.0000,0
1454.10,8,88.0000,0,0,89.1376,10.8624,1448.0000,0
1454.10,9,0.0000,0,0,91.4188,8.5812,1389.0000,0
1455.10,0,0.0000,0,0,93.5116,6.4884,1390.0000,0
1455.10,1,26.5000,0,0,85.0240,14.9760,1408.0000,0
1455.10,2,0.0000,0,0,92.9436,7.0564,1390.0000,0
1455.10,3,80.5000,0,0,95.2454,4.7546,1444.0000,0
1455.10,4,0.0000,0,0,99.0005,0.9995,1390.0000,0
1455.10,5,68.5000,0,0,91.0609,8.9391,1436.0000,0
1455.10,6,0.0000,0,0,95.5052,4.4948,1390.0000,0
1455.10,7,0.0000,0,0,72.8390,27.1610,1390.0000,0
1455.10,8,88.0000,0,0,89.1376,10.8624,1449.0000,0
1455.10,9,0.0000,0,0,91.4188,8.5812,1390.0000,0
1456.10,0,0.0000,0,0,93.5116,6.4884,1391.0000,0
1456.10,1,26.5000,0,0,85.0240,14.9760,1409.0000,0
1456.10,2,0.0000,0,0,92.9436,7.0564,1391.0000,0
1456.10,3,80.5000,0,0,95.2454,4.7546,1445.0000,0
1456.10,4,0.0000,0,0,99.0005,0.9995,1391.0000,0
1456.10,5,68.5000,0,0,91.0609,8.9391,1437.0000,0
1456.10,6,0.0000,0,0,95.5052,4.4948,1391.0000,0
1456.10,7,0.0000,0,0,72.8390,27.1610,1391.0000,0
1456.10,8,88.0000,0,0,89.1376,10.8624,1450.0000,0
1456.10,9,0.0000,0,0,91.4188,8.5812,1391.0000,0
1457.10,0,0.0000,0,0,93.5116,6.4884,1392.0000,0
1457.10,1,26.5000,0,0,85.0240,14.9760,1410.0000,0
1457.10,2,0.0000,0,0,92.9436,7.0564,1392.0000,0
1457.10,3,80.5000,0,0,95.2454,4.7546,1446.0000,0
1457.10,4,0.0000,0,0,99.0005,0.9995,1392.0000,0
1457.10,5,68.5000,0,0,91.0609,8.9391,1438.0000,0
1457.10,6,0.0000,0,0,95.5052,4.4948,1392.0000,0
1457.10,7,0.0000,0,0,72.8390,27.1610,1392.0000,0
1457.10,8,88.0000,0,0,89.1376,10.8624,1451.0000,0
1457.10,9,0.0000,0,0,91.4188,8.5812,1392.0000,0
1458.10,0,0.0000,0,0,93.5116,6.4884,1393.0000,0
1458.10,1,26.5000,0,0,85.0240,14.9760,1411.0000,0
1458.10,2,0.0000,0,0,92.9436,7.0564,1393.0000,0
1458.10,3,80.5000,0,0,95.2454,4.7546,1447.0000,0
1458.10,4,0.0000,0,0,99.0005,0.9995,1393.0000,0
1458.10,5,68.5000,0,0,91.0609,8.9391,1439.0000,0
1458.10,6,0.0000,0,0,95.5052,4.4948,1393.0000,0
1458.10,7,0.0000,0,0,72.8390,27.1610,1393.0000,0
1458.10,8,88.0000,0,0,89.1376,10.8624,1452.0000,0
1458.10,9,0.0000,0,0,91.4188,8.5812,1393.0000,0
1459.10,0,0.0000,0,0,93.5116,6.4884,1394.0000,0
1459.10,1,26.5000,0,0,85.0240,14.9760,1412.0000,0
1459.10,2,0.0000,0,0,92.9436,7.0564,1394.0000,0
1459.10,3,80.5000,0,0,95.2454,4.7546,1448.0000,0
1459.10,4,0.0000,0,0,99.0005,0.9995,1394.0000,0
1459.10,5,68.5000,0,0,91.0609,8.9391,1440.0000,0
1459.10,6,0.0000,0,0,95.5052,4.4948,1394.0000,0
1459.10,7,0.0000,0,0,72.8390,27.1610,1394.0000,0
1459.10,8,88.0000,0,0,89.1376,10.8624,1453.0000,0
1459.10,9,0.0000,0,0,91.4188,8.5812,1394.0000,0
1460.10,0,0.0000,0,0,93.5116,6.4884,1395.0000,0
1460.10,1,26.5000,0,0,85.0240,14.9760,1413.0000,0
1460.10,2,0.0000,0,0,92.9436,7.0564,1395.0000,0
1460.10,3,80.5000,0,0,95.2454,4.7546,1449.0000,0
1460.10,4,0.0000,0,0,99.0005,0.9995,1395.0000,0
1460.10,5,68.5000,0,0,91.0609,8.9391,1441.0000,0
1460.10,6,0.0000,0,0,95.5052,4.4948,1395.0000,0
1460.10,7,0.0000,0,0,72.8390,27.1610,1395.0000,0
1460.10,8,88.0000,0,0,89.1376,10.8624,1454.0000,0
1460.10,9,0.0000,0,0,91.4188,8.5812,1395.0000,0
1461.10,0,0.0000,0,0,93.5116,6.4884,1396.0000,0
1461.10,1,26.5000,0,0,85.0240,14.9760,1414.0000,0
1461.10,2,0.0000,0,0,92.9436,7.0564,1396.0000,0
1461.10,3,80.5000,0,0,95.2454,4.7546,1450.0000,0
1461.10,4,0.0000,0,0,99.0005,0.9995,1396.0000,0
1461.10,5,68.5000,0,0,91.0609,8.9391,1442.0000,0
1461.10,6,0.0000,0,0,95.5052,4.4948,1396.0000,0
1461.10,7,0.0000,0,0,72.8390,27.1610,1396.0000,0
1461.10,8,88.0000,0,0,89.1376,10.8624,1455.0000,0
1461.10,9,0.0000,0,0,91.4188,8.5812,1396.0000,0
1462.10,0,0.0000,0,0,93.5116,6.4884,1397.0000,0
1462.10,1,26.5000,0,0,85.0240,14.9760,1415.0000,0
1462.10,2,0.0000,0,0,92.9436,7.0564,1397.0000,0
1462.10,3,80.5000,0,0,95.2454,4.7546,1451.0000,0
1462.10,4,0.0000,0,0,99.0005,0.9995,1397.0000,0
1462.10,5,68.5000,0,0,91.0609,8.9391,1443.0000,0
1462.10,6,0.0000,0,0,95.5052,4.4948,1397.0000,0
1462.10,7,0.0000,0,0,72.8390,27.1610,1397.0000,0
1462.10,8,88.0000,0,0,89.1376,10.8624,1456.0000,0
1462.10,9,0.0000,0,0,91.4188,8.5812,1397.0000,0
1463.10,0,0.0000,0,0,93.5116,6.4884,1398.0000,0
1463.10,1,26.5000,0,0,85.0240,14.9760,1416.0000,0
1463.10,2,0.0000,0,0,92.9436,7.0564,1398.0000,0
1463.10,3,80.5000,0,0,95.2454,4.7546,1452.0000,0
1463.10,4,0.0000,0,0,99.0005,0.9995,1398.0000,0
1463.10,5,68.5000,0,0,91.0609,8.9391,1444.0000,0
1463.10,6,0.0000,0,0,95.5052,4.4948,1398.0000,0
1463.10,7,0.0000,0,0,72.8390,27.1610,1398.0000,0
1463.10,8,88.0000,0,0,89.1376,10.8624,1457.0000,0
1463.10,9,0.0000,0,0,91.4188,8.5812,1398.0000,0
1464.10,0,0.0000,0,0,93.5116,6.4884,1399.0000,0
1464.10,1,26.5000,0,0,85.0240,14.9760,1417.0000,0
1464.10,2,0.0000,0,0,92.9436,7.0564,1399.0000,0
1464.10,3,80.5000,0,0,95.2454,4.7546,1453.0000,0
1464.10,4,0.0000,0,0,99.0005,0.9995,1399.0000,0
1464.10,5,68.5000,0,0,91.0609,8.9391,1445.0000,0
1464.10,6,0.0000,0,0,95.5052,4.4948,1399.0000,0
1464.10,7,0.0000,0,0,72.8390,27.1610,1399.0000,0
1464.10,8,88.0000,0,0,89.1376,10.8624,1458.0000,0
1464.10,9,0.0000,0,0,91.4188,8.5812,1399.0000,0
1465.10,0,0.0000,0,0,93.5116,6.4884,1400.0000,0
1465.10,1,26.5000,0,0,85.0240,14.9760,1418.0000,0
1465.10,2,0.0000,0,0,92.9436,7.0564,1400.0000,0
1465.10,3,80.5000,0,0,95.2454,4.7546,1454.0000,0
1465.10,4,0.0000,0,0,99.0005,0.9995,1400.0000,0
1465.10,5,68.5000,0,0,91.0609,8.9391,1446.0000,0
1465.10,6,0.0000,0,0,95.5052,4.4948,1400.0000,0
1465.10,7,0.0000,0,0,72.8390,27.1610,1400.0000,0
1465.10,8,88.0000,0,0,89.1376,10.8624,1459.0000,0
1465.10,9,0.0000,0,0,91.4188,8.5812,1400.0000,0
1466.10,0,0.0000,0,0,93.5116,6.4884,1401.0000,0
1466.10,1,26.5000,0,0,85.0240,14.9760,1419.0000,0
1466.10,2,0.0000,0,0,92.9436,7.0564,1401.0000,0
1466.10,3,80.5000,0,0,95.2454,4.7546,1455.0000,0
1466.10,4,0.0000,0,0,99.0005,0.9995,1401.0000,0
1466.10,5,68.5000,0,0,91.0609,8.9391,1447.0000,0
1466.10,6,0.0000,0,0,95.5052,4.4948,1401.0000,0
1466.10,7,0.0000,0,0,72.8390,27.1610,1401.0000,0
1466.10,8,88.0000,0,0,89.1376,10.8624,1460.0000,0
1466.10,9,0.0000,0,0,91.4188,8.5812,1401.0000,0
1467.10,0,0.0000,0,0,93.5116,6.4884,1402.0000,0
1467.10,1,26.5000,0,0,85.0240,14.9760,1420.0000,0
1467.10,2,0.0000,0,0,92.9436,7.0564,1402.0000,0
1467.10,3,80.5000,0,0,95.2454,4.7546,1456.0000,0
1467.10,4,0.0000,0,0,99.0005,0.9995,1402.0000,0
1467.10,5,68.5000,0,0,91.0609,8.9391,1448.0000,0
1467.10,6,0.0000,0,0,95.5052,4.4948,1402.0000,0
1467.10,7,0.0000,0,0,72.8390,27.1610,1402.0000,0
1467.10,8,88.0000,0,0,89.1376,10.8624,1461.0000,0
1467.10,9,0.0000,0,0,91.4188,8.5812,1402.0000,0
1468.10,0,0.0000,0,0,93.5116,6.4884,1403.0000,0
1468.10,1,26.5000,0,0,85.0240,14.9760,1421.0000,0
1468.10,2,0.0000,0,0,92.9436,7.0564,1403.0000,0
1468.10,3,80.5000,0,0,95.2454,4.7546,1457.0000,0
1468.10,4,0.0000,0,0,99.0005,0.9995,1403.0000,0
1468.10,5,68.5000,0,0,91.0609,8.9391,1449.0000,0
1468.10,6,0.0000,0,0,95.5052,4.4948,1403.0000,0
1468.10,7,0.0000,0,0,72.8390,27.1610,1403.0000,0
1468.10,8,88.0000,0,0,89.1376,10.8624,1462.0000,0
1468.10,9,0.0000,0,0,91.4188,8.5812,1403.0000,0
1469.10,0,0.0000,0,0,93.5116,6.4884,1404.0000,0
1469.10,1,26.5000,0,0,85.0240,14.9760,1422.0000,0
1469.10,2,0.0000,0,0,92.9436,7.0564,1404.0000,0
1469.10,3,80.5000,0,0,95.2454,4.7546,1458.0000,0
1469.10,4,0.0000,0,0,99.0005,0.9995,1404.0000,0
1469.10,5,68.5000,0,0,91.0609,8.9391,1450.0000,0
1469.10,6,0.0000,0,0,95.5052,4.4948,1404.0000,0
1469.10,7,0.0000,0,0,72.8390,27.1610,1404.0000,0
1469.10,8,88.0000,0,0,89.1376,10.8624,1463.0000,0
1469.10,9,0.0000,0,0,91.4188,8.5812,1404.0000,0
1470.10,0,0.0000,0,0,93.5116,6.4884,1405.0000,0
1470.10,1,26.5000,0,0,85.0240,14.9760,1423.0000,0
1470.10,2,0.0000,0,0,92.9436,7.0564,1405.0000,0
1470.10,3,80.5000,0,0,95.2454,4.7546,1459.0000,0
1470.10,4,0.0000,0,0,99.0005,0.9995,1405.0000,0
1470.10,5,68.5000,0,0,91.0609,8.9391,1451.0000,0
1470.10,6,0.0000,0,0,95.5052,4.4948,1405.0000,0
1470.10,7,0.0000,0,0,72.8390,27.1610,1405.0000,0
1470.10,8,88.0000,0,0,89.1376,10.8624,1464.0000,0
1470.10,9,0.0000,0,0,91.4188,8.5812,1405.0000,0
1471.10,0,0.0000,0,0,93.5116,6.4884,1406.0000,0
1471.10,1,26.5000,0,0,85.0240,14.9760,1424.0000,0
1471.10,2,0.0000,0,0,92.9436,7.0564,1406.0000,0
1471.10,3,80.5000,0,0,95.2454,4.7546,1460.0000,0
1471.10,4,0.0000,0,0,99.0005,0.9995,1406.0000,0
1471.10,5,68.5000,0,0,91.0609,8.9391,1452.0000,0
1471.10,6,0.0000,0,0,95.5052,4.4948,1406.0000,0
1471.10,7,0.0000,0,0,72.8390,27.1610,1406.0000,0
1471.10,8,88.0000,0,0,89.1376,10.8624,1465.0000,0
1471.10,9,0.0000,0,0,91.4188,8.5812,1406.0000,0
1472.10,0,0.0000,0,0,93.5116,6.4884,1407.0000,0
1472.10,1,26.5000,0,0,85.0240,14.9760,1425.0000,0
1472.10,2,0.0000,0,0,92.9436,7.0564,1407.0000,0
1472.10,3,80.5000,0,0,95.2454,4.7546,1461.0000,0
1472.10,4,0.0000,0,0,99.0005,0.9995,1407.0000,0
1472.10,5,68.5000,0,0,91.0609,8.9391,1453.0000,0
1472.10,6,0.0000,0,0,95.5052,4.4948,1407.0000,0
1472.10,7,0.0000,0,0,72.8390,27.1610,1407.0000,0
1472.10,8,88.0000,0,0,89.1376,10.8624,1466.0000,0
1472.10,9,0.0000,0,0,91.4188,8.5812,1407.0000,0
1473.10,0,0.0000,0,0,93.5116,6.4884,1408.0000,0
1473.10,1,26.5000,0,0,85.0240,14.9760,1426.0000,0
1473.10,2,0.0000,0,0,92.9436,7.0564,1408.0000,0
1473.10,3,80.5000,0,0,95.2454,4.7546,1462.0000,0
1473.10,4,0.0000,0,0,99.0005,0.9995,1408.0000,0
1473.10,5,68.5000,0,0,91.0609,8.9391,1454.0000,0
1473.10,6,0.0000,0,0,95.5052,4.4948,1408.0000,0
1473.10,7,0.0000,0,0,72.8390,27.1610,1408.0000,0
1473.10,8,88.0000,0,0,89.1376,10.8624,1467.0000,0
1473.10,9,0.0000,0,0,91.4188,8.5812,1408.0000,0
1474.10,0,0.0000,0,0,93.5116,6.4884,1409.0000,0
1474.10,1,26.5000,0,0,85.0240,14.9760,1427.0000,0
1474.10,2,0.0000,0,0,92.9436,7.0564,1409.0000,0
1474.10,3,80.5000,0,0,95.2454,4.7546,1463.0000,0
1474.10,4,0.0000,0,0,99.0005,0.9995,1409.0000,0
1474.10,5,68.5000,0,0,91.0609,8.9391,1455.0000,0
1474.10,6,0.0000,0,0,95.5052,4.4948,1409.0000,0
1474.10,7,0.0000,0,0,72.8390,27.1610,1409.0000,0
1474.10,8,88.0000,0,0,89.1376,10.8624,1468.0000,0
1474.10,9,0.0000,0,0,91.4188,8.5812,1409.0000,0
1475.10,0,0.0000,0,0,93.5116,6.4884,1410.0000,0
1475.10,1,26.5000,0,0,85.0240,14.9760,1428.0000,0
1475.10,2,0.0000,0,0,92.9436,7.0564,1410.0000,0
1475.10,3,80.5000,0,0,95.2454,4.7546,1464.0000,0
1475.10,4,0.0000,0,0,99.0005,0.9995,1410.0000,0
1475.10,5,68.5000,0,0,91.0609,8.9391,1456.0000,0
1475.10,6,0.0000,0,0,95.5052,4.4948,1410.0000,0
1475.10,7,0.0000,0,0,72.8390,27.1610,1410.0000,0
1475.10,8,88.0000,0,0,89.1376,10.8624,1469.0000,0
1475.10,9,0.0000,0,0,91.4188,8.5812,1410.0000,0
1476.10,0,0.0000,0,0,93.5116,6.4884,1411.0000,0
1476.10,1,26.5000,0,0,85.0240,14.9760,1429.0000,0
1476.10,2,0.0000,0,0,92.9436,7.0564,1411.0000,0
1476.10,3,80.5000,0,0,95.2454,4.7546,1465.0000,0
1476.10,4,0.0000,0,0,99.0005,0.9995,1411.0000,0
1476.10,5,68.5000,0,0,91.0609,8.9391,1457.0000,0
1476.10,6,0.0000,0,0,95.5052,4.4948,1411.0000,0
1476.10,7,0.0000,0,0,72.8390,27.1610,1411.0000,0
1476.10,8,88.0000,0,0,89.1376,10.8624,1470.0000,0
1476.10,9,0.0000,0,0,91.4188,8.5812,1411.0000,0
1477.10,0,0.0000,0,0,93.5116,6.4884,1412.0000,0
1477.10,1,26.5000,0,0,85.0240,14.9760,1430.0000,0
1477.10,2,0.0000,0,0,92.9436,7.0564,1412.0000,0
1477.10,3,80.5000,0,0,95.2454,4.7546,1466.0000,0
1477.10,4,0.0000,0,0,99.0005,0.9995,1412.0000,0
1477.10,5,68.5000,0,0,91.0609,8.9391,1458.0000,0
1477.10,6,0.0000,0,0,95.5052,4.4948,1412.0000,0
1477.10,7,0.0000,0,0,72.8390,27.1610,1412.0000,0
1477.10,8,88.0000,0,0,89.1376,10.8624,1471.0000,0
1477.10,9,0.0000,0,0,91.4188,8.5812,1412.0000,0
1478.10,0,0.0000,0,0,93.5116,6.4884,1413.0000,0
1478.10,1,26.5000,0,0,85.0240,14.9760,1431.0000,0
1478.10,2,0.0000,0,0,92.9436,7.0564,1413.0000,0
1478.10,3,80.5000,0,0,95.2454,4.7546,1467.0000,0
1478.10,4,0.0000,0,0,99.0005,0.9995,1413.0000,0
1478.10,5,68.5000,0,0,91.0609,8.9391,1459.0000,0
1478.10,6,0.0000,0,0,95.5052,4.4948,1413.0000,0
1478.10,7,0.0000,0,0,72.8390,27.1610,1413.0000,0
1478.10,8,88.0000,0,0,89.1376,10.8624,1472.0000,0
1478.10,9,0.0000,0,0,91.4188,8.5812,1413.0000,0
1479.10,0,0.0000,0,0,93.5116,6.4884,1414.0000,0
1479.10,1,26.5000,0,0,85.0240,14.9760,1432.0000,0
1479.10,2,0.0000,0,0,92.9436,7.0564,1414.0000,0
1479.10,3,80.5000,0,0,95.2454,4.7546,1468.0000,0
1479.10,4,0.0000,0,0,99.0005,0.9995,1414.0000,0
1479.10,5,68.5000,0,0,91.0609,8.9391,1460.0000,0
1479.10,6,0.0000,0,0,95.5052,4.4948,1414.0000,0
1479.10,7,0.0000,0,0,72.8390,27.1610,1414.0000,0
1479.10,8,88.0000,0,0,89.1376,10.8624,1473.0000,0
1479.10,9,0.0000,0,0,91.4188,8.5812,1414.0000,0
1480.10,0,0.0000,0,0,93.5116,6.4884,1415.0000,0
1480.10,1,26.5000,0,0,85.0240,14.9760,1433.0000,0
1480.10,2,0.0000,0,0,92.9436,7.0564,1415.0000,0
1480.10,3,80.5000,0,0,95.2454,4.7546,1469.0000,0
1480.10,4,0.0000,0,0,99.0005,0.9995,1415.0000,0
1480.10,5,68.5000,0,0,91.0609,8.9391,1461.0000,0
1480.10,6,0.0000,0,0,95.5052,4.4948,1415.0000,0
1480.10,7,0.0000,0,0,72.8390,27.1610,1415.0000,0
1480.10,8,88.0000,0,0,89.1376,10.8624,1474.0000,0
1480.10,9,0.0000,0,0,91.4188,8.5812,1415.0000,0
1481.10,0,0.0000,0,0,93.5116,6.4884,1416.0000,0
1481.10,1,26.5000,0,0,85.0240,14.9760,1434.0000,0
1481.10,2,0.0000,0,0,92.9436,7.0564,1416.0000,0
1481.10,3,80.5000,0,0,95.2454,4.7546,1470.0000,0
1481.10,4,0.0000,0,0,99.0005,0.9995,1416.0000,0
1481.10,5,68.5000,0,0,91.0609,8.9391,1462.0000,0
1481.10,6,0.0000,0,0,95.5052,4.4948,1416.0000,0
1481.10,7,0.0000,0,0,72.8390,27.1610,1416.0000,0
1481.10,8,88.0000,0,0,89.1376,10.8624,1475.0000,0
1481.10,9,0.0000,0,0,91.4188,8.5812,1416.0000,0
1482.10,0,0.0000,0,0,93.5116,6.4884,1417.0000,0
1482.10,1,26.5000,0,0,85.0240,14.9760,1435.0000,0
1482.10,2,0.0000,0,0,92.9436,7.0564,1417.0000,0
1482.10,3,80.5000,0,0,95.2454,4.7546,1471.0000,0
1482.10,4,0.0000,0,0,99.0005,0.9995,1417.0000,0
1482.10,5,68.5000,0,0,91.0609,8.9391,1463.0000,0
1482.10,6,0.0000,0,0,95.5052,4.4948,1417.0000,0
1482.10,7,0.0000,0,0,72.8390,27.1610,1417.0000,0
1482.10,8,88.0000,0,0,89.1376,10.8624,1476.0000,0
1482.10,9,0.0000,0,0,91.4188,8.5812,1417.0000,0
1483.10,0,0.0000,0,0,93.5116,6.4884,1418.0000,0
1483.10,1,26.5000,0,0,85.0240,14.9760,1436.0000,0
1483.10,2,0.0000,0,0,92.9436,7.0564,1418.0000,0
1483.10,3,80.5000,0,0,95.2454,4.7546,1472.0000,0
1483.10,4,0.0000,0,0,99.0005,0.9995,1418.0000,0
1483.10,5,68.5000,0,0,91.0609,8.9391,1464.0000,0
1483.10,6,0.0000,0,0,95.5052,4.4948,1418.0000,0
1483.10,7,0.0000,0,0,72.8390,27.1610,1418.0000,0
1483.10,8,88.0000,0,0,89.1376,10.8624,1477.0000,0
1483.10,9,0.0000,0,0,91.4188,8.5812,1418.0000,0
1484.10,0,0.0000,0,0,93.5116,6.4884,1419.0000,0
1484.10,1,26.5000,0,0,85.0240,14.9760,1437.0000,0
1484.10,2,0.0000,0,0,92.9436,7.0564,1419.0000,0
1484.10,3,80.5000,0,0,95.2454,4.7546,1473.0000,0
1484.10,4,0.0000,0,0,99.0005,0.9995,1419.0000,0
1484.10,5,68.5000,0,0,91.0609,8.9391,1465.0000,0
1484.10,6,0.0000,0,0,95.5052,4.4948,1419.0000,0
1484.10,7,0.0000,0,0,72.8390,27.1610,1419.0000,0
1484.10,8,88.0000,0,0,89.1376,10.8624,1478.0000,0
1484.10,9,0.0000,0,0,91.4188,8.5812,1419.0000,0
1485.10,0,0.0000,0,0,93.5116,6.4884,1420.0000,0
1485.10,1,26.5000,0,0,85.0240,14.9760,1438.0000,0
1485.10,2,0.0000,0,0,92.9436,7.0564,1420.0000,0
1485.10,3,80.5000,0,0,95.2454,4.7546,1474.0000,0
1485.10,4,0.0000,0,0,99.0005,0.9995,1420.0000,0
1485.10,5,68.5000,0,0,91.0609,8.9391,1466.0000,0
1485.10,6,0.0000,0,0,95.5052,4.4948,1420.0000,0
1485.10,7,0.0000,0,0,72.8390,27.1610,1420.0000,0
1485.10,8,88.0000,0,0,89.1376,10.8624,1479.0000,0
1485.10,9,0.0000,0,0,91.4188,8.5812,1420.0000,0
1486.10,0,0.0000,0,0,93.5116,6.4884,1421.0000,0
1486.10,1,26.5000,0,0,85.0240,14.9760,1439.0000,0
1486.10,2,0.0000,0,0,92.9436,7.0564,1421.0000,0
1486.10,3,80.5000,0,0,95.2454,4.7546,1475.0000,0
1486.10,4,0.0000,0,0,99.0005,0.9995,1421.0000,0
1486.10,5,68.5000,0,0,91.0609,8.9391,1467.0000,0
1486.10,6,0.0000,0,0,95.5052,4.4948,1421.0000,0
1486.10,7,0.0000,0,0,72.8390,27.1610,1421.0000,0
1486.10,8,88.0000,0,0,89.1376,10.8624,1480.0000,0
1486.10,9,0.0000,0,0,91.4188,8.5812,1421.0000,0
1487.10,0,0.0000,0,0,93.5116,6.4884,1422.0000,0
1487.10,1,26.5000,0,0,85.0240,14.9760,1440.0000,0
1487.10,2,0.0000,0,0,92.9436,7.0564,1422.0000,0
1487.10,3,80.5000,0,0,95.2454,4.7546,1476.0000,0
1487.10,4,0.0000,0,0,99.0005,0.9995,1422.0000,0
1487.10,5,68.5000,0,0,91.0609,8.9391,1468.0000,0
1487.10,6,0.0000,0,0,95.5052,4.4948,1422.0000,0
1487.10,7,0.0000,0,0,72.8390,27.1610,1422.0000,0
1487.10,8,88.0000,0,0,89.1376,10.8624,1481.0000,0
1487.10,9,0.0000,0,0,91.4188,8.5812,1422.0000,0
1488.10,0,0.0000,0,0,93.5116,6.4884,1423.0000,0
1488.10,1,26.5000,0,0,85.0240,14.9760,1441.0000,0
1488.10,2,0.0000,0,0,92.9436,7.0564,1423.0000,0
1488.10,3,80.5000,0,0,95.2454,4.7546,1477.0000,0
1488.10,4,0.0000,0,0,99.0005,0.9995,1423.0000,0
1488.10,5,68.5000,0,0,91.0609,8.9391,1469.0000,0
1488.10,6,0.0000,0,0,95.5052,4.4948,1423.0000,0
1488.10,7,0.0000,0,0,72.8390,27.1610,1423.0000,0
1488.10,8,88.0000,0,0,89.1376,10.8624,1482.0000,0
1488.10,9,0.0000,0,0,91.4188,8.5812,1423.0000,0
1489.10,0,0.0000,0,0,93.5116,6.4884,1424.0000,0
1489.10,1,26.5000,0,0,85.0240,14.9760,1442.0000,0
1489.10,2,0.0000,0,0,92.9436,7.0564,1424.0000,0
1489.10,3,80.5000,0,0,95.2454,4.7546,1478.0000,0
1489.10,4,0.0000,0,0,99.0005,0.9995,1424.0000,0
1489.10,5,68.5000,0,0,91.0609,8.9391,1470.0000,0
1489.10,6,0.0000,0,0,95.5052,4.4948,1424.0000,0
1489.10,7,0.0000,0,0,72.8390,27.1610,1424.0000,0
1489.10,8,88.0000,0,0,89.1376,10.8624,1483.0000,0
1489.10,9,0.0000,0,0,91.4188,8.5812,1424.0000,0
1490.10,0,0.0000,0,0,93.5116,6.4884,1425.0000,0
1490.10,1,26.5000,0,0,85.0240,14.9760,1443.0000,0
1490.10,2,0.0000,0,0,92.9436,7.0564,1425.0000,0
1490.10,3,80.5000,0,0,95.2454,4.7546,1479.0000,0
1490.10,4,0.0000,0,0,99.0005,0.9995,1425.0000,0
1490.10,5,68.5000,0,0,91.0609,8.9391,1471.0000,0
1490.10,6,0.0000,0,0,95.5052,4.4948,1425.0000,0
1490.10,7,0.0000,0,0,72.8390,27.1610,1425.0000,0
1490.10,8,88.0000,0,0,89.1376,10.8624,1484.0000,0
1490.10,9,0.0000,0,0,91.4188,8.5812,1425.0000,0
1491.10,0,0.0000,0,0,93.5116,6.4884,1426.0000,0
1491.10,1,26.5000,0,0,85.0240,14.9760,1444.0000,0
1491.10,2,0.0000,0,0,92.9436,7.0564,1426.0000,0
1491.10,3,80.5000,0,0,95.2454,4.7546,1480.0000,0
1491.10,4,0.0000,0,0,99.0005,0.9995,1426.0000,0
1491.10,5,68.5000,0,0,91.0609,8.9391,1472.0000,0
1491.10,6,0.0000,0,0,95.5052,4.4948,1426.0000,0
1491.10,7,0.0000,0,0,72.8390,27.1610,1426.0000,0
1491.10,8,88.0000,0,0,89.1376,10.8624,1485.0000,0
1491.10,9,0.0000,0,0,91.4188,8.5812,1426.0000,0
1492.10,0,0.0000,0,0,93.5116,6.4884,1427.0000,0
1492.10,1,26.5000,0,0,85.0240,14.9760,1445.0000,0
1492.10,2,0.0000,0,0,92.9436,7.0564,1427.0000,0
1492.10,3,80.5000,0,0,95.2454,4.7546,1481.0000,0
1492.10,4,0.0000,0,0,99.0005,0.9995,1427.0000,0
1492.10,5,68.5000,0,0,91.0609,8.9391,1473.0000,0
1492.10,6,0.0000,0,0,95.5052,4.4948,1427.0000,0
1492.10,7,0.0000,0,0,72.8390,27.1610,1427.0000,0
1492.10,8,88.0000,0,0,89.1376,10.8624,1486.0000,0
1492.10,9,0.0000,0,0,91.4188,8.5812,1427.0000,0
1493.10,0,0.0000,0,0,93.5116,6.4884,1428.0000,0
1493.10,1,26.5000,0,0,85.0240,14.9760,1446.0000,0
1493.10,2,0.0000,0,0,92.9436,7.0564,1428.0000,0
1493.10,3,80.5000,0,0,95.2454,4.7546,1482.0000,0
1493.10,4,0.0000,0,0,99.0005,0.9995,1428.0000,0
1493.10,5,68.5000,0,0,91.0609,8.9391,1474.0000,0
1493.10,6,0.0000,0,0,95.5052,4.4948,1428.0000,0
1493.10,7,0.0000,0,0,72.8390,27.1610,1428.0000,0
1493.10,8,88.0000,0,0,89.1376,10.8624,1487.0000,0
1493.10,9,0.0000,0,0,91.4188,8.5812,1428.0000,0
1494.10,0,0.0000,0,0,93.5116,6.4884,1429.0000,0
1494.10,1,26.5000,0,0,85.0240,14.9760,1447.0000,0
1494.10,2,0.0000,0,0,92.9436,7.0564,1429.0000,0
1494.10,3,80.5000,0,0,95.2454,4.7546,1483.0000,0
1494.10,4,0.0000,0,0,99.0005,0.9995,1429.0000,0
1494.10,5,68.5000,0,0,91.0609,8.9391,1475.0000,0
1494.10,6,0.0000,0,0,95.5052,4.4948,1429.0000,0
1494.10,7,0.0000,0,0,72.8390,27.1610,1429.0000,0
1494.10,8,88.0000,0,0,89.1376,10.8624,1488.0000,0
1494.10,9,0.0000,0,0,91.4188,8.5812,1429.0000,0
1495.10,0,0.0000,0,0,93.5116,6.4884,1430.0000,0
1495.10,1,26.5000,0,0,85.0240,14.9760,1448.0000,0
1495.10,2,0.0000,0,0,92.9436,7.0564,1430.0000,0
1495.10,3,80.5000,0,0,95.2454,4.7546,1484.0000,0
1495.10,4,0.0000,0,0,99.0005,0.9995,1430.0000,0
1495.10,5,68.5000,0,0,91.0609,8.9391,1476.0000,0
1495.10,6,0.0000,0,0,95.5052,4.4948,1430.0000,0
1495.10,7,0.0000,0,0,72.8390,27.1610,1430.0000,0
1495.10,8,88.0000,0,0,89.1376,10.8624,1489.0000,0
1495.10,9,0.0000,0,0,91.4188,8.5812,1430.0000,0
1496.10,0,0.0000,0,0,93.5116,6.4884,1431.0000,0
1496.10,1,26.5000,0,0,85.0240,14.9760,1449.0000,0
1496.10,2,0.0000,0,0,92.9436,7.0564,1431.0000,0
1496.10,3,80.5000,0,0,95.2454,4.7546,1485.0000,0
1496.10,4,0.0000,0,0,99.0005,0.9995,1431.0000,0
1496.10,5,68.5000,0,0,91.0609,8.9391,1477.0000,0
1496.10,6,0.0000,0,0,95.5052,4.4948,1431.0000,0
1496.10,7,0.0000,0,0,72.8390,27.1610,1431.0000,0
1496.10,8,88.0000,0,0,89.1376,10.8624,1490.0000,0
1496.10,9,0.0000,0,0,91.4188,8.5812,1431.0000,0
1497.10,0,0.0000,0,0,93.5116,6.4884,1432.0000,0
1497.10,1,26.5000,0,0,85.0240,14.9760,1450.0000,0
1497.10,2,0.0000,0,0,92.9436,7.0564,1432.0000,0
1497.10,3,80.5000,0,0,95.2454,4.7546,1486.0000,0
1497.10,4,0.0000,0,0,99.0005,0.9995,1432.0000,0
1497.10,5,68.5000,0,0,91.0609,8.9391,1478.0000,0
1497.10,6,0.0000,0,0,95.5052,4.4948,1432.0000,0
1497.10,7,0.0000,0,0,72.8390,27.1610,1432.0000,0
1497.10,8,88.0000,0,0,89.1376,10.8624,1491.0000,0
1497.10,9,0.0000,0,0,91.4188,8.5812,1432.0000,0
1498.10,0,0.0000,0,0,93.5116,6.4884,1433.0000,0
1498.10,1,26.5000,0,0,85.0240,14.9760,1451.0000,0
1498.10,2,0.0000,0,0,92.9436,7.0564,1433.0000,0
1498.10,3,80.5000,0,0,95.2454,4.7546,1487.0000,0
1498.10,4,0.0000,0,0,99.0005,0.9995,1433.0000,0
1498.10,5,68.5000,0,0,91.0609,8.9391,1479.0000,0
1498.10,6,0.0000,0,0,95.5052,4.4948,1433.0000,0
1498.10,7,0.0000,0,0,72.8390,27.1610,1433.0000,0
1498.10,8,88.0000,0,0,89.1376,10.8624,1492.0000,0
1498.10,9,0.0000,0,0,91.4188,8.5812,1433.0000,0
1499.10,0,0.0000,0,0,93.5116,6.4884,1434.0000,0
1499.10,1,26.5000,0,0,85.0240,14.9760,1452.0000,0
1499.10,2,0.0000,0,0,92.9436,7.0564,1434.0000,0
1499.10,3,80.5000,0,0,95.2454,4.7546,1488.0000,0
1499.10,4,0.0000,0,0,99.0005,0.9995,1434.0000,0
1499.10,5,68.5000,0,0,91.0609,8.9391,1480.0000,0
1499.10,6,0.0000,0,0,95.5052,4.4948,1434.0000,0
1499.10,7,0.0000,0,0,72.8390,27.1610,1434.0000,0
1499.10,8,88.0000,0,0,89.1376,10.8624,1493.0000,0
1499.10,9,0.0000,0,0,91.4188,8.5812,1434.0000,0
